<?xml version="1.0" encoding="UTF-8"?>
<!--
**************************************************************
et-gaap Taxonomy: 2011-01-01 (Final)

Copyright (C) 2010 Centre of Registers and Information Systems
**************************************************************
-->
<link:linkbase xmlns:xsi="http://www.w3.org/2001/XMLSchema-instance" xsi:schemaLocation="http://www.xbrl.org/2003/linkbase http://www.xbrl.org/2003/xbrl-linkbase-2003-12-31.xsd" xmlns:link="http://www.xbrl.org/2003/linkbase" xmlns:xlink="http://www.w3.org/1999/xlink">
  <link:roleRef roleURI="http://xbrl.eesti.ee/role/et-gaap_2011-01-01/NoteFinancialIncomeAndExpense_role-841000" xlink:type="simple" xlink:href="role-841000.xsd#NoteFinancialIncomeAndExpense_role-841000"/>
  <link:calculationLink xlink:type="extended" xlink:role="http://xbrl.eesti.ee/role/et-gaap_2011-01-01/NoteFinancialIncomeAndExpense_role-841000">
    <link:loc xlink:type="locator" xlink:href="../../et-gaap-cor_2011-01-01.xsd#et-gaap_TotalFinancialIncomeAndExpense" xlink:label="TotalFinancialIncomeAndExpense" xlink:title="TotalFinancialIncomeAndExpense"/>
    <link:loc xlink:type="locator" xlink:href="../../et-gaap-cor_2011-01-01.xsd#et-gaap_FinancialIncomeAndExpensesFromSubsidiaries" xlink:label="FinancialIncomeAndExpensesFromSubsidiaries" xlink:title="FinancialIncomeAndExpensesFromSubsidiaries"/>
    <link:calculationArc xlink:type="arc" xlink:arcrole="http://www.xbrl.org/2003/arcrole/summation-item" xlink:from="TotalFinancialIncomeAndExpense" xlink:to="FinancialIncomeAndExpensesFromSubsidiaries" xlink:title="calculation: TotalFinancialIncomeAndExpense to FinancialIncomeAndExpensesFromSubsidiaries" order="1.0" weight="1.0"/>
    <link:loc xlink:type="locator" xlink:href="../../et-gaap-cor_2011-01-01.xsd#et-gaap_FinancialIncomeAndExpensesFromAssociates" xlink:label="FinancialIncomeAndExpensesFromAssociates" xlink:title="FinancialIncomeAndExpensesFromAssociates"/>
    <link:calculationArc xlink:type="arc" xlink:arcrole="http://www.xbrl.org/2003/arcrole/summation-item" xlink:from="TotalFinancialIncomeAndExpense" xlink:to="FinancialIncomeAndExpensesFromAssociates" xlink:title="calculation: TotalFinancialIncomeAndExpense to FinancialIncomeAndExpensesFromAssociates" order="2.0" weight="1.0"/>
    <link:loc xlink:type="locator" xlink:href="../../et-gaap-cor_2011-01-01.xsd#et-gaap_FinancialIncomeAndExpensesFromOtherFinancialInvestments" xlink:label="FinancialIncomeAndExpensesFromOtherFinancialInvestments" xlink:title="FinancialIncomeAndExpensesFromOtherFinancialInvestments"/>
    <link:calculationArc xlink:type="arc" xlink:arcrole="http://www.xbrl.org/2003/arcrole/summation-item" xlink:from="TotalFinancialIncomeAndExpense" xlink:to="FinancialIncomeAndExpensesFromOtherFinancialInvestments" xlink:title="calculation: TotalFinancialIncomeAndExpense to FinancialIncomeAndExpensesFromOtherFinancialInvestments" order="3.0" weight="1.0"/>
    <link:loc xlink:type="locator" xlink:href="../../et-gaap-cor_2011-01-01.xsd#et-gaap_ProfitLossFromRevaluationOfBonds" xlink:label="ProfitLossFromRevaluationOfBonds" xlink:title="ProfitLossFromRevaluationOfBonds"/>
    <link:calculationArc xlink:type="arc" xlink:arcrole="http://www.xbrl.org/2003/arcrole/summation-item" xlink:from="FinancialIncomeAndExpensesFromOtherFinancialInvestments" xlink:to="ProfitLossFromRevaluationOfBonds" xlink:title="calculation: FinancialIncomeAndExpensesFromOtherFinancialInvestments to ProfitLossFromRevaluationOfBonds" use="optional" order="1.0" weight="1.0"/>
    <link:loc xlink:type="locator" xlink:href="../../et-gaap-cor_2011-01-01.xsd#et-gaap_ProfitLossFromRevaluationOfFundUnits" xlink:label="ProfitLossFromRevaluationOfFundUnits" xlink:title="ProfitLossFromRevaluationOfFundUnits"/>
    <link:calculationArc xlink:type="arc" xlink:arcrole="http://www.xbrl.org/2003/arcrole/summation-item" xlink:from="FinancialIncomeAndExpensesFromOtherFinancialInvestments" xlink:to="ProfitLossFromRevaluationOfFundUnits" xlink:title="calculation: FinancialIncomeAndExpensesFromOtherFinancialInvestments to ProfitLossFromRevaluationOfFundUnits" use="optional" order="2.0" weight="1.0"/>
    <link:loc xlink:type="locator" xlink:href="../../et-gaap-cor_2011-01-01.xsd#et-gaap_ProfitLossFromShares" xlink:label="ProfitLossFromShares" xlink:title="ProfitLossFromShares"/>
    <link:calculationArc xlink:type="arc" xlink:arcrole="http://www.xbrl.org/2003/arcrole/summation-item" xlink:from="FinancialIncomeAndExpensesFromOtherFinancialInvestments" xlink:to="ProfitLossFromShares" xlink:title="calculation: FinancialIncomeAndExpensesFromOtherFinancialInvestments to ProfitLossFromShares" use="optional" order="3.0" weight="1.0"/>
    <link:loc xlink:type="locator" xlink:href="../../et-gaap-cor_2011-01-01.xsd#et-gaap_InterestIncome" xlink:label="InterestIncome" xlink:title="InterestIncome"/>
    <link:calculationArc xlink:type="arc" xlink:arcrole="http://www.xbrl.org/2003/arcrole/summation-item" xlink:from="TotalFinancialIncomeAndExpense" xlink:to="InterestIncome" xlink:title="calculation: TotalFinancialIncomeAndExpense to InterestIncome" order="7.0" weight="1.0"/>
    <link:loc xlink:type="locator" xlink:href="../../et-gaap-cor_2011-01-01.xsd#et-gaap_NetProceedsFromFinancialInvestementsInterestIncomeFromDeposits" xlink:label="NetProceedsFromFinancialInvestementsInterestIncomeFromDeposits" xlink:title="NetProceedsFromFinancialInvestementsInterestIncomeFromDeposits"/>
    <link:calculationArc xlink:type="arc" xlink:arcrole="http://www.xbrl.org/2003/arcrole/summation-item" xlink:from="InterestIncome" xlink:to="NetProceedsFromFinancialInvestementsInterestIncomeFromDeposits" xlink:title="calculation: InterestIncome to NetProceedsFromFinancialInvestementsInterestIncomeFromDeposits" order="1.0" weight="1.0"/>
    <link:loc xlink:type="locator" xlink:href="../../et-gaap-cor_2011-01-01.xsd#et-gaap_NetProceedsFromFinancialInvestementsInterestIncomeFromBonds" xlink:label="NetProceedsFromFinancialInvestementsInterestIncomeFromBonds" xlink:title="NetProceedsFromFinancialInvestementsInterestIncomeFromBonds"/>
    <link:calculationArc xlink:type="arc" xlink:arcrole="http://www.xbrl.org/2003/arcrole/summation-item" xlink:from="InterestIncome" xlink:to="NetProceedsFromFinancialInvestementsInterestIncomeFromBonds" xlink:title="calculation: InterestIncome to NetProceedsFromFinancialInvestementsInterestIncomeFromBonds" order="2.0" weight="1.0"/>
    <link:loc xlink:type="locator" xlink:href="../../et-gaap-cor_2011-01-01.xsd#et-gaap_NetProceedsFromFinancialInvestementsInterestIncomeFromLoans" xlink:label="NetProceedsFromFinancialInvestementsInterestIncomeFromLoans" xlink:title="NetProceedsFromFinancialInvestementsInterestIncomeFromLoans"/>
    <link:calculationArc xlink:type="arc" xlink:arcrole="http://www.xbrl.org/2003/arcrole/summation-item" xlink:from="InterestIncome" xlink:to="NetProceedsFromFinancialInvestementsInterestIncomeFromLoans" xlink:title="calculation: InterestIncome to NetProceedsFromFinancialInvestementsInterestIncomeFromLoans" order="3.0" weight="1.0"/>
    <link:loc xlink:type="locator" xlink:href="../../et-gaap-cor_2011-01-01.xsd#et-gaap_NetProceedsFromFinancialInvestementsInterestIncomeFromFinanceLease" xlink:label="NetProceedsFromFinancialInvestementsInterestIncomeFromFinanceLease" xlink:title="NetProceedsFromFinancialInvestementsInterestIncomeFromFinanceLease"/>
    <link:calculationArc xlink:type="arc" xlink:arcrole="http://www.xbrl.org/2003/arcrole/summation-item" xlink:from="InterestIncome" xlink:to="NetProceedsFromFinancialInvestementsInterestIncomeFromFinanceLease" xlink:title="calculation: InterestIncome to NetProceedsFromFinancialInvestementsInterestIncomeFromFinanceLease" order="4.0" weight="1.0"/>
    <link:loc xlink:type="locator" xlink:href="../../et-gaap-cor_2011-01-01.xsd#et-gaap_InterestIncomeAdditionalItemValue" xlink:label="InterestIncomeAdditionalItemValue" xlink:title="InterestIncomeAdditionalItemValue"/>
    <link:calculationArc xlink:type="arc" xlink:arcrole="http://www.xbrl.org/2003/arcrole/summation-item" xlink:from="InterestIncome" xlink:to="InterestIncomeAdditionalItemValue" xlink:title="calculation: InterestIncome to InterestIncomeAdditionalItemValue" order="5.0" weight="1.0"/>
    <link:loc xlink:type="locator" xlink:href="../../et-gaap-cor_2011-01-01.xsd#et-gaap_InterestExpense" xlink:label="InterestExpense" xlink:title="InterestExpense"/>
    <link:calculationArc xlink:type="arc" xlink:arcrole="http://www.xbrl.org/2003/arcrole/summation-item" xlink:from="TotalFinancialIncomeAndExpense" xlink:to="InterestExpense" xlink:title="calculation: TotalFinancialIncomeAndExpense to InterestExpense" order="8.0" weight="1.0"/>
    <link:loc xlink:type="locator" xlink:href="../../et-gaap-cor_2011-01-01.xsd#et-gaap_InterestExpenseFromBonds" xlink:label="InterestExpenseFromBonds" xlink:title="InterestExpenseFromBonds"/>
    <link:calculationArc xlink:type="arc" xlink:arcrole="http://www.xbrl.org/2003/arcrole/summation-item" xlink:from="InterestExpense" xlink:to="InterestExpenseFromBonds" xlink:title="calculation: InterestExpense to InterestExpenseFromBonds" use="optional" order="1.0" weight="1.0"/>
    <link:loc xlink:type="locator" xlink:href="../../et-gaap-cor_2011-01-01.xsd#et-gaap_InterestExpenseFromLoans" xlink:label="InterestExpenseFromLoans" xlink:title="InterestExpenseFromLoans"/>
    <link:calculationArc xlink:type="arc" xlink:arcrole="http://www.xbrl.org/2003/arcrole/summation-item" xlink:from="InterestExpense" xlink:to="InterestExpenseFromLoans" xlink:title="calculation: InterestExpense to InterestExpenseFromLoans" use="optional" order="2.0" weight="1.0"/>
    <link:loc xlink:type="locator" xlink:href="../../et-gaap-cor_2011-01-01.xsd#et-gaap_InterestExpenseFromFinanceLease" xlink:label="InterestExpenseFromFinanceLease" xlink:title="InterestExpenseFromFinanceLease"/>
    <link:calculationArc xlink:type="arc" xlink:arcrole="http://www.xbrl.org/2003/arcrole/summation-item" xlink:from="InterestExpense" xlink:to="InterestExpenseFromFinanceLease" xlink:title="calculation: InterestExpense to InterestExpenseFromFinanceLease" use="optional" order="3.0" weight="1.0"/>
    <link:loc xlink:type="locator" xlink:href="../../et-gaap-cor_2011-01-01.xsd#et-gaap_OtherInterestExpense" xlink:label="OtherInterestExpense" xlink:title="OtherInterestExpense"/>
    <link:calculationArc xlink:type="arc" xlink:arcrole="http://www.xbrl.org/2003/arcrole/summation-item" xlink:from="InterestExpense" xlink:to="OtherInterestExpense" xlink:title="calculation: InterestExpense to OtherInterestExpense" use="optional" order="4.0" weight="1.0"/>
    <link:loc xlink:type="locator" xlink:href="../../et-gaap-cor_2011-01-01.xsd#et-gaap_ProfitLossFromExchangeRateDifferences" xlink:label="ProfitLossFromExchangeRateDifferences" xlink:title="ProfitLossFromExchangeRateDifferences"/>
    <link:calculationArc xlink:type="arc" xlink:arcrole="http://www.xbrl.org/2003/arcrole/summation-item" xlink:from="TotalFinancialIncomeAndExpense" xlink:to="ProfitLossFromExchangeRateDifferences" xlink:title="calculation: TotalFinancialIncomeAndExpense to ProfitLossFromExchangeRateDifferences" order="13.0" weight="1.0"/>
    <link:loc xlink:type="locator" xlink:href="../../et-gaap-cor_2011-01-01.xsd#et-gaap_OtherFinancialIncomeAndExpense" xlink:label="OtherFinancialIncomeAndExpense" xlink:title="OtherFinancialIncomeAndExpense"/>
    <link:calculationArc xlink:type="arc" xlink:arcrole="http://www.xbrl.org/2003/arcrole/summation-item" xlink:from="TotalFinancialIncomeAndExpense" xlink:to="OtherFinancialIncomeAndExpense" xlink:title="calculation: TotalFinancialIncomeAndExpense to OtherFinancialIncomeAndExpense" order="14.0" weight="1.0"/>
    <link:loc xlink:type="locator" xlink:href="../../et-gaap-cor_2011-01-01.xsd#et-gaap_NoteFinancialIncomeAndExpenseAdditionalItemValue" xlink:label="NoteFinancialIncomeAndExpenseAdditionalItemValue" xlink:title="NoteFinancialIncomeAndExpenseAdditionalItemValue"/>
    <link:calculationArc xlink:type="arc" xlink:arcrole="http://www.xbrl.org/2003/arcrole/summation-item" xlink:from="TotalFinancialIncomeAndExpense" xlink:to="NoteFinancialIncomeAndExpenseAdditionalItemValue" xlink:title="calculation: TotalFinancialIncomeAndExpense to NoteFinancialIncomeAndExpenseAdditionalItemValue" order="15.0" weight="1.0"/>
  </link:calculationLink>
</link:linkbase>
