<?xml version="1.0" encoding="UTF-8"?>
<!--
**************************************************************
et-gaap Taxonomy: 2011-01-01 (Final)

Copyright (C) 2010 Centre of Registers and Information Systems
**************************************************************
-->
<link:linkbase xmlns:xsi="http://www.w3.org/2001/XMLSchema-instance" xsi:schemaLocation="http://www.xbrl.org/2003/linkbase http://www.xbrl.org/2003/xbrl-linkbase-2003-12-31.xsd" xmlns:link="http://www.xbrl.org/2003/linkbase" xmlns:xlink="http://www.w3.org/1999/xlink" xmlns:xbrldt="http://xbrl.org/2005/xbrldt">
  <link:roleRef roleURI="http://xbrl.eesti.ee/role/et-gaap_2011-01-01/NoteFinancialIncomeAndExpense_role-841000" xlink:type="simple" xlink:href="role-841000.xsd#NoteFinancialIncomeAndExpense_role-841000"/>
  <link:presentationLink xlink:type="extended" xlink:role="http://xbrl.eesti.ee/role/et-gaap_2011-01-01/NoteFinancialIncomeAndExpense_role-841000">
    <link:loc xlink:type="locator" xlink:href="../../et-gaap-cor_2011-01-01.xsd#et-gaap_NoteFinancialIncomeAndExpenseAbstract" xlink:label="NoteFinancialIncomeAndExpenseAbstract" xlink:title="NoteFinancialIncomeAndExpenseAbstract"/>
    <link:loc xlink:type="locator" xlink:href="../../et-gaap-cor_2011-01-01.xsd#et-gaap_FinancialIncomeAndExpensesFromSubsidiaries" xlink:label="FinancialIncomeAndExpensesFromSubsidiaries" xlink:title="FinancialIncomeAndExpensesFromSubsidiaries"/>
    <link:presentationArc xlink:type="arc" xlink:arcrole="http://www.xbrl.org/2003/arcrole/parent-child" xlink:from="NoteFinancialIncomeAndExpenseAbstract" xlink:to="FinancialIncomeAndExpensesFromSubsidiaries" xlink:title="presentation: NoteFinancialIncomeAndExpenseAbstract to FinancialIncomeAndExpensesFromSubsidiaries" use="optional" order="1.0"/>
    <link:loc xlink:type="locator" xlink:href="../../et-gaap-cor_2011-01-01.xsd#et-gaap_FinancialIncomeAndExpensesFromAssociates" xlink:label="FinancialIncomeAndExpensesFromAssociates" xlink:title="FinancialIncomeAndExpensesFromAssociates"/>
    <link:presentationArc xlink:type="arc" xlink:arcrole="http://www.xbrl.org/2003/arcrole/parent-child" xlink:from="NoteFinancialIncomeAndExpenseAbstract" xlink:to="FinancialIncomeAndExpensesFromAssociates" xlink:title="presentation: NoteFinancialIncomeAndExpenseAbstract to FinancialIncomeAndExpensesFromAssociates" use="optional" order="2.0"/>
    <link:loc xlink:type="locator" xlink:href="../../et-gaap-cor_2011-01-01.xsd#et-gaap_FinancialIncomeAndExpensesFromOtherFinancialInvestments" xlink:label="FinancialIncomeAndExpensesFromOtherFinancialInvestments" xlink:title="FinancialIncomeAndExpensesFromOtherFinancialInvestments"/>
    <link:presentationArc xlink:type="arc" xlink:arcrole="http://www.xbrl.org/2003/arcrole/parent-child" xlink:from="NoteFinancialIncomeAndExpenseAbstract" xlink:to="FinancialIncomeAndExpensesFromOtherFinancialInvestments" xlink:title="presentation: NoteFinancialIncomeAndExpenseAbstract to FinancialIncomeAndExpensesFromOtherFinancialInvestments" use="optional" order="3.0"/>
    <link:loc xlink:type="locator" xlink:href="../../et-gaap-cor_2011-01-01.xsd#et-gaap_ProfitLossFromRevaluationOfBonds" xlink:label="ProfitLossFromRevaluationOfBonds" xlink:title="ProfitLossFromRevaluationOfBonds"/>
    <link:presentationArc xlink:type="arc" xlink:arcrole="http://www.xbrl.org/2003/arcrole/parent-child" xlink:from="FinancialIncomeAndExpensesFromOtherFinancialInvestments" xlink:to="ProfitLossFromRevaluationOfBonds" xlink:title="presentation: FinancialIncomeAndExpensesFromOtherFinancialInvestments to ProfitLossFromRevaluationOfBonds" use="optional" order="1.0"/>
    <link:loc xlink:type="locator" xlink:href="../../et-gaap-cor_2011-01-01.xsd#et-gaap_ProfitLossFromRevaluationOfFundUnits" xlink:label="ProfitLossFromRevaluationOfFundUnits" xlink:title="ProfitLossFromRevaluationOfFundUnits"/>
    <link:presentationArc xlink:type="arc" xlink:arcrole="http://www.xbrl.org/2003/arcrole/parent-child" xlink:from="FinancialIncomeAndExpensesFromOtherFinancialInvestments" xlink:to="ProfitLossFromRevaluationOfFundUnits" xlink:title="presentation: FinancialIncomeAndExpensesFromOtherFinancialInvestments to ProfitLossFromRevaluationOfFundUnits" use="optional" order="2.0"/>
    <link:loc xlink:type="locator" xlink:href="../../et-gaap-cor_2011-01-01.xsd#et-gaap_ProfitLossFromShares" xlink:label="ProfitLossFromShares" xlink:title="ProfitLossFromShares"/>
    <link:presentationArc xlink:type="arc" xlink:arcrole="http://www.xbrl.org/2003/arcrole/parent-child" xlink:from="FinancialIncomeAndExpensesFromOtherFinancialInvestments" xlink:to="ProfitLossFromShares" xlink:title="presentation: FinancialIncomeAndExpensesFromOtherFinancialInvestments to ProfitLossFromShares" use="optional" order="3.0"/>
    <link:loc xlink:type="locator" xlink:href="../../et-gaap-cor_2011-01-01.xsd#et-gaap_InterestIncome" xlink:label="InterestIncome" xlink:title="InterestIncome"/>
    <link:presentationArc xlink:type="arc" xlink:arcrole="http://www.xbrl.org/2003/arcrole/parent-child" xlink:from="NoteFinancialIncomeAndExpenseAbstract" xlink:to="InterestIncome" xlink:title="presentation: NoteFinancialIncomeAndExpenseAbstract to InterestIncome" use="optional" order="4.0"/>
    <link:loc xlink:type="locator" xlink:href="../../et-gaap-cor_2011-01-01.xsd#et-gaap_NetProceedsFromFinancialInvestementsInterestIncomeFromDeposits" xlink:label="NetProceedsFromFinancialInvestementsInterestIncomeFromDeposits" xlink:title="NetProceedsFromFinancialInvestementsInterestIncomeFromDeposits"/>
    <link:presentationArc xlink:type="arc" xlink:arcrole="http://www.xbrl.org/2003/arcrole/parent-child" xlink:from="InterestIncome" xlink:to="NetProceedsFromFinancialInvestementsInterestIncomeFromDeposits" xlink:title="presentation: InterestIncome to NetProceedsFromFinancialInvestementsInterestIncomeFromDeposits" order="1.0"/>
    <link:loc xlink:type="locator" xlink:href="../../et-gaap-cor_2011-01-01.xsd#et-gaap_NetProceedsFromFinancialInvestementsInterestIncomeFromBonds" xlink:label="NetProceedsFromFinancialInvestementsInterestIncomeFromBonds" xlink:title="NetProceedsFromFinancialInvestementsInterestIncomeFromBonds"/>
    <link:presentationArc xlink:type="arc" xlink:arcrole="http://www.xbrl.org/2003/arcrole/parent-child" xlink:from="InterestIncome" xlink:to="NetProceedsFromFinancialInvestementsInterestIncomeFromBonds" xlink:title="presentation: InterestIncome to NetProceedsFromFinancialInvestementsInterestIncomeFromBonds" order="2.0"/>
    <link:loc xlink:type="locator" xlink:href="../../et-gaap-cor_2011-01-01.xsd#et-gaap_NetProceedsFromFinancialInvestementsInterestIncomeFromLoans" xlink:label="NetProceedsFromFinancialInvestementsInterestIncomeFromLoans" xlink:title="NetProceedsFromFinancialInvestementsInterestIncomeFromLoans"/>
    <link:presentationArc xlink:type="arc" xlink:arcrole="http://www.xbrl.org/2003/arcrole/parent-child" xlink:from="InterestIncome" xlink:to="NetProceedsFromFinancialInvestementsInterestIncomeFromLoans" xlink:title="presentation: InterestIncome to NetProceedsFromFinancialInvestementsInterestIncomeFromLoans" order="3.0"/>
    <link:loc xlink:type="locator" xlink:href="../../et-gaap-cor_2011-01-01.xsd#et-gaap_NetProceedsFromFinancialInvestementsInterestIncomeFromFinanceLease" xlink:label="NetProceedsFromFinancialInvestementsInterestIncomeFromFinanceLease" xlink:title="NetProceedsFromFinancialInvestementsInterestIncomeFromFinanceLease"/>
    <link:presentationArc xlink:type="arc" xlink:arcrole="http://www.xbrl.org/2003/arcrole/parent-child" xlink:from="InterestIncome" xlink:to="NetProceedsFromFinancialInvestementsInterestIncomeFromFinanceLease" xlink:title="presentation: InterestIncome to NetProceedsFromFinancialInvestementsInterestIncomeFromFinanceLease" order="4.0"/>
    <link:loc xlink:type="locator" xlink:href="../../et-gaap-cor_2011-01-01.xsd#et-gaap_InterestIncomeAdditionalItemTuple" xlink:label="InterestIncomeAdditionalItemTuple" xlink:title="InterestIncomeAdditionalItemTuple"/>
    <link:presentationArc xlink:type="arc" xlink:arcrole="http://www.xbrl.org/2003/arcrole/parent-child" xlink:from="InterestIncome" xlink:to="InterestIncomeAdditionalItemTuple" xlink:title="presentation: InterestIncome to InterestIncomeAdditionalItemTuple" order="5.0"/>
    <link:loc xlink:type="locator" xlink:href="../../et-gaap-cor_2011-01-01.xsd#et-gaap_InterestIncomeAdditionalItemName" xlink:label="InterestIncomeAdditionalItemName" xlink:title="InterestIncomeAdditionalItemName"/>
    <link:presentationArc xlink:type="arc" xlink:arcrole="http://www.xbrl.org/2003/arcrole/parent-child" xlink:from="InterestIncomeAdditionalItemTuple" xlink:to="InterestIncomeAdditionalItemName" xlink:title="presentation: InterestIncomeAdditionalItemTuple to InterestIncomeAdditionalItemName" order="1.0"/>
    <link:loc xlink:type="locator" xlink:href="../../et-gaap-cor_2011-01-01.xsd#et-gaap_InterestIncomeAdditionalItemValue" xlink:label="InterestIncomeAdditionalItemValue" xlink:title="InterestIncomeAdditionalItemValue"/>
    <link:presentationArc xlink:type="arc" xlink:arcrole="http://www.xbrl.org/2003/arcrole/parent-child" xlink:from="InterestIncomeAdditionalItemTuple" xlink:to="InterestIncomeAdditionalItemValue" xlink:title="presentation: InterestIncomeAdditionalItemTuple to InterestIncomeAdditionalItemValue" order="2.0"/>
    <link:loc xlink:type="locator" xlink:href="../../et-gaap-cor_2011-01-01.xsd#et-gaap_InterestExpense" xlink:label="InterestExpense" xlink:title="InterestExpense"/>
    <link:presentationArc xlink:type="arc" xlink:arcrole="http://www.xbrl.org/2003/arcrole/parent-child" xlink:from="NoteFinancialIncomeAndExpenseAbstract" xlink:to="InterestExpense" xlink:title="presentation: NoteFinancialIncomeAndExpenseAbstract to InterestExpense" use="optional" order="5.0"/>
    <link:loc xlink:type="locator" xlink:href="../../et-gaap-cor_2011-01-01.xsd#et-gaap_InterestExpenseFromBonds" xlink:label="InterestExpenseFromBonds" xlink:title="InterestExpenseFromBonds"/>
    <link:presentationArc xlink:type="arc" xlink:arcrole="http://www.xbrl.org/2003/arcrole/parent-child" xlink:from="InterestExpense" xlink:to="InterestExpenseFromBonds" xlink:title="presentation: InterestExpense to InterestExpenseFromBonds" use="optional" order="1.0"/>
    <link:loc xlink:type="locator" xlink:href="../../et-gaap-cor_2011-01-01.xsd#et-gaap_InterestExpenseFromLoans" xlink:label="InterestExpenseFromLoans" xlink:title="InterestExpenseFromLoans"/>
    <link:presentationArc xlink:type="arc" xlink:arcrole="http://www.xbrl.org/2003/arcrole/parent-child" xlink:from="InterestExpense" xlink:to="InterestExpenseFromLoans" xlink:title="presentation: InterestExpense to InterestExpenseFromLoans" use="optional" order="2.0"/>
    <link:loc xlink:type="locator" xlink:href="../../et-gaap-cor_2011-01-01.xsd#et-gaap_InterestExpenseFromFinanceLease" xlink:label="InterestExpenseFromFinanceLease" xlink:title="InterestExpenseFromFinanceLease"/>
    <link:presentationArc xlink:type="arc" xlink:arcrole="http://www.xbrl.org/2003/arcrole/parent-child" xlink:from="InterestExpense" xlink:to="InterestExpenseFromFinanceLease" xlink:title="presentation: InterestExpense to InterestExpenseFromFinanceLease" use="optional" order="3.0"/>
    <link:loc xlink:type="locator" xlink:href="../../et-gaap-cor_2011-01-01.xsd#et-gaap_OtherInterestExpense" xlink:label="OtherInterestExpense" xlink:title="OtherInterestExpense"/>
    <link:presentationArc xlink:type="arc" xlink:arcrole="http://www.xbrl.org/2003/arcrole/parent-child" xlink:from="InterestExpense" xlink:to="OtherInterestExpense" xlink:title="presentation: InterestExpense to OtherInterestExpense" use="optional" order="4.0"/>
    <link:loc xlink:type="locator" xlink:href="../../et-gaap-cor_2011-01-01.xsd#et-gaap_ProfitLossFromExchangeRateDifferences" xlink:label="ProfitLossFromExchangeRateDifferences" xlink:title="ProfitLossFromExchangeRateDifferences"/>
    <link:presentationArc xlink:type="arc" xlink:arcrole="http://www.xbrl.org/2003/arcrole/parent-child" xlink:from="NoteFinancialIncomeAndExpenseAbstract" xlink:to="ProfitLossFromExchangeRateDifferences" xlink:title="presentation: NoteFinancialIncomeAndExpenseAbstract to ProfitLossFromExchangeRateDifferences" use="optional" order="6.0"/>
    <link:loc xlink:type="locator" xlink:href="../../et-gaap-cor_2011-01-01.xsd#et-gaap_OtherFinancialIncomeAndExpense" xlink:label="OtherFinancialIncomeAndExpense" xlink:title="OtherFinancialIncomeAndExpense"/>
    <link:presentationArc xlink:type="arc" xlink:arcrole="http://www.xbrl.org/2003/arcrole/parent-child" xlink:from="NoteFinancialIncomeAndExpenseAbstract" xlink:to="OtherFinancialIncomeAndExpense" xlink:title="presentation: NoteFinancialIncomeAndExpenseAbstract to OtherFinancialIncomeAndExpense" use="optional" order="7.0"/>
    <link:loc xlink:type="locator" xlink:href="../../et-gaap-cor_2011-01-01.xsd#et-gaap_TotalFinancialIncomeAndExpense" xlink:label="TotalFinancialIncomeAndExpense" xlink:title="TotalFinancialIncomeAndExpense"/>
    <link:presentationArc xlink:type="arc" xlink:arcrole="http://www.xbrl.org/2003/arcrole/parent-child" xlink:from="NoteFinancialIncomeAndExpenseAbstract" xlink:to="TotalFinancialIncomeAndExpense" xlink:title="presentation: NoteFinancialIncomeAndExpenseAbstract to TotalFinancialIncomeAndExpense" use="optional" order="9.0" preferredLabel="http://www.xbrl.org/2003/role/totalLabel"/>
    <link:loc xlink:type="locator" xlink:href="../../et-gaap-cor_2011-01-01.xsd#et-gaap_NoteFinancialIncomeAndExpense" xlink:label="NoteFinancialIncomeAndExpense" xlink:title="NoteFinancialIncomeAndExpense"/>
    <link:presentationArc xlink:type="arc" xlink:arcrole="http://www.xbrl.org/2003/arcrole/parent-child" xlink:from="NoteFinancialIncomeAndExpenseAbstract" xlink:to="NoteFinancialIncomeAndExpense" xlink:title="presentation: NoteFinancialIncomeAndExpenseAbstract to NoteFinancialIncomeAndExpense" use="optional" order="10.0"/>
    <link:loc xlink:type="locator" xlink:href="../../et-gaap-cor_2011-01-01.xsd#et-gaap_NoteFinancialIncomeAndExpenseAdditionalItemTuple" xlink:label="NoteFinancialIncomeAndExpenseAdditionalItemTuple" xlink:title="NoteFinancialIncomeAndExpenseAdditionalItemTuple"/>
    <link:presentationArc xlink:type="arc" xlink:arcrole="http://www.xbrl.org/2003/arcrole/parent-child" xlink:from="NoteFinancialIncomeAndExpenseAbstract" xlink:to="NoteFinancialIncomeAndExpenseAdditionalItemTuple" xlink:title="presentation: NoteFinancialIncomeAndExpenseAbstract to NoteFinancialIncomeAndExpenseAdditionalItemTuple" order="8.0"/>
    <link:loc xlink:type="locator" xlink:href="../../et-gaap-cor_2011-01-01.xsd#et-gaap_NoteFinancialIncomeAndExpenseAdditionalItemName" xlink:label="NoteFinancialIncomeAndExpenseAdditionalItemName" xlink:title="NoteFinancialIncomeAndExpenseAdditionalItemName"/>
    <link:presentationArc xlink:type="arc" xlink:arcrole="http://www.xbrl.org/2003/arcrole/parent-child" xlink:from="NoteFinancialIncomeAndExpenseAdditionalItemTuple" xlink:to="NoteFinancialIncomeAndExpenseAdditionalItemName" xlink:title="presentation: NoteFinancialIncomeAndExpenseAdditionalItemTuple to NoteFinancialIncomeAndExpenseAdditionalItemName" order="1.0"/>
    <link:loc xlink:type="locator" xlink:href="../../et-gaap-cor_2011-01-01.xsd#et-gaap_NoteFinancialIncomeAndExpenseAdditionalItemValue" xlink:label="NoteFinancialIncomeAndExpenseAdditionalItemValue" xlink:title="NoteFinancialIncomeAndExpenseAdditionalItemValue"/>
    <link:presentationArc xlink:type="arc" xlink:arcrole="http://www.xbrl.org/2003/arcrole/parent-child" xlink:from="NoteFinancialIncomeAndExpenseAdditionalItemTuple" xlink:to="NoteFinancialIncomeAndExpenseAdditionalItemValue" xlink:title="presentation: NoteFinancialIncomeAndExpenseAdditionalItemTuple to NoteFinancialIncomeAndExpenseAdditionalItemValue" order="2.0"/>
  </link:presentationLink>
</link:linkbase>
