<?xml version="1.0" encoding="UTF-8"?>
<!--
**************************************************************
et-gaap Taxonomy: 2011-01-01 (Final)

Copyright (C) 2010 Centre of Registers and Information Systems
**************************************************************
-->
<link:linkbase xmlns:xsi="http://www.w3.org/2001/XMLSchema-instance" xsi:schemaLocation="http://www.xbrl.org/2003/linkbase http://www.xbrl.org/2003/xbrl-linkbase-2003-12-31.xsd" xmlns:link="http://www.xbrl.org/2003/linkbase" xmlns:xlink="http://www.w3.org/1999/xlink">
  <link:roleRef roleURI="http://xbrl.eesti.ee/role/et-gaap_2011-01-01/NoteEmployeePayables_role-824000" xlink:type="simple" xlink:href="role-824000.xsd#NoteEmployeePayables_role-824000"/>
  <link:calculationLink xlink:type="extended" xlink:role="http://xbrl.eesti.ee/role/et-gaap_2011-01-01/NoteEmployeePayables_role-824000">
    <link:loc xlink:type="locator" xlink:href="../../et-gaap-cor_2011-01-01.xsd#et-gaap_EmployeePayablesTotal" xlink:label="EmployeePayablesTotal" xlink:title="EmployeePayablesTotal"/>
    <link:loc xlink:type="locator" xlink:href="../../et-gaap-cor_2011-01-01.xsd#et-gaap_EmployeePayablesValue" xlink:label="EmployeePayablesValue" xlink:title="EmployeePayablesValue"/>
    <link:calculationArc xlink:type="arc" xlink:arcrole="http://www.xbrl.org/2003/arcrole/summation-item" xlink:from="EmployeePayablesTotal" xlink:to="EmployeePayablesValue" xlink:title="calculation: EmployeePayablesTotal to EmployeePayablesValue" order="3.0" weight="1.0"/>
    <link:loc xlink:type="locator" xlink:href="../../et-gaap-cor_2011-01-01.xsd#et-gaap_EmployeePayablesRemunerationLiability" xlink:label="EmployeePayablesRemunerationLiability" xlink:title="EmployeePayablesRemunerationLiability"/>
    <link:calculationArc xlink:type="arc" xlink:arcrole="http://www.xbrl.org/2003/arcrole/summation-item" xlink:from="EmployeePayablesTotal" xlink:to="EmployeePayablesRemunerationLiability" xlink:title="calculation: EmployeePayablesTotal to EmployeePayablesRemunerationLiability" order="1.0" weight="1.0"/>
    <link:loc xlink:type="locator" xlink:href="../../et-gaap-cor_2011-01-01.xsd#et-gaap_EmployeePayablesVacationPayLiability" xlink:label="EmployeePayablesVacationPayLiability" xlink:title="EmployeePayablesVacationPayLiability"/>
    <link:calculationArc xlink:type="arc" xlink:arcrole="http://www.xbrl.org/2003/arcrole/summation-item" xlink:from="EmployeePayablesTotal" xlink:to="EmployeePayablesVacationPayLiability" xlink:title="calculation: EmployeePayablesTotal to EmployeePayablesVacationPayLiability" order="2.0" weight="1.0"/>
  </link:calculationLink>
</link:linkbase>
