<?xml version="1.0" encoding="UTF-8"?>
<!--
**************************************************************
et-gaap Taxonomy: 2011-01-01 (Final)

Copyright (C) 2010 Centre of Registers and Information Systems
**************************************************************
-->
<link:linkbase xmlns:xsi="http://www.w3.org/2001/XMLSchema-instance" xsi:schemaLocation="http://www.xbrl.org/2003/linkbase http://www.xbrl.org/2003/xbrl-linkbase-2003-12-31.xsd" xmlns:link="http://www.xbrl.org/2003/linkbase" xmlns:xlink="http://www.w3.org/1999/xlink" xmlns:p0="http://xbrl.org/2005/xbrldt">
  <link:roleRef roleURI="http://xbrl.eesti.ee/role/et-gaap_2011-01-01/NoteEmployeePayables_role-824000" xlink:type="simple" xlink:href="role-824000.xsd#NoteEmployeePayables_role-824000"/>
  <link:arcroleRef arcroleURI="http://xbrl.org/int/dim/arcrole/all" xlink:type="simple" xlink:href="http://www.xbrl.org/2005/xbrldt-2005.xsd#all"/>
  <link:arcroleRef arcroleURI="http://xbrl.org/int/dim/arcrole/domain-member" xlink:type="simple" xlink:href="http://www.xbrl.org/2005/xbrldt-2005.xsd#domain-member"/>
  <link:arcroleRef arcroleURI="http://xbrl.org/int/dim/arcrole/hypercube-dimension" xlink:type="simple" xlink:href="http://www.xbrl.org/2005/xbrldt-2005.xsd#hypercube-dimension"/>
  <link:definitionLink xlink:type="extended" xlink:role="http://xbrl.eesti.ee/role/et-gaap_2011-01-01/NoteEmployeePayables_role-824000">
    <link:loc xlink:type="locator" xlink:href="../../et-gaap-cor_2011-01-01.xsd#et-gaap_NoteEmployeePayablesAbstract" xlink:label="NoteEmployeePayablesAbstract" xlink:title="NoteEmployeePayablesAbstract"/>
    <link:loc xlink:type="locator" xlink:href="../../et-gaap-cor_2011-01-01.xsd#et-gaap_EmployeePayablesTotal" xlink:label="EmployeePayablesTotal" xlink:title="EmployeePayablesTotal"/>
    <link:definitionArc xlink:type="arc" xlink:arcrole="http://xbrl.org/int/dim/arcrole/domain-member" xlink:from="NoteEmployeePayablesAbstract" xlink:to="EmployeePayablesTotal" xlink:title="definition: NoteEmployeePayablesAbstract to EmployeePayablesTotal" use="optional" order="3.0"/>
    <link:loc xlink:type="locator" xlink:href="../../et-gaap-cor_2011-01-01.xsd#et-gaap_NoteEmployeePayables" xlink:label="NoteEmployeePayables" xlink:title="NoteEmployeePayables"/>
    <link:definitionArc xlink:type="arc" xlink:arcrole="http://xbrl.org/int/dim/arcrole/domain-member" xlink:from="NoteEmployeePayablesAbstract" xlink:to="NoteEmployeePayables" xlink:title="definition: NoteEmployeePayablesAbstract to NoteEmployeePayables" use="optional" order="4.0"/>
    <link:loc xlink:type="locator" xlink:href="../../et-gaap-cor_2011-01-01.xsd#et-gaap_EmployeePayablesRemunerationLiability" xlink:label="EmployeePayablesRemunerationLiability" xlink:title="EmployeePayablesRemunerationLiability"/>
    <link:definitionArc xlink:type="arc" xlink:arcrole="http://xbrl.org/int/dim/arcrole/domain-member" xlink:from="NoteEmployeePayablesAbstract" xlink:to="EmployeePayablesRemunerationLiability" xlink:title="definition: NoteEmployeePayablesAbstract to EmployeePayablesRemunerationLiability" order="1.0"/>
    <link:loc xlink:type="locator" xlink:href="../../et-gaap-cor_2011-01-01.xsd#et-gaap_EmployeePayablesVacationPayLiability" xlink:label="EmployeePayablesVacationPayLiability" xlink:title="EmployeePayablesVacationPayLiability"/>
    <link:definitionArc xlink:type="arc" xlink:arcrole="http://xbrl.org/int/dim/arcrole/domain-member" xlink:from="NoteEmployeePayablesAbstract" xlink:to="EmployeePayablesVacationPayLiability" xlink:title="definition: NoteEmployeePayablesAbstract to EmployeePayablesVacationPayLiability" order="2.0"/>
  </link:definitionLink>
</link:linkbase>
