<?xml version="1.0" encoding="UTF-8"?>
<!--
**************************************************************
et-gaap Taxonomy: 2011-01-01 (Final)

Copyright (C) 2010 Centre of Registers and Information Systems
**************************************************************
-->
<link:linkbase xmlns:xsi="http://www.w3.org/2001/XMLSchema-instance" xsi:schemaLocation="http://www.xbrl.org/2003/linkbase http://www.xbrl.org/2003/xbrl-linkbase-2003-12-31.xsd" xmlns:link="http://www.xbrl.org/2003/linkbase" xmlns:xlink="http://www.w3.org/1999/xlink" xmlns:xbrldt="http://xbrl.org/2005/xbrldt">
  <link:roleRef roleURI="http://xbrl.eesti.ee/role/et-gaap_2011-01-01/NoteEmployeePayables_role-824000" xlink:type="simple" xlink:href="role-824000.xsd#NoteEmployeePayables_role-824000"/>
  <link:presentationLink xlink:type="extended" xlink:role="http://xbrl.eesti.ee/role/et-gaap_2011-01-01/NoteEmployeePayables_role-824000">
    <link:loc xlink:type="locator" xlink:href="../../et-gaap-cor_2011-01-01.xsd#et-gaap_NoteEmployeePayablesAbstract" xlink:label="NoteEmployeePayablesAbstract" xlink:title="NoteEmployeePayablesAbstract"/>
    <link:loc xlink:type="locator" xlink:href="../../et-gaap-cor_2011-01-01.xsd#et-gaap_EmployeePayablesTuple" xlink:label="EmployeePayablesTuple" xlink:title="EmployeePayablesTuple"/>
    <link:presentationArc xlink:type="arc" xlink:arcrole="http://www.xbrl.org/2003/arcrole/parent-child" xlink:from="NoteEmployeePayablesAbstract" xlink:to="EmployeePayablesTuple" xlink:title="presentation: NoteEmployeePayablesAbstract to EmployeePayablesTuple" order="3.0"/>
    <link:loc xlink:type="locator" xlink:href="../../et-gaap-cor_2011-01-01.xsd#et-gaap_EmployeePayablesName" xlink:label="EmployeePayablesName" xlink:title="EmployeePayablesName"/>
    <link:presentationArc xlink:type="arc" xlink:arcrole="http://www.xbrl.org/2003/arcrole/parent-child" xlink:from="EmployeePayablesTuple" xlink:to="EmployeePayablesName" xlink:title="presentation: EmployeePayablesTuple to EmployeePayablesName" order="1.0"/>
    <link:loc xlink:type="locator" xlink:href="../../et-gaap-cor_2011-01-01.xsd#et-gaap_EmployeePayablesValue" xlink:label="EmployeePayablesValue" xlink:title="EmployeePayablesValue"/>
    <link:presentationArc xlink:type="arc" xlink:arcrole="http://www.xbrl.org/2003/arcrole/parent-child" xlink:from="EmployeePayablesTuple" xlink:to="EmployeePayablesValue" xlink:title="presentation: EmployeePayablesTuple to EmployeePayablesValue" order="2.0"/>
    <link:loc xlink:type="locator" xlink:href="../../et-gaap-cor_2011-01-01.xsd#et-gaap_EmployeePayablesTotal" xlink:label="EmployeePayablesTotal" xlink:title="EmployeePayablesTotal"/>
    <link:presentationArc xlink:type="arc" xlink:arcrole="http://www.xbrl.org/2003/arcrole/parent-child" xlink:from="NoteEmployeePayablesAbstract" xlink:to="EmployeePayablesTotal" xlink:title="presentation: NoteEmployeePayablesAbstract to EmployeePayablesTotal" use="optional" order="4.0" preferredLabel="http://www.xbrl.org/2003/role/totalLabel"/>
    <link:loc xlink:type="locator" xlink:href="../../et-gaap-cor_2011-01-01.xsd#et-gaap_NoteEmployeePayables" xlink:label="NoteEmployeePayables" xlink:title="NoteEmployeePayables"/>
    <link:presentationArc xlink:type="arc" xlink:arcrole="http://www.xbrl.org/2003/arcrole/parent-child" xlink:from="NoteEmployeePayablesAbstract" xlink:to="NoteEmployeePayables" xlink:title="presentation: NoteEmployeePayablesAbstract to NoteEmployeePayables" use="optional" order="5.0"/>
    <link:loc xlink:type="locator" xlink:href="../../et-gaap-cor_2011-01-01.xsd#et-gaap_EmployeePayablesRemunerationLiability" xlink:label="EmployeePayablesRemunerationLiability" xlink:title="EmployeePayablesRemunerationLiability"/>
    <link:presentationArc xlink:type="arc" xlink:arcrole="http://www.xbrl.org/2003/arcrole/parent-child" xlink:from="NoteEmployeePayablesAbstract" xlink:to="EmployeePayablesRemunerationLiability" xlink:title="presentation: NoteEmployeePayablesAbstract to EmployeePayablesRemunerationLiability" order="1.0"/>
    <link:loc xlink:type="locator" xlink:href="../../et-gaap-cor_2011-01-01.xsd#et-gaap_EmployeePayablesVacationPayLiability" xlink:label="EmployeePayablesVacationPayLiability" xlink:title="EmployeePayablesVacationPayLiability"/>
    <link:presentationArc xlink:type="arc" xlink:arcrole="http://www.xbrl.org/2003/arcrole/parent-child" xlink:from="NoteEmployeePayablesAbstract" xlink:to="EmployeePayablesVacationPayLiability" xlink:title="presentation: NoteEmployeePayablesAbstract to EmployeePayablesVacationPayLiability" order="2.0"/>
  </link:presentationLink>
</link:linkbase>
