<?xml version="1.0" encoding="UTF-8"?>
<!--
**************************************************************
et-gaap Taxonomy: 2011-01-01 (Final)

Copyright (C) 2010 Centre of Registers and Information Systems
**************************************************************
-->
<link:linkbase xmlns:xsi="http://www.w3.org/2001/XMLSchema-instance" xsi:schemaLocation="http://www.xbrl.org/2003/linkbase http://www.xbrl.org/2003/xbrl-linkbase-2003-12-31.xsd" xmlns:link="http://www.xbrl.org/2003/linkbase" xmlns:p0="http://xbrl.org/2005/xbrldt" xmlns:xlink="http://www.w3.org/1999/xlink">
  <link:roleRef roleURI="http://xbrl.eesti.ee/role/et-gaap_2011-01-01/NoteNetSales_role-832000" xlink:type="simple" xlink:href="role-832000.xsd#NoteNetSales_role-832000"/>
  <link:arcroleRef arcroleURI="http://xbrl.org/int/dim/arcrole/all" xlink:type="simple" xlink:href="http://www.xbrl.org/2005/xbrldt-2005.xsd#all"/>
  <link:arcroleRef arcroleURI="http://xbrl.org/int/dim/arcrole/dimension-domain" xlink:type="simple" xlink:href="http://www.xbrl.org/2005/xbrldt-2005.xsd#dimension-domain"/>
  <link:arcroleRef arcroleURI="http://xbrl.org/int/dim/arcrole/domain-member" xlink:type="simple" xlink:href="http://www.xbrl.org/2005/xbrldt-2005.xsd#domain-member"/>
  <link:arcroleRef arcroleURI="http://xbrl.org/int/dim/arcrole/hypercube-dimension" xlink:type="simple" xlink:href="http://www.xbrl.org/2005/xbrldt-2005.xsd#hypercube-dimension"/>
  <link:definitionLink xlink:type="extended" xlink:role="http://xbrl.eesti.ee/role/et-gaap_2011-01-01/NoteNetSales_role-832000">
    <link:loc xlink:type="locator" xlink:href="../../et-gaap-cor_2011-01-01.xsd#et-gaap_NoteNetSalesAbstract" xlink:label="NoteNetSalesAbstract" xlink:title="NoteNetSalesAbstract"/>
    <link:loc xlink:type="locator" xlink:href="../../et-gaap-cor_2011-01-01.xsd#et-gaap_NetSalesByOperatingActivitiesAbstract" xlink:label="NetSalesByOperatingActivitiesAbstract" xlink:title="NetSalesByOperatingActivitiesAbstract"/>
    <link:definitionArc xlink:type="arc" xlink:arcrole="http://xbrl.org/int/dim/arcrole/domain-member" xlink:from="NoteNetSalesAbstract" xlink:to="NetSalesByOperatingActivitiesAbstract" xlink:title="definition: NoteNetSalesAbstract to NetSalesByOperatingActivitiesAbstract" order="2.0"/>
    <link:loc xlink:type="locator" xlink:href="../../et-gaap-cor_2011-01-01.xsd#et-gaap_NetSalesByOperatingActivitiesTotal" xlink:label="NetSalesByOperatingActivitiesTotal" xlink:title="NetSalesByOperatingActivitiesTotal"/>
    <link:definitionArc xlink:type="arc" xlink:arcrole="http://xbrl.org/int/dim/arcrole/domain-member" xlink:from="NetSalesByOperatingActivitiesAbstract" xlink:to="NetSalesByOperatingActivitiesTotal" xlink:title="definition: NetSalesByOperatingActivitiesAbstract to NetSalesByOperatingActivitiesTotal" order="2.0"/>
    <link:loc xlink:type="locator" xlink:href="../../et-gaap-cor_2011-01-01.xsd#et-gaap_NoteNetSales" xlink:label="NoteNetSales" xlink:title="NoteNetSales"/>
    <link:definitionArc xlink:type="arc" xlink:arcrole="http://xbrl.org/int/dim/arcrole/domain-member" xlink:from="NoteNetSalesAbstract" xlink:to="NoteNetSales" xlink:title="definition: NoteNetSalesAbstract to NoteNetSales" order="3.0"/>
    <link:loc xlink:type="locator" xlink:href="../../et-gaap-cor_2011-01-01.xsd#et-gaap_NetSalesByGeographicalLocationAbstract" xlink:label="NetSalesByGeographicalLocationAbstract" xlink:title="NetSalesByGeographicalLocationAbstract"/>
    <link:definitionArc xlink:type="arc" xlink:arcrole="http://xbrl.org/int/dim/arcrole/domain-member" xlink:from="NoteNetSalesAbstract" xlink:to="NetSalesByGeographicalLocationAbstract" xlink:title="definition: NoteNetSalesAbstract to NetSalesByGeographicalLocationAbstract" use="optional" order="1.0"/>
    <link:loc xlink:type="locator" xlink:href="../../et-gaap-cor_2011-01-01.xsd#et-gaap_NetSalesInEuropeanUnionAbstract" xlink:label="NetSalesInEuropeanUnionAbstract" xlink:title="NetSalesInEuropeanUnionAbstract"/>
    <link:definitionArc xlink:type="arc" xlink:arcrole="http://xbrl.org/int/dim/arcrole/domain-member" xlink:from="NetSalesByGeographicalLocationAbstract" xlink:to="NetSalesInEuropeanUnionAbstract" xlink:title="definition: NetSalesByGeographicalLocationAbstract to NetSalesInEuropeanUnionAbstract" use="optional" order="1.0"/>
    <link:loc xlink:type="locator" xlink:href="../../et-gaap-cor_2011-01-01.xsd#et-gaap_NetSalesInEuropeanUnionOther" xlink:label="NetSalesInEuropeanUnionOther" xlink:title="NetSalesInEuropeanUnionOther"/>
    <link:definitionArc xlink:type="arc" xlink:arcrole="http://xbrl.org/int/dim/arcrole/domain-member" xlink:from="NetSalesInEuropeanUnionAbstract" xlink:to="NetSalesInEuropeanUnionOther" xlink:title="definition: NetSalesInEuropeanUnionAbstract to NetSalesInEuropeanUnionOther" use="optional" order="2.0"/>
    <link:loc xlink:type="locator" xlink:href="../../et-gaap-cor_2011-01-01.xsd#et-gaap_NetSalesInEuropeanUnionTotal" xlink:label="NetSalesInEuropeanUnionTotal" xlink:title="NetSalesInEuropeanUnionTotal"/>
    <link:definitionArc xlink:type="arc" xlink:arcrole="http://xbrl.org/int/dim/arcrole/domain-member" xlink:from="NetSalesInEuropeanUnionAbstract" xlink:to="NetSalesInEuropeanUnionTotal" xlink:title="definition: NetSalesInEuropeanUnionAbstract to NetSalesInEuropeanUnionTotal" use="optional" order="3.0"/>
    <link:loc xlink:type="locator" xlink:href="../../et-gaap-cor_2011-01-01.xsd#et-gaap_NetSalesOutsideOfEuropeanUnionAbstract" xlink:label="NetSalesOutsideOfEuropeanUnionAbstract" xlink:title="NetSalesOutsideOfEuropeanUnionAbstract"/>
    <link:definitionArc xlink:type="arc" xlink:arcrole="http://xbrl.org/int/dim/arcrole/domain-member" xlink:from="NetSalesByGeographicalLocationAbstract" xlink:to="NetSalesOutsideOfEuropeanUnionAbstract" xlink:title="definition: NetSalesByGeographicalLocationAbstract to NetSalesOutsideOfEuropeanUnionAbstract" use="optional" order="2.0"/>
    <link:loc xlink:type="locator" xlink:href="../../et-gaap-cor_2011-01-01.xsd#et-gaap_NetSalesOutsideOfEuropeanUnionOther" xlink:label="NetSalesOutsideOfEuropeanUnionOther" xlink:title="NetSalesOutsideOfEuropeanUnionOther"/>
    <link:definitionArc xlink:type="arc" xlink:arcrole="http://xbrl.org/int/dim/arcrole/domain-member" xlink:from="NetSalesOutsideOfEuropeanUnionAbstract" xlink:to="NetSalesOutsideOfEuropeanUnionOther" xlink:title="definition: NetSalesOutsideOfEuropeanUnionAbstract to NetSalesOutsideOfEuropeanUnionOther" use="optional" order="2.0"/>
    <link:loc xlink:type="locator" xlink:href="../../et-gaap-cor_2011-01-01.xsd#et-gaap_NetSalesOutsideOfEuropeanUnionTotal" xlink:label="NetSalesOutsideOfEuropeanUnionTotal" xlink:title="NetSalesOutsideOfEuropeanUnionTotal"/>
    <link:definitionArc xlink:type="arc" xlink:arcrole="http://xbrl.org/int/dim/arcrole/domain-member" xlink:from="NetSalesOutsideOfEuropeanUnionAbstract" xlink:to="NetSalesOutsideOfEuropeanUnionTotal" xlink:title="definition: NetSalesOutsideOfEuropeanUnionAbstract to NetSalesOutsideOfEuropeanUnionTotal" use="optional" order="3.0"/>
    <link:loc xlink:type="locator" xlink:href="../../et-gaap-cor_2011-01-01.xsd#et-gaap_NetSalesByGeographicalLocation" xlink:label="NetSalesByGeographicalLocation" xlink:title="NetSalesByGeographicalLocation"/>
    <link:definitionArc xlink:type="arc" xlink:arcrole="http://xbrl.org/int/dim/arcrole/domain-member" xlink:from="NetSalesByGeographicalLocationAbstract" xlink:to="NetSalesByGeographicalLocation" xlink:title="definition: NetSalesByGeographicalLocationAbstract to NetSalesByGeographicalLocation" use="optional" order="3.0"/>
  </link:definitionLink>
</link:linkbase>
