<?xml version="1.0" encoding="UTF-8"?>
<!--
**************************************************************
et-gaap Taxonomy: 2011-01-01 (Final)

Copyright (C) 2010 Centre of Registers and Information Systems
**************************************************************
-->
<link:linkbase xmlns:xsi="http://www.w3.org/2001/XMLSchema-instance" xsi:schemaLocation="http://www.xbrl.org/2003/linkbase http://www.xbrl.org/2003/xbrl-linkbase-2003-12-31.xsd" xmlns:link="http://www.xbrl.org/2003/linkbase" xmlns:xbrldt="http://xbrl.org/2005/xbrldt" xmlns:xlink="http://www.w3.org/1999/xlink">
  <link:roleRef roleURI="http://xbrl.eesti.ee/role/et-gaap_2011-01-01/NoteNetSales_role-832000" xlink:type="simple" xlink:href="role-832000.xsd#NoteNetSales_role-832000"/>
  <link:presentationLink xlink:type="extended" xlink:role="http://xbrl.eesti.ee/role/et-gaap_2011-01-01/NoteNetSales_role-832000">
    <link:loc xlink:type="locator" xlink:href="../../et-gaap-cor_2011-01-01.xsd#et-gaap_NoteNetSalesAbstract" xlink:label="NoteNetSalesAbstract" xlink:title="NoteNetSalesAbstract"/>
    <link:loc xlink:type="locator" xlink:href="../../et-gaap-cor_2011-01-01.xsd#et-gaap_NetSalesByGeographicalLocationAbstract" xlink:label="NetSalesByGeographicalLocationAbstract" xlink:title="NetSalesByGeographicalLocationAbstract"/>
    <link:presentationArc xlink:type="arc" xlink:arcrole="http://www.xbrl.org/2003/arcrole/parent-child" xlink:from="NoteNetSalesAbstract" xlink:to="NetSalesByGeographicalLocationAbstract" xlink:title="presentation: NoteNetSalesAbstract to NetSalesByGeographicalLocationAbstract" use="optional" order="1.0"/>
    <link:loc xlink:type="locator" xlink:href="../../et-gaap-cor_2011-01-01.xsd#et-gaap_NetSalesByGeographicalLocation" xlink:label="NetSalesByGeographicalLocation" xlink:title="NetSalesByGeographicalLocation"/>
    <link:presentationArc xlink:type="arc" xlink:arcrole="http://www.xbrl.org/2003/arcrole/parent-child" xlink:from="NetSalesByGeographicalLocationAbstract" xlink:to="NetSalesByGeographicalLocation" xlink:title="presentation: NetSalesByGeographicalLocationAbstract to NetSalesByGeographicalLocation" use="optional" order="3.0"/>
    <link:loc xlink:type="locator" xlink:href="../../et-gaap-cor_2011-01-01.xsd#et-gaap_NetSalesInEuropeanUnionAbstract" xlink:label="NetSalesInEuropeanUnionAbstract" xlink:title="NetSalesInEuropeanUnionAbstract"/>
    <link:presentationArc xlink:type="arc" xlink:arcrole="http://www.xbrl.org/2003/arcrole/parent-child" xlink:from="NetSalesByGeographicalLocationAbstract" xlink:to="NetSalesInEuropeanUnionAbstract" xlink:title="presentation: NetSalesByGeographicalLocationAbstract to NetSalesInEuropeanUnionAbstract" order="1.0"/>
    <link:loc xlink:type="locator" xlink:href="../../et-gaap-cor_2011-01-01.xsd#et-gaap_NetSalesByGeographicalLocationInEuropeanUnionTuple" xlink:label="NetSalesByGeographicalLocationInEuropeanUnionTuple" xlink:title="NetSalesByGeographicalLocationInEuropeanUnionTuple"/>
    <link:presentationArc xlink:type="arc" xlink:arcrole="http://www.xbrl.org/2003/arcrole/parent-child" xlink:from="NetSalesInEuropeanUnionAbstract" xlink:to="NetSalesByGeographicalLocationInEuropeanUnionTuple" xlink:title="presentation: NetSalesInEuropeanUnionAbstract to NetSalesByGeographicalLocationInEuropeanUnionTuple" use="optional" order="1.0"/>
    <link:loc xlink:type="locator" xlink:href="../../et-gaap-cor_2011-01-01.xsd#et-gaap_NameOfCountryInEuropeanUnion" xlink:label="NameOfCountryInEuropeanUnion" xlink:title="NameOfCountryInEuropeanUnion"/>
    <link:presentationArc xlink:type="arc" xlink:arcrole="http://www.xbrl.org/2003/arcrole/parent-child" xlink:from="NetSalesByGeographicalLocationInEuropeanUnionTuple" xlink:to="NameOfCountryInEuropeanUnion" xlink:title="presentation: NetSalesByGeographicalLocationInEuropeanUnionTuple to NameOfCountryInEuropeanUnion" order="1.0"/>
    <link:loc xlink:type="locator" xlink:href="../../et-gaap-cor_2011-01-01.xsd#et-gaap_NetSalesInEuropeanUnion" xlink:label="NetSalesInEuropeanUnion" xlink:title="NetSalesInEuropeanUnion"/>
    <link:presentationArc xlink:type="arc" xlink:arcrole="http://www.xbrl.org/2003/arcrole/parent-child" xlink:from="NetSalesByGeographicalLocationInEuropeanUnionTuple" xlink:to="NetSalesInEuropeanUnion" xlink:title="presentation: NetSalesByGeographicalLocationInEuropeanUnionTuple to NetSalesInEuropeanUnion" order="2.0"/>
    <link:loc xlink:type="locator" xlink:href="../../et-gaap-cor_2011-01-01.xsd#et-gaap_NetSalesInEuropeanUnionOther" xlink:label="NetSalesInEuropeanUnionOther" xlink:title="NetSalesInEuropeanUnionOther"/>
    <link:presentationArc xlink:type="arc" xlink:arcrole="http://www.xbrl.org/2003/arcrole/parent-child" xlink:from="NetSalesInEuropeanUnionAbstract" xlink:to="NetSalesInEuropeanUnionOther" xlink:title="presentation: NetSalesInEuropeanUnionAbstract to NetSalesInEuropeanUnionOther" use="optional" order="2.0"/>
    <link:loc xlink:type="locator" xlink:href="../../et-gaap-cor_2011-01-01.xsd#et-gaap_NetSalesInEuropeanUnionTotal" xlink:label="NetSalesInEuropeanUnionTotal" xlink:title="NetSalesInEuropeanUnionTotal"/>
    <link:presentationArc xlink:type="arc" xlink:arcrole="http://www.xbrl.org/2003/arcrole/parent-child" xlink:from="NetSalesInEuropeanUnionAbstract" xlink:to="NetSalesInEuropeanUnionTotal" xlink:title="presentation: NetSalesInEuropeanUnionAbstract to NetSalesInEuropeanUnionTotal" use="optional" order="3.0"/>
    <link:loc xlink:type="locator" xlink:href="../../et-gaap-cor_2011-01-01.xsd#et-gaap_NetSalesOutsideOfEuropeanUnionAbstract" xlink:label="NetSalesOutsideOfEuropeanUnionAbstract" xlink:title="NetSalesOutsideOfEuropeanUnionAbstract"/>
    <link:presentationArc xlink:type="arc" xlink:arcrole="http://www.xbrl.org/2003/arcrole/parent-child" xlink:from="NetSalesByGeographicalLocationAbstract" xlink:to="NetSalesOutsideOfEuropeanUnionAbstract" xlink:title="presentation: NetSalesByGeographicalLocationAbstract to NetSalesOutsideOfEuropeanUnionAbstract" order="2.0"/>
    <link:loc xlink:type="locator" xlink:href="../../et-gaap-cor_2011-01-01.xsd#et-gaap_NetSalesByGeographicalLocationOutsideOfEuropeanUnion" xlink:label="NetSalesByGeographicalLocationOutsideOfEuropeanUnion" xlink:title="NetSalesByGeographicalLocationOutsideOfEuropeanUnion"/>
    <link:presentationArc xlink:type="arc" xlink:arcrole="http://www.xbrl.org/2003/arcrole/parent-child" xlink:from="NetSalesOutsideOfEuropeanUnionAbstract" xlink:to="NetSalesByGeographicalLocationOutsideOfEuropeanUnion" xlink:title="presentation: NetSalesOutsideOfEuropeanUnionAbstract to NetSalesByGeographicalLocationOutsideOfEuropeanUnion" use="optional" order="1.0"/>
    <link:loc xlink:type="locator" xlink:href="../../et-gaap-cor_2011-01-01.xsd#et-gaap_NameOfCountryOutsideOfEuropeanUnion" xlink:label="NameOfCountryOutsideOfEuropeanUnion" xlink:title="NameOfCountryOutsideOfEuropeanUnion"/>
    <link:presentationArc xlink:type="arc" xlink:arcrole="http://www.xbrl.org/2003/arcrole/parent-child" xlink:from="NetSalesByGeographicalLocationOutsideOfEuropeanUnion" xlink:to="NameOfCountryOutsideOfEuropeanUnion" xlink:title="presentation: NetSalesByGeographicalLocationOutsideOfEuropeanUnion to NameOfCountryOutsideOfEuropeanUnion" order="1.0"/>
    <link:loc xlink:type="locator" xlink:href="../../et-gaap-cor_2011-01-01.xsd#et-gaap_NetSalesOutsideOfEuropeanUnion" xlink:label="NetSalesOutsideOfEuropeanUnion" xlink:title="NetSalesOutsideOfEuropeanUnion"/>
    <link:presentationArc xlink:type="arc" xlink:arcrole="http://www.xbrl.org/2003/arcrole/parent-child" xlink:from="NetSalesByGeographicalLocationOutsideOfEuropeanUnion" xlink:to="NetSalesOutsideOfEuropeanUnion" xlink:title="presentation: NetSalesByGeographicalLocationOutsideOfEuropeanUnion to NetSalesOutsideOfEuropeanUnion" use="optional" order="2.0"/>
    <link:loc xlink:type="locator" xlink:href="../../et-gaap-cor_2011-01-01.xsd#et-gaap_NetSalesOutsideOfEuropeanUnionOther" xlink:label="NetSalesOutsideOfEuropeanUnionOther" xlink:title="NetSalesOutsideOfEuropeanUnionOther"/>
    <link:presentationArc xlink:type="arc" xlink:arcrole="http://www.xbrl.org/2003/arcrole/parent-child" xlink:from="NetSalesOutsideOfEuropeanUnionAbstract" xlink:to="NetSalesOutsideOfEuropeanUnionOther" xlink:title="presentation: NetSalesOutsideOfEuropeanUnionAbstract to NetSalesOutsideOfEuropeanUnionOther" use="optional" order="2.0"/>
    <link:loc xlink:type="locator" xlink:href="../../et-gaap-cor_2011-01-01.xsd#et-gaap_NetSalesOutsideOfEuropeanUnionTotal" xlink:label="NetSalesOutsideOfEuropeanUnionTotal" xlink:title="NetSalesOutsideOfEuropeanUnionTotal"/>
    <link:presentationArc xlink:type="arc" xlink:arcrole="http://www.xbrl.org/2003/arcrole/parent-child" xlink:from="NetSalesOutsideOfEuropeanUnionAbstract" xlink:to="NetSalesOutsideOfEuropeanUnionTotal" xlink:title="presentation: NetSalesOutsideOfEuropeanUnionAbstract to NetSalesOutsideOfEuropeanUnionTotal" use="optional" order="3.0"/>
    <link:loc xlink:type="locator" xlink:href="../../et-gaap-cor_2011-01-01.xsd#et-gaap_NetSalesByOperatingActivitiesAbstract" xlink:label="NetSalesByOperatingActivitiesAbstract" xlink:title="NetSalesByOperatingActivitiesAbstract"/>
    <link:presentationArc xlink:type="arc" xlink:arcrole="http://www.xbrl.org/2003/arcrole/parent-child" xlink:from="NoteNetSalesAbstract" xlink:to="NetSalesByOperatingActivitiesAbstract" xlink:title="presentation: NoteNetSalesAbstract to NetSalesByOperatingActivitiesAbstract" use="optional" order="2.0"/>
    <link:loc xlink:type="locator" xlink:href="../../et-gaap-cor_2011-01-01.xsd#et-gaap_NetSalesByOperatingActivitiesTotal" xlink:label="NetSalesByOperatingActivitiesTotal" xlink:title="NetSalesByOperatingActivitiesTotal"/>
    <link:presentationArc xlink:type="arc" xlink:arcrole="http://www.xbrl.org/2003/arcrole/parent-child" xlink:from="NetSalesByOperatingActivitiesAbstract" xlink:to="NetSalesByOperatingActivitiesTotal" xlink:title="presentation: NetSalesByOperatingActivitiesAbstract to NetSalesByOperatingActivitiesTotal" use="optional" order="2.0"/>
    <link:loc xlink:type="locator" xlink:href="../../et-gaap-cor_2011-01-01.xsd#et-gaap_NetSalesByOperatingActivitiesTuple" xlink:label="NetSalesByOperatingActivitiesTuple" xlink:title="NetSalesByOperatingActivitiesTuple"/>
    <link:presentationArc xlink:type="arc" xlink:arcrole="http://www.xbrl.org/2003/arcrole/parent-child" xlink:from="NetSalesByOperatingActivitiesAbstract" xlink:to="NetSalesByOperatingActivitiesTuple" xlink:title="presentation: NetSalesByOperatingActivitiesAbstract to NetSalesByOperatingActivitiesTuple" order="1.0"/>
    <link:loc xlink:type="locator" xlink:href="../../et-gaap-cor_2011-01-01.xsd#et-gaap_NetSalesByOperatingActivitiesName" xlink:label="NetSalesByOperatingActivitiesName" xlink:title="NetSalesByOperatingActivitiesName"/>
    <link:presentationArc xlink:type="arc" xlink:arcrole="http://www.xbrl.org/2003/arcrole/parent-child" xlink:from="NetSalesByOperatingActivitiesTuple" xlink:to="NetSalesByOperatingActivitiesName" xlink:title="presentation: NetSalesByOperatingActivitiesTuple to NetSalesByOperatingActivitiesName" order="1.0"/>
    <link:loc xlink:type="locator" xlink:href="../../et-gaap-cor_2011-01-01.xsd#et-gaap_NetSalesByOperatingActivitiesValue" xlink:label="NetSalesByOperatingActivitiesValue" xlink:title="NetSalesByOperatingActivitiesValue"/>
    <link:presentationArc xlink:type="arc" xlink:arcrole="http://www.xbrl.org/2003/arcrole/parent-child" xlink:from="NetSalesByOperatingActivitiesTuple" xlink:to="NetSalesByOperatingActivitiesValue" xlink:title="presentation: NetSalesByOperatingActivitiesTuple to NetSalesByOperatingActivitiesValue" order="2.0"/>
    <link:loc xlink:type="locator" xlink:href="../../et-gaap-cor_2011-01-01.xsd#et-gaap_NoteNetSales" xlink:label="NoteNetSales" xlink:title="NoteNetSales"/>
    <link:presentationArc xlink:type="arc" xlink:arcrole="http://www.xbrl.org/2003/arcrole/parent-child" xlink:from="NoteNetSalesAbstract" xlink:to="NoteNetSales" xlink:title="presentation: NoteNetSalesAbstract to NoteNetSales" use="optional" order="3.0"/>
  </link:presentationLink>
</link:linkbase>
