<?xml version="1.0" encoding="UTF-8"?>
<!--
**************************************************************
et-gaap Taxonomy: 2011-01-01 (Final)

Copyright (C) 2010 Centre of Registers and Information Systems
**************************************************************
-->
<link:linkbase xmlns:xsi="http://www.w3.org/2001/XMLSchema-instance" xsi:schemaLocation="http://www.xbrl.org/2003/linkbase http://www.xbrl.org/2003/xbrl-linkbase-2003-12-31.xsd" xmlns:link="http://www.xbrl.org/2003/linkbase" xmlns:xbrldt="http://xbrl.org/2005/xbrldt" xmlns:xlink="http://www.w3.org/1999/xlink">
  <link:roleRef roleURI="http://xbrl.eesti.ee/role/et-gaap_2011-01-01/NoteBusinessIncome_role-832010" xlink:type="simple" xlink:href="role-832000.xsd#NoteBusinessIncome_role-832010"/>
  <link:presentationLink xlink:type="extended" xlink:role="http://xbrl.eesti.ee/role/et-gaap_2011-01-01/NoteBusinessIncome_role-832010">
    <link:loc xlink:type="locator" xlink:href="../../et-gaap-cor_2011-01-01.xsd#et-gaap_NoteBusinessIncomeAbstract" xlink:label="NoteBusinessIncomeAbstract" xlink:title="NoteBusinessIncomeAbstract"/>
    <link:loc xlink:type="locator" xlink:href="../../et-gaap-cor_2011-01-01.xsd#et-gaap_BusinessIncomeByOperatingActivitiesTuple" xlink:label="BusinessIncomeByOperatingActivitiesTuple" xlink:title="BusinessIncomeByOperatingActivitiesTuple"/>
    <link:presentationArc xlink:type="arc" xlink:arcrole="http://www.xbrl.org/2003/arcrole/parent-child" xlink:from="NoteBusinessIncomeAbstract" xlink:to="BusinessIncomeByOperatingActivitiesTuple" xlink:title="presentation: NoteBusinessIncomeAbstract to BusinessIncomeByOperatingActivitiesTuple" order="1.0"/>
    <link:loc xlink:type="locator" xlink:href="../../et-gaap-cor_2011-01-01.xsd#et-gaap_BusinessIncomeByOperatingActivitiesName" xlink:label="BusinessIncomeByOperatingActivitiesName" xlink:title="BusinessIncomeByOperatingActivitiesName"/>
    <link:presentationArc xlink:type="arc" xlink:arcrole="http://www.xbrl.org/2003/arcrole/parent-child" xlink:from="BusinessIncomeByOperatingActivitiesTuple" xlink:to="BusinessIncomeByOperatingActivitiesName" xlink:title="presentation: BusinessIncomeByOperatingActivitiesTuple to BusinessIncomeByOperatingActivitiesName" use="optional" order="1.0"/>
    <link:loc xlink:type="locator" xlink:href="../../et-gaap-cor_2011-01-01.xsd#et-gaap_BusinessIncomeByOperatingActivitiesValue" xlink:label="BusinessIncomeByOperatingActivitiesValue" xlink:title="BusinessIncomeByOperatingActivitiesValue"/>
    <link:presentationArc xlink:type="arc" xlink:arcrole="http://www.xbrl.org/2003/arcrole/parent-child" xlink:from="BusinessIncomeByOperatingActivitiesTuple" xlink:to="BusinessIncomeByOperatingActivitiesValue" xlink:title="presentation: BusinessIncomeByOperatingActivitiesTuple to BusinessIncomeByOperatingActivitiesValue" use="optional" order="2.0"/>
    <link:loc xlink:type="locator" xlink:href="../../et-gaap-cor_2011-01-01.xsd#et-gaap_NoteBusinessIncome" xlink:label="NoteBusinessIncome" xlink:title="NoteBusinessIncome"/>
    <link:presentationArc xlink:type="arc" xlink:arcrole="http://www.xbrl.org/2003/arcrole/parent-child" xlink:from="NoteBusinessIncomeAbstract" xlink:to="NoteBusinessIncome" xlink:title="presentation: NoteBusinessIncomeAbstract to NoteBusinessIncome" use="optional" order="3.0"/>
    <link:loc xlink:type="locator" xlink:href="../../et-gaap-cor_2011-01-01.xsd#et-gaap_BusinessIncomeByOperatingActivities" xlink:label="BusinessIncomeByOperatingActivities" xlink:title="BusinessIncomeByOperatingActivities"/>
    <link:presentationArc xlink:type="arc" xlink:arcrole="http://www.xbrl.org/2003/arcrole/parent-child" xlink:from="NoteBusinessIncomeAbstract" xlink:to="BusinessIncomeByOperatingActivities" xlink:title="presentation: NoteBusinessIncomeAbstract to BusinessIncomeByOperatingActivities" order="2.0"/>
  </link:presentationLink>
</link:linkbase>
