<?xml version="1.0" encoding="UTF-8"?>
<!--
**************************************************************
et-gaap Taxonomy: 2011-01-01 (Final)

Copyright (C) 2010 Centre of Registers and Information Systems
**************************************************************
-->
<link:linkbase xmlns:xsi="http://www.w3.org/2001/XMLSchema-instance" xsi:schemaLocation="http://www.xbrl.org/2003/linkbase http://www.xbrl.org/2003/xbrl-linkbase-2003-12-31.xsd" xmlns:link="http://www.xbrl.org/2003/linkbase" xmlns:p0="http://xbrl.org/2005/xbrldt" xmlns:xlink="http://www.w3.org/1999/xlink">
  <link:roleRef roleURI="http://xbrl.eesti.ee/role/et-gaap_2011-01-01/AllocationByRemainingMaturity_role-901000" xlink:type="simple" xlink:href="role-901000.xsd#AllocationByRemainingMaturity_role-901000"/>
  <link:arcroleRef arcroleURI="http://xbrl.org/int/dim/arcrole/dimension-domain" xlink:type="simple" xlink:href="http://www.xbrl.org/2005/xbrldt-2005.xsd#dimension-domain"/>
  <link:arcroleRef arcroleURI="http://xbrl.org/int/dim/arcrole/domain-member" xlink:type="simple" xlink:href="http://www.xbrl.org/2005/xbrldt-2005.xsd#domain-member"/>
  <link:definitionLink xlink:type="extended" xlink:role="http://xbrl.eesti.ee/role/et-gaap_2011-01-01/AllocationByRemainingMaturity_role-901000">
    <link:loc xlink:type="locator" xlink:href="../../et-gaap-cor_2011-01-01.xsd#et-gaap_AllocationByRemainingMaturityDimension" xlink:label="AllocationByRemainingMaturityDimension" xlink:title="AllocationByRemainingMaturityDimension"/>
    <link:loc xlink:type="locator" xlink:href="../../et-gaap-cor_2011-01-01.xsd#et-gaap_AllocationByRemainingMaturityTotalAbstract" xlink:label="AllocationByRemainingMaturityTotalAbstract" xlink:title="AllocationByRemainingMaturityTotalAbstract"/>
    <link:definitionArc xlink:type="arc" xlink:arcrole="http://xbrl.org/int/dim/arcrole/dimension-domain" xlink:from="AllocationByRemainingMaturityDimension" xlink:to="AllocationByRemainingMaturityTotalAbstract" xlink:title="definition: AllocationByRemainingMaturityDimension to AllocationByRemainingMaturityTotalAbstract" use="optional" order="1.0"/>
    <link:loc xlink:type="locator" xlink:href="../../et-gaap-cor_2011-01-01.xsd#et-gaap_AllocationByRemainingMaturityAbstract" xlink:label="AllocationByRemainingMaturityAbstract" xlink:title="AllocationByRemainingMaturityAbstract"/>
    <link:definitionArc xlink:type="arc" xlink:arcrole="http://xbrl.org/int/dim/arcrole/dimension-domain" xlink:from="AllocationByRemainingMaturityDimension" xlink:to="AllocationByRemainingMaturityAbstract" xlink:title="definition: AllocationByRemainingMaturityDimension to AllocationByRemainingMaturityAbstract" use="optional" order="2.0" p0:usable="false"/>
    <link:loc xlink:type="locator" xlink:href="../../et-gaap-cor_2011-01-01.xsd#et-gaap_AllocationByRemainingMaturityWithin12MonthsAbstract" xlink:label="AllocationByRemainingMaturityWithin12MonthsAbstract" xlink:title="AllocationByRemainingMaturityWithin12MonthsAbstract"/>
    <link:definitionArc xlink:type="arc" xlink:arcrole="http://xbrl.org/int/dim/arcrole/domain-member" xlink:from="AllocationByRemainingMaturityAbstract" xlink:to="AllocationByRemainingMaturityWithin12MonthsAbstract" xlink:title="definition: AllocationByRemainingMaturityAbstract to AllocationByRemainingMaturityWithin12MonthsAbstract" use="optional" order="1.0"/>
    <link:loc xlink:type="locator" xlink:href="../../et-gaap-cor_2011-01-01.xsd#et-gaap_AllocationByRemainingMaturityWithin1to5YearsAbstract" xlink:label="AllocationByRemainingMaturityWithin1to5YearsAbstract" xlink:title="AllocationByRemainingMaturityWithin1to5YearsAbstract"/>
    <link:definitionArc xlink:type="arc" xlink:arcrole="http://xbrl.org/int/dim/arcrole/domain-member" xlink:from="AllocationByRemainingMaturityAbstract" xlink:to="AllocationByRemainingMaturityWithin1to5YearsAbstract" xlink:title="definition: AllocationByRemainingMaturityAbstract to AllocationByRemainingMaturityWithin1to5YearsAbstract" use="optional" order="2.0"/>
    <link:loc xlink:type="locator" xlink:href="../../et-gaap-cor_2011-01-01.xsd#et-gaap_AllocationByRemainingMaturityWithinOver5YearsAbstract" xlink:label="AllocationByRemainingMaturityWithinOver5YearsAbstract" xlink:title="AllocationByRemainingMaturityWithinOver5YearsAbstract"/>
    <link:definitionArc xlink:type="arc" xlink:arcrole="http://xbrl.org/int/dim/arcrole/domain-member" xlink:from="AllocationByRemainingMaturityAbstract" xlink:to="AllocationByRemainingMaturityWithinOver5YearsAbstract" xlink:title="definition: AllocationByRemainingMaturityAbstract to AllocationByRemainingMaturityWithinOver5YearsAbstract" use="optional" order="3.0"/>
  </link:definitionLink>
</link:linkbase>
