<?xml version="1.0" encoding="UTF-8"?>
<!--
**************************************************************
et-gaap Taxonomy: 2011-01-01 (Final)

Copyright (C) 2010 Centre of Registers and Information Systems
**************************************************************
-->
<link:linkbase xmlns:xsi="http://www.w3.org/2001/XMLSchema-instance" xsi:schemaLocation="http://www.xbrl.org/2003/linkbase http://www.xbrl.org/2003/xbrl-linkbase-2003-12-31.xsd" xmlns:link="http://www.xbrl.org/2003/linkbase" xmlns:xlink="http://www.w3.org/1999/xlink" xmlns:p0="http://xbrl.org/2005/xbrldt">
  <link:roleRef roleURI="http://xbrl.eesti.ee/role/et-gaap_2011-01-01/NoteRelatedParties_role-843010" xlink:type="simple" xlink:href="role-843000.xsd#NoteRelatedParties_role-843010"/>
  <link:arcroleRef arcroleURI="http://xbrl.org/int/dim/arcrole/all" xlink:type="simple" xlink:href="http://www.xbrl.org/2005/xbrldt-2005.xsd#all"/>
  <link:arcroleRef arcroleURI="http://xbrl.org/int/dim/arcrole/dimension-domain" xlink:type="simple" xlink:href="http://www.xbrl.org/2005/xbrldt-2005.xsd#dimension-domain"/>
  <link:arcroleRef arcroleURI="http://xbrl.org/int/dim/arcrole/domain-member" xlink:type="simple" xlink:href="http://www.xbrl.org/2005/xbrldt-2005.xsd#domain-member"/>
  <link:arcroleRef arcroleURI="http://xbrl.org/int/dim/arcrole/hypercube-dimension" xlink:type="simple" xlink:href="http://www.xbrl.org/2005/xbrldt-2005.xsd#hypercube-dimension"/>
  <link:definitionLink xlink:type="extended" xlink:role="http://xbrl.eesti.ee/role/et-gaap_2011-01-01/NoteRelatedParties_role-843010">
    <link:loc xlink:type="locator" xlink:href="../../et-gaap-cor_2011-01-01.xsd#et-gaap_NoteRelatedPartiesAbstract" xlink:label="NoteRelatedPartiesAbstract" xlink:title="NoteRelatedPartiesAbstract"/>
    <link:loc xlink:type="locator" xlink:href="../../et-gaap-cor_2011-01-01.xsd#et-gaap_RelatedPartyBalancesAccordingToGroups" xlink:label="RelatedPartyBalancesAccordingToGroups" xlink:title="RelatedPartyBalancesAccordingToGroups"/>
    <link:definitionArc xlink:type="arc" xlink:arcrole="http://xbrl.org/int/dim/arcrole/domain-member" xlink:from="NoteRelatedPartiesAbstract" xlink:to="RelatedPartyBalancesAccordingToGroups" xlink:title="definition: NoteRelatedPartiesAbstract to RelatedPartyBalancesAccordingToGroups" use="optional" order="6.0"/>
    <link:loc xlink:type="locator" xlink:href="../../et-gaap-cor_2011-01-01.xsd#et-gaap_ReceivablesLiabilitiesAbstract" xlink:label="ReceivablesLiabilitiesAbstract" xlink:title="ReceivablesLiabilitiesAbstract"/>
    <link:definitionArc xlink:type="arc" xlink:arcrole="http://xbrl.org/int/dim/arcrole/domain-member" xlink:from="RelatedPartyBalancesAccordingToGroups" xlink:to="ReceivablesLiabilitiesAbstract" xlink:title="definition: RelatedPartyBalancesAccordingToGroups to ReceivablesLiabilitiesAbstract" order="1.0"/>
    <link:loc xlink:type="locator" xlink:href="../../et-gaap-cor_2011-01-01.xsd#et-gaap_RelatedPartyBalancesAccordingToGroupsReceivables" xlink:label="RelatedPartyBalancesAccordingToGroupsReceivables" xlink:title="RelatedPartyBalancesAccordingToGroupsReceivables"/>
    <link:definitionArc xlink:type="arc" xlink:arcrole="http://xbrl.org/int/dim/arcrole/domain-member" xlink:from="ReceivablesLiabilitiesAbstract" xlink:to="RelatedPartyBalancesAccordingToGroupsReceivables" xlink:title="definition: ReceivablesLiabilitiesAbstract to RelatedPartyBalancesAccordingToGroupsReceivables" use="optional" order="1.0"/>
    <link:loc xlink:type="locator" xlink:href="../../et-gaap-cor_2011-01-01.xsd#et-gaap_RelatedPartyBalancesAccordingToGroupsLiabilities" xlink:label="RelatedPartyBalancesAccordingToGroupsLiabilities" xlink:title="RelatedPartyBalancesAccordingToGroupsLiabilities"/>
    <link:definitionArc xlink:type="arc" xlink:arcrole="http://xbrl.org/int/dim/arcrole/domain-member" xlink:from="ReceivablesLiabilitiesAbstract" xlink:to="RelatedPartyBalancesAccordingToGroupsLiabilities" xlink:title="definition: ReceivablesLiabilitiesAbstract to RelatedPartyBalancesAccordingToGroupsLiabilities" use="optional" order="2.0"/>
    <link:loc xlink:type="locator" xlink:href="../../et-gaap-cor_2011-01-01.xsd#et-gaap_AllocationByRelatedPartiesHypercube" xlink:label="AllocationByRelatedPartiesHypercube" xlink:title="AllocationByRelatedPartiesHypercube"/>
    <link:definitionArc xlink:type="arc" xlink:arcrole="http://xbrl.org/int/dim/arcrole/all" xlink:from="ReceivablesLiabilitiesAbstract" xlink:to="AllocationByRelatedPartiesHypercube" xlink:title="definition: ReceivablesLiabilitiesAbstract to AllocationByRelatedPartiesHypercube" use="optional" order="3.0" p0:contextElement="scenario"/>
    <link:loc xlink:type="locator" xlink:href="../../et-gaap-cor_2011-01-01.xsd#et-gaap_RelatedPartiesDimension" xlink:label="RelatedPartiesDimension" xlink:title="RelatedPartiesDimension"/>
    <link:definitionArc xlink:type="arc" xlink:arcrole="http://xbrl.org/int/dim/arcrole/hypercube-dimension" xlink:from="AllocationByRelatedPartiesHypercube" xlink:to="RelatedPartiesDimension" xlink:title="definition: AllocationByRelatedPartiesHypercube to RelatedPartiesDimension" order="1.0"/>
    <link:loc xlink:type="locator" xlink:href="../../et-gaap-cor_2011-01-01.xsd#et-gaap_FoundersAndMembersAbstract" xlink:label="FoundersAndMembersAbstract" xlink:title="FoundersAndMembersAbstract"/>
    <link:definitionArc xlink:type="arc" xlink:arcrole="http://xbrl.org/int/dim/arcrole/dimension-domain" xlink:from="RelatedPartiesDimension" xlink:to="FoundersAndMembersAbstract" xlink:title="definition: RelatedPartiesDimension to FoundersAndMembersAbstract" order="1.0"/>
    <link:loc xlink:type="locator" xlink:href="../../et-gaap-cor_2011-01-01.xsd#et-gaap_SubsidiaryAbstract" xlink:label="SubsidiaryAbstract" xlink:title="SubsidiaryAbstract"/>
    <link:definitionArc xlink:type="arc" xlink:arcrole="http://xbrl.org/int/dim/arcrole/dimension-domain" xlink:from="RelatedPartiesDimension" xlink:to="SubsidiaryAbstract" xlink:title="definition: RelatedPartiesDimension to SubsidiaryAbstract" order="2.0"/>
    <link:loc xlink:type="locator" xlink:href="../../et-gaap-cor_2011-01-01.xsd#et-gaap_AssociateAbstract" xlink:label="AssociateAbstract" xlink:title="AssociateAbstract"/>
    <link:definitionArc xlink:type="arc" xlink:arcrole="http://xbrl.org/int/dim/arcrole/dimension-domain" xlink:from="RelatedPartiesDimension" xlink:to="AssociateAbstract" xlink:title="definition: RelatedPartiesDimension to AssociateAbstract" order="3.0"/>
    <link:loc xlink:type="locator" xlink:href="../../et-gaap-cor_2011-01-01.xsd#et-gaap_OtherEntitiesBelongingIntoSameConsolidationGroupNPOAbstract" xlink:label="OtherEntitiesBelongingIntoSameConsolidationGroupNPOAbstract" xlink:title="OtherEntitiesBelongingIntoSameConsolidationGroupNPOAbstract"/>
    <link:definitionArc xlink:type="arc" xlink:arcrole="http://xbrl.org/int/dim/arcrole/dimension-domain" xlink:from="RelatedPartiesDimension" xlink:to="OtherEntitiesBelongingIntoSameConsolidationGroupNPOAbstract" xlink:title="definition: RelatedPartiesDimension to OtherEntitiesBelongingIntoSameConsolidationGroupNPOAbstract" order="4.0"/>
    <link:loc xlink:type="locator" xlink:href="../../et-gaap-cor_2011-01-01.xsd#et-gaap_ManagementAndHigherSupervisoryBodyAndIndividualsWithMaterialOwnershipInterestAbstract" xlink:label="ManagementAndHigherSupervisoryBodyAndIndividualsWithMaterialOwnershipInterestAbstract" xlink:title="ManagementAndHigherSupervisoryBodyAndIndividualsWithMaterialOwnershipInterestAbstract"/>
    <link:definitionArc xlink:type="arc" xlink:arcrole="http://xbrl.org/int/dim/arcrole/dimension-domain" xlink:from="RelatedPartiesDimension" xlink:to="ManagementAndHigherSupervisoryBodyAndIndividualsWithMaterialOwnershipInterestAbstract" xlink:title="definition: RelatedPartiesDimension to ManagementAndHigherSupervisoryBodyAndIndividualsWithMaterialOwnershipInterestAbstract" order="5.0"/>
    <link:loc xlink:type="locator" xlink:href="../../et-gaap-cor_2011-01-01.xsd#et-gaap_LegalPersonWithMaterialOwnershipInterestAbstract" xlink:label="LegalPersonWithMaterialOwnershipInterestAbstract" xlink:title="LegalPersonWithMaterialOwnershipInterestAbstract"/>
    <link:definitionArc xlink:type="arc" xlink:arcrole="http://xbrl.org/int/dim/arcrole/dimension-domain" xlink:from="RelatedPartiesDimension" xlink:to="LegalPersonWithMaterialOwnershipInterestAbstract" xlink:title="definition: RelatedPartiesDimension to LegalPersonWithMaterialOwnershipInterestAbstract" order="6.0"/>
    <link:loc xlink:type="locator" xlink:href="../../et-gaap-cor_2011-01-01.xsd#et-gaap_CloseFamilyMembersAndEntitiesUnderTheirPrevalentAndMaterialInfluenceOfManagementAndHigherAbstract" xlink:label="CloseFamilyMembersAndEntitiesUnderTheirPrevalentAndMaterialInfluenceOfManagementAndHigherAbstract" xlink:title="CloseFamilyMembersAndEntitiesUnderTheirPrevalentAndMaterialInfluenceOfManagementAndHigherAbstract"/>
    <link:definitionArc xlink:type="arc" xlink:arcrole="http://xbrl.org/int/dim/arcrole/dimension-domain" xlink:from="RelatedPartiesDimension" xlink:to="CloseFamilyMembersAndEntitiesUnderTheirPrevalentAndMaterialInfluenceOfManagementAndHigherAbstract" xlink:title="definition: RelatedPartiesDimension to CloseFamilyMembersAndEntitiesUnderTheirPrevalentAndMaterialInfluenceOfManagementAndHigherAbstract" order="7.0"/>
    <link:loc xlink:type="locator" xlink:href="../../et-gaap-cor_2011-01-01.xsd#et-gaap_PurchasesSalesAbstract" xlink:label="PurchasesSalesAbstract" xlink:title="PurchasesSalesAbstract"/>
    <link:definitionArc xlink:type="arc" xlink:arcrole="http://xbrl.org/int/dim/arcrole/domain-member" xlink:from="RelatedPartyBalancesAccordingToGroups" xlink:to="PurchasesSalesAbstract" xlink:title="definition: RelatedPartyBalancesAccordingToGroups to PurchasesSalesAbstract" order="3.0"/>
    <link:loc xlink:type="locator" xlink:href="../../et-gaap-cor_2011-01-01.xsd#et-gaap_RelatedPartyBalancesAccordingToGroupsPurchases" xlink:label="RelatedPartyBalancesAccordingToGroupsPurchases" xlink:title="RelatedPartyBalancesAccordingToGroupsPurchases"/>
    <link:definitionArc xlink:type="arc" xlink:arcrole="http://xbrl.org/int/dim/arcrole/domain-member" xlink:from="PurchasesSalesAbstract" xlink:to="RelatedPartyBalancesAccordingToGroupsPurchases" xlink:title="definition: PurchasesSalesAbstract to RelatedPartyBalancesAccordingToGroupsPurchases" order="1.0"/>
    <link:loc xlink:type="locator" xlink:href="../../et-gaap-cor_2011-01-01.xsd#et-gaap_RelatedPartyBalancesAccordingToGroupsSales" xlink:label="RelatedPartyBalancesAccordingToGroupsSales" xlink:title="RelatedPartyBalancesAccordingToGroupsSales"/>
    <link:definitionArc xlink:type="arc" xlink:arcrole="http://xbrl.org/int/dim/arcrole/domain-member" xlink:from="PurchasesSalesAbstract" xlink:to="RelatedPartyBalancesAccordingToGroupsSales" xlink:title="definition: PurchasesSalesAbstract to RelatedPartyBalancesAccordingToGroupsSales" order="2.0"/>
    <link:loc xlink:type="locator" xlink:href="../../et-gaap-cor_2011-01-01.xsd#et-gaap_AllocationByRelatedPartiesPurchasesSalesHypercube" xlink:label="AllocationByRelatedPartiesPurchasesSalesHypercube" xlink:title="AllocationByRelatedPartiesPurchasesSalesHypercube"/>
    <link:definitionArc xlink:type="arc" xlink:arcrole="http://xbrl.org/int/dim/arcrole/all" xlink:from="PurchasesSalesAbstract" xlink:to="AllocationByRelatedPartiesPurchasesSalesHypercube" xlink:title="definition: PurchasesSalesAbstract to AllocationByRelatedPartiesPurchasesSalesHypercube" order="3.0" p0:contextElement="scenario"/>
    <link:definitionArc xlink:type="arc" xlink:arcrole="http://xbrl.org/int/dim/arcrole/hypercube-dimension" xlink:from="AllocationByRelatedPartiesPurchasesSalesHypercube" xlink:to="RelatedPartiesDimension" xlink:title="definition: AllocationByRelatedPartiesPurchasesSalesHypercube to RelatedPartiesDimension" use="optional" order="1.0"/>
    <link:loc xlink:type="locator" xlink:href="../../et-gaap-cor_2011-01-01.xsd#et-gaap_ReceivablesLiabilitiesTypedAbstract" xlink:label="ReceivablesLiabilitiesTypedAbstract" xlink:title="ReceivablesLiabilitiesTypedAbstract"/>
    <link:definitionArc xlink:type="arc" xlink:arcrole="http://xbrl.org/int/dim/arcrole/domain-member" xlink:from="RelatedPartyBalancesAccordingToGroups" xlink:to="ReceivablesLiabilitiesTypedAbstract" xlink:title="definition: RelatedPartyBalancesAccordingToGroups to ReceivablesLiabilitiesTypedAbstract" order="2.0"/>
    <link:loc xlink:type="locator" xlink:href="../../et-gaap-cor_2011-01-01.xsd#et-gaap_RelatedPartyBalancesAccordingToGroupsReceivablesLiabilities" xlink:label="RelatedPartyBalancesAccordingToGroupsReceivablesLiabilities" xlink:title="RelatedPartyBalancesAccordingToGroupsReceivablesLiabilities"/>
    <link:definitionArc xlink:type="arc" xlink:arcrole="http://xbrl.org/int/dim/arcrole/domain-member" xlink:from="ReceivablesLiabilitiesTypedAbstract" xlink:to="RelatedPartyBalancesAccordingToGroupsReceivablesLiabilities" xlink:title="definition: ReceivablesLiabilitiesTypedAbstract to RelatedPartyBalancesAccordingToGroupsReceivablesLiabilities" order="1.0"/>
    <link:loc xlink:type="locator" xlink:href="../../et-gaap-cor_2011-01-01.xsd#et-gaap_AllocationByRelatedPartiesTypedHypercube" xlink:label="AllocationByRelatedPartiesTypedHypercube" xlink:title="AllocationByRelatedPartiesTypedHypercube"/>
    <link:definitionArc xlink:type="arc" xlink:arcrole="http://xbrl.org/int/dim/arcrole/all" xlink:from="ReceivablesLiabilitiesTypedAbstract" xlink:to="AllocationByRelatedPartiesTypedHypercube" xlink:title="definition: ReceivablesLiabilitiesTypedAbstract to AllocationByRelatedPartiesTypedHypercube" order="2.0" p0:contextElement="scenario"/>
    <link:loc xlink:type="locator" xlink:href="../../et-gaap-cor_2011-01-01.xsd#et-gaap_RelatedPartiesReceivablesLiabilitiesTypedDimension" xlink:label="RelatedPartiesReceivablesLiabilitiesTypedDimension" xlink:title="RelatedPartiesReceivablesLiabilitiesTypedDimension"/>
    <link:definitionArc xlink:type="arc" xlink:arcrole="http://xbrl.org/int/dim/arcrole/hypercube-dimension" xlink:from="AllocationByRelatedPartiesTypedHypercube" xlink:to="RelatedPartiesReceivablesLiabilitiesTypedDimension" xlink:title="definition: AllocationByRelatedPartiesTypedHypercube to RelatedPartiesReceivablesLiabilitiesTypedDimension" order="1.0"/>
    <link:loc xlink:type="locator" xlink:href="../../et-gaap-cor_2011-01-01.xsd#et-gaap_RelatedPartiesReceivablesLiabilitiesDimension" xlink:label="RelatedPartiesReceivablesLiabilitiesDimension" xlink:title="RelatedPartiesReceivablesLiabilitiesDimension"/>
    <link:definitionArc xlink:type="arc" xlink:arcrole="http://xbrl.org/int/dim/arcrole/hypercube-dimension" xlink:from="AllocationByRelatedPartiesTypedHypercube" xlink:to="RelatedPartiesReceivablesLiabilitiesDimension" xlink:title="definition: AllocationByRelatedPartiesTypedHypercube to RelatedPartiesReceivablesLiabilitiesDimension" order="2.0"/>
    <link:loc xlink:type="locator" xlink:href="../../et-gaap-cor_2011-01-01.xsd#et-gaap_ReceivablesTypedAbstract" xlink:label="ReceivablesTypedAbstract" xlink:title="ReceivablesTypedAbstract"/>
    <link:definitionArc xlink:type="arc" xlink:arcrole="http://xbrl.org/int/dim/arcrole/dimension-domain" xlink:from="RelatedPartiesReceivablesLiabilitiesDimension" xlink:to="ReceivablesTypedAbstract" xlink:title="definition: RelatedPartiesReceivablesLiabilitiesDimension to ReceivablesTypedAbstract" order="1.0"/>
    <link:loc xlink:type="locator" xlink:href="../../et-gaap-cor_2011-01-01.xsd#et-gaap_LiabilitiesTypedAbstract" xlink:label="LiabilitiesTypedAbstract" xlink:title="LiabilitiesTypedAbstract"/>
    <link:definitionArc xlink:type="arc" xlink:arcrole="http://xbrl.org/int/dim/arcrole/dimension-domain" xlink:from="RelatedPartiesReceivablesLiabilitiesDimension" xlink:to="LiabilitiesTypedAbstract" xlink:title="definition: RelatedPartiesReceivablesLiabilitiesDimension to LiabilitiesTypedAbstract" order="2.0"/>
    <link:loc xlink:type="locator" xlink:href="../../et-gaap-cor_2011-01-01.xsd#et-gaap_PurchasesSalesTypedAbstract" xlink:label="PurchasesSalesTypedAbstract" xlink:title="PurchasesSalesTypedAbstract"/>
    <link:definitionArc xlink:type="arc" xlink:arcrole="http://xbrl.org/int/dim/arcrole/domain-member" xlink:from="RelatedPartyBalancesAccordingToGroups" xlink:to="PurchasesSalesTypedAbstract" xlink:title="definition: RelatedPartyBalancesAccordingToGroups to PurchasesSalesTypedAbstract" order="4.0"/>
    <link:loc xlink:type="locator" xlink:href="../../et-gaap-cor_2011-01-01.xsd#et-gaap_RelatedPartyBalancesAccordingToGroupsPurchasesSales" xlink:label="RelatedPartyBalancesAccordingToGroupsPurchasesSales" xlink:title="RelatedPartyBalancesAccordingToGroupsPurchasesSales"/>
    <link:definitionArc xlink:type="arc" xlink:arcrole="http://xbrl.org/int/dim/arcrole/domain-member" xlink:from="PurchasesSalesTypedAbstract" xlink:to="RelatedPartyBalancesAccordingToGroupsPurchasesSales" xlink:title="definition: PurchasesSalesTypedAbstract to RelatedPartyBalancesAccordingToGroupsPurchasesSales" order="1.0"/>
    <link:loc xlink:type="locator" xlink:href="../../et-gaap-cor_2011-01-01.xsd#et-gaap_AllocationByRelatedPartiesPurchasesSalesTypedHypercube" xlink:label="AllocationByRelatedPartiesPurchasesSalesTypedHypercube" xlink:title="AllocationByRelatedPartiesPurchasesSalesTypedHypercube"/>
    <link:definitionArc xlink:type="arc" xlink:arcrole="http://xbrl.org/int/dim/arcrole/all" xlink:from="PurchasesSalesTypedAbstract" xlink:to="AllocationByRelatedPartiesPurchasesSalesTypedHypercube" xlink:title="definition: PurchasesSalesTypedAbstract to AllocationByRelatedPartiesPurchasesSalesTypedHypercube" order="2.0" p0:contextElement="scenario"/>
    <link:loc xlink:type="locator" xlink:href="../../et-gaap-cor_2011-01-01.xsd#et-gaap_RelatedPartiesPurchasesSalesTypedDimension" xlink:label="RelatedPartiesPurchasesSalesTypedDimension" xlink:title="RelatedPartiesPurchasesSalesTypedDimension"/>
    <link:definitionArc xlink:type="arc" xlink:arcrole="http://xbrl.org/int/dim/arcrole/hypercube-dimension" xlink:from="AllocationByRelatedPartiesPurchasesSalesTypedHypercube" xlink:to="RelatedPartiesPurchasesSalesTypedDimension" xlink:title="definition: AllocationByRelatedPartiesPurchasesSalesTypedHypercube to RelatedPartiesPurchasesSalesTypedDimension" order="1.0"/>
    <link:loc xlink:type="locator" xlink:href="../../et-gaap-cor_2011-01-01.xsd#et-gaap_RelatedPartiesPurchasesSalesDimension" xlink:label="RelatedPartiesPurchasesSalesDimension" xlink:title="RelatedPartiesPurchasesSalesDimension"/>
    <link:definitionArc xlink:type="arc" xlink:arcrole="http://xbrl.org/int/dim/arcrole/hypercube-dimension" xlink:from="AllocationByRelatedPartiesPurchasesSalesTypedHypercube" xlink:to="RelatedPartiesPurchasesSalesDimension" xlink:title="definition: AllocationByRelatedPartiesPurchasesSalesTypedHypercube to RelatedPartiesPurchasesSalesDimension" order="2.0"/>
    <link:loc xlink:type="locator" xlink:href="../../et-gaap-cor_2011-01-01.xsd#et-gaap_PurchasesTypedAbstract" xlink:label="PurchasesTypedAbstract" xlink:title="PurchasesTypedAbstract"/>
    <link:definitionArc xlink:type="arc" xlink:arcrole="http://xbrl.org/int/dim/arcrole/dimension-domain" xlink:from="RelatedPartiesPurchasesSalesDimension" xlink:to="PurchasesTypedAbstract" xlink:title="definition: RelatedPartiesPurchasesSalesDimension to PurchasesTypedAbstract" order="1.0"/>
    <link:loc xlink:type="locator" xlink:href="../../et-gaap-cor_2011-01-01.xsd#et-gaap_SalesTypedAbstract" xlink:label="SalesTypedAbstract" xlink:title="SalesTypedAbstract"/>
    <link:definitionArc xlink:type="arc" xlink:arcrole="http://xbrl.org/int/dim/arcrole/dimension-domain" xlink:from="RelatedPartiesPurchasesSalesDimension" xlink:to="SalesTypedAbstract" xlink:title="definition: RelatedPartiesPurchasesSalesDimension to SalesTypedAbstract" order="2.0"/>
    <link:loc xlink:type="locator" xlink:href="../../et-gaap-cor_2011-01-01.xsd#et-gaap_RemunerationAndOtherSignificantBenefitsCalculatedForMembersOfManagementAndHighestSupervisoryBody" xlink:label="RemunerationAndOtherSignificantBenefitsCalculatedForMembersOfManagementAndHighestSupervisoryBody" xlink:title="RemunerationAndOtherSignificantBenefitsCalculatedForMembersOfManagementAndHighestSupervisoryBody"/>
    <link:definitionArc xlink:type="arc" xlink:arcrole="http://xbrl.org/int/dim/arcrole/domain-member" xlink:from="NoteRelatedPartiesAbstract" xlink:to="RemunerationAndOtherSignificantBenefitsCalculatedForMembersOfManagementAndHighestSupervisoryBody" xlink:title="definition: NoteRelatedPartiesAbstract to RemunerationAndOtherSignificantBenefitsCalculatedForMembersOfManagementAndHighestSupervisoryBody" use="optional" order="7.0"/>
    <link:loc xlink:type="locator" xlink:href="../../et-gaap-cor_2011-01-01.xsd#et-gaap_Remuneration" xlink:label="Remuneration" xlink:title="Remuneration"/>
    <link:definitionArc xlink:type="arc" xlink:arcrole="http://xbrl.org/int/dim/arcrole/domain-member" xlink:from="RemunerationAndOtherSignificantBenefitsCalculatedForMembersOfManagementAndHighestSupervisoryBody" xlink:to="Remuneration" xlink:title="definition: RemunerationAndOtherSignificantBenefitsCalculatedForMembersOfManagementAndHighestSupervisoryBody to Remuneration" order="1.0"/>
    <link:loc xlink:type="locator" xlink:href="../../et-gaap-cor_2011-01-01.xsd#et-gaap_NumberOfMembersByTheEndOfEconomicYearAbstract" xlink:label="NumberOfMembersByTheEndOfEconomicYearAbstract" xlink:title="NumberOfMembersByTheEndOfEconomicYearAbstract"/>
    <link:definitionArc xlink:type="arc" xlink:arcrole="http://xbrl.org/int/dim/arcrole/domain-member" xlink:from="NoteRelatedPartiesAbstract" xlink:to="NumberOfMembersByTheEndOfEconomicYearAbstract" xlink:title="definition: NoteRelatedPartiesAbstract to NumberOfMembersByTheEndOfEconomicYearAbstract" use="optional" order="5.0"/>
    <link:loc xlink:type="locator" xlink:href="../../et-gaap-cor_2011-01-01.xsd#et-gaap_NumberOfPrivatePersonMembers" xlink:label="NumberOfPrivatePersonMembers" xlink:title="NumberOfPrivatePersonMembers"/>
    <link:definitionArc xlink:type="arc" xlink:arcrole="http://xbrl.org/int/dim/arcrole/domain-member" xlink:from="NumberOfMembersByTheEndOfEconomicYearAbstract" xlink:to="NumberOfPrivatePersonMembers" xlink:title="definition: NumberOfMembersByTheEndOfEconomicYearAbstract to NumberOfPrivatePersonMembers" order="1.0"/>
    <link:loc xlink:type="locator" xlink:href="../../et-gaap-cor_2011-01-01.xsd#et-gaap_NumberOfJuridicalPersonMembers" xlink:label="NumberOfJuridicalPersonMembers" xlink:title="NumberOfJuridicalPersonMembers"/>
    <link:definitionArc xlink:type="arc" xlink:arcrole="http://xbrl.org/int/dim/arcrole/domain-member" xlink:from="NumberOfMembersByTheEndOfEconomicYearAbstract" xlink:to="NumberOfJuridicalPersonMembers" xlink:title="definition: NumberOfMembersByTheEndOfEconomicYearAbstract to NumberOfJuridicalPersonMembers" order="2.0"/>
    <link:loc xlink:type="locator" xlink:href="../../et-gaap-cor_2011-01-01.xsd#et-gaap_NoteRelatedParties" xlink:label="NoteRelatedParties" xlink:title="NoteRelatedParties"/>
    <link:definitionArc xlink:type="arc" xlink:arcrole="http://xbrl.org/int/dim/arcrole/domain-member" xlink:from="NoteRelatedPartiesAbstract" xlink:to="NoteRelatedParties" xlink:title="definition: NoteRelatedPartiesAbstract to NoteRelatedParties" use="optional" order="8.0"/>
    <link:loc xlink:type="locator" xlink:href="../../et-gaap-cor_2011-01-01.xsd#et-gaap_NameOfAccountingEntitysParentCompany" xlink:label="NameOfAccountingEntitysParentCompany" xlink:title="NameOfAccountingEntitysParentCompany"/>
    <link:definitionArc xlink:type="arc" xlink:arcrole="http://xbrl.org/int/dim/arcrole/domain-member" xlink:from="NoteRelatedPartiesAbstract" xlink:to="NameOfAccountingEntitysParentCompany" xlink:title="definition: NoteRelatedPartiesAbstract to NameOfAccountingEntitysParentCompany" order="1.0"/>
    <link:loc xlink:type="locator" xlink:href="../../et-gaap-cor_2011-01-01.xsd#et-gaap_CountryWhereAccountingEntitysParentCompanyIsRegistred" xlink:label="CountryWhereAccountingEntitysParentCompanyIsRegistred" xlink:title="CountryWhereAccountingEntitysParentCompanyIsRegistred"/>
    <link:definitionArc xlink:type="arc" xlink:arcrole="http://xbrl.org/int/dim/arcrole/domain-member" xlink:from="NoteRelatedPartiesAbstract" xlink:to="CountryWhereAccountingEntitysParentCompanyIsRegistred" xlink:title="definition: NoteRelatedPartiesAbstract to CountryWhereAccountingEntitysParentCompanyIsRegistred" order="2.0"/>
    <link:loc xlink:type="locator" xlink:href="../../et-gaap-cor_2011-01-01.xsd#et-gaap_GroupNameWhereParentCompanyBelongs" xlink:label="GroupNameWhereParentCompanyBelongs" xlink:title="GroupNameWhereParentCompanyBelongs"/>
    <link:definitionArc xlink:type="arc" xlink:arcrole="http://xbrl.org/int/dim/arcrole/domain-member" xlink:from="NoteRelatedPartiesAbstract" xlink:to="GroupNameWhereParentCompanyBelongs" xlink:title="definition: NoteRelatedPartiesAbstract to GroupNameWhereParentCompanyBelongs" order="3.0"/>
    <link:loc xlink:type="locator" xlink:href="../../et-gaap-cor_2011-01-01.xsd#et-gaap_CountryWhereGroupsParentCompanyIsRegistred" xlink:label="CountryWhereGroupsParentCompanyIsRegistred" xlink:title="CountryWhereGroupsParentCompanyIsRegistred"/>
    <link:definitionArc xlink:type="arc" xlink:arcrole="http://xbrl.org/int/dim/arcrole/domain-member" xlink:from="NoteRelatedPartiesAbstract" xlink:to="CountryWhereGroupsParentCompanyIsRegistred" xlink:title="definition: NoteRelatedPartiesAbstract to CountryWhereGroupsParentCompanyIsRegistred" order="4.0"/>
  </link:definitionLink>
</link:linkbase>
