<?xml version="1.0" encoding="UTF-8"?>
<!--
**************************************************************
et-gaap Taxonomy: 2011-01-01 (Final)

Copyright (C) 2010 Centre of Registers and Information Systems
**************************************************************
-->
<link:linkbase xmlns:xsi="http://www.w3.org/2001/XMLSchema-instance" xsi:schemaLocation="http://www.xbrl.org/2003/linkbase http://www.xbrl.org/2003/xbrl-linkbase-2003-12-31.xsd" xmlns:link="http://www.xbrl.org/2003/linkbase" xmlns:xlink="http://www.w3.org/1999/xlink" xmlns:xbrldt="http://xbrl.org/2005/xbrldt">
  <link:roleRef roleURI="http://xbrl.eesti.ee/role/et-gaap_2011-01-01/NoteRelatedParties_role-843010" xlink:type="simple" xlink:href="role-843000.xsd#NoteRelatedParties_role-843010"/>
  <link:presentationLink xlink:type="extended" xlink:role="http://xbrl.eesti.ee/role/et-gaap_2011-01-01/NoteRelatedParties_role-843010">
    <link:loc xlink:type="locator" xlink:href="../../et-gaap-cor_2011-01-01.xsd#et-gaap_NoteRelatedPartiesAbstract" xlink:label="NoteRelatedPartiesAbstract" xlink:title="NoteRelatedPartiesAbstract"/>
    <link:loc xlink:type="locator" xlink:href="../../et-gaap-cor_2011-01-01.xsd#et-gaap_RemunerationAndOtherSignificantBenefitsCalculatedForMembersOfManagementAndHighestSupervisoryBody" xlink:label="RemunerationAndOtherSignificantBenefitsCalculatedForMembersOfManagementAndHighestSupervisoryBody" xlink:title="RemunerationAndOtherSignificantBenefitsCalculatedForMembersOfManagementAndHighestSupervisoryBody"/>
    <link:presentationArc xlink:type="arc" xlink:arcrole="http://www.xbrl.org/2003/arcrole/parent-child" xlink:from="NoteRelatedPartiesAbstract" xlink:to="RemunerationAndOtherSignificantBenefitsCalculatedForMembersOfManagementAndHighestSupervisoryBody" xlink:title="presentation: NoteRelatedPartiesAbstract to RemunerationAndOtherSignificantBenefitsCalculatedForMembersOfManagementAndHighestSupervisoryBody" use="optional" order="7.0"/>
    <link:loc xlink:type="locator" xlink:href="../../et-gaap-cor_2011-01-01.xsd#et-gaap_Remuneration" xlink:label="Remuneration" xlink:title="Remuneration"/>
    <link:presentationArc xlink:type="arc" xlink:arcrole="http://www.xbrl.org/2003/arcrole/parent-child" xlink:from="RemunerationAndOtherSignificantBenefitsCalculatedForMembersOfManagementAndHighestSupervisoryBody" xlink:to="Remuneration" xlink:title="presentation: RemunerationAndOtherSignificantBenefitsCalculatedForMembersOfManagementAndHighestSupervisoryBody to Remuneration" use="optional" order="1.0"/>
    <link:loc xlink:type="locator" xlink:href="../../et-gaap-cor_2011-01-01.xsd#et-gaap_OtherSignificantBenefitsAdditionalItemTuple" xlink:label="OtherSignificantBenefitsAdditionalItemTuple" xlink:title="OtherSignificantBenefitsAdditionalItemTuple"/>
    <link:presentationArc xlink:type="arc" xlink:arcrole="http://www.xbrl.org/2003/arcrole/parent-child" xlink:from="RemunerationAndOtherSignificantBenefitsCalculatedForMembersOfManagementAndHighestSupervisoryBody" xlink:to="OtherSignificantBenefitsAdditionalItemTuple" xlink:title="presentation: RemunerationAndOtherSignificantBenefitsCalculatedForMembersOfManagementAndHighestSupervisoryBody to OtherSignificantBenefitsAdditionalItemTuple" order="2.0"/>
    <link:loc xlink:type="locator" xlink:href="../../et-gaap-cor_2011-01-01.xsd#et-gaap_OtherSignificantBenefitsAdditionalItemName" xlink:label="OtherSignificantBenefitsAdditionalItemName" xlink:title="OtherSignificantBenefitsAdditionalItemName"/>
    <link:presentationArc xlink:type="arc" xlink:arcrole="http://www.xbrl.org/2003/arcrole/parent-child" xlink:from="OtherSignificantBenefitsAdditionalItemTuple" xlink:to="OtherSignificantBenefitsAdditionalItemName" xlink:title="presentation: OtherSignificantBenefitsAdditionalItemTuple to OtherSignificantBenefitsAdditionalItemName" order="1.0"/>
    <link:loc xlink:type="locator" xlink:href="../../et-gaap-cor_2011-01-01.xsd#et-gaap_OtherSignificantBenefitsAdditionalItemValue" xlink:label="OtherSignificantBenefitsAdditionalItemValue" xlink:title="OtherSignificantBenefitsAdditionalItemValue"/>
    <link:presentationArc xlink:type="arc" xlink:arcrole="http://www.xbrl.org/2003/arcrole/parent-child" xlink:from="OtherSignificantBenefitsAdditionalItemTuple" xlink:to="OtherSignificantBenefitsAdditionalItemValue" xlink:title="presentation: OtherSignificantBenefitsAdditionalItemTuple to OtherSignificantBenefitsAdditionalItemValue" order="2.0"/>
    <link:loc xlink:type="locator" xlink:href="../../et-gaap-cor_2011-01-01.xsd#et-gaap_NoteRelatedParties" xlink:label="NoteRelatedParties" xlink:title="NoteRelatedParties"/>
    <link:presentationArc xlink:type="arc" xlink:arcrole="http://www.xbrl.org/2003/arcrole/parent-child" xlink:from="NoteRelatedPartiesAbstract" xlink:to="NoteRelatedParties" xlink:title="presentation: NoteRelatedPartiesAbstract to NoteRelatedParties" order="8.0"/>
    <link:loc xlink:type="locator" xlink:href="../../et-gaap-cor_2011-01-01.xsd#et-gaap_NumberOfMembersByTheEndOfEconomicYearAbstract" xlink:label="NumberOfMembersByTheEndOfEconomicYearAbstract" xlink:title="NumberOfMembersByTheEndOfEconomicYearAbstract"/>
    <link:presentationArc xlink:type="arc" xlink:arcrole="http://www.xbrl.org/2003/arcrole/parent-child" xlink:from="NoteRelatedPartiesAbstract" xlink:to="NumberOfMembersByTheEndOfEconomicYearAbstract" xlink:title="presentation: NoteRelatedPartiesAbstract to NumberOfMembersByTheEndOfEconomicYearAbstract" order="5.0"/>
    <link:loc xlink:type="locator" xlink:href="../../et-gaap-cor_2011-01-01.xsd#et-gaap_NumberOfPrivatePersonMembers" xlink:label="NumberOfPrivatePersonMembers" xlink:title="NumberOfPrivatePersonMembers"/>
    <link:presentationArc xlink:type="arc" xlink:arcrole="http://www.xbrl.org/2003/arcrole/parent-child" xlink:from="NumberOfMembersByTheEndOfEconomicYearAbstract" xlink:to="NumberOfPrivatePersonMembers" xlink:title="presentation: NumberOfMembersByTheEndOfEconomicYearAbstract to NumberOfPrivatePersonMembers" order="1.0"/>
    <link:loc xlink:type="locator" xlink:href="../../et-gaap-cor_2011-01-01.xsd#et-gaap_NumberOfJuridicalPersonMembers" xlink:label="NumberOfJuridicalPersonMembers" xlink:title="NumberOfJuridicalPersonMembers"/>
    <link:presentationArc xlink:type="arc" xlink:arcrole="http://www.xbrl.org/2003/arcrole/parent-child" xlink:from="NumberOfMembersByTheEndOfEconomicYearAbstract" xlink:to="NumberOfJuridicalPersonMembers" xlink:title="presentation: NumberOfMembersByTheEndOfEconomicYearAbstract to NumberOfJuridicalPersonMembers" order="2.0"/>
    <link:loc xlink:type="locator" xlink:href="../../et-gaap-cor_2011-01-01.xsd#et-gaap_RelatedPartyBalancesAccordingToGroups" xlink:label="RelatedPartyBalancesAccordingToGroups" xlink:title="RelatedPartyBalancesAccordingToGroups"/>
    <link:presentationArc xlink:type="arc" xlink:arcrole="http://www.xbrl.org/2003/arcrole/parent-child" xlink:from="NoteRelatedPartiesAbstract" xlink:to="RelatedPartyBalancesAccordingToGroups" xlink:title="presentation: NoteRelatedPartiesAbstract to RelatedPartyBalancesAccordingToGroups" use="optional" order="6.0"/>
    <link:loc xlink:type="locator" xlink:href="../../et-gaap-cor_2011-01-01.xsd#et-gaap_ReceivablesLiabilitiesAbstract" xlink:label="ReceivablesLiabilitiesAbstract" xlink:title="ReceivablesLiabilitiesAbstract"/>
    <link:presentationArc xlink:type="arc" xlink:arcrole="http://www.xbrl.org/2003/arcrole/parent-child" xlink:from="RelatedPartyBalancesAccordingToGroups" xlink:to="ReceivablesLiabilitiesAbstract" xlink:title="presentation: RelatedPartyBalancesAccordingToGroups to ReceivablesLiabilitiesAbstract" use="optional" order="1.0"/>
    <link:loc xlink:type="locator" xlink:href="../../et-gaap-cor_2011-01-01.xsd#et-gaap_RelatedPartyBalancesAccordingToGroupsReceivables" xlink:label="RelatedPartyBalancesAccordingToGroupsReceivables" xlink:title="RelatedPartyBalancesAccordingToGroupsReceivables"/>
    <link:presentationArc xlink:type="arc" xlink:arcrole="http://www.xbrl.org/2003/arcrole/parent-child" xlink:from="ReceivablesLiabilitiesAbstract" xlink:to="RelatedPartyBalancesAccordingToGroupsReceivables" xlink:title="presentation: ReceivablesLiabilitiesAbstract to RelatedPartyBalancesAccordingToGroupsReceivables" use="optional" order="1.0"/>
    <link:loc xlink:type="locator" xlink:href="../../et-gaap-cor_2011-01-01.xsd#et-gaap_RelatedPartyBalancesAccordingToGroupsLiabilities" xlink:label="RelatedPartyBalancesAccordingToGroupsLiabilities" xlink:title="RelatedPartyBalancesAccordingToGroupsLiabilities"/>
    <link:presentationArc xlink:type="arc" xlink:arcrole="http://www.xbrl.org/2003/arcrole/parent-child" xlink:from="ReceivablesLiabilitiesAbstract" xlink:to="RelatedPartyBalancesAccordingToGroupsLiabilities" xlink:title="presentation: ReceivablesLiabilitiesAbstract to RelatedPartyBalancesAccordingToGroupsLiabilities" use="optional" order="2.0"/>
    <link:loc xlink:type="locator" xlink:href="../../et-gaap-cor_2011-01-01.xsd#et-gaap_AllocationByRelatedPartiesHypercube" xlink:label="AllocationByRelatedPartiesHypercube" xlink:title="AllocationByRelatedPartiesHypercube"/>
    <link:presentationArc xlink:type="arc" xlink:arcrole="http://www.xbrl.org/2003/arcrole/parent-child" xlink:from="ReceivablesLiabilitiesAbstract" xlink:to="AllocationByRelatedPartiesHypercube" xlink:title="presentation: ReceivablesLiabilitiesAbstract to AllocationByRelatedPartiesHypercube" use="optional" order="3.0" xbrldt:contextElement="scenario"/>
    <link:loc xlink:type="locator" xlink:href="../../et-gaap-cor_2011-01-01.xsd#et-gaap_RelatedPartiesDimension" xlink:label="RelatedPartiesDimension" xlink:title="RelatedPartiesDimension"/>
    <link:presentationArc xlink:type="arc" xlink:arcrole="http://www.xbrl.org/2003/arcrole/parent-child" xlink:from="AllocationByRelatedPartiesHypercube" xlink:to="RelatedPartiesDimension" xlink:title="presentation: AllocationByRelatedPartiesHypercube to RelatedPartiesDimension" use="optional" order="1.0"/>
    <link:loc xlink:type="locator" xlink:href="../../et-gaap-cor_2011-01-01.xsd#et-gaap_FoundersAndMembersAbstract" xlink:label="FoundersAndMembersAbstract" xlink:title="FoundersAndMembersAbstract"/>
    <link:presentationArc xlink:type="arc" xlink:arcrole="http://www.xbrl.org/2003/arcrole/parent-child" xlink:from="RelatedPartiesDimension" xlink:to="FoundersAndMembersAbstract" xlink:title="presentation: RelatedPartiesDimension to FoundersAndMembersAbstract" use="optional" order="1.0"/>
    <link:loc xlink:type="locator" xlink:href="../../et-gaap-cor_2011-01-01.xsd#et-gaap_SubsidiaryAbstract" xlink:label="SubsidiaryAbstract" xlink:title="SubsidiaryAbstract"/>
    <link:presentationArc xlink:type="arc" xlink:arcrole="http://www.xbrl.org/2003/arcrole/parent-child" xlink:from="RelatedPartiesDimension" xlink:to="SubsidiaryAbstract" xlink:title="presentation: RelatedPartiesDimension to SubsidiaryAbstract" use="optional" order="2.0"/>
    <link:loc xlink:type="locator" xlink:href="../../et-gaap-cor_2011-01-01.xsd#et-gaap_AssociateAbstract" xlink:label="AssociateAbstract" xlink:title="AssociateAbstract"/>
    <link:presentationArc xlink:type="arc" xlink:arcrole="http://www.xbrl.org/2003/arcrole/parent-child" xlink:from="RelatedPartiesDimension" xlink:to="AssociateAbstract" xlink:title="presentation: RelatedPartiesDimension to AssociateAbstract" use="optional" order="3.0"/>
    <link:loc xlink:type="locator" xlink:href="../../et-gaap-cor_2011-01-01.xsd#et-gaap_OtherEntitiesBelongingIntoSameConsolidationGroupNPOAbstract" xlink:label="OtherEntitiesBelongingIntoSameConsolidationGroupNPOAbstract" xlink:title="OtherEntitiesBelongingIntoSameConsolidationGroupNPOAbstract"/>
    <link:presentationArc xlink:type="arc" xlink:arcrole="http://www.xbrl.org/2003/arcrole/parent-child" xlink:from="RelatedPartiesDimension" xlink:to="OtherEntitiesBelongingIntoSameConsolidationGroupNPOAbstract" xlink:title="presentation: RelatedPartiesDimension to OtherEntitiesBelongingIntoSameConsolidationGroupNPOAbstract" use="optional" order="4.0"/>
    <link:loc xlink:type="locator" xlink:href="../../et-gaap-cor_2011-01-01.xsd#et-gaap_ManagementAndHigherSupervisoryBodyAndIndividualsWithMaterialOwnershipInterestAbstract" xlink:label="ManagementAndHigherSupervisoryBodyAndIndividualsWithMaterialOwnershipInterestAbstract" xlink:title="ManagementAndHigherSupervisoryBodyAndIndividualsWithMaterialOwnershipInterestAbstract"/>
    <link:presentationArc xlink:type="arc" xlink:arcrole="http://www.xbrl.org/2003/arcrole/parent-child" xlink:from="RelatedPartiesDimension" xlink:to="ManagementAndHigherSupervisoryBodyAndIndividualsWithMaterialOwnershipInterestAbstract" xlink:title="presentation: RelatedPartiesDimension to ManagementAndHigherSupervisoryBodyAndIndividualsWithMaterialOwnershipInterestAbstract" use="optional" order="5.0"/>
    <link:loc xlink:type="locator" xlink:href="../../et-gaap-cor_2011-01-01.xsd#et-gaap_LegalPersonWithMaterialOwnershipInterestAbstract" xlink:label="LegalPersonWithMaterialOwnershipInterestAbstract" xlink:title="LegalPersonWithMaterialOwnershipInterestAbstract"/>
    <link:presentationArc xlink:type="arc" xlink:arcrole="http://www.xbrl.org/2003/arcrole/parent-child" xlink:from="RelatedPartiesDimension" xlink:to="LegalPersonWithMaterialOwnershipInterestAbstract" xlink:title="presentation: RelatedPartiesDimension to LegalPersonWithMaterialOwnershipInterestAbstract" use="optional" order="6.0"/>
    <link:loc xlink:type="locator" xlink:href="../../et-gaap-cor_2011-01-01.xsd#et-gaap_CloseFamilyMembersAndEntitiesUnderTheirPrevalentAndMaterialInfluenceOfManagementAndHigherAbstract" xlink:label="CloseFamilyMembersAndEntitiesUnderTheirPrevalentAndMaterialInfluenceOfManagementAndHigherAbstract" xlink:title="CloseFamilyMembersAndEntitiesUnderTheirPrevalentAndMaterialInfluenceOfManagementAndHigherAbstract"/>
    <link:presentationArc xlink:type="arc" xlink:arcrole="http://www.xbrl.org/2003/arcrole/parent-child" xlink:from="RelatedPartiesDimension" xlink:to="CloseFamilyMembersAndEntitiesUnderTheirPrevalentAndMaterialInfluenceOfManagementAndHigherAbstract" xlink:title="presentation: RelatedPartiesDimension to CloseFamilyMembersAndEntitiesUnderTheirPrevalentAndMaterialInfluenceOfManagementAndHigherAbstract" use="optional" order="7.0"/>
    <link:loc xlink:type="locator" xlink:href="../../et-gaap-cor_2011-01-01.xsd#et-gaap_PurchasesSalesAbstract" xlink:label="PurchasesSalesAbstract" xlink:title="PurchasesSalesAbstract"/>
    <link:presentationArc xlink:type="arc" xlink:arcrole="http://www.xbrl.org/2003/arcrole/parent-child" xlink:from="RelatedPartyBalancesAccordingToGroups" xlink:to="PurchasesSalesAbstract" xlink:title="presentation: RelatedPartyBalancesAccordingToGroups to PurchasesSalesAbstract" use="optional" order="3.0"/>
    <link:loc xlink:type="locator" xlink:href="../../et-gaap-cor_2011-01-01.xsd#et-gaap_RelatedPartyBalancesAccordingToGroupsPurchases" xlink:label="RelatedPartyBalancesAccordingToGroupsPurchases" xlink:title="RelatedPartyBalancesAccordingToGroupsPurchases"/>
    <link:presentationArc xlink:type="arc" xlink:arcrole="http://www.xbrl.org/2003/arcrole/parent-child" xlink:from="PurchasesSalesAbstract" xlink:to="RelatedPartyBalancesAccordingToGroupsPurchases" xlink:title="presentation: PurchasesSalesAbstract to RelatedPartyBalancesAccordingToGroupsPurchases" use="optional" order="1.0"/>
    <link:loc xlink:type="locator" xlink:href="../../et-gaap-cor_2011-01-01.xsd#et-gaap_RelatedPartyBalancesAccordingToGroupsSales" xlink:label="RelatedPartyBalancesAccordingToGroupsSales" xlink:title="RelatedPartyBalancesAccordingToGroupsSales"/>
    <link:presentationArc xlink:type="arc" xlink:arcrole="http://www.xbrl.org/2003/arcrole/parent-child" xlink:from="PurchasesSalesAbstract" xlink:to="RelatedPartyBalancesAccordingToGroupsSales" xlink:title="presentation: PurchasesSalesAbstract to RelatedPartyBalancesAccordingToGroupsSales" use="optional" order="2.0"/>
    <link:loc xlink:type="locator" xlink:href="../../et-gaap-cor_2011-01-01.xsd#et-gaap_AllocationByRelatedPartiesPurchasesSalesHypercube" xlink:label="AllocationByRelatedPartiesPurchasesSalesHypercube" xlink:title="AllocationByRelatedPartiesPurchasesSalesHypercube"/>
    <link:presentationArc xlink:type="arc" xlink:arcrole="http://www.xbrl.org/2003/arcrole/parent-child" xlink:from="PurchasesSalesAbstract" xlink:to="AllocationByRelatedPartiesPurchasesSalesHypercube" xlink:title="presentation: PurchasesSalesAbstract to AllocationByRelatedPartiesPurchasesSalesHypercube" use="optional" order="3.0" xbrldt:contextElement="scenario"/>
    <link:presentationArc xlink:type="arc" xlink:arcrole="http://www.xbrl.org/2003/arcrole/parent-child" xlink:from="AllocationByRelatedPartiesPurchasesSalesHypercube" xlink:to="RelatedPartiesDimension" xlink:title="presentation: AllocationByRelatedPartiesPurchasesSalesHypercube to RelatedPartiesDimension" use="optional" order="1.0"/>
    <link:loc xlink:type="locator" xlink:href="../../et-gaap-cor_2011-01-01.xsd#et-gaap_ReceivablesLiabilitiesTypedAbstract" xlink:label="ReceivablesLiabilitiesTypedAbstract" xlink:title="ReceivablesLiabilitiesTypedAbstract"/>
    <link:presentationArc xlink:type="arc" xlink:arcrole="http://www.xbrl.org/2003/arcrole/parent-child" xlink:from="RelatedPartyBalancesAccordingToGroups" xlink:to="ReceivablesLiabilitiesTypedAbstract" xlink:title="presentation: RelatedPartyBalancesAccordingToGroups to ReceivablesLiabilitiesTypedAbstract" use="optional" order="2.0"/>
    <link:loc xlink:type="locator" xlink:href="../../et-gaap-cor_2011-01-01.xsd#et-gaap_RelatedPartyBalancesAccordingToGroupsReceivablesLiabilities" xlink:label="RelatedPartyBalancesAccordingToGroupsReceivablesLiabilities" xlink:title="RelatedPartyBalancesAccordingToGroupsReceivablesLiabilities"/>
    <link:presentationArc xlink:type="arc" xlink:arcrole="http://www.xbrl.org/2003/arcrole/parent-child" xlink:from="ReceivablesLiabilitiesTypedAbstract" xlink:to="RelatedPartyBalancesAccordingToGroupsReceivablesLiabilities" xlink:title="presentation: ReceivablesLiabilitiesTypedAbstract to RelatedPartyBalancesAccordingToGroupsReceivablesLiabilities" use="optional" order="1.0"/>
    <link:loc xlink:type="locator" xlink:href="../../et-gaap-cor_2011-01-01.xsd#et-gaap_AllocationByRelatedPartiesTypedHypercube" xlink:label="AllocationByRelatedPartiesTypedHypercube" xlink:title="AllocationByRelatedPartiesTypedHypercube"/>
    <link:presentationArc xlink:type="arc" xlink:arcrole="http://www.xbrl.org/2003/arcrole/parent-child" xlink:from="ReceivablesLiabilitiesTypedAbstract" xlink:to="AllocationByRelatedPartiesTypedHypercube" xlink:title="presentation: ReceivablesLiabilitiesTypedAbstract to AllocationByRelatedPartiesTypedHypercube" use="optional" order="2.0" xbrldt:contextElement="scenario"/>
    <link:loc xlink:type="locator" xlink:href="../../et-gaap-cor_2011-01-01.xsd#et-gaap_RelatedPartiesReceivablesLiabilitiesTypedDimension" xlink:label="RelatedPartiesReceivablesLiabilitiesTypedDimension" xlink:title="RelatedPartiesReceivablesLiabilitiesTypedDimension"/>
    <link:presentationArc xlink:type="arc" xlink:arcrole="http://www.xbrl.org/2003/arcrole/parent-child" xlink:from="AllocationByRelatedPartiesTypedHypercube" xlink:to="RelatedPartiesReceivablesLiabilitiesTypedDimension" xlink:title="presentation: AllocationByRelatedPartiesTypedHypercube to RelatedPartiesReceivablesLiabilitiesTypedDimension" use="optional" order="1.0"/>
    <link:loc xlink:type="locator" xlink:href="../../et-gaap-cor_2011-01-01.xsd#et-gaap_RelatedPartiesReceivablesLiabilitiesDimension" xlink:label="RelatedPartiesReceivablesLiabilitiesDimension" xlink:title="RelatedPartiesReceivablesLiabilitiesDimension"/>
    <link:presentationArc xlink:type="arc" xlink:arcrole="http://www.xbrl.org/2003/arcrole/parent-child" xlink:from="AllocationByRelatedPartiesTypedHypercube" xlink:to="RelatedPartiesReceivablesLiabilitiesDimension" xlink:title="presentation: AllocationByRelatedPartiesTypedHypercube to RelatedPartiesReceivablesLiabilitiesDimension" use="optional" order="2.0"/>
    <link:loc xlink:type="locator" xlink:href="../../et-gaap-cor_2011-01-01.xsd#et-gaap_ReceivablesTypedAbstract" xlink:label="ReceivablesTypedAbstract" xlink:title="ReceivablesTypedAbstract"/>
    <link:presentationArc xlink:type="arc" xlink:arcrole="http://www.xbrl.org/2003/arcrole/parent-child" xlink:from="RelatedPartiesReceivablesLiabilitiesDimension" xlink:to="ReceivablesTypedAbstract" xlink:title="presentation: RelatedPartiesReceivablesLiabilitiesDimension to ReceivablesTypedAbstract" use="optional" order="1.0"/>
    <link:loc xlink:type="locator" xlink:href="../../et-gaap-cor_2011-01-01.xsd#et-gaap_LiabilitiesTypedAbstract" xlink:label="LiabilitiesTypedAbstract" xlink:title="LiabilitiesTypedAbstract"/>
    <link:presentationArc xlink:type="arc" xlink:arcrole="http://www.xbrl.org/2003/arcrole/parent-child" xlink:from="RelatedPartiesReceivablesLiabilitiesDimension" xlink:to="LiabilitiesTypedAbstract" xlink:title="presentation: RelatedPartiesReceivablesLiabilitiesDimension to LiabilitiesTypedAbstract" use="optional" order="2.0"/>
    <link:loc xlink:type="locator" xlink:href="../../et-gaap-cor_2011-01-01.xsd#et-gaap_PurchasesSalesTypedAbstract" xlink:label="PurchasesSalesTypedAbstract" xlink:title="PurchasesSalesTypedAbstract"/>
    <link:presentationArc xlink:type="arc" xlink:arcrole="http://www.xbrl.org/2003/arcrole/parent-child" xlink:from="RelatedPartyBalancesAccordingToGroups" xlink:to="PurchasesSalesTypedAbstract" xlink:title="presentation: RelatedPartyBalancesAccordingToGroups to PurchasesSalesTypedAbstract" use="optional" order="4.0"/>
    <link:loc xlink:type="locator" xlink:href="../../et-gaap-cor_2011-01-01.xsd#et-gaap_RelatedPartyBalancesAccordingToGroupsPurchasesSales" xlink:label="RelatedPartyBalancesAccordingToGroupsPurchasesSales" xlink:title="RelatedPartyBalancesAccordingToGroupsPurchasesSales"/>
    <link:presentationArc xlink:type="arc" xlink:arcrole="http://www.xbrl.org/2003/arcrole/parent-child" xlink:from="PurchasesSalesTypedAbstract" xlink:to="RelatedPartyBalancesAccordingToGroupsPurchasesSales" xlink:title="presentation: PurchasesSalesTypedAbstract to RelatedPartyBalancesAccordingToGroupsPurchasesSales" use="optional" order="1.0"/>
    <link:loc xlink:type="locator" xlink:href="../../et-gaap-cor_2011-01-01.xsd#et-gaap_AllocationByRelatedPartiesPurchasesSalesTypedHypercube" xlink:label="AllocationByRelatedPartiesPurchasesSalesTypedHypercube" xlink:title="AllocationByRelatedPartiesPurchasesSalesTypedHypercube"/>
    <link:presentationArc xlink:type="arc" xlink:arcrole="http://www.xbrl.org/2003/arcrole/parent-child" xlink:from="PurchasesSalesTypedAbstract" xlink:to="AllocationByRelatedPartiesPurchasesSalesTypedHypercube" xlink:title="presentation: PurchasesSalesTypedAbstract to AllocationByRelatedPartiesPurchasesSalesTypedHypercube" use="optional" order="2.0" xbrldt:contextElement="scenario"/>
    <link:loc xlink:type="locator" xlink:href="../../et-gaap-cor_2011-01-01.xsd#et-gaap_RelatedPartiesPurchasesSalesTypedDimension" xlink:label="RelatedPartiesPurchasesSalesTypedDimension" xlink:title="RelatedPartiesPurchasesSalesTypedDimension"/>
    <link:presentationArc xlink:type="arc" xlink:arcrole="http://www.xbrl.org/2003/arcrole/parent-child" xlink:from="AllocationByRelatedPartiesPurchasesSalesTypedHypercube" xlink:to="RelatedPartiesPurchasesSalesTypedDimension" xlink:title="presentation: AllocationByRelatedPartiesPurchasesSalesTypedHypercube to RelatedPartiesPurchasesSalesTypedDimension" use="optional" order="1.0"/>
    <link:loc xlink:type="locator" xlink:href="../../et-gaap-cor_2011-01-01.xsd#et-gaap_RelatedPartiesPurchasesSalesDimension" xlink:label="RelatedPartiesPurchasesSalesDimension" xlink:title="RelatedPartiesPurchasesSalesDimension"/>
    <link:presentationArc xlink:type="arc" xlink:arcrole="http://www.xbrl.org/2003/arcrole/parent-child" xlink:from="AllocationByRelatedPartiesPurchasesSalesTypedHypercube" xlink:to="RelatedPartiesPurchasesSalesDimension" xlink:title="presentation: AllocationByRelatedPartiesPurchasesSalesTypedHypercube to RelatedPartiesPurchasesSalesDimension" use="optional" order="2.0"/>
    <link:loc xlink:type="locator" xlink:href="../../et-gaap-cor_2011-01-01.xsd#et-gaap_PurchasesTypedAbstract" xlink:label="PurchasesTypedAbstract" xlink:title="PurchasesTypedAbstract"/>
    <link:presentationArc xlink:type="arc" xlink:arcrole="http://www.xbrl.org/2003/arcrole/parent-child" xlink:from="RelatedPartiesPurchasesSalesDimension" xlink:to="PurchasesTypedAbstract" xlink:title="presentation: RelatedPartiesPurchasesSalesDimension to PurchasesTypedAbstract" use="optional" order="1.0"/>
    <link:loc xlink:type="locator" xlink:href="../../et-gaap-cor_2011-01-01.xsd#et-gaap_SalesTypedAbstract" xlink:label="SalesTypedAbstract" xlink:title="SalesTypedAbstract"/>
    <link:presentationArc xlink:type="arc" xlink:arcrole="http://www.xbrl.org/2003/arcrole/parent-child" xlink:from="RelatedPartiesPurchasesSalesDimension" xlink:to="SalesTypedAbstract" xlink:title="presentation: RelatedPartiesPurchasesSalesDimension to SalesTypedAbstract" use="optional" order="2.0"/>
    <link:loc xlink:type="locator" xlink:href="../../et-gaap-cor_2011-01-01.xsd#et-gaap_NameOfAccountingEntitysParentCompany" xlink:label="NameOfAccountingEntitysParentCompany" xlink:title="NameOfAccountingEntitysParentCompany"/>
    <link:presentationArc xlink:type="arc" xlink:arcrole="http://www.xbrl.org/2003/arcrole/parent-child" xlink:from="NoteRelatedPartiesAbstract" xlink:to="NameOfAccountingEntitysParentCompany" xlink:title="presentation: NoteRelatedPartiesAbstract to NameOfAccountingEntitysParentCompany" order="1.0"/>
    <link:loc xlink:type="locator" xlink:href="../../et-gaap-cor_2011-01-01.xsd#et-gaap_CountryWhereAccountingEntitysParentCompanyIsRegistred" xlink:label="CountryWhereAccountingEntitysParentCompanyIsRegistred" xlink:title="CountryWhereAccountingEntitysParentCompanyIsRegistred"/>
    <link:presentationArc xlink:type="arc" xlink:arcrole="http://www.xbrl.org/2003/arcrole/parent-child" xlink:from="NoteRelatedPartiesAbstract" xlink:to="CountryWhereAccountingEntitysParentCompanyIsRegistred" xlink:title="presentation: NoteRelatedPartiesAbstract to CountryWhereAccountingEntitysParentCompanyIsRegistred" order="2.0"/>
    <link:loc xlink:type="locator" xlink:href="../../et-gaap-cor_2011-01-01.xsd#et-gaap_GroupNameWhereParentCompanyBelongs" xlink:label="GroupNameWhereParentCompanyBelongs" xlink:title="GroupNameWhereParentCompanyBelongs"/>
    <link:presentationArc xlink:type="arc" xlink:arcrole="http://www.xbrl.org/2003/arcrole/parent-child" xlink:from="NoteRelatedPartiesAbstract" xlink:to="GroupNameWhereParentCompanyBelongs" xlink:title="presentation: NoteRelatedPartiesAbstract to GroupNameWhereParentCompanyBelongs" order="3.0"/>
    <link:loc xlink:type="locator" xlink:href="../../et-gaap-cor_2011-01-01.xsd#et-gaap_CountryWhereGroupsParentCompanyIsRegistred" xlink:label="CountryWhereGroupsParentCompanyIsRegistred" xlink:title="CountryWhereGroupsParentCompanyIsRegistred"/>
    <link:presentationArc xlink:type="arc" xlink:arcrole="http://www.xbrl.org/2003/arcrole/parent-child" xlink:from="NoteRelatedPartiesAbstract" xlink:to="CountryWhereGroupsParentCompanyIsRegistred" xlink:title="presentation: NoteRelatedPartiesAbstract to CountryWhereGroupsParentCompanyIsRegistred" order="4.0"/>
  </link:presentationLink>
</link:linkbase>
