<?xml version="1.0" encoding="UTF-8"?>
<!--
**************************************************************
et-gaap Taxonomy: 2011-01-01 (Final)

Copyright (C) 2010 Centre of Registers and Information Systems
**************************************************************
-->
<link:linkbase xmlns:xsi="http://www.w3.org/2001/XMLSchema-instance" xsi:schemaLocation="http://www.xbrl.org/2003/linkbase http://www.xbrl.org/2003/xbrl-linkbase-2003-12-31.xsd" xmlns:link="http://www.xbrl.org/2003/linkbase" xmlns:xlink="http://www.w3.org/1999/xlink" xmlns:p0="http://xbrl.org/2005/xbrldt">
  <link:roleRef roleURI="http://xbrl.eesti.ee/role/et-gaap_2011-01-01/NoteBiologicalAssetsFullDimensionalBreakdown_role-817100" xlink:type="simple" xlink:href="role-817000.xsd#NoteBiologicalAssetsFullDimensionalBreakdown_role-817100"/>
  <link:calculationLink xlink:type="extended" xlink:role="http://xbrl.eesti.ee/role/et-gaap_2011-01-01/NoteBiologicalAssetsFullDimensionalBreakdown_role-817100">
    <link:loc xlink:type="locator" xlink:href="../../et-gaap-cor_2011-01-01.xsd#et-gaap_BiologicalAssetsCostMethodFixedAssetsAtEndOfPeriodResidualCost" xlink:label="BiologicalAssetsCostMethodFixedAssetsAtEndOfPeriodResidualCost" xlink:title="BiologicalAssetsCostMethodFixedAssetsAtEndOfPeriodResidualCost"/>
    <link:loc xlink:type="locator" xlink:href="../../et-gaap-cor_2011-01-01.xsd#et-gaap_BiologicalAssetsCostMethodFixedAssetsAtEndOfPreviousPeriodResidualCost" xlink:label="BiologicalAssetsCostMethodFixedAssetsAtEndOfPreviousPeriodResidualCost" xlink:title="BiologicalAssetsCostMethodFixedAssetsAtEndOfPreviousPeriodResidualCost"/>
    <link:calculationArc xlink:type="arc" xlink:arcrole="http://www.xbrl.org/2003/arcrole/summation-item" xlink:from="BiologicalAssetsCostMethodFixedAssetsAtEndOfPeriodResidualCost" xlink:to="BiologicalAssetsCostMethodFixedAssetsAtEndOfPreviousPeriodResidualCost" xlink:title="calculation: BiologicalAssetsCostMethodFixedAssetsAtEndOfPeriodResidualCost to BiologicalAssetsCostMethodFixedAssetsAtEndOfPreviousPeriodResidualCost" order="1.0" weight="1.0"/>
    <link:loc xlink:type="locator" xlink:href="../../et-gaap-cor_2011-01-01.xsd#et-gaap_BiologicalAssetsCostMethodFixedAssetsIncreaseOfValueDueToAcquisition" xlink:label="BiologicalAssetsCostMethodFixedAssetsIncreaseOfValueDueToAcquisition" xlink:title="BiologicalAssetsCostMethodFixedAssetsIncreaseOfValueDueToAcquisition"/>
    <link:calculationArc xlink:type="arc" xlink:arcrole="http://www.xbrl.org/2003/arcrole/summation-item" xlink:from="BiologicalAssetsCostMethodFixedAssetsAtEndOfPeriodResidualCost" xlink:to="BiologicalAssetsCostMethodFixedAssetsIncreaseOfValueDueToAcquisition" xlink:title="calculation: BiologicalAssetsCostMethodFixedAssetsAtEndOfPeriodResidualCost to BiologicalAssetsCostMethodFixedAssetsIncreaseOfValueDueToAcquisition" use="optional" order="2.0" weight="1.0"/>
    <link:loc xlink:type="locator" xlink:href="../../et-gaap-cor_2011-01-01.xsd#et-gaap_BiologicalAssetsCostMethodFixedAssetsDecreaseOfValueDueToDisposal" xlink:label="BiologicalAssetsCostMethodFixedAssetsDecreaseOfValueDueToDisposal" xlink:title="BiologicalAssetsCostMethodFixedAssetsDecreaseOfValueDueToDisposal"/>
    <link:calculationArc xlink:type="arc" xlink:arcrole="http://www.xbrl.org/2003/arcrole/summation-item" xlink:from="BiologicalAssetsCostMethodFixedAssetsAtEndOfPeriodResidualCost" xlink:to="BiologicalAssetsCostMethodFixedAssetsDecreaseOfValueDueToDisposal" xlink:title="calculation: BiologicalAssetsCostMethodFixedAssetsAtEndOfPeriodResidualCost to BiologicalAssetsCostMethodFixedAssetsDecreaseOfValueDueToDisposal" use="optional" order="3.0" weight="1.0"/>
    <link:loc xlink:type="locator" xlink:href="../../et-gaap-cor_2011-01-01.xsd#et-gaap_BiologicalAssetsCostMethodFixedAssetsDecreaseOfValueDueToProductionOfAgriculturalProducts" xlink:label="BiologicalAssetsCostMethodFixedAssetsDecreaseOfValueDueToProductionOfAgriculturalProducts" xlink:title="BiologicalAssetsCostMethodFixedAssetsDecreaseOfValueDueToProductionOfAgriculturalProducts"/>
    <link:calculationArc xlink:type="arc" xlink:arcrole="http://www.xbrl.org/2003/arcrole/summation-item" xlink:from="BiologicalAssetsCostMethodFixedAssetsAtEndOfPeriodResidualCost" xlink:to="BiologicalAssetsCostMethodFixedAssetsDecreaseOfValueDueToProductionOfAgriculturalProducts" xlink:title="calculation: BiologicalAssetsCostMethodFixedAssetsAtEndOfPeriodResidualCost to BiologicalAssetsCostMethodFixedAssetsDecreaseOfValueDueToProductionOfAgriculturalProducts" use="optional" order="4.0" weight="1.0"/>
    <link:loc xlink:type="locator" xlink:href="../../et-gaap-cor_2011-01-01.xsd#et-gaap_BiologicalAssetsCostMethodFixedAssetsAdditionsViaBusinessCombinations" xlink:label="BiologicalAssetsCostMethodFixedAssetsAdditionsViaBusinessCombinations" xlink:title="BiologicalAssetsCostMethodFixedAssetsAdditionsViaBusinessCombinations"/>
    <link:calculationArc xlink:type="arc" xlink:arcrole="http://www.xbrl.org/2003/arcrole/summation-item" xlink:from="BiologicalAssetsCostMethodFixedAssetsAtEndOfPeriodResidualCost" xlink:to="BiologicalAssetsCostMethodFixedAssetsAdditionsViaBusinessCombinations" xlink:title="calculation: BiologicalAssetsCostMethodFixedAssetsAtEndOfPeriodResidualCost to BiologicalAssetsCostMethodFixedAssetsAdditionsViaBusinessCombinations" use="optional" order="6.0" weight="1.0"/>
    <link:loc xlink:type="locator" xlink:href="../../et-gaap-cor_2011-01-01.xsd#et-gaap_BiologicalAssetsCostMethodFixedAssetsDepreciation" xlink:label="BiologicalAssetsCostMethodFixedAssetsDepreciation" xlink:title="BiologicalAssetsCostMethodFixedAssetsDepreciation"/>
    <link:calculationArc xlink:type="arc" xlink:arcrole="http://www.xbrl.org/2003/arcrole/summation-item" xlink:from="BiologicalAssetsCostMethodFixedAssetsAtEndOfPeriodResidualCost" xlink:to="BiologicalAssetsCostMethodFixedAssetsDepreciation" xlink:title="calculation: BiologicalAssetsCostMethodFixedAssetsAtEndOfPeriodResidualCost to BiologicalAssetsCostMethodFixedAssetsDepreciation" use="optional" order="7.0" weight="1.0"/>
    <link:loc xlink:type="locator" xlink:href="../../et-gaap-cor_2011-01-01.xsd#et-gaap_BiologicalAssetsCostMethodFixedAssetsImpairmentLoss" xlink:label="BiologicalAssetsCostMethodFixedAssetsImpairmentLoss" xlink:title="BiologicalAssetsCostMethodFixedAssetsImpairmentLoss"/>
    <link:calculationArc xlink:type="arc" xlink:arcrole="http://www.xbrl.org/2003/arcrole/summation-item" xlink:from="BiologicalAssetsCostMethodFixedAssetsAtEndOfPeriodResidualCost" xlink:to="BiologicalAssetsCostMethodFixedAssetsImpairmentLoss" xlink:title="calculation: BiologicalAssetsCostMethodFixedAssetsAtEndOfPeriodResidualCost to BiologicalAssetsCostMethodFixedAssetsImpairmentLoss" use="optional" order="8.0" weight="1.0"/>
    <link:loc xlink:type="locator" xlink:href="../../et-gaap-cor_2011-01-01.xsd#et-gaap_BiologicalAssetsCostMethodFixedAssetsReversingOfImpairmentLoss" xlink:label="BiologicalAssetsCostMethodFixedAssetsReversingOfImpairmentLoss" xlink:title="BiologicalAssetsCostMethodFixedAssetsReversingOfImpairmentLoss"/>
    <link:calculationArc xlink:type="arc" xlink:arcrole="http://www.xbrl.org/2003/arcrole/summation-item" xlink:from="BiologicalAssetsCostMethodFixedAssetsAtEndOfPeriodResidualCost" xlink:to="BiologicalAssetsCostMethodFixedAssetsReversingOfImpairmentLoss" xlink:title="calculation: BiologicalAssetsCostMethodFixedAssetsAtEndOfPeriodResidualCost to BiologicalAssetsCostMethodFixedAssetsReversingOfImpairmentLoss" use="optional" order="9.0" weight="1.0"/>
    <link:loc xlink:type="locator" xlink:href="../../et-gaap-cor_2011-01-01.xsd#et-gaap_BiologicalAssetsCostMethodFixedAssetsOtherChanges" xlink:label="BiologicalAssetsCostMethodFixedAssetsOtherChanges" xlink:title="BiologicalAssetsCostMethodFixedAssetsOtherChanges"/>
    <link:calculationArc xlink:type="arc" xlink:arcrole="http://www.xbrl.org/2003/arcrole/summation-item" xlink:from="BiologicalAssetsCostMethodFixedAssetsAtEndOfPeriodResidualCost" xlink:to="BiologicalAssetsCostMethodFixedAssetsOtherChanges" xlink:title="calculation: BiologicalAssetsCostMethodFixedAssetsAtEndOfPeriodResidualCost to BiologicalAssetsCostMethodFixedAssetsOtherChanges" use="optional" order="10.0" weight="1.0"/>
    <link:loc xlink:type="locator" xlink:href="../../et-gaap-cor_2011-01-01.xsd#et-gaap_BiologicalAssetsCostMethodFixedAssetsIncreaseOfValueDueToGrowth" xlink:label="BiologicalAssetsCostMethodFixedAssetsIncreaseOfValueDueToGrowth" xlink:title="BiologicalAssetsCostMethodFixedAssetsIncreaseOfValueDueToGrowth"/>
    <link:calculationArc xlink:type="arc" xlink:arcrole="http://www.xbrl.org/2003/arcrole/summation-item" xlink:from="BiologicalAssetsCostMethodFixedAssetsAtEndOfPeriodResidualCost" xlink:to="BiologicalAssetsCostMethodFixedAssetsIncreaseOfValueDueToGrowth" xlink:title="calculation: BiologicalAssetsCostMethodFixedAssetsAtEndOfPeriodResidualCost to BiologicalAssetsCostMethodFixedAssetsIncreaseOfValueDueToGrowth" order="5.0" weight="1.0"/>
  </link:calculationLink>
</link:linkbase>
