<?xml version="1.0" encoding="UTF-8"?>
<!--
**************************************************************
et-gaap Taxonomy: 2011-01-01 (Final)

Copyright (C) 2010 Centre of Registers and Information Systems
**************************************************************
-->
<link:linkbase xmlns:xsi="http://www.w3.org/2001/XMLSchema-instance" xsi:schemaLocation="http://www.xbrl.org/2003/linkbase http://www.xbrl.org/2003/xbrl-linkbase-2003-12-31.xsd" xmlns:link="http://www.xbrl.org/2003/linkbase" xmlns:xbrldt="http://xbrl.org/2005/xbrldt" xmlns:xlink="http://www.w3.org/1999/xlink">
  <link:roleRef roleURI="http://xbrl.eesti.ee/role/et-gaap_2011-01-01/NoteBiologicalAssets_role-817000" xlink:type="simple" xlink:href="role-817000.xsd#NoteBiologicalAssets_role-817000"/>
  <link:calculationLink xlink:type="extended" xlink:role="http://xbrl.eesti.ee/role/et-gaap_2011-01-01/NoteBiologicalAssets_role-817000">
    <link:loc xlink:type="locator" xlink:href="../../et-gaap-cor_2011-01-01.xsd#et-gaap_BiologicalAssetsFairValueMethodCurrentAssetsAtEndOfPeriod" xlink:label="BiologicalAssetsFairValueMethodCurrentAssetsAtEndOfPeriod" xlink:title="BiologicalAssetsFairValueMethodCurrentAssetsAtEndOfPeriod"/>
    <link:loc xlink:type="locator" xlink:href="../../et-gaap-cor_2011-01-01.xsd#et-gaap_BiologicalAssetsFairValueMethodCurrentAssetsAtEndOfPreviousPeriod" xlink:label="BiologicalAssetsFairValueMethodCurrentAssetsAtEndOfPreviousPeriod" xlink:title="BiologicalAssetsFairValueMethodCurrentAssetsAtEndOfPreviousPeriod"/>
    <link:calculationArc xlink:type="arc" xlink:arcrole="http://www.xbrl.org/2003/arcrole/summation-item" xlink:from="BiologicalAssetsFairValueMethodCurrentAssetsAtEndOfPeriod" xlink:to="BiologicalAssetsFairValueMethodCurrentAssetsAtEndOfPreviousPeriod" xlink:title="calculation: BiologicalAssetsFairValueMethodCurrentAssetsAtEndOfPeriod to BiologicalAssetsFairValueMethodCurrentAssetsAtEndOfPreviousPeriod" use="optional" order="1.0" weight="1.0"/>
    <link:loc xlink:type="locator" xlink:href="../../et-gaap-cor_2011-01-01.xsd#et-gaap_BiologicalAssetsFairValueMethodCurrentAssetsProfitLossFromChangeOfFairValue" xlink:label="BiologicalAssetsFairValueMethodCurrentAssetsProfitLossFromChangeOfFairValue" xlink:title="BiologicalAssetsFairValueMethodCurrentAssetsProfitLossFromChangeOfFairValue"/>
    <link:calculationArc xlink:type="arc" xlink:arcrole="http://www.xbrl.org/2003/arcrole/summation-item" xlink:from="BiologicalAssetsFairValueMethodCurrentAssetsAtEndOfPeriod" xlink:to="BiologicalAssetsFairValueMethodCurrentAssetsProfitLossFromChangeOfFairValue" xlink:title="calculation: BiologicalAssetsFairValueMethodCurrentAssetsAtEndOfPeriod to BiologicalAssetsFairValueMethodCurrentAssetsProfitLossFromChangeOfFairValue" use="optional" order="2.0" weight="1.0"/>
    <link:loc xlink:type="locator" xlink:href="../../et-gaap-cor_2011-01-01.xsd#et-gaap_BiologicalAssetsFairValueMethodCurrentAssetsIncreaseOfValueDueToAcquisition" xlink:label="BiologicalAssetsFairValueMethodCurrentAssetsIncreaseOfValueDueToAcquisition" xlink:title="BiologicalAssetsFairValueMethodCurrentAssetsIncreaseOfValueDueToAcquisition"/>
    <link:calculationArc xlink:type="arc" xlink:arcrole="http://www.xbrl.org/2003/arcrole/summation-item" xlink:from="BiologicalAssetsFairValueMethodCurrentAssetsAtEndOfPeriod" xlink:to="BiologicalAssetsFairValueMethodCurrentAssetsIncreaseOfValueDueToAcquisition" xlink:title="calculation: BiologicalAssetsFairValueMethodCurrentAssetsAtEndOfPeriod to BiologicalAssetsFairValueMethodCurrentAssetsIncreaseOfValueDueToAcquisition" use="optional" order="3.0" weight="1.0"/>
    <link:loc xlink:type="locator" xlink:href="../../et-gaap-cor_2011-01-01.xsd#et-gaap_BiologicalAssetsFairValueMethodCurrentAssetsDecreaseOfValueDueToDisposal" xlink:label="BiologicalAssetsFairValueMethodCurrentAssetsDecreaseOfValueDueToDisposal" xlink:title="BiologicalAssetsFairValueMethodCurrentAssetsDecreaseOfValueDueToDisposal"/>
    <link:calculationArc xlink:type="arc" xlink:arcrole="http://www.xbrl.org/2003/arcrole/summation-item" xlink:from="BiologicalAssetsFairValueMethodCurrentAssetsAtEndOfPeriod" xlink:to="BiologicalAssetsFairValueMethodCurrentAssetsDecreaseOfValueDueToDisposal" xlink:title="calculation: BiologicalAssetsFairValueMethodCurrentAssetsAtEndOfPeriod to BiologicalAssetsFairValueMethodCurrentAssetsDecreaseOfValueDueToDisposal" use="optional" order="4.0" weight="1.0"/>
    <link:loc xlink:type="locator" xlink:href="../../et-gaap-cor_2011-01-01.xsd#et-gaap_BiologicalAssetsFairValueMethodCurrentAssetsDecreaseOfValueFromDueToProductionOfAgriculturalProducts" xlink:label="BiologicalAssetsFairValueMethodCurrentAssetsDecreaseOfValueFromDueToProductionOfAgriculturalProducts" xlink:title="BiologicalAssetsFairValueMethodCurrentAssetsDecreaseOfValueFromDueToProductionOfAgriculturalProducts"/>
    <link:calculationArc xlink:type="arc" xlink:arcrole="http://www.xbrl.org/2003/arcrole/summation-item" xlink:from="BiologicalAssetsFairValueMethodCurrentAssetsAtEndOfPeriod" xlink:to="BiologicalAssetsFairValueMethodCurrentAssetsDecreaseOfValueFromDueToProductionOfAgriculturalProducts" xlink:title="calculation: BiologicalAssetsFairValueMethodCurrentAssetsAtEndOfPeriod to BiologicalAssetsFairValueMethodCurrentAssetsDecreaseOfValueFromDueToProductionOfAgriculturalProducts" use="optional" order="5.0" weight="1.0"/>
    <link:loc xlink:type="locator" xlink:href="../../et-gaap-cor_2011-01-01.xsd#et-gaap_BiologicalAssetsFairValueMethodCurrentAssetsIncreaseOfValueDueToGrowth" xlink:label="BiologicalAssetsFairValueMethodCurrentAssetsIncreaseOfValueDueToGrowth" xlink:title="BiologicalAssetsFairValueMethodCurrentAssetsIncreaseOfValueDueToGrowth"/>
    <link:calculationArc xlink:type="arc" xlink:arcrole="http://www.xbrl.org/2003/arcrole/summation-item" xlink:from="BiologicalAssetsFairValueMethodCurrentAssetsAtEndOfPeriod" xlink:to="BiologicalAssetsFairValueMethodCurrentAssetsIncreaseOfValueDueToGrowth" xlink:title="calculation: BiologicalAssetsFairValueMethodCurrentAssetsAtEndOfPeriod to BiologicalAssetsFairValueMethodCurrentAssetsIncreaseOfValueDueToGrowth" use="optional" order="6.0" weight="1.0"/>
    <link:loc xlink:type="locator" xlink:href="../../et-gaap-cor_2011-01-01.xsd#et-gaap_BiologicalAssetsFairValueMethodCurrentAssetsAdditionsViaBusinessCombinations" xlink:label="BiologicalAssetsFairValueMethodCurrentAssetsAdditionsViaBusinessCombinations" xlink:title="BiologicalAssetsFairValueMethodCurrentAssetsAdditionsViaBusinessCombinations"/>
    <link:calculationArc xlink:type="arc" xlink:arcrole="http://www.xbrl.org/2003/arcrole/summation-item" xlink:from="BiologicalAssetsFairValueMethodCurrentAssetsAtEndOfPeriod" xlink:to="BiologicalAssetsFairValueMethodCurrentAssetsAdditionsViaBusinessCombinations" xlink:title="calculation: BiologicalAssetsFairValueMethodCurrentAssetsAtEndOfPeriod to BiologicalAssetsFairValueMethodCurrentAssetsAdditionsViaBusinessCombinations" use="optional" order="7.0" weight="1.0"/>
    <link:loc xlink:type="locator" xlink:href="../../et-gaap-cor_2011-01-01.xsd#et-gaap_BiologicalAssetsFairValueMethodCurrentAssetsOtherChanges" xlink:label="BiologicalAssetsFairValueMethodCurrentAssetsOtherChanges" xlink:title="BiologicalAssetsFairValueMethodCurrentAssetsOtherChanges"/>
    <link:calculationArc xlink:type="arc" xlink:arcrole="http://www.xbrl.org/2003/arcrole/summation-item" xlink:from="BiologicalAssetsFairValueMethodCurrentAssetsAtEndOfPeriod" xlink:to="BiologicalAssetsFairValueMethodCurrentAssetsOtherChanges" xlink:title="calculation: BiologicalAssetsFairValueMethodCurrentAssetsAtEndOfPeriod to BiologicalAssetsFairValueMethodCurrentAssetsOtherChanges" use="optional" order="8.0" weight="1.0"/>
    <link:loc xlink:type="locator" xlink:href="../../et-gaap-cor_2011-01-01.xsd#et-gaap_BiologicalAssetsFairValueMethodFixedAssetsAtEndOfPeriod" xlink:label="BiologicalAssetsFairValueMethodFixedAssetsAtEndOfPeriod" xlink:title="BiologicalAssetsFairValueMethodFixedAssetsAtEndOfPeriod"/>
    <link:loc xlink:type="locator" xlink:href="../../et-gaap-cor_2011-01-01.xsd#et-gaap_BiologicalAssetsFairValueMethodFixedAssetsAtEndOfPreviousPeriod" xlink:label="BiologicalAssetsFairValueMethodFixedAssetsAtEndOfPreviousPeriod" xlink:title="BiologicalAssetsFairValueMethodFixedAssetsAtEndOfPreviousPeriod"/>
    <link:calculationArc xlink:type="arc" xlink:arcrole="http://www.xbrl.org/2003/arcrole/summation-item" xlink:from="BiologicalAssetsFairValueMethodFixedAssetsAtEndOfPeriod" xlink:to="BiologicalAssetsFairValueMethodFixedAssetsAtEndOfPreviousPeriod" xlink:title="calculation: BiologicalAssetsFairValueMethodFixedAssetsAtEndOfPeriod to BiologicalAssetsFairValueMethodFixedAssetsAtEndOfPreviousPeriod" use="optional" order="1.0" weight="1.0"/>
    <link:loc xlink:type="locator" xlink:href="../../et-gaap-cor_2011-01-01.xsd#et-gaap_BiologicalAssetsFairValueMethodFixedAssetsProfitLossFromChangeOfFairValue" xlink:label="BiologicalAssetsFairValueMethodFixedAssetsProfitLossFromChangeOfFairValue" xlink:title="BiologicalAssetsFairValueMethodFixedAssetsProfitLossFromChangeOfFairValue"/>
    <link:calculationArc xlink:type="arc" xlink:arcrole="http://www.xbrl.org/2003/arcrole/summation-item" xlink:from="BiologicalAssetsFairValueMethodFixedAssetsAtEndOfPeriod" xlink:to="BiologicalAssetsFairValueMethodFixedAssetsProfitLossFromChangeOfFairValue" xlink:title="calculation: BiologicalAssetsFairValueMethodFixedAssetsAtEndOfPeriod to BiologicalAssetsFairValueMethodFixedAssetsProfitLossFromChangeOfFairValue" use="optional" order="2.0" weight="1.0"/>
    <link:loc xlink:type="locator" xlink:href="../../et-gaap-cor_2011-01-01.xsd#et-gaap_BiologicalAssetsFairValueMethodFixedAssetsIncreaseOfValueDueToAcquisition" xlink:label="BiologicalAssetsFairValueMethodFixedAssetsIncreaseOfValueDueToAcquisition" xlink:title="BiologicalAssetsFairValueMethodFixedAssetsIncreaseOfValueDueToAcquisition"/>
    <link:calculationArc xlink:type="arc" xlink:arcrole="http://www.xbrl.org/2003/arcrole/summation-item" xlink:from="BiologicalAssetsFairValueMethodFixedAssetsAtEndOfPeriod" xlink:to="BiologicalAssetsFairValueMethodFixedAssetsIncreaseOfValueDueToAcquisition" xlink:title="calculation: BiologicalAssetsFairValueMethodFixedAssetsAtEndOfPeriod to BiologicalAssetsFairValueMethodFixedAssetsIncreaseOfValueDueToAcquisition" use="optional" order="3.0" weight="1.0"/>
    <link:loc xlink:type="locator" xlink:href="../../et-gaap-cor_2011-01-01.xsd#et-gaap_BiologicalAssetsFairValueMethodFixedAssetsDecreaseOfValueDueToDisposal" xlink:label="BiologicalAssetsFairValueMethodFixedAssetsDecreaseOfValueDueToDisposal" xlink:title="BiologicalAssetsFairValueMethodFixedAssetsDecreaseOfValueDueToDisposal"/>
    <link:calculationArc xlink:type="arc" xlink:arcrole="http://www.xbrl.org/2003/arcrole/summation-item" xlink:from="BiologicalAssetsFairValueMethodFixedAssetsAtEndOfPeriod" xlink:to="BiologicalAssetsFairValueMethodFixedAssetsDecreaseOfValueDueToDisposal" xlink:title="calculation: BiologicalAssetsFairValueMethodFixedAssetsAtEndOfPeriod to BiologicalAssetsFairValueMethodFixedAssetsDecreaseOfValueDueToDisposal" use="optional" order="4.0" weight="1.0"/>
    <link:loc xlink:type="locator" xlink:href="../../et-gaap-cor_2011-01-01.xsd#et-gaap_BiologicalAssetsFairValueMethodFixedAssetsDecreaseOfValueFromDueToProductionOfAgriculturalProducts" xlink:label="BiologicalAssetsFairValueMethodFixedAssetsDecreaseOfValueFromDueToProductionOfAgriculturalProducts" xlink:title="BiologicalAssetsFairValueMethodFixedAssetsDecreaseOfValueFromDueToProductionOfAgriculturalProducts"/>
    <link:calculationArc xlink:type="arc" xlink:arcrole="http://www.xbrl.org/2003/arcrole/summation-item" xlink:from="BiologicalAssetsFairValueMethodFixedAssetsAtEndOfPeriod" xlink:to="BiologicalAssetsFairValueMethodFixedAssetsDecreaseOfValueFromDueToProductionOfAgriculturalProducts" xlink:title="calculation: BiologicalAssetsFairValueMethodFixedAssetsAtEndOfPeriod to BiologicalAssetsFairValueMethodFixedAssetsDecreaseOfValueFromDueToProductionOfAgriculturalProducts" use="optional" order="5.0" weight="1.0"/>
    <link:loc xlink:type="locator" xlink:href="../../et-gaap-cor_2011-01-01.xsd#et-gaap_BiologicalAssetsFairValueMethodFixedAssetsIncreaseOfValueDueToGrowth" xlink:label="BiologicalAssetsFairValueMethodFixedAssetsIncreaseOfValueDueToGrowth" xlink:title="BiologicalAssetsFairValueMethodFixedAssetsIncreaseOfValueDueToGrowth"/>
    <link:calculationArc xlink:type="arc" xlink:arcrole="http://www.xbrl.org/2003/arcrole/summation-item" xlink:from="BiologicalAssetsFairValueMethodFixedAssetsAtEndOfPeriod" xlink:to="BiologicalAssetsFairValueMethodFixedAssetsIncreaseOfValueDueToGrowth" xlink:title="calculation: BiologicalAssetsFairValueMethodFixedAssetsAtEndOfPeriod to BiologicalAssetsFairValueMethodFixedAssetsIncreaseOfValueDueToGrowth" use="optional" order="6.0" weight="1.0"/>
    <link:loc xlink:type="locator" xlink:href="../../et-gaap-cor_2011-01-01.xsd#et-gaap_BiologicalAssetsFairValueMethodFixedAssetsAdditionsViaBusinessCombinations" xlink:label="BiologicalAssetsFairValueMethodFixedAssetsAdditionsViaBusinessCombinations" xlink:title="BiologicalAssetsFairValueMethodFixedAssetsAdditionsViaBusinessCombinations"/>
    <link:calculationArc xlink:type="arc" xlink:arcrole="http://www.xbrl.org/2003/arcrole/summation-item" xlink:from="BiologicalAssetsFairValueMethodFixedAssetsAtEndOfPeriod" xlink:to="BiologicalAssetsFairValueMethodFixedAssetsAdditionsViaBusinessCombinations" xlink:title="calculation: BiologicalAssetsFairValueMethodFixedAssetsAtEndOfPeriod to BiologicalAssetsFairValueMethodFixedAssetsAdditionsViaBusinessCombinations" use="optional" order="7.0" weight="1.0"/>
    <link:loc xlink:type="locator" xlink:href="../../et-gaap-cor_2011-01-01.xsd#et-gaap_BiologicalAssetsFairValueMethodFixedAssetsOtherChanges" xlink:label="BiologicalAssetsFairValueMethodFixedAssetsOtherChanges" xlink:title="BiologicalAssetsFairValueMethodFixedAssetsOtherChanges"/>
    <link:calculationArc xlink:type="arc" xlink:arcrole="http://www.xbrl.org/2003/arcrole/summation-item" xlink:from="BiologicalAssetsFairValueMethodFixedAssetsAtEndOfPeriod" xlink:to="BiologicalAssetsFairValueMethodFixedAssetsOtherChanges" xlink:title="calculation: BiologicalAssetsFairValueMethodFixedAssetsAtEndOfPeriod to BiologicalAssetsFairValueMethodFixedAssetsOtherChanges" use="optional" order="8.0" weight="1.0"/>
    <link:loc xlink:type="locator" xlink:href="../../et-gaap-cor_2011-01-01.xsd#et-gaap_BiologicalAssetsCostMethodFixedAssetsAtEndOfPeriodResidualCost" xlink:label="BiologicalAssetsCostMethodFixedAssetsAtEndOfPeriodResidualCost" xlink:title="BiologicalAssetsCostMethodFixedAssetsAtEndOfPeriodResidualCost"/>
    <link:loc xlink:type="locator" xlink:href="../../et-gaap-cor_2011-01-01.xsd#et-gaap_BiologicalAssetsCostMethodFixedAssetsAtEndOfPeriodCarriedAtCost" xlink:label="BiologicalAssetsCostMethodFixedAssetsAtEndOfPeriodCarriedAtCost" xlink:title="BiologicalAssetsCostMethodFixedAssetsAtEndOfPeriodCarriedAtCost"/>
    <link:calculationArc xlink:type="arc" xlink:arcrole="http://www.xbrl.org/2003/arcrole/summation-item" xlink:from="BiologicalAssetsCostMethodFixedAssetsAtEndOfPeriodResidualCost" xlink:to="BiologicalAssetsCostMethodFixedAssetsAtEndOfPeriodCarriedAtCost" xlink:title="calculation: BiologicalAssetsCostMethodFixedAssetsAtEndOfPeriodResidualCost to BiologicalAssetsCostMethodFixedAssetsAtEndOfPeriodCarriedAtCost" order="1.0" weight="1.0"/>
    <link:loc xlink:type="locator" xlink:href="../../et-gaap-cor_2011-01-01.xsd#et-gaap_BiologicalAssetsCostMethodFixedAssetsAtEndOfPeriodAccumulatedDepreciation" xlink:label="BiologicalAssetsCostMethodFixedAssetsAtEndOfPeriodAccumulatedDepreciation" xlink:title="BiologicalAssetsCostMethodFixedAssetsAtEndOfPeriodAccumulatedDepreciation"/>
    <link:calculationArc xlink:type="arc" xlink:arcrole="http://www.xbrl.org/2003/arcrole/summation-item" xlink:from="BiologicalAssetsCostMethodFixedAssetsAtEndOfPeriodResidualCost" xlink:to="BiologicalAssetsCostMethodFixedAssetsAtEndOfPeriodAccumulatedDepreciation" xlink:title="calculation: BiologicalAssetsCostMethodFixedAssetsAtEndOfPeriodResidualCost to BiologicalAssetsCostMethodFixedAssetsAtEndOfPeriodAccumulatedDepreciation" order="2.0" weight="1.0"/>
    <link:loc xlink:type="locator" xlink:href="../../et-gaap-cor_2011-01-01.xsd#et-gaap_BiologicalAssetsCostMethodFixedAssetsAtEndOfPreviousPeriodResidualCost" xlink:label="BiologicalAssetsCostMethodFixedAssetsAtEndOfPreviousPeriodResidualCost" xlink:title="BiologicalAssetsCostMethodFixedAssetsAtEndOfPreviousPeriodResidualCost"/>
    <link:loc xlink:type="locator" xlink:href="../../et-gaap-cor_2011-01-01.xsd#et-gaap_BiologicalAssetsCostMethodFixedAssetsAtEndOfPreviousPeriodAccumulatedDepreciation" xlink:label="BiologicalAssetsCostMethodFixedAssetsAtEndOfPreviousPeriodAccumulatedDepreciation" xlink:title="BiologicalAssetsCostMethodFixedAssetsAtEndOfPreviousPeriodAccumulatedDepreciation"/>
    <link:calculationArc xlink:type="arc" xlink:arcrole="http://www.xbrl.org/2003/arcrole/summation-item" xlink:from="BiologicalAssetsCostMethodFixedAssetsAtEndOfPreviousPeriodResidualCost" xlink:to="BiologicalAssetsCostMethodFixedAssetsAtEndOfPreviousPeriodAccumulatedDepreciation" xlink:title="calculation: BiologicalAssetsCostMethodFixedAssetsAtEndOfPreviousPeriodResidualCost to BiologicalAssetsCostMethodFixedAssetsAtEndOfPreviousPeriodAccumulatedDepreciation" order="2.0" weight="1.0"/>
    <link:loc xlink:type="locator" xlink:href="../../et-gaap-cor_2011-01-01.xsd#et-gaap_BiologicalAssetsCostMethodFixedAssetsAtEndOfPreviousPeriodCarriedAtCost" xlink:label="BiologicalAssetsCostMethodFixedAssetsAtEndOfPreviousPeriodCarriedAtCost" xlink:title="BiologicalAssetsCostMethodFixedAssetsAtEndOfPreviousPeriodCarriedAtCost"/>
    <link:calculationArc xlink:type="arc" xlink:arcrole="http://www.xbrl.org/2003/arcrole/summation-item" xlink:from="BiologicalAssetsCostMethodFixedAssetsAtEndOfPreviousPeriodResidualCost" xlink:to="BiologicalAssetsCostMethodFixedAssetsAtEndOfPreviousPeriodCarriedAtCost" xlink:title="calculation: BiologicalAssetsCostMethodFixedAssetsAtEndOfPreviousPeriodResidualCost to BiologicalAssetsCostMethodFixedAssetsAtEndOfPreviousPeriodCarriedAtCost" order="1.0" weight="1.0"/>
    <link:loc xlink:type="locator" xlink:href="../../et-gaap-cor_2011-01-01.xsd#et-gaap_DisposalOfBiologicalAssetsAtSellingPriceTotal" xlink:label="DisposalOfBiologicalAssetsAtSellingPriceTotal" xlink:title="DisposalOfBiologicalAssetsAtSellingPriceTotal"/>
    <link:loc xlink:type="locator" xlink:href="../../et-gaap-cor_2011-01-01.xsd#et-gaap_DisposalOfBiologicalAssetsAtSellingPriceAnimals" xlink:label="DisposalOfBiologicalAssetsAtSellingPriceAnimals" xlink:title="DisposalOfBiologicalAssetsAtSellingPriceAnimals"/>
    <link:calculationArc xlink:type="arc" xlink:arcrole="http://www.xbrl.org/2003/arcrole/summation-item" xlink:from="DisposalOfBiologicalAssetsAtSellingPriceTotal" xlink:to="DisposalOfBiologicalAssetsAtSellingPriceAnimals" xlink:title="calculation: DisposalOfBiologicalAssetsAtSellingPriceTotal to DisposalOfBiologicalAssetsAtSellingPriceAnimals" order="1.0" weight="1.0"/>
    <link:loc xlink:type="locator" xlink:href="../../et-gaap-cor_2011-01-01.xsd#et-gaap_DisposalOfBiologicalAssetsAtSellingPriceGrasslands" xlink:label="DisposalOfBiologicalAssetsAtSellingPriceGrasslands" xlink:title="DisposalOfBiologicalAssetsAtSellingPriceGrasslands"/>
    <link:calculationArc xlink:type="arc" xlink:arcrole="http://www.xbrl.org/2003/arcrole/summation-item" xlink:from="DisposalOfBiologicalAssetsAtSellingPriceTotal" xlink:to="DisposalOfBiologicalAssetsAtSellingPriceGrasslands" xlink:title="calculation: DisposalOfBiologicalAssetsAtSellingPriceTotal to DisposalOfBiologicalAssetsAtSellingPriceGrasslands" order="2.0" weight="1.0"/>
    <link:loc xlink:type="locator" xlink:href="../../et-gaap-cor_2011-01-01.xsd#et-gaap_DisposalOfBiologicalAssetsAtSellingPriceForest" xlink:label="DisposalOfBiologicalAssetsAtSellingPriceForest" xlink:title="DisposalOfBiologicalAssetsAtSellingPriceForest"/>
    <link:calculationArc xlink:type="arc" xlink:arcrole="http://www.xbrl.org/2003/arcrole/summation-item" xlink:from="DisposalOfBiologicalAssetsAtSellingPriceTotal" xlink:to="DisposalOfBiologicalAssetsAtSellingPriceForest" xlink:title="calculation: DisposalOfBiologicalAssetsAtSellingPriceTotal to DisposalOfBiologicalAssetsAtSellingPriceForest" order="3.0" weight="1.0"/>
    <link:loc xlink:type="locator" xlink:href="../../et-gaap-cor_2011-01-01.xsd#et-gaap_DisposalOfBiologicalAssetsAtSellingPriceCrop" xlink:label="DisposalOfBiologicalAssetsAtSellingPriceCrop" xlink:title="DisposalOfBiologicalAssetsAtSellingPriceCrop"/>
    <link:calculationArc xlink:type="arc" xlink:arcrole="http://www.xbrl.org/2003/arcrole/summation-item" xlink:from="DisposalOfBiologicalAssetsAtSellingPriceTotal" xlink:to="DisposalOfBiologicalAssetsAtSellingPriceCrop" xlink:title="calculation: DisposalOfBiologicalAssetsAtSellingPriceTotal to DisposalOfBiologicalAssetsAtSellingPriceCrop" order="4.0" weight="1.0"/>
    <link:loc xlink:type="locator" xlink:href="../../et-gaap-cor_2011-01-01.xsd#et-gaap_DisposalOfBiologicalAssetsAtSellingPricePlantations" xlink:label="DisposalOfBiologicalAssetsAtSellingPricePlantations" xlink:title="DisposalOfBiologicalAssetsAtSellingPricePlantations"/>
    <link:calculationArc xlink:type="arc" xlink:arcrole="http://www.xbrl.org/2003/arcrole/summation-item" xlink:from="DisposalOfBiologicalAssetsAtSellingPriceTotal" xlink:to="DisposalOfBiologicalAssetsAtSellingPricePlantations" xlink:title="calculation: DisposalOfBiologicalAssetsAtSellingPriceTotal to DisposalOfBiologicalAssetsAtSellingPricePlantations" order="5.0" weight="1.0"/>
    <link:loc xlink:type="locator" xlink:href="../../et-gaap-cor_2011-01-01.xsd#et-gaap_BiologicalAssetsCostMethodCurrentAssetsAtEndOfPeriod" xlink:label="BiologicalAssetsCostMethodCurrentAssetsAtEndOfPeriod" xlink:title="BiologicalAssetsCostMethodCurrentAssetsAtEndOfPeriod"/>
    <link:loc xlink:type="locator" xlink:href="../../et-gaap-cor_2011-01-01.xsd#et-gaap_BiologicalAssetsCostMethodCurrentAssetsAtEndOfPreviousPeriod" xlink:label="BiologicalAssetsCostMethodCurrentAssetsAtEndOfPreviousPeriod" xlink:title="BiologicalAssetsCostMethodCurrentAssetsAtEndOfPreviousPeriod"/>
    <link:calculationArc xlink:type="arc" xlink:arcrole="http://www.xbrl.org/2003/arcrole/summation-item" xlink:from="BiologicalAssetsCostMethodCurrentAssetsAtEndOfPeriod" xlink:to="BiologicalAssetsCostMethodCurrentAssetsAtEndOfPreviousPeriod" xlink:title="calculation: BiologicalAssetsCostMethodCurrentAssetsAtEndOfPeriod to BiologicalAssetsCostMethodCurrentAssetsAtEndOfPreviousPeriod" order="1.0" weight="1.0"/>
    <link:loc xlink:type="locator" xlink:href="../../et-gaap-cor_2011-01-01.xsd#et-gaap_BiologicalAssetsCostMethodCurrentAssetsIncreaseOfValueDueToAcquisition" xlink:label="BiologicalAssetsCostMethodCurrentAssetsIncreaseOfValueDueToAcquisition" xlink:title="BiologicalAssetsCostMethodCurrentAssetsIncreaseOfValueDueToAcquisition"/>
    <link:calculationArc xlink:type="arc" xlink:arcrole="http://www.xbrl.org/2003/arcrole/summation-item" xlink:from="BiologicalAssetsCostMethodCurrentAssetsAtEndOfPeriod" xlink:to="BiologicalAssetsCostMethodCurrentAssetsIncreaseOfValueDueToAcquisition" xlink:title="calculation: BiologicalAssetsCostMethodCurrentAssetsAtEndOfPeriod to BiologicalAssetsCostMethodCurrentAssetsIncreaseOfValueDueToAcquisition" order="2.0" weight="1.0"/>
    <link:loc xlink:type="locator" xlink:href="../../et-gaap-cor_2011-01-01.xsd#et-gaap_BiologicalAssetsCostMethodCurrentAssetsDecreaseOfValueDueToDisposal" xlink:label="BiologicalAssetsCostMethodCurrentAssetsDecreaseOfValueDueToDisposal" xlink:title="BiologicalAssetsCostMethodCurrentAssetsDecreaseOfValueDueToDisposal"/>
    <link:calculationArc xlink:type="arc" xlink:arcrole="http://www.xbrl.org/2003/arcrole/summation-item" xlink:from="BiologicalAssetsCostMethodCurrentAssetsAtEndOfPeriod" xlink:to="BiologicalAssetsCostMethodCurrentAssetsDecreaseOfValueDueToDisposal" xlink:title="calculation: BiologicalAssetsCostMethodCurrentAssetsAtEndOfPeriod to BiologicalAssetsCostMethodCurrentAssetsDecreaseOfValueDueToDisposal" order="3.0" weight="1.0"/>
    <link:loc xlink:type="locator" xlink:href="../../et-gaap-cor_2011-01-01.xsd#et-gaap_BiologicalAssetsCostMethodCurrentAssetsDecreaseOfValueDueToProductionOfAgriculturalProducts" xlink:label="BiologicalAssetsCostMethodCurrentAssetsDecreaseOfValueDueToProductionOfAgriculturalProducts" xlink:title="BiologicalAssetsCostMethodCurrentAssetsDecreaseOfValueDueToProductionOfAgriculturalProducts"/>
    <link:calculationArc xlink:type="arc" xlink:arcrole="http://www.xbrl.org/2003/arcrole/summation-item" xlink:from="BiologicalAssetsCostMethodCurrentAssetsAtEndOfPeriod" xlink:to="BiologicalAssetsCostMethodCurrentAssetsDecreaseOfValueDueToProductionOfAgriculturalProducts" xlink:title="calculation: BiologicalAssetsCostMethodCurrentAssetsAtEndOfPeriod to BiologicalAssetsCostMethodCurrentAssetsDecreaseOfValueDueToProductionOfAgriculturalProducts" order="4.0" weight="1.0"/>
    <link:loc xlink:type="locator" xlink:href="../../et-gaap-cor_2011-01-01.xsd#et-gaap_BiologicalAssetsCostMethodCurrentAssetsAdditionsViaBusinessCombinations" xlink:label="BiologicalAssetsCostMethodCurrentAssetsAdditionsViaBusinessCombinations" xlink:title="BiologicalAssetsCostMethodCurrentAssetsAdditionsViaBusinessCombinations"/>
    <link:calculationArc xlink:type="arc" xlink:arcrole="http://www.xbrl.org/2003/arcrole/summation-item" xlink:from="BiologicalAssetsCostMethodCurrentAssetsAtEndOfPeriod" xlink:to="BiologicalAssetsCostMethodCurrentAssetsAdditionsViaBusinessCombinations" xlink:title="calculation: BiologicalAssetsCostMethodCurrentAssetsAtEndOfPeriod to BiologicalAssetsCostMethodCurrentAssetsAdditionsViaBusinessCombinations" order="5.0" weight="1.0"/>
    <link:loc xlink:type="locator" xlink:href="../../et-gaap-cor_2011-01-01.xsd#et-gaap_BiologicalAssetsCostMethodCurrentAssetsIncreaseOfValueDueToGrowth" xlink:label="BiologicalAssetsCostMethodCurrentAssetsIncreaseOfValueDueToGrowth" xlink:title="BiologicalAssetsCostMethodCurrentAssetsIncreaseOfValueDueToGrowth"/>
    <link:calculationArc xlink:type="arc" xlink:arcrole="http://www.xbrl.org/2003/arcrole/summation-item" xlink:from="BiologicalAssetsCostMethodCurrentAssetsAtEndOfPeriod" xlink:to="BiologicalAssetsCostMethodCurrentAssetsIncreaseOfValueDueToGrowth" xlink:title="calculation: BiologicalAssetsCostMethodCurrentAssetsAtEndOfPeriod to BiologicalAssetsCostMethodCurrentAssetsIncreaseOfValueDueToGrowth" order="6.0" weight="1.0"/>
    <link:loc xlink:type="locator" xlink:href="../../et-gaap-cor_2011-01-01.xsd#et-gaap_BiologicalAssetsCostMethodCurrentAssetsImpairmentLoss" xlink:label="BiologicalAssetsCostMethodCurrentAssetsImpairmentLoss" xlink:title="BiologicalAssetsCostMethodCurrentAssetsImpairmentLoss"/>
    <link:calculationArc xlink:type="arc" xlink:arcrole="http://www.xbrl.org/2003/arcrole/summation-item" xlink:from="BiologicalAssetsCostMethodCurrentAssetsAtEndOfPeriod" xlink:to="BiologicalAssetsCostMethodCurrentAssetsImpairmentLoss" xlink:title="calculation: BiologicalAssetsCostMethodCurrentAssetsAtEndOfPeriod to BiologicalAssetsCostMethodCurrentAssetsImpairmentLoss" order="7.0" weight="1.0"/>
    <link:loc xlink:type="locator" xlink:href="../../et-gaap-cor_2011-01-01.xsd#et-gaap_BiologicalAssetsCostMethodCurrentAssetsReversingOfImpairmentLoss" xlink:label="BiologicalAssetsCostMethodCurrentAssetsReversingOfImpairmentLoss" xlink:title="BiologicalAssetsCostMethodCurrentAssetsReversingOfImpairmentLoss"/>
    <link:calculationArc xlink:type="arc" xlink:arcrole="http://www.xbrl.org/2003/arcrole/summation-item" xlink:from="BiologicalAssetsCostMethodCurrentAssetsAtEndOfPeriod" xlink:to="BiologicalAssetsCostMethodCurrentAssetsReversingOfImpairmentLoss" xlink:title="calculation: BiologicalAssetsCostMethodCurrentAssetsAtEndOfPeriod to BiologicalAssetsCostMethodCurrentAssetsReversingOfImpairmentLoss" order="8.0" weight="1.0"/>
    <link:loc xlink:type="locator" xlink:href="../../et-gaap-cor_2011-01-01.xsd#et-gaap_BiologicalAssetsCostMethodCurrentAssetsOtherChanges" xlink:label="BiologicalAssetsCostMethodCurrentAssetsOtherChanges" xlink:title="BiologicalAssetsCostMethodCurrentAssetsOtherChanges"/>
    <link:calculationArc xlink:type="arc" xlink:arcrole="http://www.xbrl.org/2003/arcrole/summation-item" xlink:from="BiologicalAssetsCostMethodCurrentAssetsAtEndOfPeriod" xlink:to="BiologicalAssetsCostMethodCurrentAssetsOtherChanges" xlink:title="calculation: BiologicalAssetsCostMethodCurrentAssetsAtEndOfPeriod to BiologicalAssetsCostMethodCurrentAssetsOtherChanges" order="9.0" weight="1.0"/>
  </link:calculationLink>
  <link:calculationLink xlink:type="extended" xlink:role="http://xbrl.eesti.ee/role/et-gaap_2011-01-01/NoteBiologicalAssets_role-817000"/>
</link:linkbase>
