<?xml version="1.0" encoding="UTF-8"?>
<!--
**************************************************************
et-gaap Taxonomy: 2011-01-01 (Final)

Copyright (C) 2010 Centre of Registers and Information Systems
**************************************************************
-->
<link:linkbase xmlns:xsi="http://www.w3.org/2001/XMLSchema-instance" xsi:schemaLocation="http://www.xbrl.org/2003/linkbase http://www.xbrl.org/2003/xbrl-linkbase-2003-12-31.xsd" xmlns:link="http://www.xbrl.org/2003/linkbase" xmlns:xlink="http://www.w3.org/1999/xlink" xmlns:p0="http://xbrl.org/2005/xbrldt">
  <link:roleRef roleURI="http://xbrl.eesti.ee/role/et-gaap_2011-01-01/NoteBiologicalAssets_role-817000" xlink:type="simple" xlink:href="role-817000.xsd#NoteBiologicalAssets_role-817000"/>
  <link:roleRef roleURI="http://xbrl.eesti.ee/role/et-gaap_2011-01-01/NoteBiologicalAssetsFullDimensionalBreakdown_role-817100" xlink:type="simple" xlink:href="role-817000.xsd#NoteBiologicalAssetsFullDimensionalBreakdown_role-817100"/>
  <link:arcroleRef arcroleURI="http://xbrl.org/int/dim/arcrole/all" xlink:type="simple" xlink:href="http://www.xbrl.org/2005/xbrldt-2005.xsd#all"/>
  <link:arcroleRef arcroleURI="http://xbrl.org/int/dim/arcrole/domain-member" xlink:type="simple" xlink:href="http://www.xbrl.org/2005/xbrldt-2005.xsd#domain-member"/>
  <link:definitionLink xlink:type="extended" xlink:role="http://xbrl.eesti.ee/role/et-gaap_2011-01-01/NoteBiologicalAssets_role-817000">
    <link:loc xlink:type="locator" xlink:href="../../et-gaap-cor_2011-01-01.xsd#et-gaap_NoteBiologicalAssetsAbstract" xlink:label="NoteBiologicalAssetsAbstract" xlink:title="NoteBiologicalAssetsAbstract"/>
    <link:loc xlink:type="locator" xlink:href="../../et-gaap-cor_2011-01-01.xsd#et-gaap_BiologicalAssetsFairValueMethodAbstract" xlink:label="BiologicalAssetsFairValueMethodAbstract" xlink:title="BiologicalAssetsFairValueMethodAbstract"/>
    <link:definitionArc xlink:type="arc" xlink:arcrole="http://xbrl.org/int/dim/arcrole/domain-member" xlink:from="NoteBiologicalAssetsAbstract" xlink:to="BiologicalAssetsFairValueMethodAbstract" xlink:title="definition: NoteBiologicalAssetsAbstract to BiologicalAssetsFairValueMethodAbstract" order="1.0"/>
    <link:loc xlink:type="locator" xlink:href="../../et-gaap-cor_2011-01-01.xsd#et-gaap_BiologicalAssetsFairValueMethodCurrentAssetsAbstract" xlink:label="BiologicalAssetsFairValueMethodCurrentAssetsAbstract" xlink:title="BiologicalAssetsFairValueMethodCurrentAssetsAbstract"/>
    <link:definitionArc xlink:type="arc" xlink:arcrole="http://xbrl.org/int/dim/arcrole/domain-member" xlink:from="BiologicalAssetsFairValueMethodAbstract" xlink:to="BiologicalAssetsFairValueMethodCurrentAssetsAbstract" xlink:title="definition: BiologicalAssetsFairValueMethodAbstract to BiologicalAssetsFairValueMethodCurrentAssetsAbstract" order="1.0"/>
    <link:loc xlink:type="locator" xlink:href="../../et-gaap-cor_2011-01-01.xsd#et-gaap_BiologicalAssetsFairValueMethodCurrentAssetsAtEndOfPreviousPeriod" xlink:label="BiologicalAssetsFairValueMethodCurrentAssetsAtEndOfPreviousPeriod" xlink:title="BiologicalAssetsFairValueMethodCurrentAssetsAtEndOfPreviousPeriod"/>
    <link:definitionArc xlink:type="arc" xlink:arcrole="http://xbrl.org/int/dim/arcrole/domain-member" xlink:from="BiologicalAssetsFairValueMethodCurrentAssetsAbstract" xlink:to="BiologicalAssetsFairValueMethodCurrentAssetsAtEndOfPreviousPeriod" xlink:title="definition: BiologicalAssetsFairValueMethodCurrentAssetsAbstract to BiologicalAssetsFairValueMethodCurrentAssetsAtEndOfPreviousPeriod" order="1.0"/>
    <link:loc xlink:type="locator" xlink:href="../../et-gaap-cor_2011-01-01.xsd#et-gaap_BiologicalAssetsFairValueMethodCurrentAssetsProfitLossFromChangeOfFairValue" xlink:label="BiologicalAssetsFairValueMethodCurrentAssetsProfitLossFromChangeOfFairValue" xlink:title="BiologicalAssetsFairValueMethodCurrentAssetsProfitLossFromChangeOfFairValue"/>
    <link:definitionArc xlink:type="arc" xlink:arcrole="http://xbrl.org/int/dim/arcrole/domain-member" xlink:from="BiologicalAssetsFairValueMethodCurrentAssetsAbstract" xlink:to="BiologicalAssetsFairValueMethodCurrentAssetsProfitLossFromChangeOfFairValue" xlink:title="definition: BiologicalAssetsFairValueMethodCurrentAssetsAbstract to BiologicalAssetsFairValueMethodCurrentAssetsProfitLossFromChangeOfFairValue" order="2.0"/>
    <link:loc xlink:type="locator" xlink:href="../../et-gaap-cor_2011-01-01.xsd#et-gaap_BiologicalAssetsFairValueMethodCurrentAssetsIncreaseOfValueDueToAcquisition" xlink:label="BiologicalAssetsFairValueMethodCurrentAssetsIncreaseOfValueDueToAcquisition" xlink:title="BiologicalAssetsFairValueMethodCurrentAssetsIncreaseOfValueDueToAcquisition"/>
    <link:definitionArc xlink:type="arc" xlink:arcrole="http://xbrl.org/int/dim/arcrole/domain-member" xlink:from="BiologicalAssetsFairValueMethodCurrentAssetsAbstract" xlink:to="BiologicalAssetsFairValueMethodCurrentAssetsIncreaseOfValueDueToAcquisition" xlink:title="definition: BiologicalAssetsFairValueMethodCurrentAssetsAbstract to BiologicalAssetsFairValueMethodCurrentAssetsIncreaseOfValueDueToAcquisition" order="3.0"/>
    <link:loc xlink:type="locator" xlink:href="../../et-gaap-cor_2011-01-01.xsd#et-gaap_BiologicalAssetsFairValueMethodCurrentAssetsDecreaseOfValueDueToDisposal" xlink:label="BiologicalAssetsFairValueMethodCurrentAssetsDecreaseOfValueDueToDisposal" xlink:title="BiologicalAssetsFairValueMethodCurrentAssetsDecreaseOfValueDueToDisposal"/>
    <link:definitionArc xlink:type="arc" xlink:arcrole="http://xbrl.org/int/dim/arcrole/domain-member" xlink:from="BiologicalAssetsFairValueMethodCurrentAssetsAbstract" xlink:to="BiologicalAssetsFairValueMethodCurrentAssetsDecreaseOfValueDueToDisposal" xlink:title="definition: BiologicalAssetsFairValueMethodCurrentAssetsAbstract to BiologicalAssetsFairValueMethodCurrentAssetsDecreaseOfValueDueToDisposal" order="4.0"/>
    <link:loc xlink:type="locator" xlink:href="../../et-gaap-cor_2011-01-01.xsd#et-gaap_BiologicalAssetsFairValueMethodCurrentAssetsDecreaseOfValueFromDueToProductionOfAgriculturalProducts" xlink:label="BiologicalAssetsFairValueMethodCurrentAssetsDecreaseOfValueFromDueToProductionOfAgriculturalProducts" xlink:title="BiologicalAssetsFairValueMethodCurrentAssetsDecreaseOfValueFromDueToProductionOfAgriculturalProducts"/>
    <link:definitionArc xlink:type="arc" xlink:arcrole="http://xbrl.org/int/dim/arcrole/domain-member" xlink:from="BiologicalAssetsFairValueMethodCurrentAssetsAbstract" xlink:to="BiologicalAssetsFairValueMethodCurrentAssetsDecreaseOfValueFromDueToProductionOfAgriculturalProducts" xlink:title="definition: BiologicalAssetsFairValueMethodCurrentAssetsAbstract to BiologicalAssetsFairValueMethodCurrentAssetsDecreaseOfValueFromDueToProductionOfAgriculturalProducts" order="5.0"/>
    <link:loc xlink:type="locator" xlink:href="../../et-gaap-cor_2011-01-01.xsd#et-gaap_BiologicalAssetsFairValueMethodCurrentAssetsIncreaseOfValueDueToGrowth" xlink:label="BiologicalAssetsFairValueMethodCurrentAssetsIncreaseOfValueDueToGrowth" xlink:title="BiologicalAssetsFairValueMethodCurrentAssetsIncreaseOfValueDueToGrowth"/>
    <link:definitionArc xlink:type="arc" xlink:arcrole="http://xbrl.org/int/dim/arcrole/domain-member" xlink:from="BiologicalAssetsFairValueMethodCurrentAssetsAbstract" xlink:to="BiologicalAssetsFairValueMethodCurrentAssetsIncreaseOfValueDueToGrowth" xlink:title="definition: BiologicalAssetsFairValueMethodCurrentAssetsAbstract to BiologicalAssetsFairValueMethodCurrentAssetsIncreaseOfValueDueToGrowth" order="6.0"/>
    <link:loc xlink:type="locator" xlink:href="../../et-gaap-cor_2011-01-01.xsd#et-gaap_BiologicalAssetsFairValueMethodCurrentAssetsAdditionsViaBusinessCombinations" xlink:label="BiologicalAssetsFairValueMethodCurrentAssetsAdditionsViaBusinessCombinations" xlink:title="BiologicalAssetsFairValueMethodCurrentAssetsAdditionsViaBusinessCombinations"/>
    <link:definitionArc xlink:type="arc" xlink:arcrole="http://xbrl.org/int/dim/arcrole/domain-member" xlink:from="BiologicalAssetsFairValueMethodCurrentAssetsAbstract" xlink:to="BiologicalAssetsFairValueMethodCurrentAssetsAdditionsViaBusinessCombinations" xlink:title="definition: BiologicalAssetsFairValueMethodCurrentAssetsAbstract to BiologicalAssetsFairValueMethodCurrentAssetsAdditionsViaBusinessCombinations" order="7.0"/>
    <link:loc xlink:type="locator" xlink:href="../../et-gaap-cor_2011-01-01.xsd#et-gaap_BiologicalAssetsFairValueMethodCurrentAssetsOtherChanges" xlink:label="BiologicalAssetsFairValueMethodCurrentAssetsOtherChanges" xlink:title="BiologicalAssetsFairValueMethodCurrentAssetsOtherChanges"/>
    <link:definitionArc xlink:type="arc" xlink:arcrole="http://xbrl.org/int/dim/arcrole/domain-member" xlink:from="BiologicalAssetsFairValueMethodCurrentAssetsAbstract" xlink:to="BiologicalAssetsFairValueMethodCurrentAssetsOtherChanges" xlink:title="definition: BiologicalAssetsFairValueMethodCurrentAssetsAbstract to BiologicalAssetsFairValueMethodCurrentAssetsOtherChanges" order="8.0"/>
    <link:loc xlink:type="locator" xlink:href="../../et-gaap-cor_2011-01-01.xsd#et-gaap_BiologicalAssetsFairValueMethodCurrentAssetsAtEndOfPeriod" xlink:label="BiologicalAssetsFairValueMethodCurrentAssetsAtEndOfPeriod" xlink:title="BiologicalAssetsFairValueMethodCurrentAssetsAtEndOfPeriod"/>
    <link:definitionArc xlink:type="arc" xlink:arcrole="http://xbrl.org/int/dim/arcrole/domain-member" xlink:from="BiologicalAssetsFairValueMethodCurrentAssetsAbstract" xlink:to="BiologicalAssetsFairValueMethodCurrentAssetsAtEndOfPeriod" xlink:title="definition: BiologicalAssetsFairValueMethodCurrentAssetsAbstract to BiologicalAssetsFairValueMethodCurrentAssetsAtEndOfPeriod" order="9.0"/>
    <link:loc xlink:type="locator" xlink:href="../../et-gaap-cor_2011-01-01.xsd#et-gaap_AllocationByBiologicalAssetsHypercube" xlink:label="AllocationByBiologicalAssetsHypercube" xlink:title="AllocationByBiologicalAssetsHypercube"/>
    <link:definitionArc xlink:type="arc" xlink:arcrole="http://xbrl.org/int/dim/arcrole/all" xlink:from="BiologicalAssetsFairValueMethodCurrentAssetsAbstract" xlink:to="AllocationByBiologicalAssetsHypercube" xlink:title="definition: BiologicalAssetsFairValueMethodCurrentAssetsAbstract to AllocationByBiologicalAssetsHypercube" use="optional" order="10.0" p0:targetRole="http://xbrl.eesti.ee/role/et-gaap_2011-01-01/NoteBiologicalAssetsFullDimensionalBreakdown_role-817100" p0:contextElement="scenario"/>
    <link:loc xlink:type="locator" xlink:href="../../et-gaap-cor_2011-01-01.xsd#et-gaap_BiologicalAssetsFairValueMethodFixedAssetsAbstract" xlink:label="BiologicalAssetsFairValueMethodFixedAssetsAbstract" xlink:title="BiologicalAssetsFairValueMethodFixedAssetsAbstract"/>
    <link:definitionArc xlink:type="arc" xlink:arcrole="http://xbrl.org/int/dim/arcrole/domain-member" xlink:from="BiologicalAssetsFairValueMethodAbstract" xlink:to="BiologicalAssetsFairValueMethodFixedAssetsAbstract" xlink:title="definition: BiologicalAssetsFairValueMethodAbstract to BiologicalAssetsFairValueMethodFixedAssetsAbstract" order="2.0"/>
    <link:loc xlink:type="locator" xlink:href="../../et-gaap-cor_2011-01-01.xsd#et-gaap_BiologicalAssetsFairValueMethodFixedAssetsAtEndOfPreviousPeriod" xlink:label="BiologicalAssetsFairValueMethodFixedAssetsAtEndOfPreviousPeriod" xlink:title="BiologicalAssetsFairValueMethodFixedAssetsAtEndOfPreviousPeriod"/>
    <link:definitionArc xlink:type="arc" xlink:arcrole="http://xbrl.org/int/dim/arcrole/domain-member" xlink:from="BiologicalAssetsFairValueMethodFixedAssetsAbstract" xlink:to="BiologicalAssetsFairValueMethodFixedAssetsAtEndOfPreviousPeriod" xlink:title="definition: BiologicalAssetsFairValueMethodFixedAssetsAbstract to BiologicalAssetsFairValueMethodFixedAssetsAtEndOfPreviousPeriod" order="1.0"/>
    <link:loc xlink:type="locator" xlink:href="../../et-gaap-cor_2011-01-01.xsd#et-gaap_BiologicalAssetsFairValueMethodFixedAssetsProfitLossFromChangeOfFairValue" xlink:label="BiologicalAssetsFairValueMethodFixedAssetsProfitLossFromChangeOfFairValue" xlink:title="BiologicalAssetsFairValueMethodFixedAssetsProfitLossFromChangeOfFairValue"/>
    <link:definitionArc xlink:type="arc" xlink:arcrole="http://xbrl.org/int/dim/arcrole/domain-member" xlink:from="BiologicalAssetsFairValueMethodFixedAssetsAbstract" xlink:to="BiologicalAssetsFairValueMethodFixedAssetsProfitLossFromChangeOfFairValue" xlink:title="definition: BiologicalAssetsFairValueMethodFixedAssetsAbstract to BiologicalAssetsFairValueMethodFixedAssetsProfitLossFromChangeOfFairValue" order="2.0"/>
    <link:loc xlink:type="locator" xlink:href="../../et-gaap-cor_2011-01-01.xsd#et-gaap_BiologicalAssetsFairValueMethodFixedAssetsIncreaseOfValueDueToAcquisition" xlink:label="BiologicalAssetsFairValueMethodFixedAssetsIncreaseOfValueDueToAcquisition" xlink:title="BiologicalAssetsFairValueMethodFixedAssetsIncreaseOfValueDueToAcquisition"/>
    <link:definitionArc xlink:type="arc" xlink:arcrole="http://xbrl.org/int/dim/arcrole/domain-member" xlink:from="BiologicalAssetsFairValueMethodFixedAssetsAbstract" xlink:to="BiologicalAssetsFairValueMethodFixedAssetsIncreaseOfValueDueToAcquisition" xlink:title="definition: BiologicalAssetsFairValueMethodFixedAssetsAbstract to BiologicalAssetsFairValueMethodFixedAssetsIncreaseOfValueDueToAcquisition" order="3.0"/>
    <link:loc xlink:type="locator" xlink:href="../../et-gaap-cor_2011-01-01.xsd#et-gaap_BiologicalAssetsFairValueMethodFixedAssetsDecreaseOfValueDueToDisposal" xlink:label="BiologicalAssetsFairValueMethodFixedAssetsDecreaseOfValueDueToDisposal" xlink:title="BiologicalAssetsFairValueMethodFixedAssetsDecreaseOfValueDueToDisposal"/>
    <link:definitionArc xlink:type="arc" xlink:arcrole="http://xbrl.org/int/dim/arcrole/domain-member" xlink:from="BiologicalAssetsFairValueMethodFixedAssetsAbstract" xlink:to="BiologicalAssetsFairValueMethodFixedAssetsDecreaseOfValueDueToDisposal" xlink:title="definition: BiologicalAssetsFairValueMethodFixedAssetsAbstract to BiologicalAssetsFairValueMethodFixedAssetsDecreaseOfValueDueToDisposal" order="4.0"/>
    <link:loc xlink:type="locator" xlink:href="../../et-gaap-cor_2011-01-01.xsd#et-gaap_BiologicalAssetsFairValueMethodFixedAssetsDecreaseOfValueFromDueToProductionOfAgriculturalProducts" xlink:label="BiologicalAssetsFairValueMethodFixedAssetsDecreaseOfValueFromDueToProductionOfAgriculturalProducts" xlink:title="BiologicalAssetsFairValueMethodFixedAssetsDecreaseOfValueFromDueToProductionOfAgriculturalProducts"/>
    <link:definitionArc xlink:type="arc" xlink:arcrole="http://xbrl.org/int/dim/arcrole/domain-member" xlink:from="BiologicalAssetsFairValueMethodFixedAssetsAbstract" xlink:to="BiologicalAssetsFairValueMethodFixedAssetsDecreaseOfValueFromDueToProductionOfAgriculturalProducts" xlink:title="definition: BiologicalAssetsFairValueMethodFixedAssetsAbstract to BiologicalAssetsFairValueMethodFixedAssetsDecreaseOfValueFromDueToProductionOfAgriculturalProducts" order="5.0"/>
    <link:loc xlink:type="locator" xlink:href="../../et-gaap-cor_2011-01-01.xsd#et-gaap_BiologicalAssetsFairValueMethodFixedAssetsIncreaseOfValueDueToGrowth" xlink:label="BiologicalAssetsFairValueMethodFixedAssetsIncreaseOfValueDueToGrowth" xlink:title="BiologicalAssetsFairValueMethodFixedAssetsIncreaseOfValueDueToGrowth"/>
    <link:definitionArc xlink:type="arc" xlink:arcrole="http://xbrl.org/int/dim/arcrole/domain-member" xlink:from="BiologicalAssetsFairValueMethodFixedAssetsAbstract" xlink:to="BiologicalAssetsFairValueMethodFixedAssetsIncreaseOfValueDueToGrowth" xlink:title="definition: BiologicalAssetsFairValueMethodFixedAssetsAbstract to BiologicalAssetsFairValueMethodFixedAssetsIncreaseOfValueDueToGrowth" order="6.0"/>
    <link:loc xlink:type="locator" xlink:href="../../et-gaap-cor_2011-01-01.xsd#et-gaap_BiologicalAssetsFairValueMethodFixedAssetsAdditionsViaBusinessCombinations" xlink:label="BiologicalAssetsFairValueMethodFixedAssetsAdditionsViaBusinessCombinations" xlink:title="BiologicalAssetsFairValueMethodFixedAssetsAdditionsViaBusinessCombinations"/>
    <link:definitionArc xlink:type="arc" xlink:arcrole="http://xbrl.org/int/dim/arcrole/domain-member" xlink:from="BiologicalAssetsFairValueMethodFixedAssetsAbstract" xlink:to="BiologicalAssetsFairValueMethodFixedAssetsAdditionsViaBusinessCombinations" xlink:title="definition: BiologicalAssetsFairValueMethodFixedAssetsAbstract to BiologicalAssetsFairValueMethodFixedAssetsAdditionsViaBusinessCombinations" order="7.0"/>
    <link:loc xlink:type="locator" xlink:href="../../et-gaap-cor_2011-01-01.xsd#et-gaap_BiologicalAssetsFairValueMethodFixedAssetsOtherChanges" xlink:label="BiologicalAssetsFairValueMethodFixedAssetsOtherChanges" xlink:title="BiologicalAssetsFairValueMethodFixedAssetsOtherChanges"/>
    <link:definitionArc xlink:type="arc" xlink:arcrole="http://xbrl.org/int/dim/arcrole/domain-member" xlink:from="BiologicalAssetsFairValueMethodFixedAssetsAbstract" xlink:to="BiologicalAssetsFairValueMethodFixedAssetsOtherChanges" xlink:title="definition: BiologicalAssetsFairValueMethodFixedAssetsAbstract to BiologicalAssetsFairValueMethodFixedAssetsOtherChanges" order="8.0"/>
    <link:loc xlink:type="locator" xlink:href="../../et-gaap-cor_2011-01-01.xsd#et-gaap_BiologicalAssetsFairValueMethodFixedAssetsAtEndOfPeriod" xlink:label="BiologicalAssetsFairValueMethodFixedAssetsAtEndOfPeriod" xlink:title="BiologicalAssetsFairValueMethodFixedAssetsAtEndOfPeriod"/>
    <link:definitionArc xlink:type="arc" xlink:arcrole="http://xbrl.org/int/dim/arcrole/domain-member" xlink:from="BiologicalAssetsFairValueMethodFixedAssetsAbstract" xlink:to="BiologicalAssetsFairValueMethodFixedAssetsAtEndOfPeriod" xlink:title="definition: BiologicalAssetsFairValueMethodFixedAssetsAbstract to BiologicalAssetsFairValueMethodFixedAssetsAtEndOfPeriod" order="9.0"/>
    <link:definitionArc xlink:type="arc" xlink:arcrole="http://xbrl.org/int/dim/arcrole/all" xlink:from="BiologicalAssetsFairValueMethodFixedAssetsAbstract" xlink:to="AllocationByBiologicalAssetsHypercube" xlink:title="definition: BiologicalAssetsFairValueMethodFixedAssetsAbstract to AllocationByBiologicalAssetsHypercube" order="10.0" p0:targetRole="http://xbrl.eesti.ee/role/et-gaap_2011-01-01/NoteBiologicalAssetsFullDimensionalBreakdown_role-817100" p0:contextElement="scenario"/>
    <link:loc xlink:type="locator" xlink:href="../../et-gaap-cor_2011-01-01.xsd#et-gaap_BiologicalAssetsCostMethodAbstract" xlink:label="BiologicalAssetsCostMethodAbstract" xlink:title="BiologicalAssetsCostMethodAbstract"/>
    <link:definitionArc xlink:type="arc" xlink:arcrole="http://xbrl.org/int/dim/arcrole/domain-member" xlink:from="NoteBiologicalAssetsAbstract" xlink:to="BiologicalAssetsCostMethodAbstract" xlink:title="definition: NoteBiologicalAssetsAbstract to BiologicalAssetsCostMethodAbstract" use="optional" order="2.0"/>
    <link:loc xlink:type="locator" xlink:href="../../et-gaap-cor_2011-01-01.xsd#et-gaap_BiologicalAssetsCostMethodCurrentAssetsAbstract" xlink:label="BiologicalAssetsCostMethodCurrentAssetsAbstract" xlink:title="BiologicalAssetsCostMethodCurrentAssetsAbstract"/>
    <link:definitionArc xlink:type="arc" xlink:arcrole="http://xbrl.org/int/dim/arcrole/domain-member" xlink:from="BiologicalAssetsCostMethodAbstract" xlink:to="BiologicalAssetsCostMethodCurrentAssetsAbstract" xlink:title="definition: BiologicalAssetsCostMethodAbstract to BiologicalAssetsCostMethodCurrentAssetsAbstract" use="optional" order="1.0"/>
    <link:loc xlink:type="locator" xlink:href="../../et-gaap-cor_2011-01-01.xsd#et-gaap_BiologicalAssetsCostMethodCurrentAssetsIncreaseOfValueDueToAcquisition" xlink:label="BiologicalAssetsCostMethodCurrentAssetsIncreaseOfValueDueToAcquisition" xlink:title="BiologicalAssetsCostMethodCurrentAssetsIncreaseOfValueDueToAcquisition"/>
    <link:definitionArc xlink:type="arc" xlink:arcrole="http://xbrl.org/int/dim/arcrole/domain-member" xlink:from="BiologicalAssetsCostMethodCurrentAssetsAbstract" xlink:to="BiologicalAssetsCostMethodCurrentAssetsIncreaseOfValueDueToAcquisition" xlink:title="definition: BiologicalAssetsCostMethodCurrentAssetsAbstract to BiologicalAssetsCostMethodCurrentAssetsIncreaseOfValueDueToAcquisition" use="optional" order="2.0"/>
    <link:loc xlink:type="locator" xlink:href="../../et-gaap-cor_2011-01-01.xsd#et-gaap_BiologicalAssetsCostMethodCurrentAssetsDecreaseOfValueDueToDisposal" xlink:label="BiologicalAssetsCostMethodCurrentAssetsDecreaseOfValueDueToDisposal" xlink:title="BiologicalAssetsCostMethodCurrentAssetsDecreaseOfValueDueToDisposal"/>
    <link:definitionArc xlink:type="arc" xlink:arcrole="http://xbrl.org/int/dim/arcrole/domain-member" xlink:from="BiologicalAssetsCostMethodCurrentAssetsAbstract" xlink:to="BiologicalAssetsCostMethodCurrentAssetsDecreaseOfValueDueToDisposal" xlink:title="definition: BiologicalAssetsCostMethodCurrentAssetsAbstract to BiologicalAssetsCostMethodCurrentAssetsDecreaseOfValueDueToDisposal" use="optional" order="3.0"/>
    <link:loc xlink:type="locator" xlink:href="../../et-gaap-cor_2011-01-01.xsd#et-gaap_BiologicalAssetsCostMethodCurrentAssetsDecreaseOfValueDueToProductionOfAgriculturalProducts" xlink:label="BiologicalAssetsCostMethodCurrentAssetsDecreaseOfValueDueToProductionOfAgriculturalProducts" xlink:title="BiologicalAssetsCostMethodCurrentAssetsDecreaseOfValueDueToProductionOfAgriculturalProducts"/>
    <link:definitionArc xlink:type="arc" xlink:arcrole="http://xbrl.org/int/dim/arcrole/domain-member" xlink:from="BiologicalAssetsCostMethodCurrentAssetsAbstract" xlink:to="BiologicalAssetsCostMethodCurrentAssetsDecreaseOfValueDueToProductionOfAgriculturalProducts" xlink:title="definition: BiologicalAssetsCostMethodCurrentAssetsAbstract to BiologicalAssetsCostMethodCurrentAssetsDecreaseOfValueDueToProductionOfAgriculturalProducts" use="optional" order="4.0"/>
    <link:loc xlink:type="locator" xlink:href="../../et-gaap-cor_2011-01-01.xsd#et-gaap_BiologicalAssetsCostMethodCurrentAssetsAdditionsViaBusinessCombinations" xlink:label="BiologicalAssetsCostMethodCurrentAssetsAdditionsViaBusinessCombinations" xlink:title="BiologicalAssetsCostMethodCurrentAssetsAdditionsViaBusinessCombinations"/>
    <link:definitionArc xlink:type="arc" xlink:arcrole="http://xbrl.org/int/dim/arcrole/domain-member" xlink:from="BiologicalAssetsCostMethodCurrentAssetsAbstract" xlink:to="BiologicalAssetsCostMethodCurrentAssetsAdditionsViaBusinessCombinations" xlink:title="definition: BiologicalAssetsCostMethodCurrentAssetsAbstract to BiologicalAssetsCostMethodCurrentAssetsAdditionsViaBusinessCombinations" use="optional" order="6.0"/>
    <link:loc xlink:type="locator" xlink:href="../../et-gaap-cor_2011-01-01.xsd#et-gaap_BiologicalAssetsCostMethodCurrentAssetsImpairmentLoss" xlink:label="BiologicalAssetsCostMethodCurrentAssetsImpairmentLoss" xlink:title="BiologicalAssetsCostMethodCurrentAssetsImpairmentLoss"/>
    <link:definitionArc xlink:type="arc" xlink:arcrole="http://xbrl.org/int/dim/arcrole/domain-member" xlink:from="BiologicalAssetsCostMethodCurrentAssetsAbstract" xlink:to="BiologicalAssetsCostMethodCurrentAssetsImpairmentLoss" xlink:title="definition: BiologicalAssetsCostMethodCurrentAssetsAbstract to BiologicalAssetsCostMethodCurrentAssetsImpairmentLoss" use="optional" order="7.0"/>
    <link:loc xlink:type="locator" xlink:href="../../et-gaap-cor_2011-01-01.xsd#et-gaap_BiologicalAssetsCostMethodCurrentAssetsReversingOfImpairmentLoss" xlink:label="BiologicalAssetsCostMethodCurrentAssetsReversingOfImpairmentLoss" xlink:title="BiologicalAssetsCostMethodCurrentAssetsReversingOfImpairmentLoss"/>
    <link:definitionArc xlink:type="arc" xlink:arcrole="http://xbrl.org/int/dim/arcrole/domain-member" xlink:from="BiologicalAssetsCostMethodCurrentAssetsAbstract" xlink:to="BiologicalAssetsCostMethodCurrentAssetsReversingOfImpairmentLoss" xlink:title="definition: BiologicalAssetsCostMethodCurrentAssetsAbstract to BiologicalAssetsCostMethodCurrentAssetsReversingOfImpairmentLoss" use="optional" order="8.0"/>
    <link:loc xlink:type="locator" xlink:href="../../et-gaap-cor_2011-01-01.xsd#et-gaap_BiologicalAssetsCostMethodCurrentAssetsOtherChanges" xlink:label="BiologicalAssetsCostMethodCurrentAssetsOtherChanges" xlink:title="BiologicalAssetsCostMethodCurrentAssetsOtherChanges"/>
    <link:definitionArc xlink:type="arc" xlink:arcrole="http://xbrl.org/int/dim/arcrole/domain-member" xlink:from="BiologicalAssetsCostMethodCurrentAssetsAbstract" xlink:to="BiologicalAssetsCostMethodCurrentAssetsOtherChanges" xlink:title="definition: BiologicalAssetsCostMethodCurrentAssetsAbstract to BiologicalAssetsCostMethodCurrentAssetsOtherChanges" use="optional" order="9.0"/>
    <link:definitionArc xlink:type="arc" xlink:arcrole="http://xbrl.org/int/dim/arcrole/all" xlink:from="BiologicalAssetsCostMethodCurrentAssetsAbstract" xlink:to="AllocationByBiologicalAssetsHypercube" xlink:title="definition: BiologicalAssetsCostMethodCurrentAssetsAbstract to AllocationByBiologicalAssetsHypercube" use="optional" order="11.0" p0:targetRole="http://xbrl.eesti.ee/role/et-gaap_2011-01-01/NoteBiologicalAssetsFullDimensionalBreakdown_role-817100" p0:contextElement="scenario"/>
    <link:loc xlink:type="locator" xlink:href="../../et-gaap-cor_2011-01-01.xsd#et-gaap_BiologicalAssetsCostMethodCurrentAssetsAtEndOfPreviousPeriod" xlink:label="BiologicalAssetsCostMethodCurrentAssetsAtEndOfPreviousPeriod" xlink:title="BiologicalAssetsCostMethodCurrentAssetsAtEndOfPreviousPeriod"/>
    <link:definitionArc xlink:type="arc" xlink:arcrole="http://xbrl.org/int/dim/arcrole/domain-member" xlink:from="BiologicalAssetsCostMethodCurrentAssetsAbstract" xlink:to="BiologicalAssetsCostMethodCurrentAssetsAtEndOfPreviousPeriod" xlink:title="definition: BiologicalAssetsCostMethodCurrentAssetsAbstract to BiologicalAssetsCostMethodCurrentAssetsAtEndOfPreviousPeriod" order="1.0"/>
    <link:loc xlink:type="locator" xlink:href="../../et-gaap-cor_2011-01-01.xsd#et-gaap_BiologicalAssetsCostMethodCurrentAssetsAtEndOfPeriod" xlink:label="BiologicalAssetsCostMethodCurrentAssetsAtEndOfPeriod" xlink:title="BiologicalAssetsCostMethodCurrentAssetsAtEndOfPeriod"/>
    <link:definitionArc xlink:type="arc" xlink:arcrole="http://xbrl.org/int/dim/arcrole/domain-member" xlink:from="BiologicalAssetsCostMethodCurrentAssetsAbstract" xlink:to="BiologicalAssetsCostMethodCurrentAssetsAtEndOfPeriod" xlink:title="definition: BiologicalAssetsCostMethodCurrentAssetsAbstract to BiologicalAssetsCostMethodCurrentAssetsAtEndOfPeriod" order="10.0"/>
    <link:loc xlink:type="locator" xlink:href="../../et-gaap-cor_2011-01-01.xsd#et-gaap_BiologicalAssetsCostMethodCurrentAssetsIncreaseOfValueDueToGrowth" xlink:label="BiologicalAssetsCostMethodCurrentAssetsIncreaseOfValueDueToGrowth" xlink:title="BiologicalAssetsCostMethodCurrentAssetsIncreaseOfValueDueToGrowth"/>
    <link:definitionArc xlink:type="arc" xlink:arcrole="http://xbrl.org/int/dim/arcrole/domain-member" xlink:from="BiologicalAssetsCostMethodCurrentAssetsAbstract" xlink:to="BiologicalAssetsCostMethodCurrentAssetsIncreaseOfValueDueToGrowth" xlink:title="definition: BiologicalAssetsCostMethodCurrentAssetsAbstract to BiologicalAssetsCostMethodCurrentAssetsIncreaseOfValueDueToGrowth" order="5.0"/>
    <link:loc xlink:type="locator" xlink:href="../../et-gaap-cor_2011-01-01.xsd#et-gaap_BiologicalAssetsCostMethodFixedAssetsAbstract" xlink:label="BiologicalAssetsCostMethodFixedAssetsAbstract" xlink:title="BiologicalAssetsCostMethodFixedAssetsAbstract"/>
    <link:definitionArc xlink:type="arc" xlink:arcrole="http://xbrl.org/int/dim/arcrole/domain-member" xlink:from="BiologicalAssetsCostMethodAbstract" xlink:to="BiologicalAssetsCostMethodFixedAssetsAbstract" xlink:title="definition: BiologicalAssetsCostMethodAbstract to BiologicalAssetsCostMethodFixedAssetsAbstract" use="optional" order="2.0"/>
    <link:loc xlink:type="locator" xlink:href="../../et-gaap-cor_2011-01-01.xsd#et-gaap_BiologicalAssetsCostMethodFixedAssetsAtEndOfPreviousPeriodAbstract" xlink:label="BiologicalAssetsCostMethodFixedAssetsAtEndOfPreviousPeriodAbstract" xlink:title="BiologicalAssetsCostMethodFixedAssetsAtEndOfPreviousPeriodAbstract"/>
    <link:definitionArc xlink:type="arc" xlink:arcrole="http://xbrl.org/int/dim/arcrole/domain-member" xlink:from="BiologicalAssetsCostMethodFixedAssetsAbstract" xlink:to="BiologicalAssetsCostMethodFixedAssetsAtEndOfPreviousPeriodAbstract" xlink:title="definition: BiologicalAssetsCostMethodFixedAssetsAbstract to BiologicalAssetsCostMethodFixedAssetsAtEndOfPreviousPeriodAbstract" use="optional" order="1.0"/>
    <link:loc xlink:type="locator" xlink:href="../../et-gaap-cor_2011-01-01.xsd#et-gaap_BiologicalAssetsCostMethodFixedAssetsAtEndOfPreviousPeriodCarriedAtCost" xlink:label="BiologicalAssetsCostMethodFixedAssetsAtEndOfPreviousPeriodCarriedAtCost" xlink:title="BiologicalAssetsCostMethodFixedAssetsAtEndOfPreviousPeriodCarriedAtCost"/>
    <link:definitionArc xlink:type="arc" xlink:arcrole="http://xbrl.org/int/dim/arcrole/domain-member" xlink:from="BiologicalAssetsCostMethodFixedAssetsAtEndOfPreviousPeriodAbstract" xlink:to="BiologicalAssetsCostMethodFixedAssetsAtEndOfPreviousPeriodCarriedAtCost" xlink:title="definition: BiologicalAssetsCostMethodFixedAssetsAtEndOfPreviousPeriodAbstract to BiologicalAssetsCostMethodFixedAssetsAtEndOfPreviousPeriodCarriedAtCost" use="optional" order="1.0"/>
    <link:loc xlink:type="locator" xlink:href="../../et-gaap-cor_2011-01-01.xsd#et-gaap_BiologicalAssetsCostMethodFixedAssetsAtEndOfPreviousPeriodAccumulatedDepreciation" xlink:label="BiologicalAssetsCostMethodFixedAssetsAtEndOfPreviousPeriodAccumulatedDepreciation" xlink:title="BiologicalAssetsCostMethodFixedAssetsAtEndOfPreviousPeriodAccumulatedDepreciation"/>
    <link:definitionArc xlink:type="arc" xlink:arcrole="http://xbrl.org/int/dim/arcrole/domain-member" xlink:from="BiologicalAssetsCostMethodFixedAssetsAtEndOfPreviousPeriodAbstract" xlink:to="BiologicalAssetsCostMethodFixedAssetsAtEndOfPreviousPeriodAccumulatedDepreciation" xlink:title="definition: BiologicalAssetsCostMethodFixedAssetsAtEndOfPreviousPeriodAbstract to BiologicalAssetsCostMethodFixedAssetsAtEndOfPreviousPeriodAccumulatedDepreciation" use="optional" order="2.0"/>
    <link:loc xlink:type="locator" xlink:href="../../et-gaap-cor_2011-01-01.xsd#et-gaap_BiologicalAssetsCostMethodFixedAssetsAtEndOfPreviousPeriodResidualCost" xlink:label="BiologicalAssetsCostMethodFixedAssetsAtEndOfPreviousPeriodResidualCost" xlink:title="BiologicalAssetsCostMethodFixedAssetsAtEndOfPreviousPeriodResidualCost"/>
    <link:definitionArc xlink:type="arc" xlink:arcrole="http://xbrl.org/int/dim/arcrole/domain-member" xlink:from="BiologicalAssetsCostMethodFixedAssetsAtEndOfPreviousPeriodAbstract" xlink:to="BiologicalAssetsCostMethodFixedAssetsAtEndOfPreviousPeriodResidualCost" xlink:title="definition: BiologicalAssetsCostMethodFixedAssetsAtEndOfPreviousPeriodAbstract to BiologicalAssetsCostMethodFixedAssetsAtEndOfPreviousPeriodResidualCost" use="optional" order="3.0"/>
    <link:loc xlink:type="locator" xlink:href="../../et-gaap-cor_2011-01-01.xsd#et-gaap_BiologicalAssetsCostMethodFixedAssetsIncreaseOfValueDueToAcquisition" xlink:label="BiologicalAssetsCostMethodFixedAssetsIncreaseOfValueDueToAcquisition" xlink:title="BiologicalAssetsCostMethodFixedAssetsIncreaseOfValueDueToAcquisition"/>
    <link:definitionArc xlink:type="arc" xlink:arcrole="http://xbrl.org/int/dim/arcrole/domain-member" xlink:from="BiologicalAssetsCostMethodFixedAssetsAbstract" xlink:to="BiologicalAssetsCostMethodFixedAssetsIncreaseOfValueDueToAcquisition" xlink:title="definition: BiologicalAssetsCostMethodFixedAssetsAbstract to BiologicalAssetsCostMethodFixedAssetsIncreaseOfValueDueToAcquisition" use="optional" order="2.0"/>
    <link:loc xlink:type="locator" xlink:href="../../et-gaap-cor_2011-01-01.xsd#et-gaap_BiologicalAssetsCostMethodFixedAssetsDecreaseOfValueDueToDisposal" xlink:label="BiologicalAssetsCostMethodFixedAssetsDecreaseOfValueDueToDisposal" xlink:title="BiologicalAssetsCostMethodFixedAssetsDecreaseOfValueDueToDisposal"/>
    <link:definitionArc xlink:type="arc" xlink:arcrole="http://xbrl.org/int/dim/arcrole/domain-member" xlink:from="BiologicalAssetsCostMethodFixedAssetsAbstract" xlink:to="BiologicalAssetsCostMethodFixedAssetsDecreaseOfValueDueToDisposal" xlink:title="definition: BiologicalAssetsCostMethodFixedAssetsAbstract to BiologicalAssetsCostMethodFixedAssetsDecreaseOfValueDueToDisposal" use="optional" order="3.0"/>
    <link:loc xlink:type="locator" xlink:href="../../et-gaap-cor_2011-01-01.xsd#et-gaap_BiologicalAssetsCostMethodFixedAssetsDecreaseOfValueDueToProductionOfAgriculturalProducts" xlink:label="BiologicalAssetsCostMethodFixedAssetsDecreaseOfValueDueToProductionOfAgriculturalProducts" xlink:title="BiologicalAssetsCostMethodFixedAssetsDecreaseOfValueDueToProductionOfAgriculturalProducts"/>
    <link:definitionArc xlink:type="arc" xlink:arcrole="http://xbrl.org/int/dim/arcrole/domain-member" xlink:from="BiologicalAssetsCostMethodFixedAssetsAbstract" xlink:to="BiologicalAssetsCostMethodFixedAssetsDecreaseOfValueDueToProductionOfAgriculturalProducts" xlink:title="definition: BiologicalAssetsCostMethodFixedAssetsAbstract to BiologicalAssetsCostMethodFixedAssetsDecreaseOfValueDueToProductionOfAgriculturalProducts" use="optional" order="4.0"/>
    <link:loc xlink:type="locator" xlink:href="../../et-gaap-cor_2011-01-01.xsd#et-gaap_BiologicalAssetsCostMethodFixedAssetsAdditionsViaBusinessCombinations" xlink:label="BiologicalAssetsCostMethodFixedAssetsAdditionsViaBusinessCombinations" xlink:title="BiologicalAssetsCostMethodFixedAssetsAdditionsViaBusinessCombinations"/>
    <link:definitionArc xlink:type="arc" xlink:arcrole="http://xbrl.org/int/dim/arcrole/domain-member" xlink:from="BiologicalAssetsCostMethodFixedAssetsAbstract" xlink:to="BiologicalAssetsCostMethodFixedAssetsAdditionsViaBusinessCombinations" xlink:title="definition: BiologicalAssetsCostMethodFixedAssetsAbstract to BiologicalAssetsCostMethodFixedAssetsAdditionsViaBusinessCombinations" use="optional" order="6.0"/>
    <link:loc xlink:type="locator" xlink:href="../../et-gaap-cor_2011-01-01.xsd#et-gaap_BiologicalAssetsCostMethodFixedAssetsDepreciation" xlink:label="BiologicalAssetsCostMethodFixedAssetsDepreciation" xlink:title="BiologicalAssetsCostMethodFixedAssetsDepreciation"/>
    <link:definitionArc xlink:type="arc" xlink:arcrole="http://xbrl.org/int/dim/arcrole/domain-member" xlink:from="BiologicalAssetsCostMethodFixedAssetsAbstract" xlink:to="BiologicalAssetsCostMethodFixedAssetsDepreciation" xlink:title="definition: BiologicalAssetsCostMethodFixedAssetsAbstract to BiologicalAssetsCostMethodFixedAssetsDepreciation" use="optional" order="7.0"/>
    <link:loc xlink:type="locator" xlink:href="../../et-gaap-cor_2011-01-01.xsd#et-gaap_BiologicalAssetsCostMethodFixedAssetsImpairmentLoss" xlink:label="BiologicalAssetsCostMethodFixedAssetsImpairmentLoss" xlink:title="BiologicalAssetsCostMethodFixedAssetsImpairmentLoss"/>
    <link:definitionArc xlink:type="arc" xlink:arcrole="http://xbrl.org/int/dim/arcrole/domain-member" xlink:from="BiologicalAssetsCostMethodFixedAssetsAbstract" xlink:to="BiologicalAssetsCostMethodFixedAssetsImpairmentLoss" xlink:title="definition: BiologicalAssetsCostMethodFixedAssetsAbstract to BiologicalAssetsCostMethodFixedAssetsImpairmentLoss" use="optional" order="8.0"/>
    <link:loc xlink:type="locator" xlink:href="../../et-gaap-cor_2011-01-01.xsd#et-gaap_BiologicalAssetsCostMethodFixedAssetsReversingOfImpairmentLoss" xlink:label="BiologicalAssetsCostMethodFixedAssetsReversingOfImpairmentLoss" xlink:title="BiologicalAssetsCostMethodFixedAssetsReversingOfImpairmentLoss"/>
    <link:definitionArc xlink:type="arc" xlink:arcrole="http://xbrl.org/int/dim/arcrole/domain-member" xlink:from="BiologicalAssetsCostMethodFixedAssetsAbstract" xlink:to="BiologicalAssetsCostMethodFixedAssetsReversingOfImpairmentLoss" xlink:title="definition: BiologicalAssetsCostMethodFixedAssetsAbstract to BiologicalAssetsCostMethodFixedAssetsReversingOfImpairmentLoss" use="optional" order="9.0"/>
    <link:loc xlink:type="locator" xlink:href="../../et-gaap-cor_2011-01-01.xsd#et-gaap_BiologicalAssetsCostMethodFixedAssetsOtherChanges" xlink:label="BiologicalAssetsCostMethodFixedAssetsOtherChanges" xlink:title="BiologicalAssetsCostMethodFixedAssetsOtherChanges"/>
    <link:definitionArc xlink:type="arc" xlink:arcrole="http://xbrl.org/int/dim/arcrole/domain-member" xlink:from="BiologicalAssetsCostMethodFixedAssetsAbstract" xlink:to="BiologicalAssetsCostMethodFixedAssetsOtherChanges" xlink:title="definition: BiologicalAssetsCostMethodFixedAssetsAbstract to BiologicalAssetsCostMethodFixedAssetsOtherChanges" use="optional" order="10.0"/>
    <link:loc xlink:type="locator" xlink:href="../../et-gaap-cor_2011-01-01.xsd#et-gaap_BiologicalAssetsCostMethodFixedAssetsAtEndOfPeriodAbstract" xlink:label="BiologicalAssetsCostMethodFixedAssetsAtEndOfPeriodAbstract" xlink:title="BiologicalAssetsCostMethodFixedAssetsAtEndOfPeriodAbstract"/>
    <link:definitionArc xlink:type="arc" xlink:arcrole="http://xbrl.org/int/dim/arcrole/domain-member" xlink:from="BiologicalAssetsCostMethodFixedAssetsAbstract" xlink:to="BiologicalAssetsCostMethodFixedAssetsAtEndOfPeriodAbstract" xlink:title="definition: BiologicalAssetsCostMethodFixedAssetsAbstract to BiologicalAssetsCostMethodFixedAssetsAtEndOfPeriodAbstract" use="optional" order="11.0"/>
    <link:loc xlink:type="locator" xlink:href="../../et-gaap-cor_2011-01-01.xsd#et-gaap_BiologicalAssetsCostMethodFixedAssetsAtEndOfPeriodCarriedAtCost" xlink:label="BiologicalAssetsCostMethodFixedAssetsAtEndOfPeriodCarriedAtCost" xlink:title="BiologicalAssetsCostMethodFixedAssetsAtEndOfPeriodCarriedAtCost"/>
    <link:definitionArc xlink:type="arc" xlink:arcrole="http://xbrl.org/int/dim/arcrole/domain-member" xlink:from="BiologicalAssetsCostMethodFixedAssetsAtEndOfPeriodAbstract" xlink:to="BiologicalAssetsCostMethodFixedAssetsAtEndOfPeriodCarriedAtCost" xlink:title="definition: BiologicalAssetsCostMethodFixedAssetsAtEndOfPeriodAbstract to BiologicalAssetsCostMethodFixedAssetsAtEndOfPeriodCarriedAtCost" use="optional" order="1.0"/>
    <link:loc xlink:type="locator" xlink:href="../../et-gaap-cor_2011-01-01.xsd#et-gaap_BiologicalAssetsCostMethodFixedAssetsAtEndOfPeriodAccumulatedDepreciation" xlink:label="BiologicalAssetsCostMethodFixedAssetsAtEndOfPeriodAccumulatedDepreciation" xlink:title="BiologicalAssetsCostMethodFixedAssetsAtEndOfPeriodAccumulatedDepreciation"/>
    <link:definitionArc xlink:type="arc" xlink:arcrole="http://xbrl.org/int/dim/arcrole/domain-member" xlink:from="BiologicalAssetsCostMethodFixedAssetsAtEndOfPeriodAbstract" xlink:to="BiologicalAssetsCostMethodFixedAssetsAtEndOfPeriodAccumulatedDepreciation" xlink:title="definition: BiologicalAssetsCostMethodFixedAssetsAtEndOfPeriodAbstract to BiologicalAssetsCostMethodFixedAssetsAtEndOfPeriodAccumulatedDepreciation" use="optional" order="2.0"/>
    <link:loc xlink:type="locator" xlink:href="../../et-gaap-cor_2011-01-01.xsd#et-gaap_BiologicalAssetsCostMethodFixedAssetsAtEndOfPeriodResidualCost" xlink:label="BiologicalAssetsCostMethodFixedAssetsAtEndOfPeriodResidualCost" xlink:title="BiologicalAssetsCostMethodFixedAssetsAtEndOfPeriodResidualCost"/>
    <link:definitionArc xlink:type="arc" xlink:arcrole="http://xbrl.org/int/dim/arcrole/domain-member" xlink:from="BiologicalAssetsCostMethodFixedAssetsAtEndOfPeriodAbstract" xlink:to="BiologicalAssetsCostMethodFixedAssetsAtEndOfPeriodResidualCost" xlink:title="definition: BiologicalAssetsCostMethodFixedAssetsAtEndOfPeriodAbstract to BiologicalAssetsCostMethodFixedAssetsAtEndOfPeriodResidualCost" use="optional" order="3.0"/>
    <link:definitionArc xlink:type="arc" xlink:arcrole="http://xbrl.org/int/dim/arcrole/all" xlink:from="BiologicalAssetsCostMethodFixedAssetsAbstract" xlink:to="AllocationByBiologicalAssetsHypercube" xlink:title="definition: BiologicalAssetsCostMethodFixedAssetsAbstract to AllocationByBiologicalAssetsHypercube" use="optional" order="12.0" p0:targetRole="http://xbrl.eesti.ee/role/et-gaap_2011-01-01/NoteBiologicalAssetsFullDimensionalBreakdown_role-817100" p0:contextElement="scenario"/>
    <link:loc xlink:type="locator" xlink:href="../../et-gaap-cor_2011-01-01.xsd#et-gaap_BiologicalAssetsCostMethodFixedAssetsIncreaseOfValueDueToGrowth" xlink:label="BiologicalAssetsCostMethodFixedAssetsIncreaseOfValueDueToGrowth" xlink:title="BiologicalAssetsCostMethodFixedAssetsIncreaseOfValueDueToGrowth"/>
    <link:definitionArc xlink:type="arc" xlink:arcrole="http://xbrl.org/int/dim/arcrole/domain-member" xlink:from="BiologicalAssetsCostMethodFixedAssetsAbstract" xlink:to="BiologicalAssetsCostMethodFixedAssetsIncreaseOfValueDueToGrowth" xlink:title="definition: BiologicalAssetsCostMethodFixedAssetsAbstract to BiologicalAssetsCostMethodFixedAssetsIncreaseOfValueDueToGrowth" order="5.0"/>
    <link:loc xlink:type="locator" xlink:href="../../et-gaap-cor_2011-01-01.xsd#et-gaap_DisposalOfBiologicalAssetsAtSellingPriceAbstract" xlink:label="DisposalOfBiologicalAssetsAtSellingPriceAbstract" xlink:title="DisposalOfBiologicalAssetsAtSellingPriceAbstract"/>
    <link:definitionArc xlink:type="arc" xlink:arcrole="http://xbrl.org/int/dim/arcrole/domain-member" xlink:from="NoteBiologicalAssetsAbstract" xlink:to="DisposalOfBiologicalAssetsAtSellingPriceAbstract" xlink:title="definition: NoteBiologicalAssetsAbstract to DisposalOfBiologicalAssetsAtSellingPriceAbstract" use="optional" order="3.0"/>
    <link:loc xlink:type="locator" xlink:href="../../et-gaap-cor_2011-01-01.xsd#et-gaap_DisposalOfBiologicalAssetsAtSellingPriceAnimals" xlink:label="DisposalOfBiologicalAssetsAtSellingPriceAnimals" xlink:title="DisposalOfBiologicalAssetsAtSellingPriceAnimals"/>
    <link:definitionArc xlink:type="arc" xlink:arcrole="http://xbrl.org/int/dim/arcrole/domain-member" xlink:from="DisposalOfBiologicalAssetsAtSellingPriceAbstract" xlink:to="DisposalOfBiologicalAssetsAtSellingPriceAnimals" xlink:title="definition: DisposalOfBiologicalAssetsAtSellingPriceAbstract to DisposalOfBiologicalAssetsAtSellingPriceAnimals" use="optional" order="1.0"/>
    <link:loc xlink:type="locator" xlink:href="../../et-gaap-cor_2011-01-01.xsd#et-gaap_DisposalOfBiologicalAssetsAtSellingPricePlantations" xlink:label="DisposalOfBiologicalAssetsAtSellingPricePlantations" xlink:title="DisposalOfBiologicalAssetsAtSellingPricePlantations"/>
    <link:definitionArc xlink:type="arc" xlink:arcrole="http://xbrl.org/int/dim/arcrole/domain-member" xlink:from="DisposalOfBiologicalAssetsAtSellingPriceAbstract" xlink:to="DisposalOfBiologicalAssetsAtSellingPricePlantations" xlink:title="definition: DisposalOfBiologicalAssetsAtSellingPriceAbstract to DisposalOfBiologicalAssetsAtSellingPricePlantations" use="optional" order="2.0"/>
    <link:loc xlink:type="locator" xlink:href="../../et-gaap-cor_2011-01-01.xsd#et-gaap_DisposalOfBiologicalAssetsAtSellingPriceForest" xlink:label="DisposalOfBiologicalAssetsAtSellingPriceForest" xlink:title="DisposalOfBiologicalAssetsAtSellingPriceForest"/>
    <link:definitionArc xlink:type="arc" xlink:arcrole="http://xbrl.org/int/dim/arcrole/domain-member" xlink:from="DisposalOfBiologicalAssetsAtSellingPriceAbstract" xlink:to="DisposalOfBiologicalAssetsAtSellingPriceForest" xlink:title="definition: DisposalOfBiologicalAssetsAtSellingPriceAbstract to DisposalOfBiologicalAssetsAtSellingPriceForest" use="optional" order="3.0"/>
    <link:loc xlink:type="locator" xlink:href="../../et-gaap-cor_2011-01-01.xsd#et-gaap_DisposalOfBiologicalAssetsAtSellingPriceCrop" xlink:label="DisposalOfBiologicalAssetsAtSellingPriceCrop" xlink:title="DisposalOfBiologicalAssetsAtSellingPriceCrop"/>
    <link:definitionArc xlink:type="arc" xlink:arcrole="http://xbrl.org/int/dim/arcrole/domain-member" xlink:from="DisposalOfBiologicalAssetsAtSellingPriceAbstract" xlink:to="DisposalOfBiologicalAssetsAtSellingPriceCrop" xlink:title="definition: DisposalOfBiologicalAssetsAtSellingPriceAbstract to DisposalOfBiologicalAssetsAtSellingPriceCrop" use="optional" order="4.0"/>
    <link:loc xlink:type="locator" xlink:href="../../et-gaap-cor_2011-01-01.xsd#et-gaap_DisposalOfBiologicalAssetsAtSellingPriceGrasslands" xlink:label="DisposalOfBiologicalAssetsAtSellingPriceGrasslands" xlink:title="DisposalOfBiologicalAssetsAtSellingPriceGrasslands"/>
    <link:definitionArc xlink:type="arc" xlink:arcrole="http://xbrl.org/int/dim/arcrole/domain-member" xlink:from="DisposalOfBiologicalAssetsAtSellingPriceAbstract" xlink:to="DisposalOfBiologicalAssetsAtSellingPriceGrasslands" xlink:title="definition: DisposalOfBiologicalAssetsAtSellingPriceAbstract to DisposalOfBiologicalAssetsAtSellingPriceGrasslands" use="optional" order="5.0"/>
    <link:loc xlink:type="locator" xlink:href="../../et-gaap-cor_2011-01-01.xsd#et-gaap_DisposalOfBiologicalAssetsAtSellingPriceTotal" xlink:label="DisposalOfBiologicalAssetsAtSellingPriceTotal" xlink:title="DisposalOfBiologicalAssetsAtSellingPriceTotal"/>
    <link:definitionArc xlink:type="arc" xlink:arcrole="http://xbrl.org/int/dim/arcrole/domain-member" xlink:from="DisposalOfBiologicalAssetsAtSellingPriceAbstract" xlink:to="DisposalOfBiologicalAssetsAtSellingPriceTotal" xlink:title="definition: DisposalOfBiologicalAssetsAtSellingPriceAbstract to DisposalOfBiologicalAssetsAtSellingPriceTotal" use="optional" order="6.0"/>
    <link:loc xlink:type="locator" xlink:href="../../et-gaap-cor_2011-01-01.xsd#et-gaap_NoteBiologicalAssets" xlink:label="NoteBiologicalAssets" xlink:title="NoteBiologicalAssets"/>
    <link:definitionArc xlink:type="arc" xlink:arcrole="http://xbrl.org/int/dim/arcrole/domain-member" xlink:from="NoteBiologicalAssetsAbstract" xlink:to="NoteBiologicalAssets" xlink:title="definition: NoteBiologicalAssetsAbstract to NoteBiologicalAssets" use="optional" order="4.0"/>
  </link:definitionLink>
</link:linkbase>
