<?xml version="1.0" encoding="UTF-8"?>
<!--
**************************************************************
et-gaap Taxonomy: 2011-01-01 (Final)

Copyright (C) 2010 Centre of Registers and Information Systems
**************************************************************
-->
<link:linkbase xmlns:xsi="http://www.w3.org/2001/XMLSchema-instance" xsi:schemaLocation="http://www.xbrl.org/2003/linkbase http://www.xbrl.org/2003/xbrl-linkbase-2003-12-31.xsd" xmlns:link="http://www.xbrl.org/2003/linkbase" xmlns:xlink="http://www.w3.org/1999/xlink" xmlns:p0="http://xbrl.org/2005/xbrldt">
  <link:roleRef roleURI="http://xbrl.eesti.ee/role/et-gaap_2011-01-01/NoteBiologicalAssetsFullDimensionalBreakdown_role-817100" xlink:type="simple" xlink:href="role-817000.xsd#NoteBiologicalAssetsFullDimensionalBreakdown_role-817100"/>
  <link:arcroleRef arcroleURI="http://xbrl.org/int/dim/arcrole/dimension-domain" xlink:type="simple" xlink:href="http://www.xbrl.org/2005/xbrldt-2005.xsd#dimension-domain"/>
  <link:arcroleRef arcroleURI="http://xbrl.org/int/dim/arcrole/domain-member" xlink:type="simple" xlink:href="http://www.xbrl.org/2005/xbrldt-2005.xsd#domain-member"/>
  <link:arcroleRef arcroleURI="http://xbrl.org/int/dim/arcrole/hypercube-dimension" xlink:type="simple" xlink:href="http://www.xbrl.org/2005/xbrldt-2005.xsd#hypercube-dimension"/>
  <link:definitionLink xlink:type="extended" xlink:role="http://xbrl.eesti.ee/role/et-gaap_2011-01-01/NoteBiologicalAssetsFullDimensionalBreakdown_role-817100">
    <link:loc xlink:type="locator" xlink:href="../../et-gaap-cor_2011-01-01.xsd#et-gaap_AllocationByBiologicalAssetsHypercube" xlink:label="AllocationByBiologicalAssetsHypercube" xlink:title="AllocationByBiologicalAssetsHypercube"/>
    <link:loc xlink:type="locator" xlink:href="../../et-gaap-cor_2011-01-01.xsd#et-gaap_BiologicalAssetsDimension" xlink:label="BiologicalAssetsDimension" xlink:title="BiologicalAssetsDimension"/>
    <link:definitionArc xlink:type="arc" xlink:arcrole="http://xbrl.org/int/dim/arcrole/hypercube-dimension" xlink:from="AllocationByBiologicalAssetsHypercube" xlink:to="BiologicalAssetsDimension" xlink:title="definition: AllocationByBiologicalAssetsHypercube to BiologicalAssetsDimension" order="1.0" p0:closed="true"/>
    <link:loc xlink:type="locator" xlink:href="../../et-gaap-cor_2011-01-01.xsd#et-gaap_BiologicalAssetsTotalAbstract" xlink:label="BiologicalAssetsTotalAbstract" xlink:title="BiologicalAssetsTotalAbstract"/>
    <link:definitionArc xlink:type="arc" xlink:arcrole="http://xbrl.org/int/dim/arcrole/dimension-domain" xlink:from="BiologicalAssetsDimension" xlink:to="BiologicalAssetsTotalAbstract" xlink:title="definition: BiologicalAssetsDimension to BiologicalAssetsTotalAbstract" order="1.0"/>
    <link:loc xlink:type="locator" xlink:href="../../et-gaap-cor_2011-01-01.xsd#et-gaap_BiologicalAssetsAnimalsAbstract" xlink:label="BiologicalAssetsAnimalsAbstract" xlink:title="BiologicalAssetsAnimalsAbstract"/>
    <link:definitionArc xlink:type="arc" xlink:arcrole="http://xbrl.org/int/dim/arcrole/domain-member" xlink:from="BiologicalAssetsTotalAbstract" xlink:to="BiologicalAssetsAnimalsAbstract" xlink:title="definition: BiologicalAssetsTotalAbstract to BiologicalAssetsAnimalsAbstract" order="1.0"/>
    <link:loc xlink:type="locator" xlink:href="../../et-gaap-cor_2011-01-01.xsd#et-gaap_BiologicalAssetsPlantationsAbstract" xlink:label="BiologicalAssetsPlantationsAbstract" xlink:title="BiologicalAssetsPlantationsAbstract"/>
    <link:definitionArc xlink:type="arc" xlink:arcrole="http://xbrl.org/int/dim/arcrole/domain-member" xlink:from="BiologicalAssetsTotalAbstract" xlink:to="BiologicalAssetsPlantationsAbstract" xlink:title="definition: BiologicalAssetsTotalAbstract to BiologicalAssetsPlantationsAbstract" order="2.0"/>
    <link:loc xlink:type="locator" xlink:href="../../et-gaap-cor_2011-01-01.xsd#et-gaap_BiologicalAssetsForestAbstract" xlink:label="BiologicalAssetsForestAbstract" xlink:title="BiologicalAssetsForestAbstract"/>
    <link:definitionArc xlink:type="arc" xlink:arcrole="http://xbrl.org/int/dim/arcrole/domain-member" xlink:from="BiologicalAssetsTotalAbstract" xlink:to="BiologicalAssetsForestAbstract" xlink:title="definition: BiologicalAssetsTotalAbstract to BiologicalAssetsForestAbstract" order="3.0"/>
    <link:loc xlink:type="locator" xlink:href="../../et-gaap-cor_2011-01-01.xsd#et-gaap_BiologicalAssetsCropAbstract" xlink:label="BiologicalAssetsCropAbstract" xlink:title="BiologicalAssetsCropAbstract"/>
    <link:definitionArc xlink:type="arc" xlink:arcrole="http://xbrl.org/int/dim/arcrole/domain-member" xlink:from="BiologicalAssetsTotalAbstract" xlink:to="BiologicalAssetsCropAbstract" xlink:title="definition: BiologicalAssetsTotalAbstract to BiologicalAssetsCropAbstract" order="4.0"/>
    <link:loc xlink:type="locator" xlink:href="../../et-gaap-cor_2011-01-01.xsd#et-gaap_BiologicalAssetsGrasslandsAbstract" xlink:label="BiologicalAssetsGrasslandsAbstract" xlink:title="BiologicalAssetsGrasslandsAbstract"/>
    <link:definitionArc xlink:type="arc" xlink:arcrole="http://xbrl.org/int/dim/arcrole/domain-member" xlink:from="BiologicalAssetsTotalAbstract" xlink:to="BiologicalAssetsGrasslandsAbstract" xlink:title="definition: BiologicalAssetsTotalAbstract to BiologicalAssetsGrasslandsAbstract" order="5.0"/>
    <link:loc xlink:type="locator" xlink:href="../../et-gaap-cor_2011-01-01.xsd#et-gaap_BiologicalAssetsPrepaymentsAbstract" xlink:label="BiologicalAssetsPrepaymentsAbstract" xlink:title="BiologicalAssetsPrepaymentsAbstract"/>
    <link:definitionArc xlink:type="arc" xlink:arcrole="http://xbrl.org/int/dim/arcrole/domain-member" xlink:from="BiologicalAssetsTotalAbstract" xlink:to="BiologicalAssetsPrepaymentsAbstract" xlink:title="definition: BiologicalAssetsTotalAbstract to BiologicalAssetsPrepaymentsAbstract" order="6.0"/>
  </link:definitionLink>
</link:linkbase>
