<?xml version="1.0" encoding="UTF-8"?>
<!--
**************************************************************
et-gaap Taxonomy: 2011-01-01 (Final)

Copyright (C) 2010 Centre of Registers and Information Systems
**************************************************************
-->
<link:linkbase xmlns:xsi="http://www.w3.org/2001/XMLSchema-instance" xsi:schemaLocation="http://www.xbrl.org/2003/linkbase http://www.xbrl.org/2003/xbrl-linkbase-2003-12-31.xsd" xmlns:link="http://www.xbrl.org/2003/linkbase" xmlns:xbrldt="http://xbrl.org/2005/xbrldt" xmlns:xlink="http://www.w3.org/1999/xlink">
  <link:roleRef roleURI="http://xbrl.eesti.ee/role/et-gaap_2011-01-01/NoteOtherOperatingExpenses_role-840010" xlink:type="simple" xlink:href="role-840000.xsd#NoteOtherOperatingExpenses_role-840010"/>
  <link:presentationLink xlink:type="extended" xlink:role="http://xbrl.eesti.ee/role/et-gaap_2011-01-01/NoteOtherOperatingExpenses_role-840010">
    <link:loc xlink:type="locator" xlink:href="../../et-gaap-cor_2011-01-01.xsd#et-gaap_NoteOtherExpensesNPOAbstract" xlink:label="NoteOtherExpensesNPOAbstract" xlink:title="NoteOtherExpensesNPOAbstract"/>
    <link:loc xlink:type="locator" xlink:href="../../et-gaap-cor_2011-01-01.xsd#et-gaap_NoteOtherExpensesNPO" xlink:label="NoteOtherExpensesNPO" xlink:title="NoteOtherExpensesNPO"/>
    <link:presentationArc xlink:type="arc" xlink:arcrole="http://www.xbrl.org/2003/arcrole/parent-child" xlink:from="NoteOtherExpensesNPOAbstract" xlink:to="NoteOtherExpensesNPO" xlink:title="presentation: NoteOtherExpensesNPOAbstract to NoteOtherExpensesNPO" order="12.0"/>
    <link:loc xlink:type="locator" xlink:href="../../et-gaap-cor_2011-01-01.xsd#et-gaap_OtherExpensesNPO" xlink:label="OtherExpensesNPO" xlink:title="OtherExpensesNPO"/>
    <link:presentationArc xlink:type="arc" xlink:arcrole="http://www.xbrl.org/2003/arcrole/parent-child" xlink:from="NoteOtherExpensesNPOAbstract" xlink:to="OtherExpensesNPO" xlink:title="presentation: NoteOtherExpensesNPOAbstract to OtherExpensesNPO" order="11.0" preferredLabel="http://www.xbrl.org/2003/role/totalLabel"/>
    <link:loc xlink:type="locator" xlink:href="../../et-gaap-cor_2011-01-01.xsd#et-gaap_OtherOperatingExpensesOther" xlink:label="OtherOperatingExpensesOther" xlink:title="OtherOperatingExpensesOther"/>
    <link:presentationArc xlink:type="arc" xlink:arcrole="http://www.xbrl.org/2003/arcrole/parent-child" xlink:from="NoteOtherExpensesNPOAbstract" xlink:to="OtherOperatingExpensesOther" xlink:title="presentation: NoteOtherExpensesNPOAbstract to OtherOperatingExpensesOther" use="optional" order="10.0"/>
    <link:loc xlink:type="locator" xlink:href="../../et-gaap-cor_2011-01-01.xsd#et-gaap_NoteOtherOperatingExpensesAdditionalItemTuple" xlink:label="NoteOtherOperatingExpensesAdditionalItemTuple" xlink:title="NoteOtherOperatingExpensesAdditionalItemTuple"/>
    <link:presentationArc xlink:type="arc" xlink:arcrole="http://www.xbrl.org/2003/arcrole/parent-child" xlink:from="NoteOtherExpensesNPOAbstract" xlink:to="NoteOtherOperatingExpensesAdditionalItemTuple" xlink:title="presentation: NoteOtherExpensesNPOAbstract to NoteOtherOperatingExpensesAdditionalItemTuple" use="optional" order="9.0"/>
    <link:loc xlink:type="locator" xlink:href="../../et-gaap-cor_2011-01-01.xsd#et-gaap_NoteOtherOperatingExpensesAdditionalItemValue" xlink:label="NoteOtherOperatingExpensesAdditionalItemValue" xlink:title="NoteOtherOperatingExpensesAdditionalItemValue"/>
    <link:presentationArc xlink:type="arc" xlink:arcrole="http://www.xbrl.org/2003/arcrole/parent-child" xlink:from="NoteOtherOperatingExpensesAdditionalItemTuple" xlink:to="NoteOtherOperatingExpensesAdditionalItemValue" xlink:title="presentation: NoteOtherOperatingExpensesAdditionalItemTuple to NoteOtherOperatingExpensesAdditionalItemValue" order="2.0"/>
    <link:loc xlink:type="locator" xlink:href="../../et-gaap-cor_2011-01-01.xsd#et-gaap_NoteOtherOperatingExpensesAdditionalItemName" xlink:label="NoteOtherOperatingExpensesAdditionalItemName" xlink:title="NoteOtherOperatingExpensesAdditionalItemName"/>
    <link:presentationArc xlink:type="arc" xlink:arcrole="http://www.xbrl.org/2003/arcrole/parent-child" xlink:from="NoteOtherOperatingExpensesAdditionalItemTuple" xlink:to="NoteOtherOperatingExpensesAdditionalItemName" xlink:title="presentation: NoteOtherOperatingExpensesAdditionalItemTuple to NoteOtherOperatingExpensesAdditionalItemName" order="1.0"/>
    <link:loc xlink:type="locator" xlink:href="../../et-gaap-cor_2011-01-01.xsd#et-gaap_OtherOperatingExpensesFinesPenaltiesAndCompensations" xlink:label="OtherOperatingExpensesFinesPenaltiesAndCompensations" xlink:title="OtherOperatingExpensesFinesPenaltiesAndCompensations"/>
    <link:presentationArc xlink:type="arc" xlink:arcrole="http://www.xbrl.org/2003/arcrole/parent-child" xlink:from="NoteOtherExpensesNPOAbstract" xlink:to="OtherOperatingExpensesFinesPenaltiesAndCompensations" xlink:title="presentation: NoteOtherExpensesNPOAbstract to OtherOperatingExpensesFinesPenaltiesAndCompensations" use="optional" order="8.0"/>
    <link:loc xlink:type="locator" xlink:href="../../et-gaap-cor_2011-01-01.xsd#et-gaap_OtherOperatingExpensesLossFromExchangeRateDifferences" xlink:label="OtherOperatingExpensesLossFromExchangeRateDifferences" xlink:title="OtherOperatingExpensesLossFromExchangeRateDifferences"/>
    <link:presentationArc xlink:type="arc" xlink:arcrole="http://www.xbrl.org/2003/arcrole/parent-child" xlink:from="NoteOtherExpensesNPOAbstract" xlink:to="OtherOperatingExpensesLossFromExchangeRateDifferences" xlink:title="presentation: NoteOtherExpensesNPOAbstract to OtherOperatingExpensesLossFromExchangeRateDifferences" use="optional" order="7.0"/>
    <link:loc xlink:type="locator" xlink:href="../../et-gaap-cor_2011-01-01.xsd#et-gaap_OtherOperatingExpensesLossFromFairValueChangeOfInvestmentProperty" xlink:label="OtherOperatingExpensesLossFromFairValueChangeOfInvestmentProperty" xlink:title="OtherOperatingExpensesLossFromFairValueChangeOfInvestmentProperty"/>
    <link:presentationArc xlink:type="arc" xlink:arcrole="http://www.xbrl.org/2003/arcrole/parent-child" xlink:from="NoteOtherExpensesNPOAbstract" xlink:to="OtherOperatingExpensesLossFromFairValueChangeOfInvestmentProperty" xlink:title="presentation: NoteOtherExpensesNPOAbstract to OtherOperatingExpensesLossFromFairValueChangeOfInvestmentProperty" use="optional" order="6.0"/>
    <link:loc xlink:type="locator" xlink:href="../../et-gaap-cor_2011-01-01.xsd#et-gaap_OtherOperatingExpensesLossFromFairValueChangeOfBiologicalAsset" xlink:label="OtherOperatingExpensesLossFromFairValueChangeOfBiologicalAsset" xlink:title="OtherOperatingExpensesLossFromFairValueChangeOfBiologicalAsset"/>
    <link:presentationArc xlink:type="arc" xlink:arcrole="http://www.xbrl.org/2003/arcrole/parent-child" xlink:from="NoteOtherExpensesNPOAbstract" xlink:to="OtherOperatingExpensesLossFromFairValueChangeOfBiologicalAsset" xlink:title="presentation: NoteOtherExpensesNPOAbstract to OtherOperatingExpensesLossFromFairValueChangeOfBiologicalAsset" use="optional" order="5.0"/>
    <link:loc xlink:type="locator" xlink:href="../../et-gaap-cor_2011-01-01.xsd#et-gaap_OtherOperatingExpensesLossFromSaleOfIntangibleAsset" xlink:label="OtherOperatingExpensesLossFromSaleOfIntangibleAsset" xlink:title="OtherOperatingExpensesLossFromSaleOfIntangibleAsset"/>
    <link:presentationArc xlink:type="arc" xlink:arcrole="http://www.xbrl.org/2003/arcrole/parent-child" xlink:from="NoteOtherExpensesNPOAbstract" xlink:to="OtherOperatingExpensesLossFromSaleOfIntangibleAsset" xlink:title="presentation: NoteOtherExpensesNPOAbstract to OtherOperatingExpensesLossFromSaleOfIntangibleAsset" use="optional" order="4.0"/>
    <link:loc xlink:type="locator" xlink:href="../../et-gaap-cor_2011-01-01.xsd#et-gaap_OtherOperatingExpensesLossFromSaleOfPlantPropertyAndEquipment" xlink:label="OtherOperatingExpensesLossFromSaleOfPlantPropertyAndEquipment" xlink:title="OtherOperatingExpensesLossFromSaleOfPlantPropertyAndEquipment"/>
    <link:presentationArc xlink:type="arc" xlink:arcrole="http://www.xbrl.org/2003/arcrole/parent-child" xlink:from="NoteOtherExpensesNPOAbstract" xlink:to="OtherOperatingExpensesLossFromSaleOfPlantPropertyAndEquipment" xlink:title="presentation: NoteOtherExpensesNPOAbstract to OtherOperatingExpensesLossFromSaleOfPlantPropertyAndEquipment" use="optional" order="3.0"/>
    <link:loc xlink:type="locator" xlink:href="../../et-gaap-cor_2011-01-01.xsd#et-gaap_OtherOperatingExpensesLossFromSaleOfInvestmentProperty" xlink:label="OtherOperatingExpensesLossFromSaleOfInvestmentProperty" xlink:title="OtherOperatingExpensesLossFromSaleOfInvestmentProperty"/>
    <link:presentationArc xlink:type="arc" xlink:arcrole="http://www.xbrl.org/2003/arcrole/parent-child" xlink:from="NoteOtherExpensesNPOAbstract" xlink:to="OtherOperatingExpensesLossFromSaleOfInvestmentProperty" xlink:title="presentation: NoteOtherExpensesNPOAbstract to OtherOperatingExpensesLossFromSaleOfInvestmentProperty" use="optional" order="2.0"/>
    <link:loc xlink:type="locator" xlink:href="../../et-gaap-cor_2011-01-01.xsd#et-gaap_OtherOperatingExpensesLossFromSaleOfNonCurrentAssetHeldForSale" xlink:label="OtherOperatingExpensesLossFromSaleOfNonCurrentAssetHeldForSale" xlink:title="OtherOperatingExpensesLossFromSaleOfNonCurrentAssetHeldForSale"/>
    <link:presentationArc xlink:type="arc" xlink:arcrole="http://www.xbrl.org/2003/arcrole/parent-child" xlink:from="NoteOtherExpensesNPOAbstract" xlink:to="OtherOperatingExpensesLossFromSaleOfNonCurrentAssetHeldForSale" xlink:title="presentation: NoteOtherExpensesNPOAbstract to OtherOperatingExpensesLossFromSaleOfNonCurrentAssetHeldForSale" use="optional" order="1.0"/>
  </link:presentationLink>
</link:linkbase>
