<?xml version="1.0" encoding="UTF-8"?>
<!--
**************************************************************
et-gaap Taxonomy: 2011-01-01 (Final)

Copyright (C) 2010 Centre of Registers and Information Systems
**************************************************************
-->
<link:linkbase xmlns:xsi="http://www.w3.org/2001/XMLSchema-instance" xsi:schemaLocation="http://www.xbrl.org/2003/linkbase http://www.xbrl.org/2003/xbrl-linkbase-2003-12-31.xsd" xmlns:link="http://www.xbrl.org/2003/linkbase" xmlns:p0="http://xbrl.org/2005/xbrldt" xmlns:xlink="http://www.w3.org/1999/xlink">
  <link:roleRef roleURI="http://xbrl.eesti.ee/role/et-gaap_2011-01-01/NoteInventories_role-813000" xlink:type="simple" xlink:href="role-813000.xsd#NoteInventories_role-813000"/>
  <link:arcroleRef arcroleURI="http://xbrl.org/int/dim/arcrole/domain-member" xlink:type="simple" xlink:href="http://www.xbrl.org/2005/xbrldt-2005.xsd#domain-member"/>
  <link:definitionLink xlink:type="extended" xlink:role="http://xbrl.eesti.ee/role/et-gaap_2011-01-01/NoteInventories_role-813000">
    <link:loc xlink:type="locator" xlink:href="../../et-gaap-cor_2011-01-01.xsd#et-gaap_NoteInventoriesAbstract" xlink:label="NoteInventoriesAbstract" xlink:title="NoteInventoriesAbstract"/>
    <link:loc xlink:type="locator" xlink:href="../../et-gaap-cor_2011-01-01.xsd#et-gaap_RawMaterials" xlink:label="RawMaterials" xlink:title="RawMaterials"/>
    <link:definitionArc xlink:type="arc" xlink:arcrole="http://xbrl.org/int/dim/arcrole/domain-member" xlink:from="NoteInventoriesAbstract" xlink:to="RawMaterials" xlink:title="definition: NoteInventoriesAbstract to RawMaterials" use="optional" order="1.0"/>
    <link:loc xlink:type="locator" xlink:href="../../et-gaap-cor_2011-01-01.xsd#et-gaap_WorkInProgress" xlink:label="WorkInProgress" xlink:title="WorkInProgress"/>
    <link:definitionArc xlink:type="arc" xlink:arcrole="http://xbrl.org/int/dim/arcrole/domain-member" xlink:from="NoteInventoriesAbstract" xlink:to="WorkInProgress" xlink:title="definition: NoteInventoriesAbstract to WorkInProgress" use="optional" order="2.0"/>
    <link:loc xlink:type="locator" xlink:href="../../et-gaap-cor_2011-01-01.xsd#et-gaap_FinishedGoods" xlink:label="FinishedGoods" xlink:title="FinishedGoods"/>
    <link:definitionArc xlink:type="arc" xlink:arcrole="http://xbrl.org/int/dim/arcrole/domain-member" xlink:from="NoteInventoriesAbstract" xlink:to="FinishedGoods" xlink:title="definition: NoteInventoriesAbstract to FinishedGoods" use="optional" order="3.0"/>
    <link:loc xlink:type="locator" xlink:href="../../et-gaap-cor_2011-01-01.xsd#et-gaap_Merchandise" xlink:label="Merchandise" xlink:title="Merchandise"/>
    <link:definitionArc xlink:type="arc" xlink:arcrole="http://xbrl.org/int/dim/arcrole/domain-member" xlink:from="NoteInventoriesAbstract" xlink:to="Merchandise" xlink:title="definition: NoteInventoriesAbstract to Merchandise" use="optional" order="4.0"/>
    <link:loc xlink:type="locator" xlink:href="../../et-gaap-cor_2011-01-01.xsd#et-gaap_InventoryPrepayments" xlink:label="InventoryPrepayments" xlink:title="InventoryPrepayments"/>
    <link:definitionArc xlink:type="arc" xlink:arcrole="http://xbrl.org/int/dim/arcrole/domain-member" xlink:from="NoteInventoriesAbstract" xlink:to="InventoryPrepayments" xlink:title="definition: NoteInventoriesAbstract to InventoryPrepayments" use="optional" order="5.0"/>
    <link:loc xlink:type="locator" xlink:href="../../et-gaap-cor_2011-01-01.xsd#et-gaap_NoteInventories" xlink:label="NoteInventories" xlink:title="NoteInventories"/>
    <link:definitionArc xlink:type="arc" xlink:arcrole="http://xbrl.org/int/dim/arcrole/domain-member" xlink:from="NoteInventoriesAbstract" xlink:to="NoteInventories" xlink:title="definition: NoteInventoriesAbstract to NoteInventories" use="optional" order="7.0"/>
    <link:loc xlink:type="locator" xlink:href="../../et-gaap-cor_2011-01-01.xsd#et-gaap_InventoriesTotal" xlink:label="InventoriesTotal" xlink:title="InventoriesTotal"/>
    <link:definitionArc xlink:type="arc" xlink:arcrole="http://xbrl.org/int/dim/arcrole/domain-member" xlink:from="NoteInventoriesAbstract" xlink:to="InventoriesTotal" xlink:title="definition: NoteInventoriesAbstract to InventoriesTotal" order="6.0"/>
  </link:definitionLink>
</link:linkbase>
