<?xml version="1.0" encoding="UTF-8"?>
<!--
**************************************************************
et-gaap Taxonomy: 2011-01-01 (Final)

Copyright (C) 2010 Centre of Registers and Information Systems
**************************************************************
-->
<link:linkbase xmlns:xsi="http://www.w3.org/2001/XMLSchema-instance" xsi:schemaLocation="http://www.xbrl.org/2003/linkbase http://www.xbrl.org/2003/xbrl-linkbase-2003-12-31.xsd" xmlns:link="http://www.xbrl.org/2003/linkbase" xmlns:xbrldt="http://xbrl.org/2005/xbrldt" xmlns:xlink="http://www.w3.org/1999/xlink">
  <link:roleRef roleURI="http://xbrl.eesti.ee/role/et-gaap_2011-01-01/NoteInventories_role-813000" xlink:type="simple" xlink:href="role-813000.xsd#NoteInventories_role-813000"/>
  <link:presentationLink xlink:type="extended" xlink:role="http://xbrl.eesti.ee/role/et-gaap_2011-01-01/NoteInventories_role-813000">
    <link:loc xlink:type="locator" xlink:href="../../et-gaap-cor_2011-01-01.xsd#et-gaap_NoteInventoriesAbstract" xlink:label="NoteInventoriesAbstract" xlink:title="NoteInventoriesAbstract"/>
    <link:loc xlink:type="locator" xlink:href="../../et-gaap-cor_2011-01-01.xsd#et-gaap_RawMaterials" xlink:label="RawMaterials" xlink:title="RawMaterials"/>
    <link:presentationArc xlink:type="arc" xlink:arcrole="http://www.xbrl.org/2003/arcrole/parent-child" xlink:from="NoteInventoriesAbstract" xlink:to="RawMaterials" xlink:title="presentation: NoteInventoriesAbstract to RawMaterials" order="1.0"/>
    <link:loc xlink:type="locator" xlink:href="../../et-gaap-cor_2011-01-01.xsd#et-gaap_RawMaterialsAdditionalItemTuple" xlink:label="RawMaterialsAdditionalItemTuple" xlink:title="RawMaterialsAdditionalItemTuple"/>
    <link:presentationArc xlink:type="arc" xlink:arcrole="http://www.xbrl.org/2003/arcrole/parent-child" xlink:from="RawMaterials" xlink:to="RawMaterialsAdditionalItemTuple" xlink:title="presentation: RawMaterials to RawMaterialsAdditionalItemTuple" order="1.0"/>
    <link:loc xlink:type="locator" xlink:href="../../et-gaap-cor_2011-01-01.xsd#et-gaap_RawMaterialsAdditionalItemName" xlink:label="RawMaterialsAdditionalItemName" xlink:title="RawMaterialsAdditionalItemName"/>
    <link:presentationArc xlink:type="arc" xlink:arcrole="http://www.xbrl.org/2003/arcrole/parent-child" xlink:from="RawMaterialsAdditionalItemTuple" xlink:to="RawMaterialsAdditionalItemName" xlink:title="presentation: RawMaterialsAdditionalItemTuple to RawMaterialsAdditionalItemName" order="1.0"/>
    <link:loc xlink:type="locator" xlink:href="../../et-gaap-cor_2011-01-01.xsd#et-gaap_RawMaterialsAdditionalItemValue" xlink:label="RawMaterialsAdditionalItemValue" xlink:title="RawMaterialsAdditionalItemValue"/>
    <link:presentationArc xlink:type="arc" xlink:arcrole="http://www.xbrl.org/2003/arcrole/parent-child" xlink:from="RawMaterialsAdditionalItemTuple" xlink:to="RawMaterialsAdditionalItemValue" xlink:title="presentation: RawMaterialsAdditionalItemTuple to RawMaterialsAdditionalItemValue" order="2.0"/>
    <link:loc xlink:type="locator" xlink:href="../../et-gaap-cor_2011-01-01.xsd#et-gaap_WorkInProgress" xlink:label="WorkInProgress" xlink:title="WorkInProgress"/>
    <link:presentationArc xlink:type="arc" xlink:arcrole="http://www.xbrl.org/2003/arcrole/parent-child" xlink:from="NoteInventoriesAbstract" xlink:to="WorkInProgress" xlink:title="presentation: NoteInventoriesAbstract to WorkInProgress" order="2.0"/>
    <link:loc xlink:type="locator" xlink:href="../../et-gaap-cor_2011-01-01.xsd#et-gaap_WorkInProgressAdditionalItemTuple" xlink:label="WorkInProgressAdditionalItemTuple" xlink:title="WorkInProgressAdditionalItemTuple"/>
    <link:presentationArc xlink:type="arc" xlink:arcrole="http://www.xbrl.org/2003/arcrole/parent-child" xlink:from="WorkInProgress" xlink:to="WorkInProgressAdditionalItemTuple" xlink:title="presentation: WorkInProgress to WorkInProgressAdditionalItemTuple" order="1.0"/>
    <link:loc xlink:type="locator" xlink:href="../../et-gaap-cor_2011-01-01.xsd#et-gaap_WorkInProgressAdditionalItemName" xlink:label="WorkInProgressAdditionalItemName" xlink:title="WorkInProgressAdditionalItemName"/>
    <link:presentationArc xlink:type="arc" xlink:arcrole="http://www.xbrl.org/2003/arcrole/parent-child" xlink:from="WorkInProgressAdditionalItemTuple" xlink:to="WorkInProgressAdditionalItemName" xlink:title="presentation: WorkInProgressAdditionalItemTuple to WorkInProgressAdditionalItemName" order="1.0"/>
    <link:loc xlink:type="locator" xlink:href="../../et-gaap-cor_2011-01-01.xsd#et-gaap_WorkInProgressAdditionalItemValue" xlink:label="WorkInProgressAdditionalItemValue" xlink:title="WorkInProgressAdditionalItemValue"/>
    <link:presentationArc xlink:type="arc" xlink:arcrole="http://www.xbrl.org/2003/arcrole/parent-child" xlink:from="WorkInProgressAdditionalItemTuple" xlink:to="WorkInProgressAdditionalItemValue" xlink:title="presentation: WorkInProgressAdditionalItemTuple to WorkInProgressAdditionalItemValue" order="2.0"/>
    <link:loc xlink:type="locator" xlink:href="../../et-gaap-cor_2011-01-01.xsd#et-gaap_FinishedGoods" xlink:label="FinishedGoods" xlink:title="FinishedGoods"/>
    <link:presentationArc xlink:type="arc" xlink:arcrole="http://www.xbrl.org/2003/arcrole/parent-child" xlink:from="NoteInventoriesAbstract" xlink:to="FinishedGoods" xlink:title="presentation: NoteInventoriesAbstract to FinishedGoods" order="3.0"/>
    <link:loc xlink:type="locator" xlink:href="../../et-gaap-cor_2011-01-01.xsd#et-gaap_FinishedGoodsAdditionalItemTuple" xlink:label="FinishedGoodsAdditionalItemTuple" xlink:title="FinishedGoodsAdditionalItemTuple"/>
    <link:presentationArc xlink:type="arc" xlink:arcrole="http://www.xbrl.org/2003/arcrole/parent-child" xlink:from="FinishedGoods" xlink:to="FinishedGoodsAdditionalItemTuple" xlink:title="presentation: FinishedGoods to FinishedGoodsAdditionalItemTuple" order="1.0"/>
    <link:loc xlink:type="locator" xlink:href="../../et-gaap-cor_2011-01-01.xsd#et-gaap_FinishedGoodsAdditionalItemName" xlink:label="FinishedGoodsAdditionalItemName" xlink:title="FinishedGoodsAdditionalItemName"/>
    <link:presentationArc xlink:type="arc" xlink:arcrole="http://www.xbrl.org/2003/arcrole/parent-child" xlink:from="FinishedGoodsAdditionalItemTuple" xlink:to="FinishedGoodsAdditionalItemName" xlink:title="presentation: FinishedGoodsAdditionalItemTuple to FinishedGoodsAdditionalItemName" order="1.0"/>
    <link:loc xlink:type="locator" xlink:href="../../et-gaap-cor_2011-01-01.xsd#et-gaap_FinishedGoodsAdditionalItemValue" xlink:label="FinishedGoodsAdditionalItemValue" xlink:title="FinishedGoodsAdditionalItemValue"/>
    <link:presentationArc xlink:type="arc" xlink:arcrole="http://www.xbrl.org/2003/arcrole/parent-child" xlink:from="FinishedGoodsAdditionalItemTuple" xlink:to="FinishedGoodsAdditionalItemValue" xlink:title="presentation: FinishedGoodsAdditionalItemTuple to FinishedGoodsAdditionalItemValue" order="2.0"/>
    <link:loc xlink:type="locator" xlink:href="../../et-gaap-cor_2011-01-01.xsd#et-gaap_Merchandise" xlink:label="Merchandise" xlink:title="Merchandise"/>
    <link:presentationArc xlink:type="arc" xlink:arcrole="http://www.xbrl.org/2003/arcrole/parent-child" xlink:from="NoteInventoriesAbstract" xlink:to="Merchandise" xlink:title="presentation: NoteInventoriesAbstract to Merchandise" order="4.0"/>
    <link:loc xlink:type="locator" xlink:href="../../et-gaap-cor_2011-01-01.xsd#et-gaap_MerchandiseAdditionalItemTuple" xlink:label="MerchandiseAdditionalItemTuple" xlink:title="MerchandiseAdditionalItemTuple"/>
    <link:presentationArc xlink:type="arc" xlink:arcrole="http://www.xbrl.org/2003/arcrole/parent-child" xlink:from="Merchandise" xlink:to="MerchandiseAdditionalItemTuple" xlink:title="presentation: Merchandise to MerchandiseAdditionalItemTuple" order="1.0"/>
    <link:loc xlink:type="locator" xlink:href="../../et-gaap-cor_2011-01-01.xsd#et-gaap_MerchandiseAdditionalItemName" xlink:label="MerchandiseAdditionalItemName" xlink:title="MerchandiseAdditionalItemName"/>
    <link:presentationArc xlink:type="arc" xlink:arcrole="http://www.xbrl.org/2003/arcrole/parent-child" xlink:from="MerchandiseAdditionalItemTuple" xlink:to="MerchandiseAdditionalItemName" xlink:title="presentation: MerchandiseAdditionalItemTuple to MerchandiseAdditionalItemName" order="1.0"/>
    <link:loc xlink:type="locator" xlink:href="../../et-gaap-cor_2011-01-01.xsd#et-gaap_MerchandiseAdditionalItemValue" xlink:label="MerchandiseAdditionalItemValue" xlink:title="MerchandiseAdditionalItemValue"/>
    <link:presentationArc xlink:type="arc" xlink:arcrole="http://www.xbrl.org/2003/arcrole/parent-child" xlink:from="MerchandiseAdditionalItemTuple" xlink:to="MerchandiseAdditionalItemValue" xlink:title="presentation: MerchandiseAdditionalItemTuple to MerchandiseAdditionalItemValue" order="2.0"/>
    <link:loc xlink:type="locator" xlink:href="../../et-gaap-cor_2011-01-01.xsd#et-gaap_InventoryPrepayments" xlink:label="InventoryPrepayments" xlink:title="InventoryPrepayments"/>
    <link:presentationArc xlink:type="arc" xlink:arcrole="http://www.xbrl.org/2003/arcrole/parent-child" xlink:from="NoteInventoriesAbstract" xlink:to="InventoryPrepayments" xlink:title="presentation: NoteInventoriesAbstract to InventoryPrepayments" order="5.0"/>
    <link:loc xlink:type="locator" xlink:href="../../et-gaap-cor_2011-01-01.xsd#et-gaap_InventoryPrepaymentsAdditionalItemTuple" xlink:label="InventoryPrepaymentsAdditionalItemTuple" xlink:title="InventoryPrepaymentsAdditionalItemTuple"/>
    <link:presentationArc xlink:type="arc" xlink:arcrole="http://www.xbrl.org/2003/arcrole/parent-child" xlink:from="InventoryPrepayments" xlink:to="InventoryPrepaymentsAdditionalItemTuple" xlink:title="presentation: InventoryPrepayments to InventoryPrepaymentsAdditionalItemTuple" order="1.0"/>
    <link:loc xlink:type="locator" xlink:href="../../et-gaap-cor_2011-01-01.xsd#et-gaap_InventoryPrepaymentsAdditionalItemName" xlink:label="InventoryPrepaymentsAdditionalItemName" xlink:title="InventoryPrepaymentsAdditionalItemName"/>
    <link:presentationArc xlink:type="arc" xlink:arcrole="http://www.xbrl.org/2003/arcrole/parent-child" xlink:from="InventoryPrepaymentsAdditionalItemTuple" xlink:to="InventoryPrepaymentsAdditionalItemName" xlink:title="presentation: InventoryPrepaymentsAdditionalItemTuple to InventoryPrepaymentsAdditionalItemName" order="1.0"/>
    <link:loc xlink:type="locator" xlink:href="../../et-gaap-cor_2011-01-01.xsd#et-gaap_InventoryPrepaymentsAdditionalItemValue" xlink:label="InventoryPrepaymentsAdditionalItemValue" xlink:title="InventoryPrepaymentsAdditionalItemValue"/>
    <link:presentationArc xlink:type="arc" xlink:arcrole="http://www.xbrl.org/2003/arcrole/parent-child" xlink:from="InventoryPrepaymentsAdditionalItemTuple" xlink:to="InventoryPrepaymentsAdditionalItemValue" xlink:title="presentation: InventoryPrepaymentsAdditionalItemTuple to InventoryPrepaymentsAdditionalItemValue" order="2.0"/>
    <link:loc xlink:type="locator" xlink:href="../../et-gaap-cor_2011-01-01.xsd#et-gaap_NoteInventories" xlink:label="NoteInventories" xlink:title="NoteInventories"/>
    <link:presentationArc xlink:type="arc" xlink:arcrole="http://www.xbrl.org/2003/arcrole/parent-child" xlink:from="NoteInventoriesAbstract" xlink:to="NoteInventories" xlink:title="presentation: NoteInventoriesAbstract to NoteInventories" order="8.0"/>
    <link:loc xlink:type="locator" xlink:href="../../et-gaap-cor_2011-01-01.xsd#et-gaap_NoteInventoriesAdditionalItemTuple" xlink:label="NoteInventoriesAdditionalItemTuple" xlink:title="NoteInventoriesAdditionalItemTuple"/>
    <link:presentationArc xlink:type="arc" xlink:arcrole="http://www.xbrl.org/2003/arcrole/parent-child" xlink:from="NoteInventoriesAbstract" xlink:to="NoteInventoriesAdditionalItemTuple" xlink:title="presentation: NoteInventoriesAbstract to NoteInventoriesAdditionalItemTuple" order="6.0"/>
    <link:loc xlink:type="locator" xlink:href="../../et-gaap-cor_2011-01-01.xsd#et-gaap_NoteInventoriesAdditionalItemName" xlink:label="NoteInventoriesAdditionalItemName" xlink:title="NoteInventoriesAdditionalItemName"/>
    <link:presentationArc xlink:type="arc" xlink:arcrole="http://www.xbrl.org/2003/arcrole/parent-child" xlink:from="NoteInventoriesAdditionalItemTuple" xlink:to="NoteInventoriesAdditionalItemName" xlink:title="presentation: NoteInventoriesAdditionalItemTuple to NoteInventoriesAdditionalItemName" order="1.0"/>
    <link:loc xlink:type="locator" xlink:href="../../et-gaap-cor_2011-01-01.xsd#et-gaap_NoteInventoriesAdditionalItemValue" xlink:label="NoteInventoriesAdditionalItemValue" xlink:title="NoteInventoriesAdditionalItemValue"/>
    <link:presentationArc xlink:type="arc" xlink:arcrole="http://www.xbrl.org/2003/arcrole/parent-child" xlink:from="NoteInventoriesAdditionalItemTuple" xlink:to="NoteInventoriesAdditionalItemValue" xlink:title="presentation: NoteInventoriesAdditionalItemTuple to NoteInventoriesAdditionalItemValue" order="2.0"/>
    <link:loc xlink:type="locator" xlink:href="../../et-gaap-cor_2011-01-01.xsd#et-gaap_InventoriesTotal" xlink:label="InventoriesTotal" xlink:title="InventoriesTotal"/>
    <link:presentationArc xlink:type="arc" xlink:arcrole="http://www.xbrl.org/2003/arcrole/parent-child" xlink:from="NoteInventoriesAbstract" xlink:to="InventoriesTotal" xlink:title="presentation: NoteInventoriesAbstract to InventoriesTotal" order="7.0" preferredLabel="http://www.xbrl.org/2003/role/totalLabel"/>
  </link:presentationLink>
</link:linkbase>
