<?xml version="1.0" encoding="UTF-8"?>
<!--
**************************************************************
et-gaap Taxonomy: 2011-01-01 (Final)

Copyright (C) 2010 Centre of Registers and Information Systems
**************************************************************
-->
<link:linkbase xmlns:xsi="http://www.w3.org/2001/XMLSchema-instance" xsi:schemaLocation="http://www.xbrl.org/2003/linkbase http://www.xbrl.org/2003/xbrl-linkbase-2003-12-31.xsd" xmlns:link="http://www.xbrl.org/2003/linkbase" xmlns:xlink="http://www.w3.org/1999/xlink" xmlns:p0="http://xbrl.org/2005/xbrldt">
  <link:roleRef roleURI="http://xbrl.eesti.ee/role/et-gaap_2011-01-01/NoteDerivatives_role-830000" xlink:type="simple" xlink:href="role-830000.xsd#NoteDerivatives_role-830000"/>
  <link:arcroleRef arcroleURI="http://xbrl.org/int/dim/arcrole/all" xlink:type="simple" xlink:href="http://www.xbrl.org/2005/xbrldt-2005.xsd#all"/>
  <link:arcroleRef arcroleURI="http://xbrl.org/int/dim/arcrole/dimension-domain" xlink:type="simple" xlink:href="http://www.xbrl.org/2005/xbrldt-2005.xsd#dimension-domain"/>
  <link:arcroleRef arcroleURI="http://xbrl.org/int/dim/arcrole/domain-member" xlink:type="simple" xlink:href="http://www.xbrl.org/2005/xbrldt-2005.xsd#domain-member"/>
  <link:arcroleRef arcroleURI="http://xbrl.org/int/dim/arcrole/hypercube-dimension" xlink:type="simple" xlink:href="http://www.xbrl.org/2005/xbrldt-2005.xsd#hypercube-dimension"/>
  <link:definitionLink xlink:type="extended" xlink:role="http://xbrl.eesti.ee/role/et-gaap_2011-01-01/NoteDerivatives_role-830000">
    <link:loc xlink:type="locator" xlink:href="../../et-gaap-cor_2011-01-01.xsd#et-gaap_NoteDerivativesAbstract" xlink:label="NoteDerivativesAbstract" xlink:title="NoteDerivativesAbstract"/>
    <link:loc xlink:type="locator" xlink:href="../../et-gaap-cor_2011-01-01.xsd#et-gaap_Derivatives" xlink:label="Derivatives" xlink:title="Derivatives"/>
    <link:definitionArc xlink:type="arc" xlink:arcrole="http://xbrl.org/int/dim/arcrole/domain-member" xlink:from="NoteDerivativesAbstract" xlink:to="Derivatives" xlink:title="definition: NoteDerivativesAbstract to Derivatives" order="1.0"/>
    <link:loc xlink:type="locator" xlink:href="../../et-gaap-cor_2011-01-01.xsd#et-gaap_AllocationByDerivativesTypeAndAssetsLiabilitiesHypercube" xlink:label="AllocationByDerivativesTypeAndAssetsLiabilitiesHypercube" xlink:title="AllocationByDerivativesTypeAndAssetsLiabilitiesHypercube"/>
    <link:definitionArc xlink:type="arc" xlink:arcrole="http://xbrl.org/int/dim/arcrole/all" xlink:from="Derivatives" xlink:to="AllocationByDerivativesTypeAndAssetsLiabilitiesHypercube" xlink:title="definition: Derivatives to AllocationByDerivativesTypeAndAssetsLiabilitiesHypercube" order="1.0" p0:contextElement="scenario"/>
    <link:loc xlink:type="locator" xlink:href="../../et-gaap-cor_2011-01-01.xsd#et-gaap_DerivativesDimension" xlink:label="DerivativesDimension" xlink:title="DerivativesDimension"/>
    <link:definitionArc xlink:type="arc" xlink:arcrole="http://xbrl.org/int/dim/arcrole/hypercube-dimension" xlink:from="AllocationByDerivativesTypeAndAssetsLiabilitiesHypercube" xlink:to="DerivativesDimension" xlink:title="definition: AllocationByDerivativesTypeAndAssetsLiabilitiesHypercube to DerivativesDimension" order="1.0"/>
    <link:loc xlink:type="locator" xlink:href="../../et-gaap-cor_2011-01-01.xsd#et-gaap_AssetsLiabilitiesDimension" xlink:label="AssetsLiabilitiesDimension" xlink:title="AssetsLiabilitiesDimension"/>
    <link:definitionArc xlink:type="arc" xlink:arcrole="http://xbrl.org/int/dim/arcrole/hypercube-dimension" xlink:from="AllocationByDerivativesTypeAndAssetsLiabilitiesHypercube" xlink:to="AssetsLiabilitiesDimension" xlink:title="definition: AllocationByDerivativesTypeAndAssetsLiabilitiesHypercube to AssetsLiabilitiesDimension" order="2.0"/>
    <link:loc xlink:type="locator" xlink:href="../../et-gaap-cor_2011-01-01.xsd#et-gaap_DerivativesAssetsAbstract" xlink:label="DerivativesAssetsAbstract" xlink:title="DerivativesAssetsAbstract"/>
    <link:definitionArc xlink:type="arc" xlink:arcrole="http://xbrl.org/int/dim/arcrole/dimension-domain" xlink:from="AssetsLiabilitiesDimension" xlink:to="DerivativesAssetsAbstract" xlink:title="definition: AssetsLiabilitiesDimension to DerivativesAssetsAbstract" order="1.0"/>
    <link:loc xlink:type="locator" xlink:href="../../et-gaap-cor_2011-01-01.xsd#et-gaap_DerivativesLiabilitiesAbstract" xlink:label="DerivativesLiabilitiesAbstract" xlink:title="DerivativesLiabilitiesAbstract"/>
    <link:definitionArc xlink:type="arc" xlink:arcrole="http://xbrl.org/int/dim/arcrole/dimension-domain" xlink:from="AssetsLiabilitiesDimension" xlink:to="DerivativesLiabilitiesAbstract" xlink:title="definition: AssetsLiabilitiesDimension to DerivativesLiabilitiesAbstract" order="2.0"/>
    <link:loc xlink:type="locator" xlink:href="../../et-gaap-cor_2011-01-01.xsd#et-gaap_DerivativesTotal" xlink:label="DerivativesTotal" xlink:title="DerivativesTotal"/>
    <link:definitionArc xlink:type="arc" xlink:arcrole="http://xbrl.org/int/dim/arcrole/domain-member" xlink:from="NoteDerivativesAbstract" xlink:to="DerivativesTotal" xlink:title="definition: NoteDerivativesAbstract to DerivativesTotal" order="2.0"/>
    <link:loc xlink:type="locator" xlink:href="../../et-gaap-cor_2011-01-01.xsd#et-gaap_AllocationByAssetsLiabilitiesHypercube" xlink:label="AllocationByAssetsLiabilitiesHypercube" xlink:title="AllocationByAssetsLiabilitiesHypercube"/>
    <link:definitionArc xlink:type="arc" xlink:arcrole="http://xbrl.org/int/dim/arcrole/all" xlink:from="DerivativesTotal" xlink:to="AllocationByAssetsLiabilitiesHypercube" xlink:title="definition: DerivativesTotal to AllocationByAssetsLiabilitiesHypercube" order="1.0" p0:contextElement="scenario"/>
    <link:definitionArc xlink:type="arc" xlink:arcrole="http://xbrl.org/int/dim/arcrole/hypercube-dimension" xlink:from="AllocationByAssetsLiabilitiesHypercube" xlink:to="AssetsLiabilitiesDimension" xlink:title="definition: AllocationByAssetsLiabilitiesHypercube to AssetsLiabilitiesDimension" order="1.0" p0:targetRole="http://xbrl.eesti.ee/role/et-gaap_2011-01-01/NoteDerivatives_role-830000"/>
    <link:loc xlink:type="locator" xlink:href="../../et-gaap-cor_2011-01-01.xsd#et-gaap_NoteDerivatives" xlink:label="NoteDerivatives" xlink:title="NoteDerivatives"/>
    <link:definitionArc xlink:type="arc" xlink:arcrole="http://xbrl.org/int/dim/arcrole/domain-member" xlink:from="NoteDerivativesAbstract" xlink:to="NoteDerivatives" xlink:title="definition: NoteDerivativesAbstract to NoteDerivatives" order="3.0"/>
  </link:definitionLink>
</link:linkbase>
