<?xml version="1.0" encoding="UTF-8"?>
<!--
**************************************************************
et-gaap Taxonomy: 2011-01-01 (Final)

Copyright (C) 2010 Centre of Registers and Information Systems
**************************************************************
-->
<link:linkbase xmlns:xsi="http://www.w3.org/2001/XMLSchema-instance" xsi:schemaLocation="http://www.xbrl.org/2003/linkbase http://www.xbrl.org/2003/xbrl-linkbase-2003-12-31.xsd" xmlns:link="http://www.xbrl.org/2003/linkbase" xmlns:xlink="http://www.w3.org/1999/xlink" xmlns:xbrldt="http://xbrl.org/2005/xbrldt">
  <link:roleRef roleURI="http://xbrl.eesti.ee/role/et-gaap_2011-01-01/NoteDerivatives_role-830000" xlink:type="simple" xlink:href="role-830000.xsd#NoteDerivatives_role-830000"/>
  <link:presentationLink xlink:type="extended" xlink:role="http://xbrl.eesti.ee/role/et-gaap_2011-01-01/NoteDerivatives_role-830000">
    <link:loc xlink:type="locator" xlink:href="../../et-gaap-cor_2011-01-01.xsd#et-gaap_NoteDerivativesAbstract" xlink:label="NoteDerivativesAbstract" xlink:title="NoteDerivativesAbstract"/>
    <link:loc xlink:type="locator" xlink:href="../../et-gaap-cor_2011-01-01.xsd#et-gaap_Derivatives" xlink:label="Derivatives" xlink:title="Derivatives"/>
    <link:presentationArc xlink:type="arc" xlink:arcrole="http://www.xbrl.org/2003/arcrole/parent-child" xlink:from="NoteDerivativesAbstract" xlink:to="Derivatives" xlink:title="presentation: NoteDerivativesAbstract to Derivatives" use="optional" order="1.0"/>
    <link:loc xlink:type="locator" xlink:href="../../et-gaap-cor_2011-01-01.xsd#et-gaap_AllocationByDerivativesTypeAndAssetsLiabilitiesHypercube" xlink:label="AllocationByDerivativesTypeAndAssetsLiabilitiesHypercube" xlink:title="AllocationByDerivativesTypeAndAssetsLiabilitiesHypercube"/>
    <link:presentationArc xlink:type="arc" xlink:arcrole="http://www.xbrl.org/2003/arcrole/parent-child" xlink:from="Derivatives" xlink:to="AllocationByDerivativesTypeAndAssetsLiabilitiesHypercube" xlink:title="presentation: Derivatives to AllocationByDerivativesTypeAndAssetsLiabilitiesHypercube" use="optional" order="1.0" xbrldt:contextElement="segment"/>
    <link:loc xlink:type="locator" xlink:href="../../et-gaap-cor_2011-01-01.xsd#et-gaap_DerivativesDimension" xlink:label="DerivativesDimension" xlink:title="DerivativesDimension"/>
    <link:presentationArc xlink:type="arc" xlink:arcrole="http://www.xbrl.org/2003/arcrole/parent-child" xlink:from="AllocationByDerivativesTypeAndAssetsLiabilitiesHypercube" xlink:to="DerivativesDimension" xlink:title="presentation: AllocationByDerivativesTypeAndAssetsLiabilitiesHypercube to DerivativesDimension" use="optional" order="1.0"/>
    <link:loc xlink:type="locator" xlink:href="../../et-gaap-cor_2011-01-01.xsd#et-gaap_AssetsLiabilitiesDimension" xlink:label="AssetsLiabilitiesDimension" xlink:title="AssetsLiabilitiesDimension"/>
    <link:presentationArc xlink:type="arc" xlink:arcrole="http://www.xbrl.org/2003/arcrole/parent-child" xlink:from="AllocationByDerivativesTypeAndAssetsLiabilitiesHypercube" xlink:to="AssetsLiabilitiesDimension" xlink:title="presentation: AllocationByDerivativesTypeAndAssetsLiabilitiesHypercube to AssetsLiabilitiesDimension" use="optional" order="2.0"/>
    <link:loc xlink:type="locator" xlink:href="../../et-gaap-cor_2011-01-01.xsd#et-gaap_DerivativesAssetsAbstract" xlink:label="DerivativesAssetsAbstract" xlink:title="DerivativesAssetsAbstract"/>
    <link:presentationArc xlink:type="arc" xlink:arcrole="http://www.xbrl.org/2003/arcrole/parent-child" xlink:from="AssetsLiabilitiesDimension" xlink:to="DerivativesAssetsAbstract" xlink:title="presentation: AssetsLiabilitiesDimension to DerivativesAssetsAbstract" use="optional" order="1.0"/>
    <link:loc xlink:type="locator" xlink:href="../../et-gaap-cor_2011-01-01.xsd#et-gaap_DerivativesLiabilitiesAbstract" xlink:label="DerivativesLiabilitiesAbstract" xlink:title="DerivativesLiabilitiesAbstract"/>
    <link:presentationArc xlink:type="arc" xlink:arcrole="http://www.xbrl.org/2003/arcrole/parent-child" xlink:from="AssetsLiabilitiesDimension" xlink:to="DerivativesLiabilitiesAbstract" xlink:title="presentation: AssetsLiabilitiesDimension to DerivativesLiabilitiesAbstract" use="optional" order="2.0"/>
    <link:loc xlink:type="locator" xlink:href="../../et-gaap-cor_2011-01-01.xsd#et-gaap_DerivativesTotal" xlink:label="DerivativesTotal" xlink:title="DerivativesTotal"/>
    <link:presentationArc xlink:type="arc" xlink:arcrole="http://www.xbrl.org/2003/arcrole/parent-child" xlink:from="NoteDerivativesAbstract" xlink:to="DerivativesTotal" xlink:title="presentation: NoteDerivativesAbstract to DerivativesTotal" use="optional" order="2.0"/>
    <link:loc xlink:type="locator" xlink:href="../../et-gaap-cor_2011-01-01.xsd#et-gaap_AllocationByAssetsLiabilitiesHypercube" xlink:label="AllocationByAssetsLiabilitiesHypercube" xlink:title="AllocationByAssetsLiabilitiesHypercube"/>
    <link:presentationArc xlink:type="arc" xlink:arcrole="http://www.xbrl.org/2003/arcrole/parent-child" xlink:from="DerivativesTotal" xlink:to="AllocationByAssetsLiabilitiesHypercube" xlink:title="presentation: DerivativesTotal to AllocationByAssetsLiabilitiesHypercube" use="optional" order="1.0" xbrldt:contextElement="segment"/>
    <link:presentationArc xlink:type="arc" xlink:arcrole="http://www.xbrl.org/2003/arcrole/parent-child" xlink:from="AllocationByAssetsLiabilitiesHypercube" xlink:to="AssetsLiabilitiesDimension" xlink:title="presentation: AllocationByAssetsLiabilitiesHypercube to AssetsLiabilitiesDimension" use="optional" order="1.0" xbrldt:targetRole="http://www.eesti.ee/xbrl/et-gaap_2011-01-01/role/NoteDerivatives"/>
    <link:loc xlink:type="locator" xlink:href="../../et-gaap-cor_2011-01-01.xsd#et-gaap_NoteDerivatives" xlink:label="NoteDerivatives" xlink:title="NoteDerivatives"/>
    <link:presentationArc xlink:type="arc" xlink:arcrole="http://www.xbrl.org/2003/arcrole/parent-child" xlink:from="NoteDerivativesAbstract" xlink:to="NoteDerivatives" xlink:title="presentation: NoteDerivativesAbstract to NoteDerivatives" use="optional" order="3.0"/>
  </link:presentationLink>
</link:linkbase>
