<?xml version="1.0" encoding="UTF-8"?>
<!--
**************************************************************
et-gaap Taxonomy: 2011-01-01 (Final)

Copyright (C) 2010 Centre of Registers and Information Systems
**************************************************************
-->
<link:linkbase xmlns:xsi="http://www.w3.org/2001/XMLSchema-instance" xsi:schemaLocation="http://www.xbrl.org/2003/linkbase http://www.xbrl.org/2003/xbrl-linkbase-2003-12-31.xsd" xmlns:link="http://www.xbrl.org/2003/linkbase" xmlns:p0="http://xbrl.org/2005/xbrldt" xmlns:xlink="http://www.w3.org/1999/xlink">
  <link:roleRef roleURI="http://xbrl.eesti.ee/role/et-gaap_2011-01-01/NoteOtherReceivables_role-811000" xlink:type="simple" xlink:href="role-811000.xsd#NoteOtherReceivables_role-811000"/>
  <link:roleRef roleURI="http://xbrl.eesti.ee/role/et-gaap_2011-01-01/AllocationByRemainingMaturity_role-901000" xlink:type="simple" xlink:href="../role-901000/role-901000.xsd#AllocationByRemainingMaturity_role-901000"/>
  <link:arcroleRef arcroleURI="http://xbrl.org/int/dim/arcrole/all" xlink:type="simple" xlink:href="http://www.xbrl.org/2005/xbrldt-2005.xsd#all"/>
  <link:arcroleRef arcroleURI="http://xbrl.org/int/dim/arcrole/domain-member" xlink:type="simple" xlink:href="http://www.xbrl.org/2005/xbrldt-2005.xsd#domain-member"/>
  <link:arcroleRef arcroleURI="http://xbrl.org/int/dim/arcrole/hypercube-dimension" xlink:type="simple" xlink:href="http://www.xbrl.org/2005/xbrldt-2005.xsd#hypercube-dimension"/>
  <link:definitionLink xlink:type="extended" xlink:role="http://xbrl.eesti.ee/role/et-gaap_2011-01-01/NoteOtherReceivables_role-811000">
    <link:loc xlink:type="locator" xlink:href="../../et-gaap-cor_2011-01-01.xsd#et-gaap_NoteOtherReceivablesAbstract" xlink:label="NoteOtherReceivablesAbstract" xlink:title="NoteOtherReceivablesAbstract"/>
    <link:loc xlink:type="locator" xlink:href="../../et-gaap-cor_2011-01-01.xsd#et-gaap_OtherReceivablesAbstract" xlink:label="OtherReceivablesAbstract" xlink:title="OtherReceivablesAbstract"/>
    <link:definitionArc xlink:type="arc" xlink:arcrole="http://xbrl.org/int/dim/arcrole/domain-member" xlink:from="NoteOtherReceivablesAbstract" xlink:to="OtherReceivablesAbstract" xlink:title="definition: NoteOtherReceivablesAbstract to OtherReceivablesAbstract" order="8.0"/>
    <link:loc xlink:type="locator" xlink:href="../../et-gaap-cor_2011-01-01.xsd#et-gaap_LoanReceivables" xlink:label="LoanReceivables" xlink:title="LoanReceivables"/>
    <link:definitionArc xlink:type="arc" xlink:arcrole="http://xbrl.org/int/dim/arcrole/domain-member" xlink:from="OtherReceivablesAbstract" xlink:to="LoanReceivables" xlink:title="definition: OtherReceivablesAbstract to LoanReceivables" use="optional" order="1.0"/>
    <link:loc xlink:type="locator" xlink:href="../../et-gaap-cor_2011-01-01.xsd#et-gaap_InterestReceivables" xlink:label="InterestReceivables" xlink:title="InterestReceivables"/>
    <link:definitionArc xlink:type="arc" xlink:arcrole="http://xbrl.org/int/dim/arcrole/domain-member" xlink:from="OtherReceivablesAbstract" xlink:to="InterestReceivables" xlink:title="definition: OtherReceivablesAbstract to InterestReceivables" use="optional" order="2.0"/>
    <link:loc xlink:type="locator" xlink:href="../../et-gaap-cor_2011-01-01.xsd#et-gaap_DividendReceivables" xlink:label="DividendReceivables" xlink:title="DividendReceivables"/>
    <link:definitionArc xlink:type="arc" xlink:arcrole="http://xbrl.org/int/dim/arcrole/domain-member" xlink:from="OtherReceivablesAbstract" xlink:to="DividendReceivables" xlink:title="definition: OtherReceivablesAbstract to DividendReceivables" use="optional" order="3.0"/>
    <link:loc xlink:type="locator" xlink:href="../../et-gaap-cor_2011-01-01.xsd#et-gaap_AccruedIncome" xlink:label="AccruedIncome" xlink:title="AccruedIncome"/>
    <link:definitionArc xlink:type="arc" xlink:arcrole="http://xbrl.org/int/dim/arcrole/domain-member" xlink:from="OtherReceivablesAbstract" xlink:to="AccruedIncome" xlink:title="definition: OtherReceivablesAbstract to AccruedIncome" use="optional" order="4.0"/>
    <link:loc xlink:type="locator" xlink:href="../../et-gaap-cor_2011-01-01.xsd#et-gaap_OtherOtherReceivables" xlink:label="OtherOtherReceivables" xlink:title="OtherOtherReceivables"/>
    <link:definitionArc xlink:type="arc" xlink:arcrole="http://xbrl.org/int/dim/arcrole/domain-member" xlink:from="OtherReceivablesAbstract" xlink:to="OtherOtherReceivables" xlink:title="definition: OtherReceivablesAbstract to OtherOtherReceivables" use="optional" order="5.0"/>
    <link:loc xlink:type="locator" xlink:href="../../et-gaap-cor_2011-01-01.xsd#et-gaap_OtherReceivablesTotal" xlink:label="OtherReceivablesTotal" xlink:title="OtherReceivablesTotal"/>
    <link:definitionArc xlink:type="arc" xlink:arcrole="http://xbrl.org/int/dim/arcrole/domain-member" xlink:from="OtherReceivablesAbstract" xlink:to="OtherReceivablesTotal" xlink:title="definition: OtherReceivablesAbstract to OtherReceivablesTotal" use="optional" order="6.0"/>
    <link:loc xlink:type="locator" xlink:href="../../et-gaap-cor_2011-01-01.xsd#et-gaap_AllocationByRemainingMaturityHypercube" xlink:label="AllocationByRemainingMaturityHypercube" xlink:title="AllocationByRemainingMaturityHypercube"/>
    <link:definitionArc xlink:type="arc" xlink:arcrole="http://xbrl.org/int/dim/arcrole/all" xlink:from="OtherReceivablesAbstract" xlink:to="AllocationByRemainingMaturityHypercube" xlink:title="definition: OtherReceivablesAbstract to AllocationByRemainingMaturityHypercube" use="optional" order="7.0" p0:contextElement="scenario" p0:closed="true"/>
    <link:loc xlink:type="locator" xlink:href="../../et-gaap-cor_2011-01-01.xsd#et-gaap_AllocationByRemainingMaturityDimension" xlink:label="AllocationByRemainingMaturityDimension" xlink:title="AllocationByRemainingMaturityDimension"/>
    <link:definitionArc xlink:type="arc" xlink:arcrole="http://xbrl.org/int/dim/arcrole/hypercube-dimension" xlink:from="AllocationByRemainingMaturityHypercube" xlink:to="AllocationByRemainingMaturityDimension" xlink:title="definition: AllocationByRemainingMaturityHypercube to AllocationByRemainingMaturityDimension" order="1.0" p0:targetRole="http://xbrl.eesti.ee/role/et-gaap_2011-01-01/AllocationByRemainingMaturity_role-901000"/>
    <link:loc xlink:type="locator" xlink:href="../../et-gaap-cor_2011-01-01.xsd#et-gaap_NoteOtherReceivables" xlink:label="NoteOtherReceivables" xlink:title="NoteOtherReceivables"/>
    <link:definitionArc xlink:type="arc" xlink:arcrole="http://xbrl.org/int/dim/arcrole/domain-member" xlink:from="NoteOtherReceivablesAbstract" xlink:to="NoteOtherReceivables" xlink:title="definition: NoteOtherReceivablesAbstract to NoteOtherReceivables" order="9.0"/>
  </link:definitionLink>
</link:linkbase>
