<?xml version="1.0" encoding="UTF-8"?>
<!--
**************************************************************
et-gaap Taxonomy: 2011-01-01 (Final)

Copyright (C) 2010 Centre of Registers and Information Systems
**************************************************************
-->
<link:linkbase xmlns:xsi="http://www.w3.org/2001/XMLSchema-instance" xsi:schemaLocation="http://www.xbrl.org/2003/linkbase http://www.xbrl.org/2003/xbrl-linkbase-2003-12-31.xsd" xmlns:link="http://www.xbrl.org/2003/linkbase" xmlns:xlink="http://www.w3.org/1999/xlink" xmlns:xbrldt="http://xbrl.org/2005/xbrldt">
  <link:roleRef roleURI="http://xbrl.eesti.ee/role/et-gaap_2011-01-01/NoteNonCurrentAssetsHeldForSale_role-814000" xlink:type="simple" xlink:href="role-814000.xsd#NoteNonCurrentAssetsHeldForSale_role-814000"/>
  <link:calculationLink xlink:type="extended" xlink:role="http://xbrl.eesti.ee/role/et-gaap_2011-01-01/NoteNonCurrentAssetsHeldForSale_role-814000">
    <link:loc xlink:type="locator" xlink:href="../../et-gaap-cor_2011-01-01.xsd#et-gaap_NonCurrentAssetsHeldForSaleAtEndOfPeriod" xlink:label="NonCurrentAssetsHeldForSaleAtEndOfPeriod" xlink:title="NonCurrentAssetsHeldForSaleAtEndOfPeriod"/>
    <link:loc xlink:type="locator" xlink:href="../../et-gaap-cor_2011-01-01.xsd#et-gaap_NonCurrentAssetsHeldForSaleAtEndOfPreviousPeriod" xlink:label="NonCurrentAssetsHeldForSaleAtEndOfPreviousPeriod" xlink:title="NonCurrentAssetsHeldForSaleAtEndOfPreviousPeriod"/>
    <link:calculationArc xlink:type="arc" xlink:arcrole="http://www.xbrl.org/2003/arcrole/summation-item" xlink:from="NonCurrentAssetsHeldForSaleAtEndOfPeriod" xlink:to="NonCurrentAssetsHeldForSaleAtEndOfPreviousPeriod" xlink:title="calculation: NonCurrentAssetsHeldForSaleAtEndOfPeriod to NonCurrentAssetsHeldForSaleAtEndOfPreviousPeriod" order="1.0" weight="1.0"/>
    <link:loc xlink:type="locator" xlink:href="../../et-gaap-cor_2011-01-01.xsd#et-gaap_NonCurrentAssetsHeldForSaleReclassifications" xlink:label="NonCurrentAssetsHeldForSaleReclassifications" xlink:title="NonCurrentAssetsHeldForSaleReclassifications"/>
    <link:calculationArc xlink:type="arc" xlink:arcrole="http://www.xbrl.org/2003/arcrole/summation-item" xlink:from="NonCurrentAssetsHeldForSaleAtEndOfPeriod" xlink:to="NonCurrentAssetsHeldForSaleReclassifications" xlink:title="calculation: NonCurrentAssetsHeldForSaleAtEndOfPeriod to NonCurrentAssetsHeldForSaleReclassifications" order="2.0" weight="1.0"/>
    <link:loc xlink:type="locator" xlink:href="../../et-gaap-cor_2011-01-01.xsd#et-gaap_NonCurrentAssetsHeldForSaleDisposals" xlink:label="NonCurrentAssetsHeldForSaleDisposals" xlink:title="NonCurrentAssetsHeldForSaleDisposals"/>
    <link:calculationArc xlink:type="arc" xlink:arcrole="http://www.xbrl.org/2003/arcrole/summation-item" xlink:from="NonCurrentAssetsHeldForSaleAtEndOfPeriod" xlink:to="NonCurrentAssetsHeldForSaleDisposals" xlink:title="calculation: NonCurrentAssetsHeldForSaleAtEndOfPeriod to NonCurrentAssetsHeldForSaleDisposals" order="3.0" weight="1.0"/>
    <link:loc xlink:type="locator" xlink:href="../../et-gaap-cor_2011-01-01.xsd#et-gaap_NonCurrentAssetsHeldForSaleOtherChanges" xlink:label="NonCurrentAssetsHeldForSaleOtherChanges" xlink:title="NonCurrentAssetsHeldForSaleOtherChanges"/>
    <link:calculationArc xlink:type="arc" xlink:arcrole="http://www.xbrl.org/2003/arcrole/summation-item" xlink:from="NonCurrentAssetsHeldForSaleAtEndOfPeriod" xlink:to="NonCurrentAssetsHeldForSaleOtherChanges" xlink:title="calculation: NonCurrentAssetsHeldForSaleAtEndOfPeriod to NonCurrentAssetsHeldForSaleOtherChanges" order="4.0" weight="1.0"/>
  </link:calculationLink>
</link:linkbase>
