<?xml version="1.0" encoding="UTF-8"?>
<!--
**************************************************************
et-gaap Taxonomy: 2011-01-01 (Final)

Copyright (C) 2010 Centre of Registers and Information Systems
**************************************************************
-->
<link:linkbase xmlns:xsi="http://www.w3.org/2001/XMLSchema-instance" xsi:schemaLocation="http://www.xbrl.org/2003/linkbase http://www.xbrl.org/2003/xbrl-linkbase-2003-12-31.xsd" xmlns:link="http://www.xbrl.org/2003/linkbase" xmlns:xlink="http://www.w3.org/1999/xlink" xmlns:xbrldt="http://xbrl.org/2005/xbrldt">
  <link:roleRef roleURI="http://xbrl.eesti.ee/role/et-gaap_2011-01-01/NoteNonCurrentAssetsHeldForSale_role-814000" xlink:type="simple" xlink:href="role-814000.xsd#NoteNonCurrentAssetsHeldForSale_role-814000"/>
  <link:presentationLink xlink:type="extended" xlink:role="http://xbrl.eesti.ee/role/et-gaap_2011-01-01/NoteNonCurrentAssetsHeldForSale_role-814000">
    <link:loc xlink:type="locator" xlink:href="../../et-gaap-cor_2011-01-01.xsd#et-gaap_NoteNonCurrentAssetsHeldForSaleAbstract" xlink:label="NoteNonCurrentAssetsHeldForSaleAbstract" xlink:title="NoteNonCurrentAssetsHeldForSaleAbstract"/>
    <link:loc xlink:type="locator" xlink:href="../../et-gaap-cor_2011-01-01.xsd#et-gaap_NonCurrentAssetsHeldForSaleAtEndOfPreviousPeriod" xlink:label="NonCurrentAssetsHeldForSaleAtEndOfPreviousPeriod" xlink:title="NonCurrentAssetsHeldForSaleAtEndOfPreviousPeriod"/>
    <link:presentationArc xlink:type="arc" xlink:arcrole="http://www.xbrl.org/2003/arcrole/parent-child" xlink:from="NoteNonCurrentAssetsHeldForSaleAbstract" xlink:to="NonCurrentAssetsHeldForSaleAtEndOfPreviousPeriod" xlink:title="presentation: NoteNonCurrentAssetsHeldForSaleAbstract to NonCurrentAssetsHeldForSaleAtEndOfPreviousPeriod" use="optional" order="1.0"/>
    <link:loc xlink:type="locator" xlink:href="../../et-gaap-cor_2011-01-01.xsd#et-gaap_NonCurrentAssetsHeldForSaleReclassifications" xlink:label="NonCurrentAssetsHeldForSaleReclassifications" xlink:title="NonCurrentAssetsHeldForSaleReclassifications"/>
    <link:presentationArc xlink:type="arc" xlink:arcrole="http://www.xbrl.org/2003/arcrole/parent-child" xlink:from="NoteNonCurrentAssetsHeldForSaleAbstract" xlink:to="NonCurrentAssetsHeldForSaleReclassifications" xlink:title="presentation: NoteNonCurrentAssetsHeldForSaleAbstract to NonCurrentAssetsHeldForSaleReclassifications" use="optional" order="2.0"/>
    <link:loc xlink:type="locator" xlink:href="../../et-gaap-cor_2011-01-01.xsd#et-gaap_NonCurrentAssetsHeldForSaleDisposals" xlink:label="NonCurrentAssetsHeldForSaleDisposals" xlink:title="NonCurrentAssetsHeldForSaleDisposals"/>
    <link:presentationArc xlink:type="arc" xlink:arcrole="http://www.xbrl.org/2003/arcrole/parent-child" xlink:from="NoteNonCurrentAssetsHeldForSaleAbstract" xlink:to="NonCurrentAssetsHeldForSaleDisposals" xlink:title="presentation: NoteNonCurrentAssetsHeldForSaleAbstract to NonCurrentAssetsHeldForSaleDisposals" use="optional" order="3.0"/>
    <link:loc xlink:type="locator" xlink:href="../../et-gaap-cor_2011-01-01.xsd#et-gaap_NonCurrentAssetsHeldForSaleOtherChanges" xlink:label="NonCurrentAssetsHeldForSaleOtherChanges" xlink:title="NonCurrentAssetsHeldForSaleOtherChanges"/>
    <link:presentationArc xlink:type="arc" xlink:arcrole="http://www.xbrl.org/2003/arcrole/parent-child" xlink:from="NoteNonCurrentAssetsHeldForSaleAbstract" xlink:to="NonCurrentAssetsHeldForSaleOtherChanges" xlink:title="presentation: NoteNonCurrentAssetsHeldForSaleAbstract to NonCurrentAssetsHeldForSaleOtherChanges" use="optional" order="4.0"/>
    <link:loc xlink:type="locator" xlink:href="../../et-gaap-cor_2011-01-01.xsd#et-gaap_NonCurrentAssetsHeldForSaleAtEndOfPeriod" xlink:label="NonCurrentAssetsHeldForSaleAtEndOfPeriod" xlink:title="NonCurrentAssetsHeldForSaleAtEndOfPeriod"/>
    <link:presentationArc xlink:type="arc" xlink:arcrole="http://www.xbrl.org/2003/arcrole/parent-child" xlink:from="NoteNonCurrentAssetsHeldForSaleAbstract" xlink:to="NonCurrentAssetsHeldForSaleAtEndOfPeriod" xlink:title="presentation: NoteNonCurrentAssetsHeldForSaleAbstract to NonCurrentAssetsHeldForSaleAtEndOfPeriod" use="optional" order="5.0"/>
    <link:loc xlink:type="locator" xlink:href="../../et-gaap-cor_2011-01-01.xsd#et-gaap_AllocationByNonCurrentAssetsHeldForSaleHypercube" xlink:label="AllocationByNonCurrentAssetsHeldForSaleHypercube" xlink:title="AllocationByNonCurrentAssetsHeldForSaleHypercube"/>
    <link:presentationArc xlink:type="arc" xlink:arcrole="http://www.xbrl.org/2003/arcrole/parent-child" xlink:from="NoteNonCurrentAssetsHeldForSaleAbstract" xlink:to="AllocationByNonCurrentAssetsHeldForSaleHypercube" xlink:title="presentation: NoteNonCurrentAssetsHeldForSaleAbstract to AllocationByNonCurrentAssetsHeldForSaleHypercube" use="optional" order="6.0" xbrldt:contextElement="scenario" xbrldt:closed="true"/>
    <link:loc xlink:type="locator" xlink:href="../../et-gaap-cor_2011-01-01.xsd#et-gaap_NonCurrentAssetsHeldForSaleDimension" xlink:label="NonCurrentAssetsHeldForSaleDimension" xlink:title="NonCurrentAssetsHeldForSaleDimension"/>
    <link:presentationArc xlink:type="arc" xlink:arcrole="http://www.xbrl.org/2003/arcrole/parent-child" xlink:from="AllocationByNonCurrentAssetsHeldForSaleHypercube" xlink:to="NonCurrentAssetsHeldForSaleDimension" xlink:title="presentation: AllocationByNonCurrentAssetsHeldForSaleHypercube to NonCurrentAssetsHeldForSaleDimension" use="optional" order="1.0" xbrldt:closed="true"/>
    <link:loc xlink:type="locator" xlink:href="../../et-gaap-cor_2011-01-01.xsd#et-gaap_NonCurrentAssetsHeldForSaleAbstract" xlink:label="NonCurrentAssetsHeldForSaleAbstract" xlink:title="NonCurrentAssetsHeldForSaleAbstract"/>
    <link:presentationArc xlink:type="arc" xlink:arcrole="http://www.xbrl.org/2003/arcrole/parent-child" xlink:from="NonCurrentAssetsHeldForSaleDimension" xlink:to="NonCurrentAssetsHeldForSaleAbstract" xlink:title="presentation: NonCurrentAssetsHeldForSaleDimension to NonCurrentAssetsHeldForSaleAbstract" use="optional" order="1.0"/>
    <link:loc xlink:type="locator" xlink:href="../../et-gaap-cor_2011-01-01.xsd#et-gaap_AdditionalInformationAbstract" xlink:label="AdditionalInformationAbstract" xlink:title="AdditionalInformationAbstract"/>
    <link:loc xlink:type="locator" xlink:href="../../et-gaap-cor_2011-01-01.xsd#et-gaap_NoteNonCurrentAssetsHeldForSale" xlink:label="NoteNonCurrentAssetsHeldForSale" xlink:title="NoteNonCurrentAssetsHeldForSale"/>
    <link:presentationArc xlink:type="arc" xlink:arcrole="http://www.xbrl.org/2003/arcrole/parent-child" xlink:from="AdditionalInformationAbstract" xlink:to="NoteNonCurrentAssetsHeldForSale" xlink:title="presentation: AdditionalInformationAbstract to NoteNonCurrentAssetsHeldForSale" order="1.0"/>
  </link:presentationLink>
</link:linkbase>
