<?xml version="1.0" encoding="UTF-8"?>
<!--
**************************************************************
et-gaap Taxonomy: 2011-01-01 (Final)

Copyright (C) 2010 Centre of Registers and Information Systems
**************************************************************
-->
<link:linkbase xmlns:xsi="http://www.w3.org/2001/XMLSchema-instance" xsi:schemaLocation="http://www.xbrl.org/2003/linkbase http://www.xbrl.org/2003/xbrl-linkbase-2003-12-31.xsd" xmlns:link="http://www.xbrl.org/2003/linkbase" xmlns:xlink="http://www.w3.org/1999/xlink">
  <link:roleRef roleURI="http://xbrl.eesti.ee/role/et-gaap_2011-01-01/StatementOfChangesInNetAssets_role-601060" xlink:type="simple" xlink:href="role-601000.xsd#StatementOfChangesInNetAssets_role-601060"/>
  <link:calculationLink xlink:type="extended" xlink:role="http://xbrl.eesti.ee/role/et-gaap_2011-01-01/StatementOfChangesInNetAssets_role-601060">
    <link:loc xlink:type="locator" xlink:href="../../et-gaap-cor_2011-01-01.xsd#et-gaap_ChangesInTotalNetAssets" xlink:label="ChangesInTotalNetAssets" xlink:title="ChangesInTotalNetAssets"/>
    <link:loc xlink:type="locator" xlink:href="../../et-gaap-cor_2011-01-01.xsd#et-gaap_ChangesInNetAssetsReserves" xlink:label="ChangesInNetAssetsReserves" xlink:title="ChangesInNetAssetsReserves"/>
    <link:calculationArc xlink:type="arc" xlink:arcrole="http://www.xbrl.org/2003/arcrole/summation-item" xlink:from="ChangesInTotalNetAssets" xlink:to="ChangesInNetAssetsReserves" xlink:title="calculation: ChangesInTotalNetAssets to ChangesInNetAssetsReserves" order="2.0" weight="1.0"/>
    <link:loc xlink:type="locator" xlink:href="../../et-gaap-cor_2011-01-01.xsd#et-gaap_ChangesInNetAssetsAccumulatedSurplusesDeficitsFromPreviousPeriods" xlink:label="ChangesInNetAssetsAccumulatedSurplusesDeficitsFromPreviousPeriods" xlink:title="ChangesInNetAssetsAccumulatedSurplusesDeficitsFromPreviousPeriods"/>
    <link:calculationArc xlink:type="arc" xlink:arcrole="http://www.xbrl.org/2003/arcrole/summation-item" xlink:from="ChangesInTotalNetAssets" xlink:to="ChangesInNetAssetsAccumulatedSurplusesDeficitsFromPreviousPeriods" xlink:title="calculation: ChangesInTotalNetAssets to ChangesInNetAssetsAccumulatedSurplusesDeficitsFromPreviousPeriods" order="3.0" weight="1.0"/>
    <link:loc xlink:type="locator" xlink:href="../../et-gaap-cor_2011-01-01.xsd#et-gaap_ChangesInEquityIssuedCapital" xlink:label="ChangesInEquityIssuedCapital" xlink:title="ChangesInEquityIssuedCapital"/>
    <link:calculationArc xlink:type="arc" xlink:arcrole="http://www.xbrl.org/2003/arcrole/summation-item" xlink:from="ChangesInTotalNetAssets" xlink:to="ChangesInEquityIssuedCapital" xlink:title="calculation: ChangesInTotalNetAssets to ChangesInEquityIssuedCapital" order="1.0" weight="1.0"/>
  </link:calculationLink>
</link:linkbase>
