<?xml version="1.0" encoding="UTF-8"?>
<!--
**************************************************************
et-gaap Taxonomy: 2011-01-01 (Final)

Copyright (C) 2010 Centre of Registers and Information Systems
**************************************************************
-->
<link:linkbase xmlns:xsi="http://www.w3.org/2001/XMLSchema-instance" xsi:schemaLocation="http://www.xbrl.org/2003/linkbase http://www.xbrl.org/2003/xbrl-linkbase-2003-12-31.xsd" xmlns:link="http://www.xbrl.org/2003/linkbase" xmlns:xlink="http://www.w3.org/1999/xlink">
  <link:roleRef roleURI="http://xbrl.eesti.ee/role/et-gaap_2011-01-01/StatementOfChangesInEquity_role-601010" xlink:type="simple" xlink:href="role-601000.xsd#StatementOfChangesInEquity_role-601010"/>
  <link:calculationLink xlink:type="extended" xlink:role="http://xbrl.eesti.ee/role/et-gaap_2011-01-01/StatementOfChangesInEquity_role-601010">
    <link:loc xlink:type="locator" xlink:href="../../et-gaap-cor_2011-01-01.xsd#et-gaap_ChangesInEquity" xlink:label="ChangesInEquity" xlink:title="ChangesInEquity"/>
    <link:loc xlink:type="locator" xlink:href="../../et-gaap-cor_2011-01-01.xsd#et-gaap_ChangesInEquityIssuedCapital" xlink:label="ChangesInEquityIssuedCapital" xlink:title="ChangesInEquityIssuedCapital"/>
    <link:calculationArc xlink:type="arc" xlink:arcrole="http://www.xbrl.org/2003/arcrole/summation-item" xlink:from="ChangesInEquity" xlink:to="ChangesInEquityIssuedCapital" xlink:title="calculation: ChangesInEquity to ChangesInEquityIssuedCapital" order="1.0" weight="1.0"/>
    <link:loc xlink:type="locator" xlink:href="../../et-gaap-cor_2011-01-01.xsd#et-gaap_ChangesInEquityUnregisteredEquity" xlink:label="ChangesInEquityUnregisteredEquity" xlink:title="ChangesInEquityUnregisteredEquity"/>
    <link:calculationArc xlink:type="arc" xlink:arcrole="http://www.xbrl.org/2003/arcrole/summation-item" xlink:from="ChangesInEquity" xlink:to="ChangesInEquityUnregisteredEquity" xlink:title="calculation: ChangesInEquity to ChangesInEquityUnregisteredEquity" order="2.0" weight="1.0"/>
    <link:loc xlink:type="locator" xlink:href="../../et-gaap-cor_2011-01-01.xsd#et-gaap_ChangesInEquitySharePremium" xlink:label="ChangesInEquitySharePremium" xlink:title="ChangesInEquitySharePremium"/>
    <link:calculationArc xlink:type="arc" xlink:arcrole="http://www.xbrl.org/2003/arcrole/summation-item" xlink:from="ChangesInEquity" xlink:to="ChangesInEquitySharePremium" xlink:title="calculation: ChangesInEquity to ChangesInEquitySharePremium" order="3.0" weight="1.0"/>
    <link:loc xlink:type="locator" xlink:href="../../et-gaap-cor_2011-01-01.xsd#et-gaap_ChangesInEquityTreasuryShares" xlink:label="ChangesInEquityTreasuryShares" xlink:title="ChangesInEquityTreasuryShares"/>
    <link:calculationArc xlink:type="arc" xlink:arcrole="http://www.xbrl.org/2003/arcrole/summation-item" xlink:from="ChangesInEquity" xlink:to="ChangesInEquityTreasuryShares" xlink:title="calculation: ChangesInEquity to ChangesInEquityTreasuryShares" order="4.0" weight="1.0"/>
    <link:loc xlink:type="locator" xlink:href="../../et-gaap-cor_2011-01-01.xsd#et-gaap_ChangesInEquityStatutoryReservCapital" xlink:label="ChangesInEquityStatutoryReservCapital" xlink:title="ChangesInEquityStatutoryReservCapital"/>
    <link:calculationArc xlink:type="arc" xlink:arcrole="http://www.xbrl.org/2003/arcrole/summation-item" xlink:from="ChangesInEquity" xlink:to="ChangesInEquityStatutoryReservCapital" xlink:title="calculation: ChangesInEquity to ChangesInEquityStatutoryReservCapital" order="5.0" weight="1.0"/>
    <link:loc xlink:type="locator" xlink:href="../../et-gaap-cor_2011-01-01.xsd#et-gaap_ChangesInEquityOtherReserves" xlink:label="ChangesInEquityOtherReserves" xlink:title="ChangesInEquityOtherReserves"/>
    <link:calculationArc xlink:type="arc" xlink:arcrole="http://www.xbrl.org/2003/arcrole/summation-item" xlink:from="ChangesInEquity" xlink:to="ChangesInEquityOtherReserves" xlink:title="calculation: ChangesInEquity to ChangesInEquityOtherReserves" order="6.0" weight="1.0"/>
    <link:loc xlink:type="locator" xlink:href="../../et-gaap-cor_2011-01-01.xsd#et-gaap_ChangesInEquityRetainedEarningsLoss" xlink:label="ChangesInEquityRetainedEarningsLoss" xlink:title="ChangesInEquityRetainedEarningsLoss"/>
    <link:calculationArc xlink:type="arc" xlink:arcrole="http://www.xbrl.org/2003/arcrole/summation-item" xlink:from="ChangesInEquity" xlink:to="ChangesInEquityRetainedEarningsLoss" xlink:title="calculation: ChangesInEquity to ChangesInEquityRetainedEarningsLoss" order="7.0" weight="1.0"/>
  </link:calculationLink>
</link:linkbase>
