<?xml version="1.0" encoding="UTF-8"?>
<!--
**************************************************************
et-gaap Taxonomy: 2011-01-01 (Final)

Copyright (C) 2010 Centre of Registers and Information Systems
**************************************************************
-->
<link:linkbase xmlns:xsi="http://www.w3.org/2001/XMLSchema-instance" xsi:schemaLocation="http://www.xbrl.org/2003/linkbase http://www.xbrl.org/2003/xbrl-linkbase-2003-12-31.xsd" xmlns:link="http://www.xbrl.org/2003/linkbase" xmlns:xlink="http://www.w3.org/1999/xlink" xmlns:p0="http://xbrl.org/2005/xbrldt">
  <link:roleRef roleURI="http://xbrl.eesti.ee/role/et-gaap_2011-01-01/StatementOfChangesInEquity_role-601030" xlink:type="simple" xlink:href="role-601000.xsd#StatementOfChangesInEquity_role-601030"/>
  <link:arcroleRef arcroleURI="http://xbrl.org/int/dim/arcrole/all" xlink:type="simple" xlink:href="http://www.xbrl.org/2005/xbrldt-2005.xsd#all"/>
  <link:arcroleRef arcroleURI="http://xbrl.org/int/dim/arcrole/dimension-domain" xlink:type="simple" xlink:href="http://www.xbrl.org/2005/xbrldt-2005.xsd#dimension-domain"/>
  <link:arcroleRef arcroleURI="http://xbrl.org/int/dim/arcrole/domain-member" xlink:type="simple" xlink:href="http://www.xbrl.org/2005/xbrldt-2005.xsd#domain-member"/>
  <link:arcroleRef arcroleURI="http://xbrl.org/int/dim/arcrole/hypercube-dimension" xlink:type="simple" xlink:href="http://www.xbrl.org/2005/xbrldt-2005.xsd#hypercube-dimension"/>
  <link:definitionLink xlink:type="extended" xlink:role="http://xbrl.eesti.ee/role/et-gaap_2011-01-01/StatementOfChangesInEquity_role-601030">
    <link:loc xlink:type="locator" xlink:href="../../et-gaap-cor_2011-01-01.xsd#et-gaap_StatementOfChangesInEquityAbstract" xlink:label="StatementOfChangesInEquityAbstract" xlink:title="StatementOfChangesInEquityAbstract"/>
    <link:loc xlink:type="locator" xlink:href="../../et-gaap-cor_2011-01-01.xsd#et-gaap_StatementOfChangesInEquityAdditionalAbstract" xlink:label="StatementOfChangesInEquityAdditionalAbstract" xlink:title="StatementOfChangesInEquityAdditionalAbstract"/>
    <link:definitionArc xlink:type="arc" xlink:arcrole="http://xbrl.org/int/dim/arcrole/domain-member" xlink:from="StatementOfChangesInEquityAbstract" xlink:to="StatementOfChangesInEquityAdditionalAbstract" xlink:title="definition: StatementOfChangesInEquityAbstract to StatementOfChangesInEquityAdditionalAbstract" order="3.0"/>
    <link:loc xlink:type="locator" xlink:href="../../et-gaap-cor_2011-01-01.xsd#et-gaap_ChangesInEquity" xlink:label="ChangesInEquity" xlink:title="ChangesInEquity"/>
    <link:definitionArc xlink:type="arc" xlink:arcrole="http://xbrl.org/int/dim/arcrole/domain-member" xlink:from="StatementOfChangesInEquityAdditionalAbstract" xlink:to="ChangesInEquity" xlink:title="definition: StatementOfChangesInEquityAdditionalAbstract to ChangesInEquity" use="optional" order="1.0"/>
    <link:loc xlink:type="locator" xlink:href="../../et-gaap-cor_2011-01-01.xsd#et-gaap_ChangesInEquitySharePremium" xlink:label="ChangesInEquitySharePremium" xlink:title="ChangesInEquitySharePremium"/>
    <link:definitionArc xlink:type="arc" xlink:arcrole="http://xbrl.org/int/dim/arcrole/domain-member" xlink:from="ChangesInEquity" xlink:to="ChangesInEquitySharePremium" xlink:title="definition: ChangesInEquity to ChangesInEquitySharePremium" use="optional" order="3.0"/>
    <link:loc xlink:type="locator" xlink:href="../../et-gaap-cor_2011-01-01.xsd#et-gaap_ChangesInEquityStatutoryReservCapital" xlink:label="ChangesInEquityStatutoryReservCapital" xlink:title="ChangesInEquityStatutoryReservCapital"/>
    <link:definitionArc xlink:type="arc" xlink:arcrole="http://xbrl.org/int/dim/arcrole/domain-member" xlink:from="ChangesInEquity" xlink:to="ChangesInEquityStatutoryReservCapital" xlink:title="definition: ChangesInEquity to ChangesInEquityStatutoryReservCapital" use="optional" order="5.0"/>
    <link:loc xlink:type="locator" xlink:href="../../et-gaap-cor_2011-01-01.xsd#et-gaap_ChangesInEquityOtherReserves" xlink:label="ChangesInEquityOtherReserves" xlink:title="ChangesInEquityOtherReserves"/>
    <link:definitionArc xlink:type="arc" xlink:arcrole="http://xbrl.org/int/dim/arcrole/domain-member" xlink:from="ChangesInEquity" xlink:to="ChangesInEquityOtherReserves" xlink:title="definition: ChangesInEquity to ChangesInEquityOtherReserves" use="optional" order="6.0"/>
    <link:loc xlink:type="locator" xlink:href="../../et-gaap-cor_2011-01-01.xsd#et-gaap_ChangesInEquityRetainedEarningsLoss" xlink:label="ChangesInEquityRetainedEarningsLoss" xlink:title="ChangesInEquityRetainedEarningsLoss"/>
    <link:definitionArc xlink:type="arc" xlink:arcrole="http://xbrl.org/int/dim/arcrole/domain-member" xlink:from="ChangesInEquity" xlink:to="ChangesInEquityRetainedEarningsLoss" xlink:title="definition: ChangesInEquity to ChangesInEquityRetainedEarningsLoss" use="optional" order="7.0"/>
    <link:loc xlink:type="locator" xlink:href="../../et-gaap-cor_2011-01-01.xsd#et-gaap_ChangesInEquityIssuedCapital2" xlink:label="ChangesInEquityIssuedCapital2" xlink:title="ChangesInEquityIssuedCapital2"/>
    <link:definitionArc xlink:type="arc" xlink:arcrole="http://xbrl.org/int/dim/arcrole/domain-member" xlink:from="ChangesInEquity" xlink:to="ChangesInEquityIssuedCapital2" xlink:title="definition: ChangesInEquity to ChangesInEquityIssuedCapital2" order="1.0"/>
    <link:loc xlink:type="locator" xlink:href="../../et-gaap-cor_2011-01-01.xsd#et-gaap_ChangesInEquityUnregisteredEquity2" xlink:label="ChangesInEquityUnregisteredEquity2" xlink:title="ChangesInEquityUnregisteredEquity2"/>
    <link:definitionArc xlink:type="arc" xlink:arcrole="http://xbrl.org/int/dim/arcrole/domain-member" xlink:from="ChangesInEquity" xlink:to="ChangesInEquityUnregisteredEquity2" xlink:title="definition: ChangesInEquity to ChangesInEquityUnregisteredEquity2" order="2.0"/>
    <link:loc xlink:type="locator" xlink:href="../../et-gaap-cor_2011-01-01.xsd#et-gaap_ChangesInEquityTreasuryShares2" xlink:label="ChangesInEquityTreasuryShares2" xlink:title="ChangesInEquityTreasuryShares2"/>
    <link:definitionArc xlink:type="arc" xlink:arcrole="http://xbrl.org/int/dim/arcrole/domain-member" xlink:from="ChangesInEquity" xlink:to="ChangesInEquityTreasuryShares2" xlink:title="definition: ChangesInEquity to ChangesInEquityTreasuryShares2" order="4.0"/>
    <link:loc xlink:type="locator" xlink:href="../../et-gaap-cor_2011-01-01.xsd#et-gaap_AllocationByChangesInEquityHypercube" xlink:label="AllocationByChangesInEquityHypercube" xlink:title="AllocationByChangesInEquityHypercube"/>
    <link:definitionArc xlink:type="arc" xlink:arcrole="http://xbrl.org/int/dim/arcrole/all" xlink:from="StatementOfChangesInEquityAdditionalAbstract" xlink:to="AllocationByChangesInEquityHypercube" xlink:title="definition: StatementOfChangesInEquityAdditionalAbstract to AllocationByChangesInEquityHypercube" use="optional" order="2.0" p0:contextElement="scenario" p0:closed="true"/>
    <link:loc xlink:type="locator" xlink:href="../../et-gaap-cor_2011-01-01.xsd#et-gaap_ChangesInEquityDimension" xlink:label="ChangesInEquityDimension" xlink:title="ChangesInEquityDimension"/>
    <link:definitionArc xlink:type="arc" xlink:arcrole="http://xbrl.org/int/dim/arcrole/hypercube-dimension" xlink:from="AllocationByChangesInEquityHypercube" xlink:to="ChangesInEquityDimension" xlink:title="definition: AllocationByChangesInEquityHypercube to ChangesInEquityDimension" use="optional" order="1.0" p0:closed="true"/>
    <link:loc xlink:type="locator" xlink:href="../../et-gaap-cor_2011-01-01.xsd#et-gaap_ChangesThroughOtherDistributionsToOwnersAbstract" xlink:label="ChangesThroughOtherDistributionsToOwnersAbstract" xlink:title="ChangesThroughOtherDistributionsToOwnersAbstract"/>
    <link:definitionArc xlink:type="arc" xlink:arcrole="http://xbrl.org/int/dim/arcrole/dimension-domain" xlink:from="ChangesInEquityDimension" xlink:to="ChangesThroughOtherDistributionsToOwnersAbstract" xlink:title="definition: ChangesInEquityDimension to ChangesThroughOtherDistributionsToOwnersAbstract" use="optional" order="9.0"/>
    <link:loc xlink:type="locator" xlink:href="../../et-gaap-cor_2011-01-01.xsd#et-gaap_DividendsPaidAbstract" xlink:label="DividendsPaidAbstract" xlink:title="DividendsPaidAbstract"/>
    <link:definitionArc xlink:type="arc" xlink:arcrole="http://xbrl.org/int/dim/arcrole/dimension-domain" xlink:from="ChangesInEquityDimension" xlink:to="DividendsPaidAbstract" xlink:title="definition: ChangesInEquityDimension to DividendsPaidAbstract" use="optional" order="8.0"/>
    <link:loc xlink:type="locator" xlink:href="../../et-gaap-cor_2011-01-01.xsd#et-gaap_EffectOfCorrectionOfErrorsAbstract" xlink:label="EffectOfCorrectionOfErrorsAbstract" xlink:title="EffectOfCorrectionOfErrorsAbstract"/>
    <link:definitionArc xlink:type="arc" xlink:arcrole="http://xbrl.org/int/dim/arcrole/dimension-domain" xlink:from="ChangesInEquityDimension" xlink:to="EffectOfCorrectionOfErrorsAbstract" xlink:title="definition: ChangesInEquityDimension to EffectOfCorrectionOfErrorsAbstract" use="optional" order="3.0"/>
    <link:loc xlink:type="locator" xlink:href="../../et-gaap-cor_2011-01-01.xsd#et-gaap_RestatedBalanceAbstract" xlink:label="RestatedBalanceAbstract" xlink:title="RestatedBalanceAbstract"/>
    <link:definitionArc xlink:type="arc" xlink:arcrole="http://xbrl.org/int/dim/arcrole/dimension-domain" xlink:from="ChangesInEquityDimension" xlink:to="RestatedBalanceAbstract" xlink:title="definition: ChangesInEquityDimension to RestatedBalanceAbstract" use="optional" order="4.0"/>
    <link:loc xlink:type="locator" xlink:href="../../et-gaap-cor_2011-01-01.xsd#et-gaap_ChangesThroughOtherContributionsOfOwnersAbstract" xlink:label="ChangesThroughOtherContributionsOfOwnersAbstract" xlink:title="ChangesThroughOtherContributionsOfOwnersAbstract"/>
    <link:definitionArc xlink:type="arc" xlink:arcrole="http://xbrl.org/int/dim/arcrole/dimension-domain" xlink:from="ChangesInEquityDimension" xlink:to="ChangesThroughOtherContributionsOfOwnersAbstract" xlink:title="definition: ChangesInEquityDimension to ChangesThroughOtherContributionsOfOwnersAbstract" use="optional" order="7.0"/>
    <link:loc xlink:type="locator" xlink:href="../../et-gaap-cor_2011-01-01.xsd#et-gaap_EquityAtEndOfPreviousPeriodAbstract" xlink:label="EquityAtEndOfPreviousPeriodAbstract" xlink:title="EquityAtEndOfPreviousPeriodAbstract"/>
    <link:definitionArc xlink:type="arc" xlink:arcrole="http://xbrl.org/int/dim/arcrole/dimension-domain" xlink:from="ChangesInEquityDimension" xlink:to="EquityAtEndOfPreviousPeriodAbstract" xlink:title="definition: ChangesInEquityDimension to EquityAtEndOfPreviousPeriodAbstract" use="optional" order="1.0"/>
    <link:loc xlink:type="locator" xlink:href="../../et-gaap-cor_2011-01-01.xsd#et-gaap_ChangesInReservsAbstract" xlink:label="ChangesInReservsAbstract" xlink:title="ChangesInReservsAbstract"/>
    <link:definitionArc xlink:type="arc" xlink:arcrole="http://xbrl.org/int/dim/arcrole/dimension-domain" xlink:from="ChangesInEquityDimension" xlink:to="ChangesInReservsAbstract" xlink:title="definition: ChangesInEquityDimension to ChangesInReservsAbstract" use="optional" order="10.0"/>
    <link:loc xlink:type="locator" xlink:href="../../et-gaap-cor_2011-01-01.xsd#et-gaap_OtherChangesInEquityAbstract" xlink:label="OtherChangesInEquityAbstract" xlink:title="OtherChangesInEquityAbstract"/>
    <link:definitionArc xlink:type="arc" xlink:arcrole="http://xbrl.org/int/dim/arcrole/dimension-domain" xlink:from="ChangesInEquityDimension" xlink:to="OtherChangesInEquityAbstract" xlink:title="definition: ChangesInEquityDimension to OtherChangesInEquityAbstract" use="optional" order="11.0"/>
    <link:loc xlink:type="locator" xlink:href="../../et-gaap-cor_2011-01-01.xsd#et-gaap_EquityAtEndOfPeriodAbstract" xlink:label="EquityAtEndOfPeriodAbstract" xlink:title="EquityAtEndOfPeriodAbstract"/>
    <link:definitionArc xlink:type="arc" xlink:arcrole="http://xbrl.org/int/dim/arcrole/dimension-domain" xlink:from="ChangesInEquityDimension" xlink:to="EquityAtEndOfPeriodAbstract" xlink:title="definition: ChangesInEquityDimension to EquityAtEndOfPeriodAbstract" use="optional" order="12.0"/>
    <link:loc xlink:type="locator" xlink:href="../../et-gaap-cor_2011-01-01.xsd#et-gaap_EffectOfChangesInAccountingPoliciesAbstract" xlink:label="EffectOfChangesInAccountingPoliciesAbstract" xlink:title="EffectOfChangesInAccountingPoliciesAbstract"/>
    <link:definitionArc xlink:type="arc" xlink:arcrole="http://xbrl.org/int/dim/arcrole/dimension-domain" xlink:from="ChangesInEquityDimension" xlink:to="EffectOfChangesInAccountingPoliciesAbstract" xlink:title="definition: ChangesInEquityDimension to EffectOfChangesInAccountingPoliciesAbstract" use="optional" order="2.0"/>
    <link:loc xlink:type="locator" xlink:href="../../et-gaap-cor_2011-01-01.xsd#et-gaap_ChangesInEquityAnnualPeriodProfitLossAbstract" xlink:label="ChangesInEquityAnnualPeriodProfitLossAbstract" xlink:title="ChangesInEquityAnnualPeriodProfitLossAbstract"/>
    <link:definitionArc xlink:type="arc" xlink:arcrole="http://xbrl.org/int/dim/arcrole/dimension-domain" xlink:from="ChangesInEquityDimension" xlink:to="ChangesInEquityAnnualPeriodProfitLossAbstract" xlink:title="definition: ChangesInEquityDimension to ChangesInEquityAnnualPeriodProfitLossAbstract" use="optional" order="5.0"/>
    <link:loc xlink:type="locator" xlink:href="../../et-gaap-cor_2011-01-01.xsd#et-gaap_IssueOfEquity2Abstract" xlink:label="IssueOfEquity2Abstract" xlink:title="IssueOfEquity2Abstract"/>
    <link:definitionArc xlink:type="arc" xlink:arcrole="http://xbrl.org/int/dim/arcrole/dimension-domain" xlink:from="ChangesInEquityDimension" xlink:to="IssueOfEquity2Abstract" xlink:title="definition: ChangesInEquityDimension to IssueOfEquity2Abstract" order="6.0"/>
    <link:loc xlink:type="locator" xlink:href="../../et-gaap-cor_2011-01-01.xsd#et-gaap_StatementOfChangesInEquity" xlink:label="StatementOfChangesInEquity" xlink:title="StatementOfChangesInEquity"/>
    <link:definitionArc xlink:type="arc" xlink:arcrole="http://xbrl.org/int/dim/arcrole/domain-member" xlink:from="StatementOfChangesInEquityAbstract" xlink:to="StatementOfChangesInEquity" xlink:title="definition: StatementOfChangesInEquityAbstract to StatementOfChangesInEquity" order="4.0"/>
  </link:definitionLink>
</link:linkbase>
