<?xml version="1.0" encoding="UTF-8"?>
<!--
**************************************************************
et-gaap Taxonomy: 2011-01-01 (Final)

Copyright (C) 2010 Centre of Registers and Information Systems
**************************************************************
-->
<link:linkbase xmlns:xsi="http://www.w3.org/2001/XMLSchema-instance" xsi:schemaLocation="http://www.xbrl.org/2003/linkbase http://www.xbrl.org/2003/xbrl-linkbase-2003-12-31.xsd" xmlns:link="http://www.xbrl.org/2003/linkbase" xmlns:xbrldt="http://xbrl.org/2005/xbrldt" xmlns:xlink="http://www.w3.org/1999/xlink">
  <link:roleRef roleURI="http://xbrl.eesti.ee/role/et-gaap_2011-01-01/StatementOfChangesInNetAssets_role-601060" xlink:type="simple" xlink:href="role-601000.xsd#StatementOfChangesInNetAssets_role-601060"/>
  <link:presentationLink xlink:type="extended" xlink:role="http://xbrl.eesti.ee/role/et-gaap_2011-01-01/StatementOfChangesInNetAssets_role-601060">
    <link:loc xlink:type="locator" xlink:href="../../et-gaap-cor_2011-01-01.xsd#et-gaap_StatementOfChangesInNetAssetsAbstract" xlink:label="StatementOfChangesInNetAssetsAbstract" xlink:title="StatementOfChangesInNetAssetsAbstract"/>
    <link:loc xlink:type="locator" xlink:href="../../et-gaap-cor_2011-01-01.xsd#et-gaap_StatementOfChangesInNetAssetsAdditionalAbstract" xlink:label="StatementOfChangesInNetAssetsAdditionalAbstract" xlink:title="StatementOfChangesInNetAssetsAdditionalAbstract"/>
    <link:presentationArc xlink:type="arc" xlink:arcrole="http://www.xbrl.org/2003/arcrole/parent-child" xlink:from="StatementOfChangesInNetAssetsAbstract" xlink:to="StatementOfChangesInNetAssetsAdditionalAbstract" xlink:title="presentation: StatementOfChangesInNetAssetsAbstract to StatementOfChangesInNetAssetsAdditionalAbstract" use="optional" order="1.0"/>
    <link:loc xlink:type="locator" xlink:href="../../et-gaap-cor_2011-01-01.xsd#et-gaap_ChangesInTotalNetAssets" xlink:label="ChangesInTotalNetAssets" xlink:title="ChangesInTotalNetAssets"/>
    <link:presentationArc xlink:type="arc" xlink:arcrole="http://www.xbrl.org/2003/arcrole/parent-child" xlink:from="StatementOfChangesInNetAssetsAdditionalAbstract" xlink:to="ChangesInTotalNetAssets" xlink:title="presentation: StatementOfChangesInNetAssetsAdditionalAbstract to ChangesInTotalNetAssets" use="optional" order="1.0"/>
    <link:loc xlink:type="locator" xlink:href="../../et-gaap-cor_2011-01-01.xsd#et-gaap_ChangesInNetAssetsReserves" xlink:label="ChangesInNetAssetsReserves" xlink:title="ChangesInNetAssetsReserves"/>
    <link:presentationArc xlink:type="arc" xlink:arcrole="http://www.xbrl.org/2003/arcrole/parent-child" xlink:from="ChangesInTotalNetAssets" xlink:to="ChangesInNetAssetsReserves" xlink:title="presentation: ChangesInTotalNetAssets to ChangesInNetAssetsReserves" use="optional" order="2.0"/>
    <link:loc xlink:type="locator" xlink:href="../../et-gaap-cor_2011-01-01.xsd#et-gaap_ChangesInNetAssetsAccumulatedSurplusesDeficitsFromPreviousPeriods" xlink:label="ChangesInNetAssetsAccumulatedSurplusesDeficitsFromPreviousPeriods" xlink:title="ChangesInNetAssetsAccumulatedSurplusesDeficitsFromPreviousPeriods"/>
    <link:presentationArc xlink:type="arc" xlink:arcrole="http://www.xbrl.org/2003/arcrole/parent-child" xlink:from="ChangesInTotalNetAssets" xlink:to="ChangesInNetAssetsAccumulatedSurplusesDeficitsFromPreviousPeriods" xlink:title="presentation: ChangesInTotalNetAssets to ChangesInNetAssetsAccumulatedSurplusesDeficitsFromPreviousPeriods" use="optional" order="3.0"/>
    <link:loc xlink:type="locator" xlink:href="../../et-gaap-cor_2011-01-01.xsd#et-gaap_ChangesInEquityIssuedCapital" xlink:label="ChangesInEquityIssuedCapital" xlink:title="ChangesInEquityIssuedCapital"/>
    <link:presentationArc xlink:type="arc" xlink:arcrole="http://www.xbrl.org/2003/arcrole/parent-child" xlink:from="ChangesInTotalNetAssets" xlink:to="ChangesInEquityIssuedCapital" xlink:title="presentation: ChangesInTotalNetAssets to ChangesInEquityIssuedCapital" use="optional" order="1.0"/>
    <link:loc xlink:type="locator" xlink:href="../../et-gaap-cor_2011-01-01.xsd#et-gaap_AllocationByChangesInNetAssetsHypercube" xlink:label="AllocationByChangesInNetAssetsHypercube" xlink:title="AllocationByChangesInNetAssetsHypercube"/>
    <link:presentationArc xlink:type="arc" xlink:arcrole="http://www.xbrl.org/2003/arcrole/parent-child" xlink:from="StatementOfChangesInNetAssetsAdditionalAbstract" xlink:to="AllocationByChangesInNetAssetsHypercube" xlink:title="presentation: StatementOfChangesInNetAssetsAdditionalAbstract to AllocationByChangesInNetAssetsHypercube" use="optional" order="2.0" xbrldt:contextElement="scenario"/>
    <link:loc xlink:type="locator" xlink:href="../../et-gaap-cor_2011-01-01.xsd#et-gaap_ChangesInNetAssetsDimension" xlink:label="ChangesInNetAssetsDimension" xlink:title="ChangesInNetAssetsDimension"/>
    <link:presentationArc xlink:type="arc" xlink:arcrole="http://www.xbrl.org/2003/arcrole/parent-child" xlink:from="AllocationByChangesInNetAssetsHypercube" xlink:to="ChangesInNetAssetsDimension" xlink:title="presentation: AllocationByChangesInNetAssetsHypercube to ChangesInNetAssetsDimension" use="optional" order="1.0"/>
    <link:loc xlink:type="locator" xlink:href="../../et-gaap-cor_2011-01-01.xsd#et-gaap_NetAssetsAtEndOfPreviousPeriodAbstract" xlink:label="NetAssetsAtEndOfPreviousPeriodAbstract" xlink:title="NetAssetsAtEndOfPreviousPeriodAbstract"/>
    <link:presentationArc xlink:type="arc" xlink:arcrole="http://www.xbrl.org/2003/arcrole/parent-child" xlink:from="ChangesInNetAssetsDimension" xlink:to="NetAssetsAtEndOfPreviousPeriodAbstract" xlink:title="presentation: ChangesInNetAssetsDimension to NetAssetsAtEndOfPreviousPeriodAbstract" use="optional" order="1.0"/>
    <link:loc xlink:type="locator" xlink:href="../../et-gaap-cor_2011-01-01.xsd#et-gaap_EffectOfChangesInAccountingPoliciesAbstract" xlink:label="EffectOfChangesInAccountingPoliciesAbstract" xlink:title="EffectOfChangesInAccountingPoliciesAbstract"/>
    <link:presentationArc xlink:type="arc" xlink:arcrole="http://www.xbrl.org/2003/arcrole/parent-child" xlink:from="ChangesInNetAssetsDimension" xlink:to="EffectOfChangesInAccountingPoliciesAbstract" xlink:title="presentation: ChangesInNetAssetsDimension to EffectOfChangesInAccountingPoliciesAbstract" use="optional" order="2.0"/>
    <link:loc xlink:type="locator" xlink:href="../../et-gaap-cor_2011-01-01.xsd#et-gaap_EffectOfCorrectionOfErrorsAbstract" xlink:label="EffectOfCorrectionOfErrorsAbstract" xlink:title="EffectOfCorrectionOfErrorsAbstract"/>
    <link:presentationArc xlink:type="arc" xlink:arcrole="http://www.xbrl.org/2003/arcrole/parent-child" xlink:from="ChangesInNetAssetsDimension" xlink:to="EffectOfCorrectionOfErrorsAbstract" xlink:title="presentation: ChangesInNetAssetsDimension to EffectOfCorrectionOfErrorsAbstract" use="optional" order="3.0"/>
    <link:loc xlink:type="locator" xlink:href="../../et-gaap-cor_2011-01-01.xsd#et-gaap_RestatedBalanceAbstract" xlink:label="RestatedBalanceAbstract" xlink:title="RestatedBalanceAbstract"/>
    <link:presentationArc xlink:type="arc" xlink:arcrole="http://www.xbrl.org/2003/arcrole/parent-child" xlink:from="ChangesInNetAssetsDimension" xlink:to="RestatedBalanceAbstract" xlink:title="presentation: ChangesInNetAssetsDimension to RestatedBalanceAbstract" use="optional" order="4.0"/>
    <link:loc xlink:type="locator" xlink:href="../../et-gaap-cor_2011-01-01.xsd#et-gaap_ChangesInNetAssetsNetSurplusDeficitForPeriodAbstract" xlink:label="ChangesInNetAssetsNetSurplusDeficitForPeriodAbstract" xlink:title="ChangesInNetAssetsNetSurplusDeficitForPeriodAbstract"/>
    <link:presentationArc xlink:type="arc" xlink:arcrole="http://www.xbrl.org/2003/arcrole/parent-child" xlink:from="ChangesInNetAssetsDimension" xlink:to="ChangesInNetAssetsNetSurplusDeficitForPeriodAbstract" xlink:title="presentation: ChangesInNetAssetsDimension to ChangesInNetAssetsNetSurplusDeficitForPeriodAbstract" use="optional" order="5.0"/>
    <link:loc xlink:type="locator" xlink:href="../../et-gaap-cor_2011-01-01.xsd#et-gaap_ChangesInNetAssetsPaymentsFromFoundersAndMembersAbstract" xlink:label="ChangesInNetAssetsPaymentsFromFoundersAndMembersAbstract" xlink:title="ChangesInNetAssetsPaymentsFromFoundersAndMembersAbstract"/>
    <link:presentationArc xlink:type="arc" xlink:arcrole="http://www.xbrl.org/2003/arcrole/parent-child" xlink:from="ChangesInNetAssetsDimension" xlink:to="ChangesInNetAssetsPaymentsFromFoundersAndMembersAbstract" xlink:title="presentation: ChangesInNetAssetsDimension to ChangesInNetAssetsPaymentsFromFoundersAndMembersAbstract" use="optional" order="6.0"/>
    <link:loc xlink:type="locator" xlink:href="../../et-gaap-cor_2011-01-01.xsd#et-gaap_ChangesInNetAssetsPaymentsToFoundersAndMembersAbstract" xlink:label="ChangesInNetAssetsPaymentsToFoundersAndMembersAbstract" xlink:title="ChangesInNetAssetsPaymentsToFoundersAndMembersAbstract"/>
    <link:presentationArc xlink:type="arc" xlink:arcrole="http://www.xbrl.org/2003/arcrole/parent-child" xlink:from="ChangesInNetAssetsDimension" xlink:to="ChangesInNetAssetsPaymentsToFoundersAndMembersAbstract" xlink:title="presentation: ChangesInNetAssetsDimension to ChangesInNetAssetsPaymentsToFoundersAndMembersAbstract" use="optional" order="7.0"/>
    <link:loc xlink:type="locator" xlink:href="../../et-gaap-cor_2011-01-01.xsd#et-gaap_ChangesInReservsAbstract" xlink:label="ChangesInReservsAbstract" xlink:title="ChangesInReservsAbstract"/>
    <link:presentationArc xlink:type="arc" xlink:arcrole="http://www.xbrl.org/2003/arcrole/parent-child" xlink:from="ChangesInNetAssetsDimension" xlink:to="ChangesInReservsAbstract" xlink:title="presentation: ChangesInNetAssetsDimension to ChangesInReservsAbstract" use="optional" order="8.0"/>
    <link:loc xlink:type="locator" xlink:href="../../et-gaap-cor_2011-01-01.xsd#et-gaap_OtherChangesInNetAssetsAbstract" xlink:label="OtherChangesInNetAssetsAbstract" xlink:title="OtherChangesInNetAssetsAbstract"/>
    <link:presentationArc xlink:type="arc" xlink:arcrole="http://www.xbrl.org/2003/arcrole/parent-child" xlink:from="ChangesInNetAssetsDimension" xlink:to="OtherChangesInNetAssetsAbstract" xlink:title="presentation: ChangesInNetAssetsDimension to OtherChangesInNetAssetsAbstract" use="optional" order="9.0"/>
    <link:loc xlink:type="locator" xlink:href="../../et-gaap-cor_2011-01-01.xsd#et-gaap_NetAssetsAtEndOfPeriodAbstract" xlink:label="NetAssetsAtEndOfPeriodAbstract" xlink:title="NetAssetsAtEndOfPeriodAbstract"/>
    <link:presentationArc xlink:type="arc" xlink:arcrole="http://www.xbrl.org/2003/arcrole/parent-child" xlink:from="ChangesInNetAssetsDimension" xlink:to="NetAssetsAtEndOfPeriodAbstract" xlink:title="presentation: ChangesInNetAssetsDimension to NetAssetsAtEndOfPeriodAbstract" use="optional" order="10.0"/>
    <link:loc xlink:type="locator" xlink:href="../../et-gaap-cor_2011-01-01.xsd#et-gaap_StatementOfChangesInNetAssets" xlink:label="StatementOfChangesInNetAssets" xlink:title="StatementOfChangesInNetAssets"/>
    <link:presentationArc xlink:type="arc" xlink:arcrole="http://www.xbrl.org/2003/arcrole/parent-child" xlink:from="StatementOfChangesInNetAssetsAbstract" xlink:to="StatementOfChangesInNetAssets" xlink:title="presentation: StatementOfChangesInNetAssetsAbstract to StatementOfChangesInNetAssets" use="optional" order="2.0"/>
  </link:presentationLink>
</link:linkbase>
