<?xml version="1.0" encoding="UTF-8"?>
<!--
**************************************************************
et-gaap Taxonomy: 2011-01-01 (Final)

Copyright (C) 2010 Centre of Registers and Information Systems
**************************************************************
-->
<link:linkbase xmlns:xsi="http://www.w3.org/2001/XMLSchema-instance" xsi:schemaLocation="http://www.xbrl.org/2003/linkbase http://www.xbrl.org/2003/xbrl-linkbase-2003-12-31.xsd" xmlns:link="http://www.xbrl.org/2003/linkbase" xmlns:xlink="http://www.w3.org/1999/xlink" xmlns:xbrldt="http://xbrl.org/2005/xbrldt">
  <link:roleRef roleURI="http://xbrl.eesti.ee/role/et-gaap_2011-01-01/StatementOfChangesInEquityWithComprehensiveIncome_role-601020" xlink:type="simple" xlink:href="role-601000.xsd#StatementOfChangesInEquityWithComprehensiveIncome_role-601020"/>
  <link:presentationLink xlink:type="extended" xlink:role="http://xbrl.eesti.ee/role/et-gaap_2011-01-01/StatementOfChangesInEquityWithComprehensiveIncome_role-601020">
    <link:loc xlink:type="locator" xlink:href="../../et-gaap-cor_2011-01-01.xsd#et-gaap_StatementOfChangesInEquityAbstract" xlink:label="StatementOfChangesInEquityAbstract" xlink:title="StatementOfChangesInEquityAbstract"/>
    <link:loc xlink:type="locator" xlink:href="../../et-gaap-cor_2011-01-01.xsd#et-gaap_StatementOfChangesInEquityAdditionalAbstract" xlink:label="StatementOfChangesInEquityAdditionalAbstract" xlink:title="StatementOfChangesInEquityAdditionalAbstract"/>
    <link:presentationArc xlink:type="arc" xlink:arcrole="http://www.xbrl.org/2003/arcrole/parent-child" xlink:from="StatementOfChangesInEquityAbstract" xlink:to="StatementOfChangesInEquityAdditionalAbstract" xlink:title="presentation: StatementOfChangesInEquityAbstract to StatementOfChangesInEquityAdditionalAbstract" order="3.0"/>
    <link:loc xlink:type="locator" xlink:href="../../et-gaap-cor_2011-01-01.xsd#et-gaap_ChangesInEquity" xlink:label="ChangesInEquity" xlink:title="ChangesInEquity"/>
    <link:presentationArc xlink:type="arc" xlink:arcrole="http://www.xbrl.org/2003/arcrole/parent-child" xlink:from="StatementOfChangesInEquityAdditionalAbstract" xlink:to="ChangesInEquity" xlink:title="presentation: StatementOfChangesInEquityAdditionalAbstract to ChangesInEquity" use="optional" order="1.0"/>
    <link:loc xlink:type="locator" xlink:href="../../et-gaap-cor_2011-01-01.xsd#et-gaap_ChangesInEquityIssuedCapital" xlink:label="ChangesInEquityIssuedCapital" xlink:title="ChangesInEquityIssuedCapital"/>
    <link:presentationArc xlink:type="arc" xlink:arcrole="http://www.xbrl.org/2003/arcrole/parent-child" xlink:from="ChangesInEquity" xlink:to="ChangesInEquityIssuedCapital" xlink:title="presentation: ChangesInEquity to ChangesInEquityIssuedCapital" use="optional" order="1.0"/>
    <link:loc xlink:type="locator" xlink:href="../../et-gaap-cor_2011-01-01.xsd#et-gaap_ChangesInEquityUnregisteredEquity" xlink:label="ChangesInEquityUnregisteredEquity" xlink:title="ChangesInEquityUnregisteredEquity"/>
    <link:presentationArc xlink:type="arc" xlink:arcrole="http://www.xbrl.org/2003/arcrole/parent-child" xlink:from="ChangesInEquity" xlink:to="ChangesInEquityUnregisteredEquity" xlink:title="presentation: ChangesInEquity to ChangesInEquityUnregisteredEquity" use="optional" order="2.0"/>
    <link:loc xlink:type="locator" xlink:href="../../et-gaap-cor_2011-01-01.xsd#et-gaap_ChangesInEquitySharePremium" xlink:label="ChangesInEquitySharePremium" xlink:title="ChangesInEquitySharePremium"/>
    <link:presentationArc xlink:type="arc" xlink:arcrole="http://www.xbrl.org/2003/arcrole/parent-child" xlink:from="ChangesInEquity" xlink:to="ChangesInEquitySharePremium" xlink:title="presentation: ChangesInEquity to ChangesInEquitySharePremium" use="optional" order="3.0"/>
    <link:loc xlink:type="locator" xlink:href="../../et-gaap-cor_2011-01-01.xsd#et-gaap_ChangesInEquityTreasuryShares" xlink:label="ChangesInEquityTreasuryShares" xlink:title="ChangesInEquityTreasuryShares"/>
    <link:presentationArc xlink:type="arc" xlink:arcrole="http://www.xbrl.org/2003/arcrole/parent-child" xlink:from="ChangesInEquity" xlink:to="ChangesInEquityTreasuryShares" xlink:title="presentation: ChangesInEquity to ChangesInEquityTreasuryShares" use="optional" order="4.0"/>
    <link:loc xlink:type="locator" xlink:href="../../et-gaap-cor_2011-01-01.xsd#et-gaap_ChangesInEquityStatutoryReservCapital" xlink:label="ChangesInEquityStatutoryReservCapital" xlink:title="ChangesInEquityStatutoryReservCapital"/>
    <link:presentationArc xlink:type="arc" xlink:arcrole="http://www.xbrl.org/2003/arcrole/parent-child" xlink:from="ChangesInEquity" xlink:to="ChangesInEquityStatutoryReservCapital" xlink:title="presentation: ChangesInEquity to ChangesInEquityStatutoryReservCapital" use="optional" order="5.0"/>
    <link:loc xlink:type="locator" xlink:href="../../et-gaap-cor_2011-01-01.xsd#et-gaap_ChangesInEquityOtherReserves" xlink:label="ChangesInEquityOtherReserves" xlink:title="ChangesInEquityOtherReserves"/>
    <link:presentationArc xlink:type="arc" xlink:arcrole="http://www.xbrl.org/2003/arcrole/parent-child" xlink:from="ChangesInEquity" xlink:to="ChangesInEquityOtherReserves" xlink:title="presentation: ChangesInEquity to ChangesInEquityOtherReserves" use="optional" order="6.0"/>
    <link:loc xlink:type="locator" xlink:href="../../et-gaap-cor_2011-01-01.xsd#et-gaap_ChangesInEquityRetainedEarningsLoss" xlink:label="ChangesInEquityRetainedEarningsLoss" xlink:title="ChangesInEquityRetainedEarningsLoss"/>
    <link:presentationArc xlink:type="arc" xlink:arcrole="http://www.xbrl.org/2003/arcrole/parent-child" xlink:from="ChangesInEquity" xlink:to="ChangesInEquityRetainedEarningsLoss" xlink:title="presentation: ChangesInEquity to ChangesInEquityRetainedEarningsLoss" use="optional" order="7.0"/>
    <link:loc xlink:type="locator" xlink:href="../../et-gaap-cor_2011-01-01.xsd#et-gaap_AllocationByChangesInEquityHypercube" xlink:label="AllocationByChangesInEquityHypercube" xlink:title="AllocationByChangesInEquityHypercube"/>
    <link:presentationArc xlink:type="arc" xlink:arcrole="http://www.xbrl.org/2003/arcrole/parent-child" xlink:from="StatementOfChangesInEquityAdditionalAbstract" xlink:to="AllocationByChangesInEquityHypercube" xlink:title="presentation: StatementOfChangesInEquityAdditionalAbstract to AllocationByChangesInEquityHypercube" use="optional" order="2.0" xbrldt:contextElement="scenario" xbrldt:closed="true"/>
    <link:loc xlink:type="locator" xlink:href="../../et-gaap-cor_2011-01-01.xsd#et-gaap_ChangesInEquityDimension" xlink:label="ChangesInEquityDimension" xlink:title="ChangesInEquityDimension"/>
    <link:presentationArc xlink:type="arc" xlink:arcrole="http://www.xbrl.org/2003/arcrole/parent-child" xlink:from="AllocationByChangesInEquityHypercube" xlink:to="ChangesInEquityDimension" xlink:title="presentation: AllocationByChangesInEquityHypercube to ChangesInEquityDimension" use="optional" order="1.0" xbrldt:closed="true"/>
    <link:loc xlink:type="locator" xlink:href="../../et-gaap-cor_2011-01-01.xsd#et-gaap_EquityAtEndOfPreviousPeriodAbstract" xlink:label="EquityAtEndOfPreviousPeriodAbstract" xlink:title="EquityAtEndOfPreviousPeriodAbstract"/>
    <link:presentationArc xlink:type="arc" xlink:arcrole="http://www.xbrl.org/2003/arcrole/parent-child" xlink:from="ChangesInEquityDimension" xlink:to="EquityAtEndOfPreviousPeriodAbstract" xlink:title="presentation: ChangesInEquityDimension to EquityAtEndOfPreviousPeriodAbstract" use="optional" order="1.0"/>
    <link:loc xlink:type="locator" xlink:href="../../et-gaap-cor_2011-01-01.xsd#et-gaap_EffectOfChangesInAccountingPoliciesAbstract" xlink:label="EffectOfChangesInAccountingPoliciesAbstract" xlink:title="EffectOfChangesInAccountingPoliciesAbstract"/>
    <link:presentationArc xlink:type="arc" xlink:arcrole="http://www.xbrl.org/2003/arcrole/parent-child" xlink:from="ChangesInEquityDimension" xlink:to="EffectOfChangesInAccountingPoliciesAbstract" xlink:title="presentation: ChangesInEquityDimension to EffectOfChangesInAccountingPoliciesAbstract" use="optional" order="2.0"/>
    <link:loc xlink:type="locator" xlink:href="../../et-gaap-cor_2011-01-01.xsd#et-gaap_EffectOfCorrectionOfErrorsAbstract" xlink:label="EffectOfCorrectionOfErrorsAbstract" xlink:title="EffectOfCorrectionOfErrorsAbstract"/>
    <link:presentationArc xlink:type="arc" xlink:arcrole="http://www.xbrl.org/2003/arcrole/parent-child" xlink:from="ChangesInEquityDimension" xlink:to="EffectOfCorrectionOfErrorsAbstract" xlink:title="presentation: ChangesInEquityDimension to EffectOfCorrectionOfErrorsAbstract" use="optional" order="3.0"/>
    <link:loc xlink:type="locator" xlink:href="../../et-gaap-cor_2011-01-01.xsd#et-gaap_RestatedBalanceAbstract" xlink:label="RestatedBalanceAbstract" xlink:title="RestatedBalanceAbstract"/>
    <link:presentationArc xlink:type="arc" xlink:arcrole="http://www.xbrl.org/2003/arcrole/parent-child" xlink:from="ChangesInEquityDimension" xlink:to="RestatedBalanceAbstract" xlink:title="presentation: ChangesInEquityDimension to RestatedBalanceAbstract" use="optional" order="4.0"/>
    <link:loc xlink:type="locator" xlink:href="../../et-gaap-cor_2011-01-01.xsd#et-gaap_IssueOfEquityAbstract" xlink:label="IssueOfEquityAbstract" xlink:title="IssueOfEquityAbstract"/>
    <link:presentationArc xlink:type="arc" xlink:arcrole="http://www.xbrl.org/2003/arcrole/parent-child" xlink:from="ChangesInEquityDimension" xlink:to="IssueOfEquityAbstract" xlink:title="presentation: ChangesInEquityDimension to IssueOfEquityAbstract" use="optional" order="6.0"/>
    <link:loc xlink:type="locator" xlink:href="../../et-gaap-cor_2011-01-01.xsd#et-gaap_ChangesThroughOtherContributionsOfOwnersAbstract" xlink:label="ChangesThroughOtherContributionsOfOwnersAbstract" xlink:title="ChangesThroughOtherContributionsOfOwnersAbstract"/>
    <link:presentationArc xlink:type="arc" xlink:arcrole="http://www.xbrl.org/2003/arcrole/parent-child" xlink:from="ChangesInEquityDimension" xlink:to="ChangesThroughOtherContributionsOfOwnersAbstract" xlink:title="presentation: ChangesInEquityDimension to ChangesThroughOtherContributionsOfOwnersAbstract" use="optional" order="7.0"/>
    <link:loc xlink:type="locator" xlink:href="../../et-gaap-cor_2011-01-01.xsd#et-gaap_DividendsPaidAbstract" xlink:label="DividendsPaidAbstract" xlink:title="DividendsPaidAbstract"/>
    <link:presentationArc xlink:type="arc" xlink:arcrole="http://www.xbrl.org/2003/arcrole/parent-child" xlink:from="ChangesInEquityDimension" xlink:to="DividendsPaidAbstract" xlink:title="presentation: ChangesInEquityDimension to DividendsPaidAbstract" use="optional" order="8.0"/>
    <link:loc xlink:type="locator" xlink:href="../../et-gaap-cor_2011-01-01.xsd#et-gaap_ChangesThroughOtherDistributionsToOwnersAbstract" xlink:label="ChangesThroughOtherDistributionsToOwnersAbstract" xlink:title="ChangesThroughOtherDistributionsToOwnersAbstract"/>
    <link:presentationArc xlink:type="arc" xlink:arcrole="http://www.xbrl.org/2003/arcrole/parent-child" xlink:from="ChangesInEquityDimension" xlink:to="ChangesThroughOtherDistributionsToOwnersAbstract" xlink:title="presentation: ChangesInEquityDimension to ChangesThroughOtherDistributionsToOwnersAbstract" use="optional" order="9.0"/>
    <link:loc xlink:type="locator" xlink:href="../../et-gaap-cor_2011-01-01.xsd#et-gaap_ChangesInReservsAbstract" xlink:label="ChangesInReservsAbstract" xlink:title="ChangesInReservsAbstract"/>
    <link:presentationArc xlink:type="arc" xlink:arcrole="http://www.xbrl.org/2003/arcrole/parent-child" xlink:from="ChangesInEquityDimension" xlink:to="ChangesInReservsAbstract" xlink:title="presentation: ChangesInEquityDimension to ChangesInReservsAbstract" use="optional" order="10.0"/>
    <link:loc xlink:type="locator" xlink:href="../../et-gaap-cor_2011-01-01.xsd#et-gaap_OtherChangesInEquityAbstract" xlink:label="OtherChangesInEquityAbstract" xlink:title="OtherChangesInEquityAbstract"/>
    <link:presentationArc xlink:type="arc" xlink:arcrole="http://www.xbrl.org/2003/arcrole/parent-child" xlink:from="ChangesInEquityDimension" xlink:to="OtherChangesInEquityAbstract" xlink:title="presentation: ChangesInEquityDimension to OtherChangesInEquityAbstract" use="optional" order="11.0"/>
    <link:loc xlink:type="locator" xlink:href="../../et-gaap-cor_2011-01-01.xsd#et-gaap_EquityAtEndOfPeriodAbstract" xlink:label="EquityAtEndOfPeriodAbstract" xlink:title="EquityAtEndOfPeriodAbstract"/>
    <link:presentationArc xlink:type="arc" xlink:arcrole="http://www.xbrl.org/2003/arcrole/parent-child" xlink:from="ChangesInEquityDimension" xlink:to="EquityAtEndOfPeriodAbstract" xlink:title="presentation: ChangesInEquityDimension to EquityAtEndOfPeriodAbstract" use="optional" order="12.0"/>
    <link:loc xlink:type="locator" xlink:href="../../et-gaap-cor_2011-01-01.xsd#et-gaap_AnnualPeriodComprehensiveIncomeExpenseAbstract" xlink:label="AnnualPeriodComprehensiveIncomeExpenseAbstract" xlink:title="AnnualPeriodComprehensiveIncomeExpenseAbstract"/>
    <link:presentationArc xlink:type="arc" xlink:arcrole="http://www.xbrl.org/2003/arcrole/parent-child" xlink:from="ChangesInEquityDimension" xlink:to="AnnualPeriodComprehensiveIncomeExpenseAbstract" xlink:title="presentation: ChangesInEquityDimension to AnnualPeriodComprehensiveIncomeExpenseAbstract" use="optional" order="5.0"/>
    <link:loc xlink:type="locator" xlink:href="../../et-gaap-cor_2011-01-01.xsd#et-gaap_StatementOfChangesInEquity" xlink:label="StatementOfChangesInEquity" xlink:title="StatementOfChangesInEquity"/>
    <link:presentationArc xlink:type="arc" xlink:arcrole="http://www.xbrl.org/2003/arcrole/parent-child" xlink:from="StatementOfChangesInEquityAbstract" xlink:to="StatementOfChangesInEquity" xlink:title="presentation: StatementOfChangesInEquityAbstract to StatementOfChangesInEquity" order="4.0"/>
  </link:presentationLink>
</link:linkbase>
