<?xml version="1.0" encoding="UTF-8"?>
<!--
**************************************************************
et-gaap Taxonomy: 2011-01-01 (Final)

Copyright (C) 2010 Centre of Registers and Information Systems
**************************************************************
-->
<link:linkbase xmlns:xsi="http://www.w3.org/2001/XMLSchema-instance" xsi:schemaLocation="http://www.xbrl.org/2003/linkbase http://www.xbrl.org/2003/xbrl-linkbase-2003-12-31.xsd" xmlns:link="http://www.xbrl.org/2003/linkbase" xmlns:p0="http://xbrl.org/2005/xbrldt" xmlns:xlink="http://www.w3.org/1999/xlink">
  <link:roleRef roleURI="http://xbrl.eesti.ee/role/et-gaap_2011-01-01/NoteShareCapital_role-831010" xlink:type="simple" xlink:href="role-831000.xsd#NoteShareCapital_role-831010"/>
  <link:arcroleRef arcroleURI="http://xbrl.org/int/dim/arcrole/domain-member" xlink:type="simple" xlink:href="http://www.xbrl.org/2005/xbrldt-2005.xsd#domain-member"/>
  <link:definitionLink xlink:type="extended" xlink:role="http://xbrl.eesti.ee/role/et-gaap_2011-01-01/NoteShareCapital_role-831010">
    <link:loc xlink:type="locator" xlink:href="../../et-gaap-cor_2011-01-01.xsd#et-gaap_NoteShareCapital2Abstract" xlink:label="NoteShareCapital2Abstract" xlink:title="NoteShareCapital2Abstract"/>
    <link:loc xlink:type="locator" xlink:href="../../et-gaap-cor_2011-01-01.xsd#et-gaap_ShareCapital2" xlink:label="ShareCapital2" xlink:title="ShareCapital2"/>
    <link:definitionArc xlink:type="arc" xlink:arcrole="http://xbrl.org/int/dim/arcrole/domain-member" xlink:from="NoteShareCapital2Abstract" xlink:to="ShareCapital2" xlink:title="definition: NoteShareCapital2Abstract to ShareCapital2" order="1.0"/>
    <link:loc xlink:type="locator" xlink:href="../../et-gaap-cor_2011-01-01.xsd#et-gaap_NumberOfShares2" xlink:label="NumberOfShares2" xlink:title="NumberOfShares2"/>
    <link:definitionArc xlink:type="arc" xlink:arcrole="http://xbrl.org/int/dim/arcrole/domain-member" xlink:from="NoteShareCapital2Abstract" xlink:to="NumberOfShares2" xlink:title="definition: NoteShareCapital2Abstract to NumberOfShares2" order="2.0"/>
    <link:loc xlink:type="locator" xlink:href="../../et-gaap-cor_2011-01-01.xsd#et-gaap_NominalValueOfShares2" xlink:label="NominalValueOfShares2" xlink:title="NominalValueOfShares2"/>
    <link:definitionArc xlink:type="arc" xlink:arcrole="http://xbrl.org/int/dim/arcrole/domain-member" xlink:from="NoteShareCapital2Abstract" xlink:to="NominalValueOfShares2" xlink:title="definition: NoteShareCapital2Abstract to NominalValueOfShares2" order="3.0"/>
    <link:loc xlink:type="locator" xlink:href="../../et-gaap-cor_2011-01-01.xsd#et-gaap_NoteShareCapital2" xlink:label="NoteShareCapital2" xlink:title="NoteShareCapital2"/>
    <link:definitionArc xlink:type="arc" xlink:arcrole="http://xbrl.org/int/dim/arcrole/domain-member" xlink:from="NoteShareCapital2Abstract" xlink:to="NoteShareCapital2" xlink:title="definition: NoteShareCapital2Abstract to NoteShareCapital2" order="4.0"/>
  </link:definitionLink>
</link:linkbase>
