<?xml version="1.0" encoding="UTF-8"?>
<!--
**************************************************************
et-gaap Taxonomy: 2011-01-01 (Final)

Copyright (C) 2010 Centre of Registers and Information Systems
**************************************************************
-->
<link:linkbase xmlns:xsi="http://www.w3.org/2001/XMLSchema-instance" xsi:schemaLocation="http://www.xbrl.org/2003/linkbase http://www.xbrl.org/2003/xbrl-linkbase-2003-12-31.xsd" xmlns:link="http://www.xbrl.org/2003/linkbase" xmlns:xbrldt="http://xbrl.org/2005/xbrldt" xmlns:xlink="http://www.w3.org/1999/xlink">
  <link:roleRef roleURI="http://xbrl.eesti.ee/role/et-gaap_2011-01-01/NoteShareCapital_role-831020" xlink:type="simple" xlink:href="role-831000.xsd#NoteShareCapital_role-831020"/>
  <link:presentationLink xlink:type="extended" xlink:role="http://xbrl.eesti.ee/role/et-gaap_2011-01-01/NoteShareCapital_role-831020">
    <link:loc xlink:type="locator" xlink:href="../../et-gaap-cor_2011-01-01.xsd#et-gaap_NoteShareCapitalAbstract" xlink:label="NoteShareCapitalAbstract" xlink:title="NoteShareCapitalAbstract"/>
    <link:loc xlink:type="locator" xlink:href="../../et-gaap-cor_2011-01-01.xsd#et-gaap_ShareCapital" xlink:label="ShareCapital" xlink:title="ShareCapital"/>
    <link:presentationArc xlink:type="arc" xlink:arcrole="http://www.xbrl.org/2003/arcrole/parent-child" xlink:from="NoteShareCapitalAbstract" xlink:to="ShareCapital" xlink:title="presentation: NoteShareCapitalAbstract to ShareCapital" use="optional" order="1.0"/>
    <link:loc xlink:type="locator" xlink:href="../../et-gaap-cor_2011-01-01.xsd#et-gaap_NumberOfShares" xlink:label="NumberOfShares" xlink:title="NumberOfShares"/>
    <link:presentationArc xlink:type="arc" xlink:arcrole="http://www.xbrl.org/2003/arcrole/parent-child" xlink:from="NoteShareCapitalAbstract" xlink:to="NumberOfShares" xlink:title="presentation: NoteShareCapitalAbstract to NumberOfShares" use="optional" order="2.0"/>
    <link:loc xlink:type="locator" xlink:href="../../et-gaap-cor_2011-01-01.xsd#et-gaap_NominalValueOfShares" xlink:label="NominalValueOfShares" xlink:title="NominalValueOfShares"/>
    <link:presentationArc xlink:type="arc" xlink:arcrole="http://www.xbrl.org/2003/arcrole/parent-child" xlink:from="NoteShareCapitalAbstract" xlink:to="NominalValueOfShares" xlink:title="presentation: NoteShareCapitalAbstract to NominalValueOfShares" use="optional" order="3.0"/>
    <link:loc xlink:type="locator" xlink:href="../../et-gaap-cor_2011-01-01.xsd#et-gaap_NoteShareCapital" xlink:label="NoteShareCapital" xlink:title="NoteShareCapital"/>
    <link:presentationArc xlink:type="arc" xlink:arcrole="http://www.xbrl.org/2003/arcrole/parent-child" xlink:from="NoteShareCapitalAbstract" xlink:to="NoteShareCapital" xlink:title="presentation: NoteShareCapitalAbstract to NoteShareCapital" use="optional" order="4.0"/>
  </link:presentationLink>
</link:linkbase>
