<?xml version="1.0" encoding="UTF-8"?>
<!--
**************************************************************
et-gaap Taxonomy: 2011-01-01 (Final)

Copyright (C) 2010 Centre of Registers and Information Systems
**************************************************************
-->
<link:linkbase xmlns:xsi="http://www.w3.org/2001/XMLSchema-instance" xsi:schemaLocation="http://www.xbrl.org/2003/linkbase http://www.xbrl.org/2003/xbrl-linkbase-2003-12-31.xsd" xmlns:link="http://www.xbrl.org/2003/linkbase" xmlns:xlink="http://www.w3.org/1999/xlink">
  <link:roleRef roleURI="http://xbrl.eesti.ee/role/et-gaap_2011-01-01/NotePropertyPlantAndEquipmentWithFullDimensionalBreakdown_role-816100" xlink:type="simple" xlink:href="role-816000.xsd#NotePropertyPlantAndEquipmentWithFullDimensionalBreakdown_role-816100"/>
  <link:calculationLink xlink:type="extended" xlink:role="http://xbrl.eesti.ee/role/et-gaap_2011-01-01/NotePropertyPlantAndEquipmentWithFullDimensionalBreakdown_role-816100">
    <link:loc xlink:type="locator" xlink:href="../../et-gaap-cor_2011-01-01.xsd#et-gaap_PropertyPlantAndEquipmentAtEndOfPeriodResidualCost" xlink:label="PropertyPlantAndEquipmentAtEndOfPeriodResidualCost" xlink:title="PropertyPlantAndEquipmentAtEndOfPeriodResidualCost"/>
    <link:loc xlink:type="locator" xlink:href="../../et-gaap-cor_2011-01-01.xsd#et-gaap_PropertyPlantAndEquipmentAtEndOfPreviousPeriodResidualCost" xlink:label="PropertyPlantAndEquipmentAtEndOfPreviousPeriodResidualCost" xlink:title="PropertyPlantAndEquipmentAtEndOfPreviousPeriodResidualCost"/>
    <link:calculationArc xlink:type="arc" xlink:arcrole="http://www.xbrl.org/2003/arcrole/summation-item" xlink:from="PropertyPlantAndEquipmentAtEndOfPeriodResidualCost" xlink:to="PropertyPlantAndEquipmentAtEndOfPreviousPeriodResidualCost" xlink:title="calculation: PropertyPlantAndEquipmentAtEndOfPeriodResidualCost to PropertyPlantAndEquipmentAtEndOfPreviousPeriodResidualCost" order="1.0" weight="1.0"/>
    <link:loc xlink:type="locator" xlink:href="../../et-gaap-cor_2011-01-01.xsd#et-gaap_PropertyPlantAndEquipmentAcquisitionsAndAdditions" xlink:label="PropertyPlantAndEquipmentAcquisitionsAndAdditions" xlink:title="PropertyPlantAndEquipmentAcquisitionsAndAdditions"/>
    <link:calculationArc xlink:type="arc" xlink:arcrole="http://www.xbrl.org/2003/arcrole/summation-item" xlink:from="PropertyPlantAndEquipmentAtEndOfPeriodResidualCost" xlink:to="PropertyPlantAndEquipmentAcquisitionsAndAdditions" xlink:title="calculation: PropertyPlantAndEquipmentAtEndOfPeriodResidualCost to PropertyPlantAndEquipmentAcquisitionsAndAdditions" order="2.0" weight="1.0"/>
    <link:loc xlink:type="locator" xlink:href="../../et-gaap-cor_2011-01-01.xsd#et-gaap_PropertyPlantAndEquipmentAcquisitionsAndAdditionsAcquisitionOfLandAndBuildingsExceptNewBuildingsAndRenovations" xlink:label="PropertyPlantAndEquipmentAcquisitionsAndAdditionsAcquisitionOfLandAndBuildingsExceptNewBuildingsAndRenovations" xlink:title="PropertyPlantAndEquipmentAcquisitionsAndAdditionsAcquisitionOfLandAndBuildingsExceptNewBuildingsAndRenovations"/>
    <link:calculationArc xlink:type="arc" xlink:arcrole="http://www.xbrl.org/2003/arcrole/summation-item" xlink:from="PropertyPlantAndEquipmentAcquisitionsAndAdditions" xlink:to="PropertyPlantAndEquipmentAcquisitionsAndAdditionsAcquisitionOfLandAndBuildingsExceptNewBuildingsAndRenovations" xlink:title="calculation: PropertyPlantAndEquipmentAcquisitionsAndAdditions to PropertyPlantAndEquipmentAcquisitionsAndAdditionsAcquisitionOfLandAndBuildingsExceptNewBuildingsAndRenovations" order="1.0" weight="1.0"/>
    <link:loc xlink:type="locator" xlink:href="../../et-gaap-cor_2011-01-01.xsd#et-gaap_PropertyPlantAndEquipmentAcquisitionsAndAdditionsAcquisitionOfBuildingsNewBuildingRenovations" xlink:label="PropertyPlantAndEquipmentAcquisitionsAndAdditionsAcquisitionOfBuildingsNewBuildingRenovations" xlink:title="PropertyPlantAndEquipmentAcquisitionsAndAdditionsAcquisitionOfBuildingsNewBuildingRenovations"/>
    <link:calculationArc xlink:type="arc" xlink:arcrole="http://www.xbrl.org/2003/arcrole/summation-item" xlink:from="PropertyPlantAndEquipmentAcquisitionsAndAdditions" xlink:to="PropertyPlantAndEquipmentAcquisitionsAndAdditionsAcquisitionOfBuildingsNewBuildingRenovations" xlink:title="calculation: PropertyPlantAndEquipmentAcquisitionsAndAdditions to PropertyPlantAndEquipmentAcquisitionsAndAdditionsAcquisitionOfBuildingsNewBuildingRenovations" order="2.0" weight="1.0"/>
    <link:loc xlink:type="locator" xlink:href="../../et-gaap-cor_2011-01-01.xsd#et-gaap_PropertyPlantAndEquipmentAcquisitionsAndAdditionsOtherAcquistionsAndAdditions" xlink:label="PropertyPlantAndEquipmentAcquisitionsAndAdditionsOtherAcquistionsAndAdditions" xlink:title="PropertyPlantAndEquipmentAcquisitionsAndAdditionsOtherAcquistionsAndAdditions"/>
    <link:calculationArc xlink:type="arc" xlink:arcrole="http://www.xbrl.org/2003/arcrole/summation-item" xlink:from="PropertyPlantAndEquipmentAcquisitionsAndAdditions" xlink:to="PropertyPlantAndEquipmentAcquisitionsAndAdditionsOtherAcquistionsAndAdditions" xlink:title="calculation: PropertyPlantAndEquipmentAcquisitionsAndAdditions to PropertyPlantAndEquipmentAcquisitionsAndAdditionsOtherAcquistionsAndAdditions" order="3.0" weight="1.0"/>
    <link:loc xlink:type="locator" xlink:href="../../et-gaap-cor_2011-01-01.xsd#et-gaap_PropertyPlantAndEquipmentCapitalisedLoanExpenses" xlink:label="PropertyPlantAndEquipmentCapitalisedLoanExpenses" xlink:title="PropertyPlantAndEquipmentCapitalisedLoanExpenses"/>
    <link:calculationArc xlink:type="arc" xlink:arcrole="http://www.xbrl.org/2003/arcrole/summation-item" xlink:from="PropertyPlantAndEquipmentAtEndOfPeriodResidualCost" xlink:to="PropertyPlantAndEquipmentCapitalisedLoanExpenses" xlink:title="calculation: PropertyPlantAndEquipmentAtEndOfPeriodResidualCost to PropertyPlantAndEquipmentCapitalisedLoanExpenses" use="optional" order="3.0" weight="1.0"/>
    <link:loc xlink:type="locator" xlink:href="../../et-gaap-cor_2011-01-01.xsd#et-gaap_PropertyPlantAndEquipmentAdditionsThroughBusinessCombinations" xlink:label="PropertyPlantAndEquipmentAdditionsThroughBusinessCombinations" xlink:title="PropertyPlantAndEquipmentAdditionsThroughBusinessCombinations"/>
    <link:calculationArc xlink:type="arc" xlink:arcrole="http://www.xbrl.org/2003/arcrole/summation-item" xlink:from="PropertyPlantAndEquipmentAtEndOfPeriodResidualCost" xlink:to="PropertyPlantAndEquipmentAdditionsThroughBusinessCombinations" xlink:title="calculation: PropertyPlantAndEquipmentAtEndOfPeriodResidualCost to PropertyPlantAndEquipmentAdditionsThroughBusinessCombinations" use="optional" order="4.0" weight="1.0"/>
    <link:loc xlink:type="locator" xlink:href="../../et-gaap-cor_2011-01-01.xsd#et-gaap_PropertyPlantAndEquipmentDepreciation" xlink:label="PropertyPlantAndEquipmentDepreciation" xlink:title="PropertyPlantAndEquipmentDepreciation"/>
    <link:calculationArc xlink:type="arc" xlink:arcrole="http://www.xbrl.org/2003/arcrole/summation-item" xlink:from="PropertyPlantAndEquipmentAtEndOfPeriodResidualCost" xlink:to="PropertyPlantAndEquipmentDepreciation" xlink:title="calculation: PropertyPlantAndEquipmentAtEndOfPeriodResidualCost to PropertyPlantAndEquipmentDepreciation" use="optional" order="5.0" weight="1.0"/>
    <link:loc xlink:type="locator" xlink:href="../../et-gaap-cor_2011-01-01.xsd#et-gaap_PropertyPlantAndEquipmentImpairmentLoss" xlink:label="PropertyPlantAndEquipmentImpairmentLoss" xlink:title="PropertyPlantAndEquipmentImpairmentLoss"/>
    <link:calculationArc xlink:type="arc" xlink:arcrole="http://www.xbrl.org/2003/arcrole/summation-item" xlink:from="PropertyPlantAndEquipmentAtEndOfPeriodResidualCost" xlink:to="PropertyPlantAndEquipmentImpairmentLoss" xlink:title="calculation: PropertyPlantAndEquipmentAtEndOfPeriodResidualCost to PropertyPlantAndEquipmentImpairmentLoss" use="optional" order="6.0" weight="1.0"/>
    <link:loc xlink:type="locator" xlink:href="../../et-gaap-cor_2011-01-01.xsd#et-gaap_PropertyPlantAndEquipmentReversingOfImpairmentLoss" xlink:label="PropertyPlantAndEquipmentReversingOfImpairmentLoss" xlink:title="PropertyPlantAndEquipmentReversingOfImpairmentLoss"/>
    <link:calculationArc xlink:type="arc" xlink:arcrole="http://www.xbrl.org/2003/arcrole/summation-item" xlink:from="PropertyPlantAndEquipmentAtEndOfPeriodResidualCost" xlink:to="PropertyPlantAndEquipmentReversingOfImpairmentLoss" xlink:title="calculation: PropertyPlantAndEquipmentAtEndOfPeriodResidualCost to PropertyPlantAndEquipmentReversingOfImpairmentLoss" use="optional" order="7.0" weight="1.0"/>
    <link:loc xlink:type="locator" xlink:href="../../et-gaap-cor_2011-01-01.xsd#et-gaap_PropertyPlantAndEquipmentDisposals" xlink:label="PropertyPlantAndEquipmentDisposals" xlink:title="PropertyPlantAndEquipmentDisposals"/>
    <link:calculationArc xlink:type="arc" xlink:arcrole="http://www.xbrl.org/2003/arcrole/summation-item" xlink:from="PropertyPlantAndEquipmentAtEndOfPeriodResidualCost" xlink:to="PropertyPlantAndEquipmentDisposals" xlink:title="calculation: PropertyPlantAndEquipmentAtEndOfPeriodResidualCost to PropertyPlantAndEquipmentDisposals" use="optional" order="8.0" weight="1.0"/>
    <link:loc xlink:type="locator" xlink:href="../../et-gaap-cor_2011-01-01.xsd#et-gaap_PropertyPlantAndEquipmentReclassifications" xlink:label="PropertyPlantAndEquipmentReclassifications" xlink:title="PropertyPlantAndEquipmentReclassifications"/>
    <link:calculationArc xlink:type="arc" xlink:arcrole="http://www.xbrl.org/2003/arcrole/summation-item" xlink:from="PropertyPlantAndEquipmentAtEndOfPeriodResidualCost" xlink:to="PropertyPlantAndEquipmentReclassifications" xlink:title="calculation: PropertyPlantAndEquipmentAtEndOfPeriodResidualCost to PropertyPlantAndEquipmentReclassifications" use="optional" order="9.0" weight="1.0"/>
    <link:loc xlink:type="locator" xlink:href="../../et-gaap-cor_2011-01-01.xsd#et-gaap_PropertyPlantAndEquipmentReclassificationsReclassificationsFromPrepayments" xlink:label="PropertyPlantAndEquipmentReclassificationsReclassificationsFromPrepayments" xlink:title="PropertyPlantAndEquipmentReclassificationsReclassificationsFromPrepayments"/>
    <link:calculationArc xlink:type="arc" xlink:arcrole="http://www.xbrl.org/2003/arcrole/summation-item" xlink:from="PropertyPlantAndEquipmentReclassifications" xlink:to="PropertyPlantAndEquipmentReclassificationsReclassificationsFromPrepayments" xlink:title="calculation: PropertyPlantAndEquipmentReclassifications to PropertyPlantAndEquipmentReclassificationsReclassificationsFromPrepayments" use="optional" order="1.0" weight="1.0"/>
    <link:loc xlink:type="locator" xlink:href="../../et-gaap-cor_2011-01-01.xsd#et-gaap_PropertyPlantAndEquipmentReclassificationsReclassificationsFromUnfinishedProjects" xlink:label="PropertyPlantAndEquipmentReclassificationsReclassificationsFromUnfinishedProjects" xlink:title="PropertyPlantAndEquipmentReclassificationsReclassificationsFromUnfinishedProjects"/>
    <link:calculationArc xlink:type="arc" xlink:arcrole="http://www.xbrl.org/2003/arcrole/summation-item" xlink:from="PropertyPlantAndEquipmentReclassifications" xlink:to="PropertyPlantAndEquipmentReclassificationsReclassificationsFromUnfinishedProjects" xlink:title="calculation: PropertyPlantAndEquipmentReclassifications to PropertyPlantAndEquipmentReclassificationsReclassificationsFromUnfinishedProjects" use="optional" order="2.0" weight="1.0"/>
    <link:loc xlink:type="locator" xlink:href="../../et-gaap-cor_2011-01-01.xsd#et-gaap_PropertyPlantAndEquipmentReclassificationsReclassificationsOfFixedAssetsHeldForSale" xlink:label="PropertyPlantAndEquipmentReclassificationsReclassificationsOfFixedAssetsHeldForSale" xlink:title="PropertyPlantAndEquipmentReclassificationsReclassificationsOfFixedAssetsHeldForSale"/>
    <link:calculationArc xlink:type="arc" xlink:arcrole="http://www.xbrl.org/2003/arcrole/summation-item" xlink:from="PropertyPlantAndEquipmentReclassifications" xlink:to="PropertyPlantAndEquipmentReclassificationsReclassificationsOfFixedAssetsHeldForSale" xlink:title="calculation: PropertyPlantAndEquipmentReclassifications to PropertyPlantAndEquipmentReclassificationsReclassificationsOfFixedAssetsHeldForSale" use="optional" order="3.0" weight="1.0"/>
    <link:loc xlink:type="locator" xlink:href="../../et-gaap-cor_2011-01-01.xsd#et-gaap_PropertyPlantAndEquipmentReclassificationsReclassificationsOfInvestmentProperty" xlink:label="PropertyPlantAndEquipmentReclassificationsReclassificationsOfInvestmentProperty" xlink:title="PropertyPlantAndEquipmentReclassificationsReclassificationsOfInvestmentProperty"/>
    <link:calculationArc xlink:type="arc" xlink:arcrole="http://www.xbrl.org/2003/arcrole/summation-item" xlink:from="PropertyPlantAndEquipmentReclassifications" xlink:to="PropertyPlantAndEquipmentReclassificationsReclassificationsOfInvestmentProperty" xlink:title="calculation: PropertyPlantAndEquipmentReclassifications to PropertyPlantAndEquipmentReclassificationsReclassificationsOfInvestmentProperty" use="optional" order="4.0" weight="1.0"/>
    <link:loc xlink:type="locator" xlink:href="../../et-gaap-cor_2011-01-01.xsd#et-gaap_PropertyPlantAndEquipmentReclassificationsReclassificationsOfInventory" xlink:label="PropertyPlantAndEquipmentReclassificationsReclassificationsOfInventory" xlink:title="PropertyPlantAndEquipmentReclassificationsReclassificationsOfInventory"/>
    <link:calculationArc xlink:type="arc" xlink:arcrole="http://www.xbrl.org/2003/arcrole/summation-item" xlink:from="PropertyPlantAndEquipmentReclassifications" xlink:to="PropertyPlantAndEquipmentReclassificationsReclassificationsOfInventory" xlink:title="calculation: PropertyPlantAndEquipmentReclassifications to PropertyPlantAndEquipmentReclassificationsReclassificationsOfInventory" use="optional" order="5.0" weight="1.0"/>
    <link:loc xlink:type="locator" xlink:href="../../et-gaap-cor_2011-01-01.xsd#et-gaap_PropertyPlantAndEquipmentReclassificationsOtherReclassifications" xlink:label="PropertyPlantAndEquipmentReclassificationsOtherReclassifications" xlink:title="PropertyPlantAndEquipmentReclassificationsOtherReclassifications"/>
    <link:calculationArc xlink:type="arc" xlink:arcrole="http://www.xbrl.org/2003/arcrole/summation-item" xlink:from="PropertyPlantAndEquipmentReclassifications" xlink:to="PropertyPlantAndEquipmentReclassificationsOtherReclassifications" xlink:title="calculation: PropertyPlantAndEquipmentReclassifications to PropertyPlantAndEquipmentReclassificationsOtherReclassifications" use="optional" order="6.0" weight="1.0"/>
    <link:loc xlink:type="locator" xlink:href="../../et-gaap-cor_2011-01-01.xsd#et-gaap_PropertyPlantAndEquipmentOtherChanges" xlink:label="PropertyPlantAndEquipmentOtherChanges" xlink:title="PropertyPlantAndEquipmentOtherChanges"/>
    <link:calculationArc xlink:type="arc" xlink:arcrole="http://www.xbrl.org/2003/arcrole/summation-item" xlink:from="PropertyPlantAndEquipmentAtEndOfPeriodResidualCost" xlink:to="PropertyPlantAndEquipmentOtherChanges" xlink:title="calculation: PropertyPlantAndEquipmentAtEndOfPeriodResidualCost to PropertyPlantAndEquipmentOtherChanges" use="optional" order="10.0" weight="1.0"/>
  </link:calculationLink>
</link:linkbase>
