<?xml version="1.0" encoding="UTF-8"?>
<!--
**************************************************************
et-gaap Taxonomy: 2011-01-01 (Final)

Copyright (C) 2010 Centre of Registers and Information Systems
**************************************************************
-->
<link:linkbase xmlns:xsi="http://www.w3.org/2001/XMLSchema-instance" xsi:schemaLocation="http://www.xbrl.org/2003/linkbase http://www.xbrl.org/2003/xbrl-linkbase-2003-12-31.xsd" xmlns:link="http://www.xbrl.org/2003/linkbase" xmlns:xlink="http://www.w3.org/1999/xlink">
  <link:roleRef roleURI="http://xbrl.eesti.ee/role/et-gaap_2011-01-01/NotePropertyPlantAndEquipment_role-816000" xlink:type="simple" xlink:href="role-816000.xsd#NotePropertyPlantAndEquipment_role-816000"/>
  <link:calculationLink xlink:type="extended" xlink:role="http://xbrl.eesti.ee/role/et-gaap_2011-01-01/NotePropertyPlantAndEquipment_role-816000">
    <link:loc xlink:type="locator" xlink:href="../../et-gaap-cor_2011-01-01.xsd#et-gaap_DisposedPropertyPlantAndEquipmentAtSellingPrice" xlink:label="DisposedPropertyPlantAndEquipmentAtSellingPrice" xlink:title="DisposedPropertyPlantAndEquipmentAtSellingPrice"/>
    <link:loc xlink:type="locator" xlink:href="../../et-gaap-cor_2011-01-01.xsd#et-gaap_DisposedPropertyPlantAndEquipmentAtSellingPriceLand" xlink:label="DisposedPropertyPlantAndEquipmentAtSellingPriceLand" xlink:title="DisposedPropertyPlantAndEquipmentAtSellingPriceLand"/>
    <link:calculationArc xlink:type="arc" xlink:arcrole="http://www.xbrl.org/2003/arcrole/summation-item" xlink:from="DisposedPropertyPlantAndEquipmentAtSellingPrice" xlink:to="DisposedPropertyPlantAndEquipmentAtSellingPriceLand" xlink:title="calculation: DisposedPropertyPlantAndEquipmentAtSellingPrice to DisposedPropertyPlantAndEquipmentAtSellingPriceLand" order="1.0" weight="1.0"/>
    <link:loc xlink:type="locator" xlink:href="../../et-gaap-cor_2011-01-01.xsd#et-gaap_DisposedPropertyPlantAndEquipmentAtSellingPriceBuildings" xlink:label="DisposedPropertyPlantAndEquipmentAtSellingPriceBuildings" xlink:title="DisposedPropertyPlantAndEquipmentAtSellingPriceBuildings"/>
    <link:calculationArc xlink:type="arc" xlink:arcrole="http://www.xbrl.org/2003/arcrole/summation-item" xlink:from="DisposedPropertyPlantAndEquipmentAtSellingPrice" xlink:to="DisposedPropertyPlantAndEquipmentAtSellingPriceBuildings" xlink:title="calculation: DisposedPropertyPlantAndEquipmentAtSellingPrice to DisposedPropertyPlantAndEquipmentAtSellingPriceBuildings" order="2.0" weight="1.0"/>
    <link:loc xlink:type="locator" xlink:href="../../et-gaap-cor_2011-01-01.xsd#et-gaap_DisposedPropertyPlantAndEquipmentAtSellingPriceMachineryAndEquipment" xlink:label="DisposedPropertyPlantAndEquipmentAtSellingPriceMachineryAndEquipment" xlink:title="DisposedPropertyPlantAndEquipmentAtSellingPriceMachineryAndEquipment"/>
    <link:calculationArc xlink:type="arc" xlink:arcrole="http://www.xbrl.org/2003/arcrole/summation-item" xlink:from="DisposedPropertyPlantAndEquipmentAtSellingPrice" xlink:to="DisposedPropertyPlantAndEquipmentAtSellingPriceMachineryAndEquipment" xlink:title="calculation: DisposedPropertyPlantAndEquipmentAtSellingPrice to DisposedPropertyPlantAndEquipmentAtSellingPriceMachineryAndEquipment" order="3.0" weight="1.0"/>
    <link:loc xlink:type="locator" xlink:href="../../et-gaap-cor_2011-01-01.xsd#et-gaap_DisposedPropertyPlantAndEquipmentAtSellingPriceTransportation" xlink:label="DisposedPropertyPlantAndEquipmentAtSellingPriceTransportation" xlink:title="DisposedPropertyPlantAndEquipmentAtSellingPriceTransportation"/>
    <link:calculationArc xlink:type="arc" xlink:arcrole="http://www.xbrl.org/2003/arcrole/summation-item" xlink:from="DisposedPropertyPlantAndEquipmentAtSellingPriceMachineryAndEquipment" xlink:to="DisposedPropertyPlantAndEquipmentAtSellingPriceTransportation" xlink:title="calculation: DisposedPropertyPlantAndEquipmentAtSellingPriceMachineryAndEquipment to DisposedPropertyPlantAndEquipmentAtSellingPriceTransportation" order="1.0" weight="1.0"/>
    <link:loc xlink:type="locator" xlink:href="../../et-gaap-cor_2011-01-01.xsd#et-gaap_DisposedPropertyPlantAndEquipmentAtSellingPriceComputersAndComputerSystems" xlink:label="DisposedPropertyPlantAndEquipmentAtSellingPriceComputersAndComputerSystems" xlink:title="DisposedPropertyPlantAndEquipmentAtSellingPriceComputersAndComputerSystems"/>
    <link:calculationArc xlink:type="arc" xlink:arcrole="http://www.xbrl.org/2003/arcrole/summation-item" xlink:from="DisposedPropertyPlantAndEquipmentAtSellingPriceMachineryAndEquipment" xlink:to="DisposedPropertyPlantAndEquipmentAtSellingPriceComputersAndComputerSystems" xlink:title="calculation: DisposedPropertyPlantAndEquipmentAtSellingPriceMachineryAndEquipment to DisposedPropertyPlantAndEquipmentAtSellingPriceComputersAndComputerSystems" order="2.0" weight="1.0"/>
    <link:loc xlink:type="locator" xlink:href="../../et-gaap-cor_2011-01-01.xsd#et-gaap_DisposedPropertyPlantAndEquipmentAtSellingPriceOtherMachineryAndEquipment" xlink:label="DisposedPropertyPlantAndEquipmentAtSellingPriceOtherMachineryAndEquipment" xlink:title="DisposedPropertyPlantAndEquipmentAtSellingPriceOtherMachineryAndEquipment"/>
    <link:calculationArc xlink:type="arc" xlink:arcrole="http://www.xbrl.org/2003/arcrole/summation-item" xlink:from="DisposedPropertyPlantAndEquipmentAtSellingPriceMachineryAndEquipment" xlink:to="DisposedPropertyPlantAndEquipmentAtSellingPriceOtherMachineryAndEquipment" xlink:title="calculation: DisposedPropertyPlantAndEquipmentAtSellingPriceMachineryAndEquipment to DisposedPropertyPlantAndEquipmentAtSellingPriceOtherMachineryAndEquipment" order="3.0" weight="1.0"/>
    <link:loc xlink:type="locator" xlink:href="../../et-gaap-cor_2011-01-01.xsd#et-gaap_DisposedPropertyPlantAndEquipmentAtSellingPriceOtherPropertyPlantAndEquipment" xlink:label="DisposedPropertyPlantAndEquipmentAtSellingPriceOtherPropertyPlantAndEquipment" xlink:title="DisposedPropertyPlantAndEquipmentAtSellingPriceOtherPropertyPlantAndEquipment"/>
    <link:calculationArc xlink:type="arc" xlink:arcrole="http://www.xbrl.org/2003/arcrole/summation-item" xlink:from="DisposedPropertyPlantAndEquipmentAtSellingPrice" xlink:to="DisposedPropertyPlantAndEquipmentAtSellingPriceOtherPropertyPlantAndEquipment" xlink:title="calculation: DisposedPropertyPlantAndEquipmentAtSellingPrice to DisposedPropertyPlantAndEquipmentAtSellingPriceOtherPropertyPlantAndEquipment" order="4.0" weight="1.0"/>
    <link:loc xlink:type="locator" xlink:href="../../et-gaap-cor_2011-01-01.xsd#et-gaap_DisposedPropertyPlantAndEquipmentAtSellingPriceUnfinishedProjectsAndPrepayments" xlink:label="DisposedPropertyPlantAndEquipmentAtSellingPriceUnfinishedProjectsAndPrepayments" xlink:title="DisposedPropertyPlantAndEquipmentAtSellingPriceUnfinishedProjectsAndPrepayments"/>
    <link:calculationArc xlink:type="arc" xlink:arcrole="http://www.xbrl.org/2003/arcrole/summation-item" xlink:from="DisposedPropertyPlantAndEquipmentAtSellingPrice" xlink:to="DisposedPropertyPlantAndEquipmentAtSellingPriceUnfinishedProjectsAndPrepayments" xlink:title="calculation: DisposedPropertyPlantAndEquipmentAtSellingPrice to DisposedPropertyPlantAndEquipmentAtSellingPriceUnfinishedProjectsAndPrepayments" order="5.0" weight="1.0"/>
    <link:loc xlink:type="locator" xlink:href="../../et-gaap-cor_2011-01-01.xsd#et-gaap_DisposedPropertyPlantAndEquipmentAtSellingPriceUnfinishedProjects" xlink:label="DisposedPropertyPlantAndEquipmentAtSellingPriceUnfinishedProjects" xlink:title="DisposedPropertyPlantAndEquipmentAtSellingPriceUnfinishedProjects"/>
    <link:calculationArc xlink:type="arc" xlink:arcrole="http://www.xbrl.org/2003/arcrole/summation-item" xlink:from="DisposedPropertyPlantAndEquipmentAtSellingPriceUnfinishedProjectsAndPrepayments" xlink:to="DisposedPropertyPlantAndEquipmentAtSellingPriceUnfinishedProjects" xlink:title="calculation: DisposedPropertyPlantAndEquipmentAtSellingPriceUnfinishedProjectsAndPrepayments to DisposedPropertyPlantAndEquipmentAtSellingPriceUnfinishedProjects" order="1.0" weight="1.0"/>
    <link:loc xlink:type="locator" xlink:href="../../et-gaap-cor_2011-01-01.xsd#et-gaap_DisposedPropertyPlantAndEquipmentAtSellingPricePrepayments" xlink:label="DisposedPropertyPlantAndEquipmentAtSellingPricePrepayments" xlink:title="DisposedPropertyPlantAndEquipmentAtSellingPricePrepayments"/>
    <link:calculationArc xlink:type="arc" xlink:arcrole="http://www.xbrl.org/2003/arcrole/summation-item" xlink:from="DisposedPropertyPlantAndEquipmentAtSellingPriceUnfinishedProjectsAndPrepayments" xlink:to="DisposedPropertyPlantAndEquipmentAtSellingPricePrepayments" xlink:title="calculation: DisposedPropertyPlantAndEquipmentAtSellingPriceUnfinishedProjectsAndPrepayments to DisposedPropertyPlantAndEquipmentAtSellingPricePrepayments" order="2.0" weight="1.0"/>
    <link:loc xlink:type="locator" xlink:href="../../et-gaap-cor_2011-01-01.xsd#et-gaap_PropertyPlantAndEquipmentAtEndOfPeriodResidualCost" xlink:label="PropertyPlantAndEquipmentAtEndOfPeriodResidualCost" xlink:title="PropertyPlantAndEquipmentAtEndOfPeriodResidualCost"/>
    <link:loc xlink:type="locator" xlink:href="../../et-gaap-cor_2011-01-01.xsd#et-gaap_PropertyPlantAndEquipmentAtEndOfPeriodCarriedAtCost" xlink:label="PropertyPlantAndEquipmentAtEndOfPeriodCarriedAtCost" xlink:title="PropertyPlantAndEquipmentAtEndOfPeriodCarriedAtCost"/>
    <link:calculationArc xlink:type="arc" xlink:arcrole="http://www.xbrl.org/2003/arcrole/summation-item" xlink:from="PropertyPlantAndEquipmentAtEndOfPeriodResidualCost" xlink:to="PropertyPlantAndEquipmentAtEndOfPeriodCarriedAtCost" xlink:title="calculation: PropertyPlantAndEquipmentAtEndOfPeriodResidualCost to PropertyPlantAndEquipmentAtEndOfPeriodCarriedAtCost" order="1.0" weight="1.0"/>
    <link:loc xlink:type="locator" xlink:href="../../et-gaap-cor_2011-01-01.xsd#et-gaap_PropertyPlantAndEquipmentAtEndOfPeriodAccumulatedDepreciation" xlink:label="PropertyPlantAndEquipmentAtEndOfPeriodAccumulatedDepreciation" xlink:title="PropertyPlantAndEquipmentAtEndOfPeriodAccumulatedDepreciation"/>
    <link:calculationArc xlink:type="arc" xlink:arcrole="http://www.xbrl.org/2003/arcrole/summation-item" xlink:from="PropertyPlantAndEquipmentAtEndOfPeriodResidualCost" xlink:to="PropertyPlantAndEquipmentAtEndOfPeriodAccumulatedDepreciation" xlink:title="calculation: PropertyPlantAndEquipmentAtEndOfPeriodResidualCost to PropertyPlantAndEquipmentAtEndOfPeriodAccumulatedDepreciation" order="2.0" weight="1.0"/>
    <link:loc xlink:type="locator" xlink:href="../../et-gaap-cor_2011-01-01.xsd#et-gaap_PropertyPlantAndEquipmentAtEndOfPreviousPeriodResidualCost" xlink:label="PropertyPlantAndEquipmentAtEndOfPreviousPeriodResidualCost" xlink:title="PropertyPlantAndEquipmentAtEndOfPreviousPeriodResidualCost"/>
    <link:loc xlink:type="locator" xlink:href="../../et-gaap-cor_2011-01-01.xsd#et-gaap_PropertyPlantAndEquipmentAtEndOfPreviousPeriodCarriedAtCost" xlink:label="PropertyPlantAndEquipmentAtEndOfPreviousPeriodCarriedAtCost" xlink:title="PropertyPlantAndEquipmentAtEndOfPreviousPeriodCarriedAtCost"/>
    <link:calculationArc xlink:type="arc" xlink:arcrole="http://www.xbrl.org/2003/arcrole/summation-item" xlink:from="PropertyPlantAndEquipmentAtEndOfPreviousPeriodResidualCost" xlink:to="PropertyPlantAndEquipmentAtEndOfPreviousPeriodCarriedAtCost" xlink:title="calculation: PropertyPlantAndEquipmentAtEndOfPreviousPeriodResidualCost to PropertyPlantAndEquipmentAtEndOfPreviousPeriodCarriedAtCost" order="1.0" weight="1.0"/>
    <link:loc xlink:type="locator" xlink:href="../../et-gaap-cor_2011-01-01.xsd#et-gaap_PropertyPlantAndEquipmentAtEndOfPreviousPeriodAccumulatedDepreciation" xlink:label="PropertyPlantAndEquipmentAtEndOfPreviousPeriodAccumulatedDepreciation" xlink:title="PropertyPlantAndEquipmentAtEndOfPreviousPeriodAccumulatedDepreciation"/>
    <link:calculationArc xlink:type="arc" xlink:arcrole="http://www.xbrl.org/2003/arcrole/summation-item" xlink:from="PropertyPlantAndEquipmentAtEndOfPreviousPeriodResidualCost" xlink:to="PropertyPlantAndEquipmentAtEndOfPreviousPeriodAccumulatedDepreciation" xlink:title="calculation: PropertyPlantAndEquipmentAtEndOfPreviousPeriodResidualCost to PropertyPlantAndEquipmentAtEndOfPreviousPeriodAccumulatedDepreciation" order="2.0" weight="1.0"/>
  </link:calculationLink>
</link:linkbase>
