<?xml version="1.0" encoding="UTF-8"?>
<!--
**************************************************************
et-gaap Taxonomy: 2011-01-01 (Final)

Copyright (C) 2010 Centre of Registers and Information Systems
**************************************************************
-->
<link:linkbase xmlns:xsi="http://www.w3.org/2001/XMLSchema-instance" xsi:schemaLocation="http://www.xbrl.org/2003/linkbase http://www.xbrl.org/2003/xbrl-linkbase-2003-12-31.xsd" xmlns:link="http://www.xbrl.org/2003/linkbase" xmlns:xlink="http://www.w3.org/1999/xlink" xmlns:p0="http://xbrl.org/2005/xbrldt">
  <link:roleRef roleURI="http://xbrl.eesti.ee/role/et-gaap_2011-01-01/NotePropertyPlantAndEquipment_role-816000" xlink:type="simple" xlink:href="role-816000.xsd#NotePropertyPlantAndEquipment_role-816000"/>
  <link:roleRef roleURI="http://xbrl.eesti.ee/role/et-gaap_2011-01-01/NotePropertyPlantAndEquipmentWithFullDimensionalBreakdown_role-816100" xlink:type="simple" xlink:href="role-816000.xsd#NotePropertyPlantAndEquipmentWithFullDimensionalBreakdown_role-816100"/>
  <link:roleRef roleURI="http://xbrl.eesti.ee/role/et-gaap_2011-01-01/NotePropertyPlantAndEquipmentExcludedElementsOfAcquisitionOfLandAndBuildingsExceptNewBuildingsAndRenovations_role-816200" xlink:type="simple" xlink:href="role-816000.xsd#NotePropertyPlantAndEquipmentExcludedElementsOfAcquisitionOfLandAndBuildingsExceptNewBuildingsAndRenovations_role-816200"/>
  <link:roleRef roleURI="http://xbrl.eesti.ee/role/et-gaap_2011-01-01/NotePropertyPlantAndEquipmentExcludedElementsOfAcquisitionOfBuildingsNewBuildingRenovations_role-816300" xlink:type="simple" xlink:href="role-816000.xsd#NotePropertyPlantAndEquipmentExcludedElementsOfAcquisitionOfBuildingsNewBuildingRenovations_role-816300"/>
  <link:roleRef roleURI="http://xbrl.eesti.ee/role/et-gaap_2011-01-01/NotePropertyPlantAndEquipmentExcludedElementsOfOtherAcquistionsAndAdditions_role-816400" xlink:type="simple" xlink:href="role-816000.xsd#NotePropertyPlantAndEquipmentExcludedElementsOfOtherAcquistionsAndAdditions_role-816400"/>
  <link:arcroleRef arcroleURI="http://xbrl.org/int/dim/arcrole/all" xlink:type="simple" xlink:href="http://www.xbrl.org/2005/xbrldt-2005.xsd#all"/>
  <link:arcroleRef arcroleURI="http://xbrl.org/int/dim/arcrole/domain-member" xlink:type="simple" xlink:href="http://www.xbrl.org/2005/xbrldt-2005.xsd#domain-member"/>
  <link:arcroleRef arcroleURI="http://xbrl.org/int/dim/arcrole/notAll" xlink:type="simple" xlink:href="http://www.xbrl.org/2005/xbrldt-2005.xsd#notAll"/>
  <link:definitionLink xlink:type="extended" xlink:role="http://xbrl.eesti.ee/role/et-gaap_2011-01-01/NotePropertyPlantAndEquipment_role-816000">
    <link:loc xlink:type="locator" xlink:href="../../et-gaap-cor_2011-01-01.xsd#et-gaap_NotePropertyPlantAndEquipmentAbstract" xlink:label="NotePropertyPlantAndEquipmentAbstract" xlink:title="NotePropertyPlantAndEquipmentAbstract"/>
    <link:loc xlink:type="locator" xlink:href="../../et-gaap-cor_2011-01-01.xsd#et-gaap_PropertyPlantAndEquipmentAbstract" xlink:label="PropertyPlantAndEquipmentAbstract" xlink:title="PropertyPlantAndEquipmentAbstract"/>
    <link:definitionArc xlink:type="arc" xlink:arcrole="http://xbrl.org/int/dim/arcrole/domain-member" xlink:from="NotePropertyPlantAndEquipmentAbstract" xlink:to="PropertyPlantAndEquipmentAbstract" xlink:title="definition: NotePropertyPlantAndEquipmentAbstract to PropertyPlantAndEquipmentAbstract" order="12.0"/>
    <link:loc xlink:type="locator" xlink:href="../../et-gaap-cor_2011-01-01.xsd#et-gaap_PropertyPlantAndEquipmentAtEndOfPreviousPeriodAbstract" xlink:label="PropertyPlantAndEquipmentAtEndOfPreviousPeriodAbstract" xlink:title="PropertyPlantAndEquipmentAtEndOfPreviousPeriodAbstract"/>
    <link:definitionArc xlink:type="arc" xlink:arcrole="http://xbrl.org/int/dim/arcrole/domain-member" xlink:from="PropertyPlantAndEquipmentAbstract" xlink:to="PropertyPlantAndEquipmentAtEndOfPreviousPeriodAbstract" xlink:title="definition: PropertyPlantAndEquipmentAbstract to PropertyPlantAndEquipmentAtEndOfPreviousPeriodAbstract" use="optional" order="1.0"/>
    <link:loc xlink:type="locator" xlink:href="../../et-gaap-cor_2011-01-01.xsd#et-gaap_PropertyPlantAndEquipmentAtEndOfPreviousPeriodCarriedAtCost" xlink:label="PropertyPlantAndEquipmentAtEndOfPreviousPeriodCarriedAtCost" xlink:title="PropertyPlantAndEquipmentAtEndOfPreviousPeriodCarriedAtCost"/>
    <link:definitionArc xlink:type="arc" xlink:arcrole="http://xbrl.org/int/dim/arcrole/domain-member" xlink:from="PropertyPlantAndEquipmentAtEndOfPreviousPeriodAbstract" xlink:to="PropertyPlantAndEquipmentAtEndOfPreviousPeriodCarriedAtCost" xlink:title="definition: PropertyPlantAndEquipmentAtEndOfPreviousPeriodAbstract to PropertyPlantAndEquipmentAtEndOfPreviousPeriodCarriedAtCost" order="1.0"/>
    <link:loc xlink:type="locator" xlink:href="../../et-gaap-cor_2011-01-01.xsd#et-gaap_PropertyPlantAndEquipmentAtEndOfPreviousPeriodAccumulatedDepreciation" xlink:label="PropertyPlantAndEquipmentAtEndOfPreviousPeriodAccumulatedDepreciation" xlink:title="PropertyPlantAndEquipmentAtEndOfPreviousPeriodAccumulatedDepreciation"/>
    <link:definitionArc xlink:type="arc" xlink:arcrole="http://xbrl.org/int/dim/arcrole/domain-member" xlink:from="PropertyPlantAndEquipmentAtEndOfPreviousPeriodAbstract" xlink:to="PropertyPlantAndEquipmentAtEndOfPreviousPeriodAccumulatedDepreciation" xlink:title="definition: PropertyPlantAndEquipmentAtEndOfPreviousPeriodAbstract to PropertyPlantAndEquipmentAtEndOfPreviousPeriodAccumulatedDepreciation" order="2.0"/>
    <link:loc xlink:type="locator" xlink:href="../../et-gaap-cor_2011-01-01.xsd#et-gaap_PropertyPlantAndEquipmentAtEndOfPreviousPeriodResidualCost" xlink:label="PropertyPlantAndEquipmentAtEndOfPreviousPeriodResidualCost" xlink:title="PropertyPlantAndEquipmentAtEndOfPreviousPeriodResidualCost"/>
    <link:definitionArc xlink:type="arc" xlink:arcrole="http://xbrl.org/int/dim/arcrole/domain-member" xlink:from="PropertyPlantAndEquipmentAtEndOfPreviousPeriodAbstract" xlink:to="PropertyPlantAndEquipmentAtEndOfPreviousPeriodResidualCost" xlink:title="definition: PropertyPlantAndEquipmentAtEndOfPreviousPeriodAbstract to PropertyPlantAndEquipmentAtEndOfPreviousPeriodResidualCost" order="3.0"/>
    <link:loc xlink:type="locator" xlink:href="../../et-gaap-cor_2011-01-01.xsd#et-gaap_PropertyPlantAndEquipmentAcquisitionsAndAdditions" xlink:label="PropertyPlantAndEquipmentAcquisitionsAndAdditions" xlink:title="PropertyPlantAndEquipmentAcquisitionsAndAdditions"/>
    <link:definitionArc xlink:type="arc" xlink:arcrole="http://xbrl.org/int/dim/arcrole/domain-member" xlink:from="PropertyPlantAndEquipmentAbstract" xlink:to="PropertyPlantAndEquipmentAcquisitionsAndAdditions" xlink:title="definition: PropertyPlantAndEquipmentAbstract to PropertyPlantAndEquipmentAcquisitionsAndAdditions" use="optional" order="2.0"/>
    <link:loc xlink:type="locator" xlink:href="../../et-gaap-cor_2011-01-01.xsd#et-gaap_PropertyPlantAndEquipmentAcquisitionsAndAdditionsAcquisitionOfLandAndBuildingsExceptNewBuildingsAndRenovations" xlink:label="PropertyPlantAndEquipmentAcquisitionsAndAdditionsAcquisitionOfLandAndBuildingsExceptNewBuildingsAndRenovations" xlink:title="PropertyPlantAndEquipmentAcquisitionsAndAdditionsAcquisitionOfLandAndBuildingsExceptNewBuildingsAndRenovations"/>
    <link:definitionArc xlink:type="arc" xlink:arcrole="http://xbrl.org/int/dim/arcrole/domain-member" xlink:from="PropertyPlantAndEquipmentAcquisitionsAndAdditions" xlink:to="PropertyPlantAndEquipmentAcquisitionsAndAdditionsAcquisitionOfLandAndBuildingsExceptNewBuildingsAndRenovations" xlink:title="definition: PropertyPlantAndEquipmentAcquisitionsAndAdditions to PropertyPlantAndEquipmentAcquisitionsAndAdditionsAcquisitionOfLandAndBuildingsExceptNewBuildingsAndRenovations" order="1.0"/>
    <link:loc xlink:type="locator" xlink:href="../../et-gaap-cor_2011-01-01.xsd#et-gaap_PropertyPlantAndEquipmentHypercubeExcludedElementsOfAcquisitionOfLandAndBuildingsExceptNewBuildingsAndRenovations" xlink:label="PropertyPlantAndEquipmentHypercubeExcludedElementsOfAcquisitionOfLandAndBuildingsExceptNewBuildingsAndRenovations" xlink:title="PropertyPlantAndEquipmentHypercubeExcludedElementsOfAcquisitionOfLandAndBuildingsExceptNewBuildingsAndRenovations"/>
    <link:definitionArc xlink:type="arc" xlink:arcrole="http://xbrl.org/int/dim/arcrole/notAll" xlink:from="PropertyPlantAndEquipmentAcquisitionsAndAdditionsAcquisitionOfLandAndBuildingsExceptNewBuildingsAndRenovations" xlink:to="PropertyPlantAndEquipmentHypercubeExcludedElementsOfAcquisitionOfLandAndBuildingsExceptNewBuildingsAndRenovations" xlink:title="definition: PropertyPlantAndEquipmentAcquisitionsAndAdditionsAcquisitionOfLandAndBuildingsExceptNewBuildingsAndRenovations to PropertyPlantAndEquipmentHypercubeExcludedElementsOfAcquisitionOfLandAndBuildingsExceptNewBuildingsAndRenovations" order="1.0" p0:targetRole="http://xbrl.eesti.ee/role/et-gaap_2011-01-01/NotePropertyPlantAndEquipmentExcludedElementsOfAcquisitionOfLandAndBuildingsExceptNewBuildingsAndRenovations_role-816200" p0:contextElement="scenario"/>
    <link:loc xlink:type="locator" xlink:href="../../et-gaap-cor_2011-01-01.xsd#et-gaap_PropertyPlantAndEquipmentAcquisitionsAndAdditionsAcquisitionOfBuildingsNewBuildingRenovations" xlink:label="PropertyPlantAndEquipmentAcquisitionsAndAdditionsAcquisitionOfBuildingsNewBuildingRenovations" xlink:title="PropertyPlantAndEquipmentAcquisitionsAndAdditionsAcquisitionOfBuildingsNewBuildingRenovations"/>
    <link:definitionArc xlink:type="arc" xlink:arcrole="http://xbrl.org/int/dim/arcrole/domain-member" xlink:from="PropertyPlantAndEquipmentAcquisitionsAndAdditions" xlink:to="PropertyPlantAndEquipmentAcquisitionsAndAdditionsAcquisitionOfBuildingsNewBuildingRenovations" xlink:title="definition: PropertyPlantAndEquipmentAcquisitionsAndAdditions to PropertyPlantAndEquipmentAcquisitionsAndAdditionsAcquisitionOfBuildingsNewBuildingRenovations" order="2.0"/>
    <link:loc xlink:type="locator" xlink:href="../../et-gaap-cor_2011-01-01.xsd#et-gaap_PropertyPlantAndEquipmentHypercubeExcludedElementsOfAcquisitionOfBuildingsNewBuildingRenovations" xlink:label="PropertyPlantAndEquipmentHypercubeExcludedElementsOfAcquisitionOfBuildingsNewBuildingRenovations" xlink:title="PropertyPlantAndEquipmentHypercubeExcludedElementsOfAcquisitionOfBuildingsNewBuildingRenovations"/>
    <link:definitionArc xlink:type="arc" xlink:arcrole="http://xbrl.org/int/dim/arcrole/notAll" xlink:from="PropertyPlantAndEquipmentAcquisitionsAndAdditionsAcquisitionOfBuildingsNewBuildingRenovations" xlink:to="PropertyPlantAndEquipmentHypercubeExcludedElementsOfAcquisitionOfBuildingsNewBuildingRenovations" xlink:title="definition: PropertyPlantAndEquipmentAcquisitionsAndAdditionsAcquisitionOfBuildingsNewBuildingRenovations to PropertyPlantAndEquipmentHypercubeExcludedElementsOfAcquisitionOfBuildingsNewBuildingRenovations" order="1.0" p0:targetRole="http://xbrl.eesti.ee/role/et-gaap_2011-01-01/NotePropertyPlantAndEquipmentExcludedElementsOfAcquisitionOfBuildingsNewBuildingRenovations_role-816300" p0:contextElement="scenario"/>
    <link:loc xlink:type="locator" xlink:href="../../et-gaap-cor_2011-01-01.xsd#et-gaap_PropertyPlantAndEquipmentAcquisitionsAndAdditionsOtherAcquistionsAndAdditions" xlink:label="PropertyPlantAndEquipmentAcquisitionsAndAdditionsOtherAcquistionsAndAdditions" xlink:title="PropertyPlantAndEquipmentAcquisitionsAndAdditionsOtherAcquistionsAndAdditions"/>
    <link:definitionArc xlink:type="arc" xlink:arcrole="http://xbrl.org/int/dim/arcrole/domain-member" xlink:from="PropertyPlantAndEquipmentAcquisitionsAndAdditions" xlink:to="PropertyPlantAndEquipmentAcquisitionsAndAdditionsOtherAcquistionsAndAdditions" xlink:title="definition: PropertyPlantAndEquipmentAcquisitionsAndAdditions to PropertyPlantAndEquipmentAcquisitionsAndAdditionsOtherAcquistionsAndAdditions" order="3.0"/>
    <link:loc xlink:type="locator" xlink:href="../../et-gaap-cor_2011-01-01.xsd#et-gaap_PropertyPlantAndEquipmentHypercubeExcludedElementsOfOtherAcquistionsAndAdditions" xlink:label="PropertyPlantAndEquipmentHypercubeExcludedElementsOfOtherAcquistionsAndAdditions" xlink:title="PropertyPlantAndEquipmentHypercubeExcludedElementsOfOtherAcquistionsAndAdditions"/>
    <link:definitionArc xlink:type="arc" xlink:arcrole="http://xbrl.org/int/dim/arcrole/notAll" xlink:from="PropertyPlantAndEquipmentAcquisitionsAndAdditionsOtherAcquistionsAndAdditions" xlink:to="PropertyPlantAndEquipmentHypercubeExcludedElementsOfOtherAcquistionsAndAdditions" xlink:title="definition: PropertyPlantAndEquipmentAcquisitionsAndAdditionsOtherAcquistionsAndAdditions to PropertyPlantAndEquipmentHypercubeExcludedElementsOfOtherAcquistionsAndAdditions" order="1.0" p0:targetRole="http://xbrl.eesti.ee/role/et-gaap_2011-01-01/NotePropertyPlantAndEquipmentExcludedElementsOfOtherAcquistionsAndAdditions_role-816400" p0:contextElement="scenario"/>
    <link:loc xlink:type="locator" xlink:href="../../et-gaap-cor_2011-01-01.xsd#et-gaap_PropertyPlantAndEquipmentCapitalisedLoanExpenses" xlink:label="PropertyPlantAndEquipmentCapitalisedLoanExpenses" xlink:title="PropertyPlantAndEquipmentCapitalisedLoanExpenses"/>
    <link:definitionArc xlink:type="arc" xlink:arcrole="http://xbrl.org/int/dim/arcrole/domain-member" xlink:from="PropertyPlantAndEquipmentAbstract" xlink:to="PropertyPlantAndEquipmentCapitalisedLoanExpenses" xlink:title="definition: PropertyPlantAndEquipmentAbstract to PropertyPlantAndEquipmentCapitalisedLoanExpenses" use="optional" order="3.0"/>
    <link:loc xlink:type="locator" xlink:href="../../et-gaap-cor_2011-01-01.xsd#et-gaap_PropertyPlantAndEquipmentDepreciation" xlink:label="PropertyPlantAndEquipmentDepreciation" xlink:title="PropertyPlantAndEquipmentDepreciation"/>
    <link:definitionArc xlink:type="arc" xlink:arcrole="http://xbrl.org/int/dim/arcrole/domain-member" xlink:from="PropertyPlantAndEquipmentAbstract" xlink:to="PropertyPlantAndEquipmentDepreciation" xlink:title="definition: PropertyPlantAndEquipmentAbstract to PropertyPlantAndEquipmentDepreciation" use="optional" order="5.0"/>
    <link:loc xlink:type="locator" xlink:href="../../et-gaap-cor_2011-01-01.xsd#et-gaap_PropertyPlantAndEquipmentImpairmentLoss" xlink:label="PropertyPlantAndEquipmentImpairmentLoss" xlink:title="PropertyPlantAndEquipmentImpairmentLoss"/>
    <link:definitionArc xlink:type="arc" xlink:arcrole="http://xbrl.org/int/dim/arcrole/domain-member" xlink:from="PropertyPlantAndEquipmentAbstract" xlink:to="PropertyPlantAndEquipmentImpairmentLoss" xlink:title="definition: PropertyPlantAndEquipmentAbstract to PropertyPlantAndEquipmentImpairmentLoss" use="optional" order="6.0"/>
    <link:loc xlink:type="locator" xlink:href="../../et-gaap-cor_2011-01-01.xsd#et-gaap_PropertyPlantAndEquipmentReversingOfImpairmentLoss" xlink:label="PropertyPlantAndEquipmentReversingOfImpairmentLoss" xlink:title="PropertyPlantAndEquipmentReversingOfImpairmentLoss"/>
    <link:definitionArc xlink:type="arc" xlink:arcrole="http://xbrl.org/int/dim/arcrole/domain-member" xlink:from="PropertyPlantAndEquipmentAbstract" xlink:to="PropertyPlantAndEquipmentReversingOfImpairmentLoss" xlink:title="definition: PropertyPlantAndEquipmentAbstract to PropertyPlantAndEquipmentReversingOfImpairmentLoss" use="optional" order="7.0"/>
    <link:loc xlink:type="locator" xlink:href="../../et-gaap-cor_2011-01-01.xsd#et-gaap_PropertyPlantAndEquipmentDisposals" xlink:label="PropertyPlantAndEquipmentDisposals" xlink:title="PropertyPlantAndEquipmentDisposals"/>
    <link:definitionArc xlink:type="arc" xlink:arcrole="http://xbrl.org/int/dim/arcrole/domain-member" xlink:from="PropertyPlantAndEquipmentAbstract" xlink:to="PropertyPlantAndEquipmentDisposals" xlink:title="definition: PropertyPlantAndEquipmentAbstract to PropertyPlantAndEquipmentDisposals" use="optional" order="8.0"/>
    <link:loc xlink:type="locator" xlink:href="../../et-gaap-cor_2011-01-01.xsd#et-gaap_PropertyPlantAndEquipmentReclassifications" xlink:label="PropertyPlantAndEquipmentReclassifications" xlink:title="PropertyPlantAndEquipmentReclassifications"/>
    <link:definitionArc xlink:type="arc" xlink:arcrole="http://xbrl.org/int/dim/arcrole/domain-member" xlink:from="PropertyPlantAndEquipmentAbstract" xlink:to="PropertyPlantAndEquipmentReclassifications" xlink:title="definition: PropertyPlantAndEquipmentAbstract to PropertyPlantAndEquipmentReclassifications" use="optional" order="9.0"/>
    <link:loc xlink:type="locator" xlink:href="../../et-gaap-cor_2011-01-01.xsd#et-gaap_PropertyPlantAndEquipmentReclassificationsReclassificationsFromPrepayments" xlink:label="PropertyPlantAndEquipmentReclassificationsReclassificationsFromPrepayments" xlink:title="PropertyPlantAndEquipmentReclassificationsReclassificationsFromPrepayments"/>
    <link:definitionArc xlink:type="arc" xlink:arcrole="http://xbrl.org/int/dim/arcrole/domain-member" xlink:from="PropertyPlantAndEquipmentReclassifications" xlink:to="PropertyPlantAndEquipmentReclassificationsReclassificationsFromPrepayments" xlink:title="definition: PropertyPlantAndEquipmentReclassifications to PropertyPlantAndEquipmentReclassificationsReclassificationsFromPrepayments" order="1.0"/>
    <link:loc xlink:type="locator" xlink:href="../../et-gaap-cor_2011-01-01.xsd#et-gaap_PropertyPlantAndEquipmentReclassificationsReclassificationsFromUnfinishedProjects" xlink:label="PropertyPlantAndEquipmentReclassificationsReclassificationsFromUnfinishedProjects" xlink:title="PropertyPlantAndEquipmentReclassificationsReclassificationsFromUnfinishedProjects"/>
    <link:definitionArc xlink:type="arc" xlink:arcrole="http://xbrl.org/int/dim/arcrole/domain-member" xlink:from="PropertyPlantAndEquipmentReclassifications" xlink:to="PropertyPlantAndEquipmentReclassificationsReclassificationsFromUnfinishedProjects" xlink:title="definition: PropertyPlantAndEquipmentReclassifications to PropertyPlantAndEquipmentReclassificationsReclassificationsFromUnfinishedProjects" order="2.0"/>
    <link:loc xlink:type="locator" xlink:href="../../et-gaap-cor_2011-01-01.xsd#et-gaap_PropertyPlantAndEquipmentReclassificationsReclassificationsOfFixedAssetsHeldForSale" xlink:label="PropertyPlantAndEquipmentReclassificationsReclassificationsOfFixedAssetsHeldForSale" xlink:title="PropertyPlantAndEquipmentReclassificationsReclassificationsOfFixedAssetsHeldForSale"/>
    <link:definitionArc xlink:type="arc" xlink:arcrole="http://xbrl.org/int/dim/arcrole/domain-member" xlink:from="PropertyPlantAndEquipmentReclassifications" xlink:to="PropertyPlantAndEquipmentReclassificationsReclassificationsOfFixedAssetsHeldForSale" xlink:title="definition: PropertyPlantAndEquipmentReclassifications to PropertyPlantAndEquipmentReclassificationsReclassificationsOfFixedAssetsHeldForSale" order="3.0"/>
    <link:loc xlink:type="locator" xlink:href="../../et-gaap-cor_2011-01-01.xsd#et-gaap_PropertyPlantAndEquipmentReclassificationsReclassificationsOfInvestmentProperty" xlink:label="PropertyPlantAndEquipmentReclassificationsReclassificationsOfInvestmentProperty" xlink:title="PropertyPlantAndEquipmentReclassificationsReclassificationsOfInvestmentProperty"/>
    <link:definitionArc xlink:type="arc" xlink:arcrole="http://xbrl.org/int/dim/arcrole/domain-member" xlink:from="PropertyPlantAndEquipmentReclassifications" xlink:to="PropertyPlantAndEquipmentReclassificationsReclassificationsOfInvestmentProperty" xlink:title="definition: PropertyPlantAndEquipmentReclassifications to PropertyPlantAndEquipmentReclassificationsReclassificationsOfInvestmentProperty" order="4.0"/>
    <link:loc xlink:type="locator" xlink:href="../../et-gaap-cor_2011-01-01.xsd#et-gaap_PropertyPlantAndEquipmentReclassificationsReclassificationsOfInventory" xlink:label="PropertyPlantAndEquipmentReclassificationsReclassificationsOfInventory" xlink:title="PropertyPlantAndEquipmentReclassificationsReclassificationsOfInventory"/>
    <link:definitionArc xlink:type="arc" xlink:arcrole="http://xbrl.org/int/dim/arcrole/domain-member" xlink:from="PropertyPlantAndEquipmentReclassifications" xlink:to="PropertyPlantAndEquipmentReclassificationsReclassificationsOfInventory" xlink:title="definition: PropertyPlantAndEquipmentReclassifications to PropertyPlantAndEquipmentReclassificationsReclassificationsOfInventory" order="5.0"/>
    <link:loc xlink:type="locator" xlink:href="../../et-gaap-cor_2011-01-01.xsd#et-gaap_PropertyPlantAndEquipmentReclassificationsOtherReclassifications" xlink:label="PropertyPlantAndEquipmentReclassificationsOtherReclassifications" xlink:title="PropertyPlantAndEquipmentReclassificationsOtherReclassifications"/>
    <link:definitionArc xlink:type="arc" xlink:arcrole="http://xbrl.org/int/dim/arcrole/domain-member" xlink:from="PropertyPlantAndEquipmentReclassifications" xlink:to="PropertyPlantAndEquipmentReclassificationsOtherReclassifications" xlink:title="definition: PropertyPlantAndEquipmentReclassifications to PropertyPlantAndEquipmentReclassificationsOtherReclassifications" order="6.0"/>
    <link:loc xlink:type="locator" xlink:href="../../et-gaap-cor_2011-01-01.xsd#et-gaap_PropertyPlantAndEquipmentOtherChanges" xlink:label="PropertyPlantAndEquipmentOtherChanges" xlink:title="PropertyPlantAndEquipmentOtherChanges"/>
    <link:definitionArc xlink:type="arc" xlink:arcrole="http://xbrl.org/int/dim/arcrole/domain-member" xlink:from="PropertyPlantAndEquipmentAbstract" xlink:to="PropertyPlantAndEquipmentOtherChanges" xlink:title="definition: PropertyPlantAndEquipmentAbstract to PropertyPlantAndEquipmentOtherChanges" use="optional" order="10.0"/>
    <link:loc xlink:type="locator" xlink:href="../../et-gaap-cor_2011-01-01.xsd#et-gaap_PropertyPlantAndEquipmentAtEndOfPeriodAbstract" xlink:label="PropertyPlantAndEquipmentAtEndOfPeriodAbstract" xlink:title="PropertyPlantAndEquipmentAtEndOfPeriodAbstract"/>
    <link:definitionArc xlink:type="arc" xlink:arcrole="http://xbrl.org/int/dim/arcrole/domain-member" xlink:from="PropertyPlantAndEquipmentAbstract" xlink:to="PropertyPlantAndEquipmentAtEndOfPeriodAbstract" xlink:title="definition: PropertyPlantAndEquipmentAbstract to PropertyPlantAndEquipmentAtEndOfPeriodAbstract" use="optional" order="11.0"/>
    <link:loc xlink:type="locator" xlink:href="../../et-gaap-cor_2011-01-01.xsd#et-gaap_PropertyPlantAndEquipmentAtEndOfPeriodCarriedAtCost" xlink:label="PropertyPlantAndEquipmentAtEndOfPeriodCarriedAtCost" xlink:title="PropertyPlantAndEquipmentAtEndOfPeriodCarriedAtCost"/>
    <link:definitionArc xlink:type="arc" xlink:arcrole="http://xbrl.org/int/dim/arcrole/domain-member" xlink:from="PropertyPlantAndEquipmentAtEndOfPeriodAbstract" xlink:to="PropertyPlantAndEquipmentAtEndOfPeriodCarriedAtCost" xlink:title="definition: PropertyPlantAndEquipmentAtEndOfPeriodAbstract to PropertyPlantAndEquipmentAtEndOfPeriodCarriedAtCost" order="1.0"/>
    <link:loc xlink:type="locator" xlink:href="../../et-gaap-cor_2011-01-01.xsd#et-gaap_PropertyPlantAndEquipmentAtEndOfPeriodAccumulatedDepreciation" xlink:label="PropertyPlantAndEquipmentAtEndOfPeriodAccumulatedDepreciation" xlink:title="PropertyPlantAndEquipmentAtEndOfPeriodAccumulatedDepreciation"/>
    <link:definitionArc xlink:type="arc" xlink:arcrole="http://xbrl.org/int/dim/arcrole/domain-member" xlink:from="PropertyPlantAndEquipmentAtEndOfPeriodAbstract" xlink:to="PropertyPlantAndEquipmentAtEndOfPeriodAccumulatedDepreciation" xlink:title="definition: PropertyPlantAndEquipmentAtEndOfPeriodAbstract to PropertyPlantAndEquipmentAtEndOfPeriodAccumulatedDepreciation" order="2.0"/>
    <link:loc xlink:type="locator" xlink:href="../../et-gaap-cor_2011-01-01.xsd#et-gaap_PropertyPlantAndEquipmentAtEndOfPeriodResidualCost" xlink:label="PropertyPlantAndEquipmentAtEndOfPeriodResidualCost" xlink:title="PropertyPlantAndEquipmentAtEndOfPeriodResidualCost"/>
    <link:definitionArc xlink:type="arc" xlink:arcrole="http://xbrl.org/int/dim/arcrole/domain-member" xlink:from="PropertyPlantAndEquipmentAtEndOfPeriodAbstract" xlink:to="PropertyPlantAndEquipmentAtEndOfPeriodResidualCost" xlink:title="definition: PropertyPlantAndEquipmentAtEndOfPeriodAbstract to PropertyPlantAndEquipmentAtEndOfPeriodResidualCost" order="3.0"/>
    <link:loc xlink:type="locator" xlink:href="../../et-gaap-cor_2011-01-01.xsd#et-gaap_PropertyPlantAndEquipmentHypercube" xlink:label="PropertyPlantAndEquipmentHypercube" xlink:title="PropertyPlantAndEquipmentHypercube"/>
    <link:definitionArc xlink:type="arc" xlink:arcrole="http://xbrl.org/int/dim/arcrole/all" xlink:from="PropertyPlantAndEquipmentAbstract" xlink:to="PropertyPlantAndEquipmentHypercube" xlink:title="definition: PropertyPlantAndEquipmentAbstract to PropertyPlantAndEquipmentHypercube" use="optional" order="12.0" p0:targetRole="http://xbrl.eesti.ee/role/et-gaap_2011-01-01/NotePropertyPlantAndEquipmentWithFullDimensionalBreakdown_role-816100" p0:contextElement="scenario"/>
    <link:loc xlink:type="locator" xlink:href="../../et-gaap-cor_2011-01-01.xsd#et-gaap_PropertyPlantAndEquipmentAdditionsThroughBusinessCombinations" xlink:label="PropertyPlantAndEquipmentAdditionsThroughBusinessCombinations" xlink:title="PropertyPlantAndEquipmentAdditionsThroughBusinessCombinations"/>
    <link:definitionArc xlink:type="arc" xlink:arcrole="http://xbrl.org/int/dim/arcrole/domain-member" xlink:from="PropertyPlantAndEquipmentAbstract" xlink:to="PropertyPlantAndEquipmentAdditionsThroughBusinessCombinations" xlink:title="definition: PropertyPlantAndEquipmentAbstract to PropertyPlantAndEquipmentAdditionsThroughBusinessCombinations" order="4.0"/>
    <link:loc xlink:type="locator" xlink:href="../../et-gaap-cor_2011-01-01.xsd#et-gaap_DisposedPropertyPlantAndEquipmentAtSellingPriceAbstract" xlink:label="DisposedPropertyPlantAndEquipmentAtSellingPriceAbstract" xlink:title="DisposedPropertyPlantAndEquipmentAtSellingPriceAbstract"/>
    <link:definitionArc xlink:type="arc" xlink:arcrole="http://xbrl.org/int/dim/arcrole/domain-member" xlink:from="NotePropertyPlantAndEquipmentAbstract" xlink:to="DisposedPropertyPlantAndEquipmentAtSellingPriceAbstract" xlink:title="definition: NotePropertyPlantAndEquipmentAbstract to DisposedPropertyPlantAndEquipmentAtSellingPriceAbstract" order="13.0"/>
    <link:loc xlink:type="locator" xlink:href="../../et-gaap-cor_2011-01-01.xsd#et-gaap_DisposedPropertyPlantAndEquipmentAtSellingPriceLand" xlink:label="DisposedPropertyPlantAndEquipmentAtSellingPriceLand" xlink:title="DisposedPropertyPlantAndEquipmentAtSellingPriceLand"/>
    <link:definitionArc xlink:type="arc" xlink:arcrole="http://xbrl.org/int/dim/arcrole/domain-member" xlink:from="DisposedPropertyPlantAndEquipmentAtSellingPriceAbstract" xlink:to="DisposedPropertyPlantAndEquipmentAtSellingPriceLand" xlink:title="definition: DisposedPropertyPlantAndEquipmentAtSellingPriceAbstract to DisposedPropertyPlantAndEquipmentAtSellingPriceLand" order="1.0"/>
    <link:loc xlink:type="locator" xlink:href="../../et-gaap-cor_2011-01-01.xsd#et-gaap_DisposedPropertyPlantAndEquipmentAtSellingPriceBuildings" xlink:label="DisposedPropertyPlantAndEquipmentAtSellingPriceBuildings" xlink:title="DisposedPropertyPlantAndEquipmentAtSellingPriceBuildings"/>
    <link:definitionArc xlink:type="arc" xlink:arcrole="http://xbrl.org/int/dim/arcrole/domain-member" xlink:from="DisposedPropertyPlantAndEquipmentAtSellingPriceAbstract" xlink:to="DisposedPropertyPlantAndEquipmentAtSellingPriceBuildings" xlink:title="definition: DisposedPropertyPlantAndEquipmentAtSellingPriceAbstract to DisposedPropertyPlantAndEquipmentAtSellingPriceBuildings" order="2.0"/>
    <link:loc xlink:type="locator" xlink:href="../../et-gaap-cor_2011-01-01.xsd#et-gaap_DisposedPropertyPlantAndEquipmentAtSellingPriceMachineryAndEquipment" xlink:label="DisposedPropertyPlantAndEquipmentAtSellingPriceMachineryAndEquipment" xlink:title="DisposedPropertyPlantAndEquipmentAtSellingPriceMachineryAndEquipment"/>
    <link:definitionArc xlink:type="arc" xlink:arcrole="http://xbrl.org/int/dim/arcrole/domain-member" xlink:from="DisposedPropertyPlantAndEquipmentAtSellingPriceAbstract" xlink:to="DisposedPropertyPlantAndEquipmentAtSellingPriceMachineryAndEquipment" xlink:title="definition: DisposedPropertyPlantAndEquipmentAtSellingPriceAbstract to DisposedPropertyPlantAndEquipmentAtSellingPriceMachineryAndEquipment" order="3.0"/>
    <link:loc xlink:type="locator" xlink:href="../../et-gaap-cor_2011-01-01.xsd#et-gaap_DisposedPropertyPlantAndEquipmentAtSellingPriceTransportation" xlink:label="DisposedPropertyPlantAndEquipmentAtSellingPriceTransportation" xlink:title="DisposedPropertyPlantAndEquipmentAtSellingPriceTransportation"/>
    <link:definitionArc xlink:type="arc" xlink:arcrole="http://xbrl.org/int/dim/arcrole/domain-member" xlink:from="DisposedPropertyPlantAndEquipmentAtSellingPriceMachineryAndEquipment" xlink:to="DisposedPropertyPlantAndEquipmentAtSellingPriceTransportation" xlink:title="definition: DisposedPropertyPlantAndEquipmentAtSellingPriceMachineryAndEquipment to DisposedPropertyPlantAndEquipmentAtSellingPriceTransportation" order="1.0"/>
    <link:loc xlink:type="locator" xlink:href="../../et-gaap-cor_2011-01-01.xsd#et-gaap_DisposedPropertyPlantAndEquipmentAtSellingPriceComputersAndComputerSystems" xlink:label="DisposedPropertyPlantAndEquipmentAtSellingPriceComputersAndComputerSystems" xlink:title="DisposedPropertyPlantAndEquipmentAtSellingPriceComputersAndComputerSystems"/>
    <link:definitionArc xlink:type="arc" xlink:arcrole="http://xbrl.org/int/dim/arcrole/domain-member" xlink:from="DisposedPropertyPlantAndEquipmentAtSellingPriceMachineryAndEquipment" xlink:to="DisposedPropertyPlantAndEquipmentAtSellingPriceComputersAndComputerSystems" xlink:title="definition: DisposedPropertyPlantAndEquipmentAtSellingPriceMachineryAndEquipment to DisposedPropertyPlantAndEquipmentAtSellingPriceComputersAndComputerSystems" order="2.0"/>
    <link:loc xlink:type="locator" xlink:href="../../et-gaap-cor_2011-01-01.xsd#et-gaap_DisposedPropertyPlantAndEquipmentAtSellingPriceOtherMachineryAndEquipment" xlink:label="DisposedPropertyPlantAndEquipmentAtSellingPriceOtherMachineryAndEquipment" xlink:title="DisposedPropertyPlantAndEquipmentAtSellingPriceOtherMachineryAndEquipment"/>
    <link:definitionArc xlink:type="arc" xlink:arcrole="http://xbrl.org/int/dim/arcrole/domain-member" xlink:from="DisposedPropertyPlantAndEquipmentAtSellingPriceMachineryAndEquipment" xlink:to="DisposedPropertyPlantAndEquipmentAtSellingPriceOtherMachineryAndEquipment" xlink:title="definition: DisposedPropertyPlantAndEquipmentAtSellingPriceMachineryAndEquipment to DisposedPropertyPlantAndEquipmentAtSellingPriceOtherMachineryAndEquipment" order="3.0"/>
    <link:loc xlink:type="locator" xlink:href="../../et-gaap-cor_2011-01-01.xsd#et-gaap_DisposedPropertyPlantAndEquipmentAtSellingPriceOtherPropertyPlantAndEquipment" xlink:label="DisposedPropertyPlantAndEquipmentAtSellingPriceOtherPropertyPlantAndEquipment" xlink:title="DisposedPropertyPlantAndEquipmentAtSellingPriceOtherPropertyPlantAndEquipment"/>
    <link:definitionArc xlink:type="arc" xlink:arcrole="http://xbrl.org/int/dim/arcrole/domain-member" xlink:from="DisposedPropertyPlantAndEquipmentAtSellingPriceAbstract" xlink:to="DisposedPropertyPlantAndEquipmentAtSellingPriceOtherPropertyPlantAndEquipment" xlink:title="definition: DisposedPropertyPlantAndEquipmentAtSellingPriceAbstract to DisposedPropertyPlantAndEquipmentAtSellingPriceOtherPropertyPlantAndEquipment" order="4.0"/>
    <link:loc xlink:type="locator" xlink:href="../../et-gaap-cor_2011-01-01.xsd#et-gaap_DisposedPropertyPlantAndEquipmentAtSellingPriceUnfinishedProjectsAndPrepayments" xlink:label="DisposedPropertyPlantAndEquipmentAtSellingPriceUnfinishedProjectsAndPrepayments" xlink:title="DisposedPropertyPlantAndEquipmentAtSellingPriceUnfinishedProjectsAndPrepayments"/>
    <link:definitionArc xlink:type="arc" xlink:arcrole="http://xbrl.org/int/dim/arcrole/domain-member" xlink:from="DisposedPropertyPlantAndEquipmentAtSellingPriceAbstract" xlink:to="DisposedPropertyPlantAndEquipmentAtSellingPriceUnfinishedProjectsAndPrepayments" xlink:title="definition: DisposedPropertyPlantAndEquipmentAtSellingPriceAbstract to DisposedPropertyPlantAndEquipmentAtSellingPriceUnfinishedProjectsAndPrepayments" order="5.0"/>
    <link:loc xlink:type="locator" xlink:href="../../et-gaap-cor_2011-01-01.xsd#et-gaap_DisposedPropertyPlantAndEquipmentAtSellingPriceUnfinishedProjects" xlink:label="DisposedPropertyPlantAndEquipmentAtSellingPriceUnfinishedProjects" xlink:title="DisposedPropertyPlantAndEquipmentAtSellingPriceUnfinishedProjects"/>
    <link:definitionArc xlink:type="arc" xlink:arcrole="http://xbrl.org/int/dim/arcrole/domain-member" xlink:from="DisposedPropertyPlantAndEquipmentAtSellingPriceUnfinishedProjectsAndPrepayments" xlink:to="DisposedPropertyPlantAndEquipmentAtSellingPriceUnfinishedProjects" xlink:title="definition: DisposedPropertyPlantAndEquipmentAtSellingPriceUnfinishedProjectsAndPrepayments to DisposedPropertyPlantAndEquipmentAtSellingPriceUnfinishedProjects" order="1.0"/>
    <link:loc xlink:type="locator" xlink:href="../../et-gaap-cor_2011-01-01.xsd#et-gaap_DisposedPropertyPlantAndEquipmentAtSellingPricePrepayments" xlink:label="DisposedPropertyPlantAndEquipmentAtSellingPricePrepayments" xlink:title="DisposedPropertyPlantAndEquipmentAtSellingPricePrepayments"/>
    <link:definitionArc xlink:type="arc" xlink:arcrole="http://xbrl.org/int/dim/arcrole/domain-member" xlink:from="DisposedPropertyPlantAndEquipmentAtSellingPriceUnfinishedProjectsAndPrepayments" xlink:to="DisposedPropertyPlantAndEquipmentAtSellingPricePrepayments" xlink:title="definition: DisposedPropertyPlantAndEquipmentAtSellingPriceUnfinishedProjectsAndPrepayments to DisposedPropertyPlantAndEquipmentAtSellingPricePrepayments" order="2.0"/>
    <link:loc xlink:type="locator" xlink:href="../../et-gaap-cor_2011-01-01.xsd#et-gaap_DisposedPropertyPlantAndEquipmentAtSellingPrice" xlink:label="DisposedPropertyPlantAndEquipmentAtSellingPrice" xlink:title="DisposedPropertyPlantAndEquipmentAtSellingPrice"/>
    <link:definitionArc xlink:type="arc" xlink:arcrole="http://xbrl.org/int/dim/arcrole/domain-member" xlink:from="DisposedPropertyPlantAndEquipmentAtSellingPriceAbstract" xlink:to="DisposedPropertyPlantAndEquipmentAtSellingPrice" xlink:title="definition: DisposedPropertyPlantAndEquipmentAtSellingPriceAbstract to DisposedPropertyPlantAndEquipmentAtSellingPrice" order="6.0"/>
    <link:loc xlink:type="locator" xlink:href="../../et-gaap-cor_2011-01-01.xsd#et-gaap_NotePropertyPlantAndEquipment" xlink:label="NotePropertyPlantAndEquipment" xlink:title="NotePropertyPlantAndEquipment"/>
    <link:definitionArc xlink:type="arc" xlink:arcrole="http://xbrl.org/int/dim/arcrole/domain-member" xlink:from="NotePropertyPlantAndEquipmentAbstract" xlink:to="NotePropertyPlantAndEquipment" xlink:title="definition: NotePropertyPlantAndEquipmentAbstract to NotePropertyPlantAndEquipment" order="14.0"/>
  </link:definitionLink>
</link:linkbase>
