<?xml version="1.0" encoding="UTF-8"?>
<!--
**************************************************************
et-gaap Taxonomy: 2011-01-01 (Final)

Copyright (C) 2010 Centre of Registers and Information Systems
**************************************************************
-->
<link:linkbase xmlns:xsi="http://www.w3.org/2001/XMLSchema-instance" xsi:schemaLocation="http://www.xbrl.org/2003/linkbase http://www.xbrl.org/2003/xbrl-linkbase-2003-12-31.xsd" xmlns:link="http://www.xbrl.org/2003/linkbase" xmlns:xlink="http://www.w3.org/1999/xlink" xmlns:p0="http://xbrl.org/2005/xbrldt">
  <link:roleRef roleURI="http://xbrl.eesti.ee/role/et-gaap_2011-01-01/NotePropertyPlantAndEquipmentWithFullDimensionalBreakdown_role-816100" xlink:type="simple" xlink:href="role-816000.xsd#NotePropertyPlantAndEquipmentWithFullDimensionalBreakdown_role-816100"/>
  <link:arcroleRef arcroleURI="http://xbrl.org/int/dim/arcrole/dimension-domain" xlink:type="simple" xlink:href="http://www.xbrl.org/2005/xbrldt-2005.xsd#dimension-domain"/>
  <link:arcroleRef arcroleURI="http://xbrl.org/int/dim/arcrole/domain-member" xlink:type="simple" xlink:href="http://www.xbrl.org/2005/xbrldt-2005.xsd#domain-member"/>
  <link:arcroleRef arcroleURI="http://xbrl.org/int/dim/arcrole/hypercube-dimension" xlink:type="simple" xlink:href="http://www.xbrl.org/2005/xbrldt-2005.xsd#hypercube-dimension"/>
  <link:definitionLink xlink:type="extended" xlink:role="http://xbrl.eesti.ee/role/et-gaap_2011-01-01/NotePropertyPlantAndEquipmentWithFullDimensionalBreakdown_role-816100">
    <link:loc xlink:type="locator" xlink:href="../../et-gaap-cor_2011-01-01.xsd#et-gaap_MachineryAndEquipmentAbstract" xlink:label="MachineryAndEquipmentAbstract" xlink:title="MachineryAndEquipmentAbstract"/>
    <link:loc xlink:type="locator" xlink:href="../../et-gaap-cor_2011-01-01.xsd#et-gaap_MachineryAndEquipmentTransportationAbstract" xlink:label="MachineryAndEquipmentTransportationAbstract" xlink:title="MachineryAndEquipmentTransportationAbstract"/>
    <link:definitionArc xlink:type="arc" xlink:arcrole="http://xbrl.org/int/dim/arcrole/domain-member" xlink:from="MachineryAndEquipmentAbstract" xlink:to="MachineryAndEquipmentTransportationAbstract" xlink:title="definition: MachineryAndEquipmentAbstract to MachineryAndEquipmentTransportationAbstract" order="1.0"/>
    <link:loc xlink:type="locator" xlink:href="../../et-gaap-cor_2011-01-01.xsd#et-gaap_MachineryAndEquipmentComputersAndComputerSystemsAbstract" xlink:label="MachineryAndEquipmentComputersAndComputerSystemsAbstract2" xlink:title="MachineryAndEquipmentComputersAndComputerSystemsAbstract2"/>
    <link:definitionArc xlink:type="arc" xlink:arcrole="http://xbrl.org/int/dim/arcrole/domain-member" xlink:from="MachineryAndEquipmentAbstract" xlink:to="MachineryAndEquipmentComputersAndComputerSystemsAbstract2" xlink:title="definition: MachineryAndEquipmentAbstract to MachineryAndEquipmentComputersAndComputerSystemsAbstract2" order="2.0"/>
    <link:loc xlink:type="locator" xlink:href="../../et-gaap-cor_2011-01-01.xsd#et-gaap_MachineryAndEquipmentOtherMachineryAndEquipmentAbstract" xlink:label="MachineryAndEquipmentOtherMachineryAndEquipmentAbstract3" xlink:title="MachineryAndEquipmentOtherMachineryAndEquipmentAbstract3"/>
    <link:definitionArc xlink:type="arc" xlink:arcrole="http://xbrl.org/int/dim/arcrole/domain-member" xlink:from="MachineryAndEquipmentAbstract" xlink:to="MachineryAndEquipmentOtherMachineryAndEquipmentAbstract3" xlink:title="definition: MachineryAndEquipmentAbstract to MachineryAndEquipmentOtherMachineryAndEquipmentAbstract3" order="3.0"/>
    <link:loc xlink:type="locator" xlink:href="../../et-gaap-cor_2011-01-01.xsd#et-gaap_PropertyPlantAndEquipmentDimension" xlink:label="PropertyPlantAndEquipmentDimension" xlink:title="PropertyPlantAndEquipmentDimension"/>
    <link:loc xlink:type="locator" xlink:href="../../et-gaap-cor_2011-01-01.xsd#et-gaap_PropertyPlantAndEquipmentTotalAbstract" xlink:label="PropertyPlantAndEquipmentTotalAbstract" xlink:title="PropertyPlantAndEquipmentTotalAbstract"/>
    <link:definitionArc xlink:type="arc" xlink:arcrole="http://xbrl.org/int/dim/arcrole/dimension-domain" xlink:from="PropertyPlantAndEquipmentDimension" xlink:to="PropertyPlantAndEquipmentTotalAbstract" xlink:title="definition: PropertyPlantAndEquipmentDimension to PropertyPlantAndEquipmentTotalAbstract" order="1.0"/>
    <link:loc xlink:type="locator" xlink:href="../../et-gaap-cor_2011-01-01.xsd#et-gaap_PropertyPlantAndEquipmentLandAbstract" xlink:label="PropertyPlantAndEquipmentLandAbstract" xlink:title="PropertyPlantAndEquipmentLandAbstract"/>
    <link:definitionArc xlink:type="arc" xlink:arcrole="http://xbrl.org/int/dim/arcrole/domain-member" xlink:from="PropertyPlantAndEquipmentTotalAbstract" xlink:to="PropertyPlantAndEquipmentLandAbstract" xlink:title="definition: PropertyPlantAndEquipmentTotalAbstract to PropertyPlantAndEquipmentLandAbstract" order="1.0"/>
    <link:loc xlink:type="locator" xlink:href="../../et-gaap-cor_2011-01-01.xsd#et-gaap_PropertyPlantAndEquipmentBuildingsAbstract" xlink:label="PropertyPlantAndEquipmentBuildingsAbstract" xlink:title="PropertyPlantAndEquipmentBuildingsAbstract"/>
    <link:definitionArc xlink:type="arc" xlink:arcrole="http://xbrl.org/int/dim/arcrole/domain-member" xlink:from="PropertyPlantAndEquipmentTotalAbstract" xlink:to="PropertyPlantAndEquipmentBuildingsAbstract" xlink:title="definition: PropertyPlantAndEquipmentTotalAbstract to PropertyPlantAndEquipmentBuildingsAbstract" order="2.0"/>
    <link:definitionArc xlink:type="arc" xlink:arcrole="http://xbrl.org/int/dim/arcrole/domain-member" xlink:from="PropertyPlantAndEquipmentTotalAbstract" xlink:to="MachineryAndEquipmentAbstract" xlink:title="definition: PropertyPlantAndEquipmentTotalAbstract to MachineryAndEquipmentAbstract" order="3.0"/>
    <link:loc xlink:type="locator" xlink:href="../../et-gaap-cor_2011-01-01.xsd#et-gaap_OtherPropertyPlantAndEquipmentAbstract" xlink:label="OtherPropertyPlantAndEquipmentAbstract" xlink:title="OtherPropertyPlantAndEquipmentAbstract"/>
    <link:definitionArc xlink:type="arc" xlink:arcrole="http://xbrl.org/int/dim/arcrole/domain-member" xlink:from="PropertyPlantAndEquipmentTotalAbstract" xlink:to="OtherPropertyPlantAndEquipmentAbstract" xlink:title="definition: PropertyPlantAndEquipmentTotalAbstract to OtherPropertyPlantAndEquipmentAbstract" order="4.0"/>
    <link:loc xlink:type="locator" xlink:href="../../et-gaap-cor_2011-01-01.xsd#et-gaap_UnfinishedProjectsAndPrepaymentsAbstract" xlink:label="UnfinishedProjectsAndPrepaymentsAbstract" xlink:title="UnfinishedProjectsAndPrepaymentsAbstract"/>
    <link:definitionArc xlink:type="arc" xlink:arcrole="http://xbrl.org/int/dim/arcrole/domain-member" xlink:from="PropertyPlantAndEquipmentTotalAbstract" xlink:to="UnfinishedProjectsAndPrepaymentsAbstract" xlink:title="definition: PropertyPlantAndEquipmentTotalAbstract to UnfinishedProjectsAndPrepaymentsAbstract" order="5.0"/>
    <link:loc xlink:type="locator" xlink:href="../../et-gaap-cor_2011-01-01.xsd#et-gaap_UnfinishedProjectsAbstract" xlink:label="UnfinishedProjectsAbstract" xlink:title="UnfinishedProjectsAbstract"/>
    <link:definitionArc xlink:type="arc" xlink:arcrole="http://xbrl.org/int/dim/arcrole/domain-member" xlink:from="UnfinishedProjectsAndPrepaymentsAbstract" xlink:to="UnfinishedProjectsAbstract" xlink:title="definition: UnfinishedProjectsAndPrepaymentsAbstract to UnfinishedProjectsAbstract" order="1.0"/>
    <link:loc xlink:type="locator" xlink:href="../../et-gaap-cor_2011-01-01.xsd#et-gaap_PrepaymentsAbstract" xlink:label="PrepaymentsAbstract" xlink:title="PrepaymentsAbstract"/>
    <link:definitionArc xlink:type="arc" xlink:arcrole="http://xbrl.org/int/dim/arcrole/domain-member" xlink:from="UnfinishedProjectsAndPrepaymentsAbstract" xlink:to="PrepaymentsAbstract" xlink:title="definition: UnfinishedProjectsAndPrepaymentsAbstract to PrepaymentsAbstract" order="2.0"/>
    <link:loc xlink:type="locator" xlink:href="../../et-gaap-cor_2011-01-01.xsd#et-gaap_PropertyPlantAndEquipmentHypercube" xlink:label="PropertyPlantAndEquipmentHypercube" xlink:title="PropertyPlantAndEquipmentHypercube"/>
    <link:definitionArc xlink:type="arc" xlink:arcrole="http://xbrl.org/int/dim/arcrole/hypercube-dimension" xlink:from="PropertyPlantAndEquipmentHypercube" xlink:to="PropertyPlantAndEquipmentDimension" xlink:title="definition: PropertyPlantAndEquipmentHypercube to PropertyPlantAndEquipmentDimension" order="1.0"/>
  </link:definitionLink>
</link:linkbase>
