<?xml version="1.0" encoding="UTF-8"?>
<!--
**************************************************************
et-gaap Taxonomy: 2011-01-01 (Final)

Copyright (C) 2010 Centre of Registers and Information Systems
**************************************************************
-->
<link:linkbase xmlns:xsi="http://www.w3.org/2001/XMLSchema-instance" xsi:schemaLocation="http://www.xbrl.org/2003/linkbase http://www.xbrl.org/2003/xbrl-linkbase-2003-12-31.xsd" xmlns:link="http://www.xbrl.org/2003/linkbase" xmlns:xlink="http://www.w3.org/1999/xlink" xmlns:p0="http://xbrl.org/2005/xbrldt">
  <link:roleRef roleURI="http://xbrl.eesti.ee/role/et-gaap_2011-01-01/NotePropertyPlantAndEquipmentExcludedElementsOfAcquisitionOfLandAndBuildingsExceptNewBuildingsAndRenovations_role-816200" xlink:type="simple" xlink:href="role-816000.xsd#NotePropertyPlantAndEquipmentExcludedElementsOfAcquisitionOfLandAndBuildingsExceptNewBuildingsAndRenovations_role-816200"/>
  <link:arcroleRef arcroleURI="http://xbrl.org/int/dim/arcrole/dimension-domain" xlink:type="simple" xlink:href="http://www.xbrl.org/2005/xbrldt-2005.xsd#dimension-domain"/>
  <link:arcroleRef arcroleURI="http://xbrl.org/int/dim/arcrole/domain-member" xlink:type="simple" xlink:href="http://www.xbrl.org/2005/xbrldt-2005.xsd#domain-member"/>
  <link:arcroleRef arcroleURI="http://xbrl.org/int/dim/arcrole/hypercube-dimension" xlink:type="simple" xlink:href="http://www.xbrl.org/2005/xbrldt-2005.xsd#hypercube-dimension"/>
  <link:definitionLink xlink:type="extended" xlink:role="http://xbrl.eesti.ee/role/et-gaap_2011-01-01/NotePropertyPlantAndEquipmentExcludedElementsOfAcquisitionOfLandAndBuildingsExceptNewBuildingsAndRenovations_role-816200">
    <link:loc xlink:type="locator" xlink:href="../../et-gaap-cor_2011-01-01.xsd#et-gaap_PropertyPlantAndEquipmentHypercubeExcludedElementsOfAcquisitionOfLandAndBuildingsExceptNewBuildingsAndRenovations" xlink:label="PropertyPlantAndEquipmentHypercubeExcludedElementsOfAcquisitionOfLandAndBuildingsExceptNewBuildingsAndRenovations" xlink:title="PropertyPlantAndEquipmentHypercubeExcludedElementsOfAcquisitionOfLandAndBuildingsExceptNewBuildingsAndRenovations"/>
    <link:loc xlink:type="locator" xlink:href="../../et-gaap-cor_2011-01-01.xsd#et-gaap_PropertyPlantAndEquipmentDimension" xlink:label="PropertyPlantAndEquipmentDimension" xlink:title="PropertyPlantAndEquipmentDimension"/>
    <link:definitionArc xlink:type="arc" xlink:arcrole="http://xbrl.org/int/dim/arcrole/hypercube-dimension" xlink:from="PropertyPlantAndEquipmentHypercubeExcludedElementsOfAcquisitionOfLandAndBuildingsExceptNewBuildingsAndRenovations" xlink:to="PropertyPlantAndEquipmentDimension" xlink:title="definition: PropertyPlantAndEquipmentHypercubeExcludedElementsOfAcquisitionOfLandAndBuildingsExceptNewBuildingsAndRenovations to PropertyPlantAndEquipmentDimension" order="1.0"/>
    <link:loc xlink:type="locator" xlink:href="../../et-gaap-cor_2011-01-01.xsd#et-gaap_MachineryAndEquipmentAbstract" xlink:label="MachineryAndEquipmentAbstract" xlink:title="MachineryAndEquipmentAbstract"/>
    <link:definitionArc xlink:type="arc" xlink:arcrole="http://xbrl.org/int/dim/arcrole/dimension-domain" xlink:from="PropertyPlantAndEquipmentDimension" xlink:to="MachineryAndEquipmentAbstract" xlink:title="definition: PropertyPlantAndEquipmentDimension to MachineryAndEquipmentAbstract" order="1.0"/>
    <link:loc xlink:type="locator" xlink:href="../../et-gaap-cor_2011-01-01.xsd#et-gaap_MachineryAndEquipmentTransportationAbstract" xlink:label="MachineryAndEquipmentTransportationAbstract" xlink:title="MachineryAndEquipmentTransportationAbstract"/>
    <link:definitionArc xlink:type="arc" xlink:arcrole="http://xbrl.org/int/dim/arcrole/domain-member" xlink:from="MachineryAndEquipmentAbstract" xlink:to="MachineryAndEquipmentTransportationAbstract" xlink:title="definition: MachineryAndEquipmentAbstract to MachineryAndEquipmentTransportationAbstract" order="1.0"/>
    <link:loc xlink:type="locator" xlink:href="../../et-gaap-cor_2011-01-01.xsd#et-gaap_MachineryAndEquipmentComputersAndComputerSystemsAbstract" xlink:label="MachineryAndEquipmentComputersAndComputerSystemsAbstract2" xlink:title="MachineryAndEquipmentComputersAndComputerSystemsAbstract2"/>
    <link:definitionArc xlink:type="arc" xlink:arcrole="http://xbrl.org/int/dim/arcrole/domain-member" xlink:from="MachineryAndEquipmentAbstract" xlink:to="MachineryAndEquipmentComputersAndComputerSystemsAbstract2" xlink:title="definition: MachineryAndEquipmentAbstract to MachineryAndEquipmentComputersAndComputerSystemsAbstract2" order="2.0"/>
    <link:loc xlink:type="locator" xlink:href="../../et-gaap-cor_2011-01-01.xsd#et-gaap_MachineryAndEquipmentOtherMachineryAndEquipmentAbstract" xlink:label="MachineryAndEquipmentOtherMachineryAndEquipmentAbstract3" xlink:title="MachineryAndEquipmentOtherMachineryAndEquipmentAbstract3"/>
    <link:definitionArc xlink:type="arc" xlink:arcrole="http://xbrl.org/int/dim/arcrole/domain-member" xlink:from="MachineryAndEquipmentAbstract" xlink:to="MachineryAndEquipmentOtherMachineryAndEquipmentAbstract3" xlink:title="definition: MachineryAndEquipmentAbstract to MachineryAndEquipmentOtherMachineryAndEquipmentAbstract3" order="3.0"/>
    <link:loc xlink:type="locator" xlink:href="../../et-gaap-cor_2011-01-01.xsd#et-gaap_OtherPropertyPlantAndEquipmentAbstract" xlink:label="OtherPropertyPlantAndEquipmentAbstract" xlink:title="OtherPropertyPlantAndEquipmentAbstract"/>
    <link:definitionArc xlink:type="arc" xlink:arcrole="http://xbrl.org/int/dim/arcrole/dimension-domain" xlink:from="PropertyPlantAndEquipmentDimension" xlink:to="OtherPropertyPlantAndEquipmentAbstract" xlink:title="definition: PropertyPlantAndEquipmentDimension to OtherPropertyPlantAndEquipmentAbstract" order="2.0"/>
  </link:definitionLink>
</link:linkbase>
