<?xml version="1.0" encoding="UTF-8"?>
<!--
**************************************************************
et-gaap Taxonomy: 2011-01-01 (Final)

Copyright (C) 2010 Centre of Registers and Information Systems
**************************************************************
-->
<link:linkbase xmlns:xsi="http://www.w3.org/2001/XMLSchema-instance" xsi:schemaLocation="http://www.xbrl.org/2003/linkbase http://www.xbrl.org/2003/xbrl-linkbase-2003-12-31.xsd" xmlns:link="http://www.xbrl.org/2003/linkbase" xmlns:xlink="http://www.w3.org/1999/xlink" xmlns:p0="http://xbrl.org/2005/xbrldt">
  <link:roleRef roleURI="http://xbrl.eesti.ee/role/et-gaap_2011-01-01/NotePropertyPlantAndEquipmentExcludedElementsOfOtherAcquistionsAndAdditions_role-816400" xlink:type="simple" xlink:href="role-816000.xsd#NotePropertyPlantAndEquipmentExcludedElementsOfOtherAcquistionsAndAdditions_role-816400"/>
  <link:arcroleRef arcroleURI="http://xbrl.org/int/dim/arcrole/dimension-domain" xlink:type="simple" xlink:href="http://www.xbrl.org/2005/xbrldt-2005.xsd#dimension-domain"/>
  <link:arcroleRef arcroleURI="http://xbrl.org/int/dim/arcrole/hypercube-dimension" xlink:type="simple" xlink:href="http://www.xbrl.org/2005/xbrldt-2005.xsd#hypercube-dimension"/>
  <link:definitionLink xlink:type="extended" xlink:role="http://xbrl.eesti.ee/role/et-gaap_2011-01-01/NotePropertyPlantAndEquipmentExcludedElementsOfOtherAcquistionsAndAdditions_role-816400">
    <link:loc xlink:type="locator" xlink:href="../../et-gaap-cor_2011-01-01.xsd#et-gaap_PropertyPlantAndEquipmentDimension" xlink:label="PropertyPlantAndEquipmentDimension" xlink:title="PropertyPlantAndEquipmentDimension"/>
    <link:loc xlink:type="locator" xlink:href="../../et-gaap-cor_2011-01-01.xsd#et-gaap_PropertyPlantAndEquipmentLandAbstract" xlink:label="PropertyPlantAndEquipmentLandAbstract" xlink:title="PropertyPlantAndEquipmentLandAbstract"/>
    <link:definitionArc xlink:type="arc" xlink:arcrole="http://xbrl.org/int/dim/arcrole/dimension-domain" xlink:from="PropertyPlantAndEquipmentDimension" xlink:to="PropertyPlantAndEquipmentLandAbstract" xlink:title="definition: PropertyPlantAndEquipmentDimension to PropertyPlantAndEquipmentLandAbstract" order="1.0"/>
    <link:loc xlink:type="locator" xlink:href="../../et-gaap-cor_2011-01-01.xsd#et-gaap_PropertyPlantAndEquipmentBuildingsAbstract" xlink:label="PropertyPlantAndEquipmentBuildingsAbstract" xlink:title="PropertyPlantAndEquipmentBuildingsAbstract"/>
    <link:definitionArc xlink:type="arc" xlink:arcrole="http://xbrl.org/int/dim/arcrole/dimension-domain" xlink:from="PropertyPlantAndEquipmentDimension" xlink:to="PropertyPlantAndEquipmentBuildingsAbstract" xlink:title="definition: PropertyPlantAndEquipmentDimension to PropertyPlantAndEquipmentBuildingsAbstract" order="2.0"/>
    <link:loc xlink:type="locator" xlink:href="../../et-gaap-cor_2011-01-01.xsd#et-gaap_PropertyPlantAndEquipmentHypercubeExcludedElementsOfOtherAcquistionsAndAdditions" xlink:label="PropertyPlantAndEquipmentHypercubeExcludedElementsOfOtherAcquistionsAndAdditions" xlink:title="PropertyPlantAndEquipmentHypercubeExcludedElementsOfOtherAcquistionsAndAdditions"/>
    <link:definitionArc xlink:type="arc" xlink:arcrole="http://xbrl.org/int/dim/arcrole/hypercube-dimension" xlink:from="PropertyPlantAndEquipmentHypercubeExcludedElementsOfOtherAcquistionsAndAdditions" xlink:to="PropertyPlantAndEquipmentDimension" xlink:title="definition: PropertyPlantAndEquipmentHypercubeExcludedElementsOfOtherAcquistionsAndAdditions to PropertyPlantAndEquipmentDimension" order="1.0"/>
  </link:definitionLink>
</link:linkbase>
