<?xml version="1.0" encoding="UTF-8"?>
<!--
**************************************************************
et-gaap Taxonomy: 2011-01-01 (Final)

Copyright (C) 2010 Centre of Registers and Information Systems
**************************************************************
-->
<link:linkbase xmlns:xsi="http://www.w3.org/2001/XMLSchema-instance" xsi:schemaLocation="http://www.xbrl.org/2003/linkbase http://www.xbrl.org/2003/xbrl-linkbase-2003-12-31.xsd" xmlns:link="http://www.xbrl.org/2003/linkbase" xmlns:xlink="http://www.w3.org/1999/xlink">
  <link:roleRef roleURI="http://xbrl.eesti.ee/role/et-gaap_2011-01-01/NoteGoodsRawMaterialsAndServices_role-834001" xlink:type="simple" xlink:href="role-834000.xsd#NoteGoodsRawMaterialsAndServices_role-834001"/>
  <link:calculationLink xlink:type="extended" xlink:role="http://xbrl.eesti.ee/role/et-gaap_2011-01-01/NoteGoodsRawMaterialsAndServices_role-834001">
    <link:loc xlink:type="locator" xlink:href="../../et-gaap-cor_2011-01-01.xsd#et-gaap_GoodsRawMaterialsAndServices" xlink:label="GoodsRawMaterialsAndServices" xlink:title="GoodsRawMaterialsAndServices"/>
    <link:loc xlink:type="locator" xlink:href="../../et-gaap-cor_2011-01-01.xsd#et-gaap_GoodsRawMaterialsAndServicesRawMaterials" xlink:label="GoodsRawMaterialsAndServicesRawMaterials" xlink:title="GoodsRawMaterialsAndServicesRawMaterials"/>
    <link:calculationArc xlink:type="arc" xlink:arcrole="http://www.xbrl.org/2003/arcrole/summation-item" xlink:from="GoodsRawMaterialsAndServices" xlink:to="GoodsRawMaterialsAndServicesRawMaterials" xlink:title="calculation: GoodsRawMaterialsAndServices to GoodsRawMaterialsAndServicesRawMaterials" order="1.0" weight="1.0"/>
    <link:loc xlink:type="locator" xlink:href="../../et-gaap-cor_2011-01-01.xsd#et-gaap_GoodsRawMaterialsAndServicesInventoryWriteOff" xlink:label="GoodsRawMaterialsAndServicesInventoryWriteOff" xlink:title="GoodsRawMaterialsAndServicesInventoryWriteOff"/>
    <link:calculationArc xlink:type="arc" xlink:arcrole="http://www.xbrl.org/2003/arcrole/summation-item" xlink:from="GoodsRawMaterialsAndServices" xlink:to="GoodsRawMaterialsAndServicesInventoryWriteOff" xlink:title="calculation: GoodsRawMaterialsAndServices to GoodsRawMaterialsAndServicesInventoryWriteOff" order="2.0" weight="1.0"/>
    <link:loc xlink:type="locator" xlink:href="../../et-gaap-cor_2011-01-01.xsd#et-gaap_GoodsRawMaterialsAndServicesGoodsPurchasedForResale" xlink:label="GoodsRawMaterialsAndServicesGoodsPurchasedForResale" xlink:title="GoodsRawMaterialsAndServicesGoodsPurchasedForResale"/>
    <link:calculationArc xlink:type="arc" xlink:arcrole="http://www.xbrl.org/2003/arcrole/summation-item" xlink:from="GoodsRawMaterialsAndServices" xlink:to="GoodsRawMaterialsAndServicesGoodsPurchasedForResale" xlink:title="calculation: GoodsRawMaterialsAndServices to GoodsRawMaterialsAndServicesGoodsPurchasedForResale" order="3.0" weight="1.0"/>
    <link:loc xlink:type="locator" xlink:href="../../et-gaap-cor_2011-01-01.xsd#et-gaap_GoodsRawMaterialsAndServicesInvestmentPropertyPurchasedForResale" xlink:label="GoodsRawMaterialsAndServicesInvestmentPropertyPurchasedForResale" xlink:title="GoodsRawMaterialsAndServicesInvestmentPropertyPurchasedForResale"/>
    <link:calculationArc xlink:type="arc" xlink:arcrole="http://www.xbrl.org/2003/arcrole/summation-item" xlink:from="GoodsRawMaterialsAndServices" xlink:to="GoodsRawMaterialsAndServicesInvestmentPropertyPurchasedForResale" xlink:title="calculation: GoodsRawMaterialsAndServices to GoodsRawMaterialsAndServicesInvestmentPropertyPurchasedForResale" order="4.0" weight="1.0"/>
    <link:loc xlink:type="locator" xlink:href="../../et-gaap-cor_2011-01-01.xsd#et-gaap_GoodsRawMaterialsAndServicesServicesPurchasedForResale" xlink:label="GoodsRawMaterialsAndServicesServicesPurchasedForResale" xlink:title="GoodsRawMaterialsAndServicesServicesPurchasedForResale"/>
    <link:calculationArc xlink:type="arc" xlink:arcrole="http://www.xbrl.org/2003/arcrole/summation-item" xlink:from="GoodsRawMaterialsAndServices" xlink:to="GoodsRawMaterialsAndServicesServicesPurchasedForResale" xlink:title="calculation: GoodsRawMaterialsAndServices to GoodsRawMaterialsAndServicesServicesPurchasedForResale" order="5.0" weight="1.0"/>
    <link:loc xlink:type="locator" xlink:href="../../et-gaap-cor_2011-01-01.xsd#et-gaap_GoodsRawMaterialsAndServicesEnergy" xlink:label="GoodsRawMaterialsAndServicesEnergy" xlink:title="GoodsRawMaterialsAndServicesEnergy"/>
    <link:calculationArc xlink:type="arc" xlink:arcrole="http://www.xbrl.org/2003/arcrole/summation-item" xlink:from="GoodsRawMaterialsAndServices" xlink:to="GoodsRawMaterialsAndServicesEnergy" xlink:title="calculation: GoodsRawMaterialsAndServices to GoodsRawMaterialsAndServicesEnergy" order="6.0" weight="1.0"/>
    <link:loc xlink:type="locator" xlink:href="../../et-gaap-cor_2011-01-01.xsd#et-gaap_GoodsRawMaterialsAndServicesElectricity" xlink:label="GoodsRawMaterialsAndServicesElectricity" xlink:title="GoodsRawMaterialsAndServicesElectricity"/>
    <link:calculationArc xlink:type="arc" xlink:arcrole="http://www.xbrl.org/2003/arcrole/summation-item" xlink:from="GoodsRawMaterialsAndServicesEnergy" xlink:to="GoodsRawMaterialsAndServicesElectricity" xlink:title="calculation: GoodsRawMaterialsAndServicesEnergy to GoodsRawMaterialsAndServicesElectricity" order="1.0" weight="1.0"/>
    <link:loc xlink:type="locator" xlink:href="../../et-gaap-cor_2011-01-01.xsd#et-gaap_GoodsRawMaterialsAndServicesHeatEnergy" xlink:label="GoodsRawMaterialsAndServicesHeatEnergy" xlink:title="GoodsRawMaterialsAndServicesHeatEnergy"/>
    <link:calculationArc xlink:type="arc" xlink:arcrole="http://www.xbrl.org/2003/arcrole/summation-item" xlink:from="GoodsRawMaterialsAndServicesEnergy" xlink:to="GoodsRawMaterialsAndServicesHeatEnergy" xlink:title="calculation: GoodsRawMaterialsAndServicesEnergy to GoodsRawMaterialsAndServicesHeatEnergy" order="2.0" weight="1.0"/>
    <link:loc xlink:type="locator" xlink:href="../../et-gaap-cor_2011-01-01.xsd#et-gaap_GoodsRawMaterialsAndServicesFuel" xlink:label="GoodsRawMaterialsAndServicesFuel" xlink:title="GoodsRawMaterialsAndServicesFuel"/>
    <link:calculationArc xlink:type="arc" xlink:arcrole="http://www.xbrl.org/2003/arcrole/summation-item" xlink:from="GoodsRawMaterialsAndServicesEnergy" xlink:to="GoodsRawMaterialsAndServicesFuel" xlink:title="calculation: GoodsRawMaterialsAndServicesEnergy to GoodsRawMaterialsAndServicesFuel" order="3.0" weight="1.0"/>
    <link:loc xlink:type="locator" xlink:href="../../et-gaap-cor_2011-01-01.xsd#et-gaap_GoodsRawMaterialsAndServicesSubcontractingWork" xlink:label="GoodsRawMaterialsAndServicesSubcontractingWork" xlink:title="GoodsRawMaterialsAndServicesSubcontractingWork"/>
    <link:calculationArc xlink:type="arc" xlink:arcrole="http://www.xbrl.org/2003/arcrole/summation-item" xlink:from="GoodsRawMaterialsAndServices" xlink:to="GoodsRawMaterialsAndServicesSubcontractingWork" xlink:title="calculation: GoodsRawMaterialsAndServices to GoodsRawMaterialsAndServicesSubcontractingWork" order="7.0" weight="1.0"/>
    <link:loc xlink:type="locator" xlink:href="../../et-gaap-cor_2011-01-01.xsd#et-gaap_GoodsRawMaterialsAndServicesTransportationExpense" xlink:label="GoodsRawMaterialsAndServicesTransportationExpense" xlink:title="GoodsRawMaterialsAndServicesTransportationExpense"/>
    <link:calculationArc xlink:type="arc" xlink:arcrole="http://www.xbrl.org/2003/arcrole/summation-item" xlink:from="GoodsRawMaterialsAndServices" xlink:to="GoodsRawMaterialsAndServicesTransportationExpense" xlink:title="calculation: GoodsRawMaterialsAndServices to GoodsRawMaterialsAndServicesTransportationExpense" order="8.0" weight="1.0"/>
    <link:loc xlink:type="locator" xlink:href="../../et-gaap-cor_2011-01-01.xsd#et-gaap_GoodsRawMaterialsAndServicesLogisticsExpense" xlink:label="GoodsRawMaterialsAndServicesLogisticsExpense" xlink:title="GoodsRawMaterialsAndServicesLogisticsExpense"/>
    <link:calculationArc xlink:type="arc" xlink:arcrole="http://www.xbrl.org/2003/arcrole/summation-item" xlink:from="GoodsRawMaterialsAndServices" xlink:to="GoodsRawMaterialsAndServicesLogisticsExpense" xlink:title="calculation: GoodsRawMaterialsAndServices to GoodsRawMaterialsAndServicesLogisticsExpense" order="9.0" weight="1.0"/>
    <link:loc xlink:type="locator" xlink:href="../../et-gaap-cor_2011-01-01.xsd#et-gaap_GoodsRawMaterialsAndServicesLandRent" xlink:label="GoodsRawMaterialsAndServicesLandRent" xlink:title="GoodsRawMaterialsAndServicesLandRent"/>
    <link:calculationArc xlink:type="arc" xlink:arcrole="http://www.xbrl.org/2003/arcrole/summation-item" xlink:from="GoodsRawMaterialsAndServices" xlink:to="GoodsRawMaterialsAndServicesLandRent" xlink:title="calculation: GoodsRawMaterialsAndServices to GoodsRawMaterialsAndServicesLandRent" order="10.0" weight="1.0"/>
    <link:loc xlink:type="locator" xlink:href="../../et-gaap-cor_2011-01-01.xsd#et-gaap_GoodsRawMaterialsAndServicesLeases" xlink:label="GoodsRawMaterialsAndServicesLeases" xlink:title="GoodsRawMaterialsAndServicesLeases"/>
    <link:calculationArc xlink:type="arc" xlink:arcrole="http://www.xbrl.org/2003/arcrole/summation-item" xlink:from="GoodsRawMaterialsAndServices" xlink:to="GoodsRawMaterialsAndServicesLeases" xlink:title="calculation: GoodsRawMaterialsAndServices to GoodsRawMaterialsAndServicesLeases" order="11.0" weight="1.0"/>
    <link:loc xlink:type="locator" xlink:href="../../et-gaap-cor_2011-01-01.xsd#et-gaap_GoodsRawMaterialsAndServicesOther" xlink:label="GoodsRawMaterialsAndServicesOther" xlink:title="GoodsRawMaterialsAndServicesOther"/>
    <link:calculationArc xlink:type="arc" xlink:arcrole="http://www.xbrl.org/2003/arcrole/summation-item" xlink:from="GoodsRawMaterialsAndServices" xlink:to="GoodsRawMaterialsAndServicesOther" xlink:title="calculation: GoodsRawMaterialsAndServices to GoodsRawMaterialsAndServicesOther" order="12.0" weight="1.0"/>
    <link:loc xlink:type="locator" xlink:href="../../et-gaap-cor_2011-01-01.xsd#et-gaap_NoteGoodsRawMaterialsAndServicesAdditionalItemValue" xlink:label="NoteGoodsRawMaterialsAndServicesAdditionalItemValue" xlink:title="NoteGoodsRawMaterialsAndServicesAdditionalItemValue"/>
    <link:calculationArc xlink:type="arc" xlink:arcrole="http://www.xbrl.org/2003/arcrole/summation-item" xlink:from="GoodsRawMaterialsAndServices" xlink:to="NoteGoodsRawMaterialsAndServicesAdditionalItemValue" xlink:title="calculation: GoodsRawMaterialsAndServices to NoteGoodsRawMaterialsAndServicesAdditionalItemValue" order="13.0" weight="1.0"/>
  </link:calculationLink>
</link:linkbase>
