<?xml version="1.0" encoding="UTF-8"?>
<!--
**************************************************************
et-gaap Taxonomy: 2011-01-01 (Final)

Copyright (C) 2010 Centre of Registers and Information Systems
**************************************************************
-->
<link:linkbase xmlns:xsi="http://www.w3.org/2001/XMLSchema-instance" xsi:schemaLocation="http://www.xbrl.org/2003/linkbase http://www.xbrl.org/2003/xbrl-linkbase-2003-12-31.xsd" xmlns:link="http://www.xbrl.org/2003/linkbase" xmlns:xlink="http://www.w3.org/1999/xlink" xmlns:xbrldt="http://xbrl.org/2005/xbrldt">
  <link:roleRef roleURI="http://xbrl.eesti.ee/role/et-gaap_2011-01-01/NoteGoodsRawMaterialsAndServices_role-834001" xlink:type="simple" xlink:href="role-834000.xsd#NoteGoodsRawMaterialsAndServices_role-834001"/>
  <link:presentationLink xlink:type="extended" xlink:role="http://xbrl.eesti.ee/role/et-gaap_2011-01-01/NoteGoodsRawMaterialsAndServices_role-834001">
    <link:loc xlink:type="locator" xlink:href="../../et-gaap-cor_2011-01-01.xsd#et-gaap_NoteGoodsRawMaterialsAndServicesAbstract" xlink:label="NoteGoodsRawMaterialsAndServicesAbstract" xlink:title="NoteGoodsRawMaterialsAndServicesAbstract"/>
    <link:loc xlink:type="locator" xlink:href="../../et-gaap-cor_2011-01-01.xsd#et-gaap_GoodsRawMaterialsAndServicesRawMaterials" xlink:label="GoodsRawMaterialsAndServicesRawMaterials" xlink:title="GoodsRawMaterialsAndServicesRawMaterials"/>
    <link:presentationArc xlink:type="arc" xlink:arcrole="http://www.xbrl.org/2003/arcrole/parent-child" xlink:from="NoteGoodsRawMaterialsAndServicesAbstract" xlink:to="GoodsRawMaterialsAndServicesRawMaterials" xlink:title="presentation: NoteGoodsRawMaterialsAndServicesAbstract to GoodsRawMaterialsAndServicesRawMaterials" order="1.0"/>
    <link:loc xlink:type="locator" xlink:href="../../et-gaap-cor_2011-01-01.xsd#et-gaap_GoodsRawMaterialsAndServicesInventoryWriteOff" xlink:label="GoodsRawMaterialsAndServicesInventoryWriteOff" xlink:title="GoodsRawMaterialsAndServicesInventoryWriteOff"/>
    <link:presentationArc xlink:type="arc" xlink:arcrole="http://www.xbrl.org/2003/arcrole/parent-child" xlink:from="NoteGoodsRawMaterialsAndServicesAbstract" xlink:to="GoodsRawMaterialsAndServicesInventoryWriteOff" xlink:title="presentation: NoteGoodsRawMaterialsAndServicesAbstract to GoodsRawMaterialsAndServicesInventoryWriteOff" order="2.0"/>
    <link:loc xlink:type="locator" xlink:href="../../et-gaap-cor_2011-01-01.xsd#et-gaap_GoodsRawMaterialsAndServicesGoodsPurchasedForResale" xlink:label="GoodsRawMaterialsAndServicesGoodsPurchasedForResale" xlink:title="GoodsRawMaterialsAndServicesGoodsPurchasedForResale"/>
    <link:presentationArc xlink:type="arc" xlink:arcrole="http://www.xbrl.org/2003/arcrole/parent-child" xlink:from="NoteGoodsRawMaterialsAndServicesAbstract" xlink:to="GoodsRawMaterialsAndServicesGoodsPurchasedForResale" xlink:title="presentation: NoteGoodsRawMaterialsAndServicesAbstract to GoodsRawMaterialsAndServicesGoodsPurchasedForResale" order="3.0"/>
    <link:loc xlink:type="locator" xlink:href="../../et-gaap-cor_2011-01-01.xsd#et-gaap_GoodsRawMaterialsAndServicesInvestmentPropertyPurchasedForResale" xlink:label="GoodsRawMaterialsAndServicesInvestmentPropertyPurchasedForResale" xlink:title="GoodsRawMaterialsAndServicesInvestmentPropertyPurchasedForResale"/>
    <link:presentationArc xlink:type="arc" xlink:arcrole="http://www.xbrl.org/2003/arcrole/parent-child" xlink:from="NoteGoodsRawMaterialsAndServicesAbstract" xlink:to="GoodsRawMaterialsAndServicesInvestmentPropertyPurchasedForResale" xlink:title="presentation: NoteGoodsRawMaterialsAndServicesAbstract to GoodsRawMaterialsAndServicesInvestmentPropertyPurchasedForResale" order="4.0"/>
    <link:loc xlink:type="locator" xlink:href="../../et-gaap-cor_2011-01-01.xsd#et-gaap_GoodsRawMaterialsAndServicesServicesPurchasedForResale" xlink:label="GoodsRawMaterialsAndServicesServicesPurchasedForResale" xlink:title="GoodsRawMaterialsAndServicesServicesPurchasedForResale"/>
    <link:presentationArc xlink:type="arc" xlink:arcrole="http://www.xbrl.org/2003/arcrole/parent-child" xlink:from="NoteGoodsRawMaterialsAndServicesAbstract" xlink:to="GoodsRawMaterialsAndServicesServicesPurchasedForResale" xlink:title="presentation: NoteGoodsRawMaterialsAndServicesAbstract to GoodsRawMaterialsAndServicesServicesPurchasedForResale" order="5.0"/>
    <link:loc xlink:type="locator" xlink:href="../../et-gaap-cor_2011-01-01.xsd#et-gaap_GoodsRawMaterialsAndServicesEnergy" xlink:label="GoodsRawMaterialsAndServicesEnergy" xlink:title="GoodsRawMaterialsAndServicesEnergy"/>
    <link:presentationArc xlink:type="arc" xlink:arcrole="http://www.xbrl.org/2003/arcrole/parent-child" xlink:from="NoteGoodsRawMaterialsAndServicesAbstract" xlink:to="GoodsRawMaterialsAndServicesEnergy" xlink:title="presentation: NoteGoodsRawMaterialsAndServicesAbstract to GoodsRawMaterialsAndServicesEnergy" order="6.0"/>
    <link:loc xlink:type="locator" xlink:href="../../et-gaap-cor_2011-01-01.xsd#et-gaap_GoodsRawMaterialsAndServicesElectricity" xlink:label="GoodsRawMaterialsAndServicesElectricity" xlink:title="GoodsRawMaterialsAndServicesElectricity"/>
    <link:presentationArc xlink:type="arc" xlink:arcrole="http://www.xbrl.org/2003/arcrole/parent-child" xlink:from="GoodsRawMaterialsAndServicesEnergy" xlink:to="GoodsRawMaterialsAndServicesElectricity" xlink:title="presentation: GoodsRawMaterialsAndServicesEnergy to GoodsRawMaterialsAndServicesElectricity" order="1.0"/>
    <link:loc xlink:type="locator" xlink:href="../../et-gaap-cor_2011-01-01.xsd#et-gaap_GoodsRawMaterialsAndServicesHeatEnergy" xlink:label="GoodsRawMaterialsAndServicesHeatEnergy" xlink:title="GoodsRawMaterialsAndServicesHeatEnergy"/>
    <link:presentationArc xlink:type="arc" xlink:arcrole="http://www.xbrl.org/2003/arcrole/parent-child" xlink:from="GoodsRawMaterialsAndServicesEnergy" xlink:to="GoodsRawMaterialsAndServicesHeatEnergy" xlink:title="presentation: GoodsRawMaterialsAndServicesEnergy to GoodsRawMaterialsAndServicesHeatEnergy" order="2.0"/>
    <link:loc xlink:type="locator" xlink:href="../../et-gaap-cor_2011-01-01.xsd#et-gaap_GoodsRawMaterialsAndServicesFuel" xlink:label="GoodsRawMaterialsAndServicesFuel" xlink:title="GoodsRawMaterialsAndServicesFuel"/>
    <link:presentationArc xlink:type="arc" xlink:arcrole="http://www.xbrl.org/2003/arcrole/parent-child" xlink:from="GoodsRawMaterialsAndServicesEnergy" xlink:to="GoodsRawMaterialsAndServicesFuel" xlink:title="presentation: GoodsRawMaterialsAndServicesEnergy to GoodsRawMaterialsAndServicesFuel" order="3.0"/>
    <link:loc xlink:type="locator" xlink:href="../../et-gaap-cor_2011-01-01.xsd#et-gaap_GoodsRawMaterialsAndServicesSubcontractingWork" xlink:label="GoodsRawMaterialsAndServicesSubcontractingWork" xlink:title="GoodsRawMaterialsAndServicesSubcontractingWork"/>
    <link:presentationArc xlink:type="arc" xlink:arcrole="http://www.xbrl.org/2003/arcrole/parent-child" xlink:from="NoteGoodsRawMaterialsAndServicesAbstract" xlink:to="GoodsRawMaterialsAndServicesSubcontractingWork" xlink:title="presentation: NoteGoodsRawMaterialsAndServicesAbstract to GoodsRawMaterialsAndServicesSubcontractingWork" order="7.0"/>
    <link:loc xlink:type="locator" xlink:href="../../et-gaap-cor_2011-01-01.xsd#et-gaap_GoodsRawMaterialsAndServicesTransportationExpense" xlink:label="GoodsRawMaterialsAndServicesTransportationExpense" xlink:title="GoodsRawMaterialsAndServicesTransportationExpense"/>
    <link:presentationArc xlink:type="arc" xlink:arcrole="http://www.xbrl.org/2003/arcrole/parent-child" xlink:from="NoteGoodsRawMaterialsAndServicesAbstract" xlink:to="GoodsRawMaterialsAndServicesTransportationExpense" xlink:title="presentation: NoteGoodsRawMaterialsAndServicesAbstract to GoodsRawMaterialsAndServicesTransportationExpense" order="8.0"/>
    <link:loc xlink:type="locator" xlink:href="../../et-gaap-cor_2011-01-01.xsd#et-gaap_GoodsRawMaterialsAndServicesLogisticsExpense" xlink:label="GoodsRawMaterialsAndServicesLogisticsExpense" xlink:title="GoodsRawMaterialsAndServicesLogisticsExpense"/>
    <link:presentationArc xlink:type="arc" xlink:arcrole="http://www.xbrl.org/2003/arcrole/parent-child" xlink:from="NoteGoodsRawMaterialsAndServicesAbstract" xlink:to="GoodsRawMaterialsAndServicesLogisticsExpense" xlink:title="presentation: NoteGoodsRawMaterialsAndServicesAbstract to GoodsRawMaterialsAndServicesLogisticsExpense" order="9.0"/>
    <link:loc xlink:type="locator" xlink:href="../../et-gaap-cor_2011-01-01.xsd#et-gaap_GoodsRawMaterialsAndServicesLandRent" xlink:label="GoodsRawMaterialsAndServicesLandRent" xlink:title="GoodsRawMaterialsAndServicesLandRent"/>
    <link:presentationArc xlink:type="arc" xlink:arcrole="http://www.xbrl.org/2003/arcrole/parent-child" xlink:from="NoteGoodsRawMaterialsAndServicesAbstract" xlink:to="GoodsRawMaterialsAndServicesLandRent" xlink:title="presentation: NoteGoodsRawMaterialsAndServicesAbstract to GoodsRawMaterialsAndServicesLandRent" order="10.0"/>
    <link:loc xlink:type="locator" xlink:href="../../et-gaap-cor_2011-01-01.xsd#et-gaap_GoodsRawMaterialsAndServicesLeases" xlink:label="GoodsRawMaterialsAndServicesLeases" xlink:title="GoodsRawMaterialsAndServicesLeases"/>
    <link:presentationArc xlink:type="arc" xlink:arcrole="http://www.xbrl.org/2003/arcrole/parent-child" xlink:from="NoteGoodsRawMaterialsAndServicesAbstract" xlink:to="GoodsRawMaterialsAndServicesLeases" xlink:title="presentation: NoteGoodsRawMaterialsAndServicesAbstract to GoodsRawMaterialsAndServicesLeases" order="11.0"/>
    <link:loc xlink:type="locator" xlink:href="../../et-gaap-cor_2011-01-01.xsd#et-gaap_GoodsRawMaterialsAndServices" xlink:label="GoodsRawMaterialsAndServices" xlink:title="GoodsRawMaterialsAndServices"/>
    <link:presentationArc xlink:type="arc" xlink:arcrole="http://www.xbrl.org/2003/arcrole/parent-child" xlink:from="NoteGoodsRawMaterialsAndServicesAbstract" xlink:to="GoodsRawMaterialsAndServices" xlink:title="presentation: NoteGoodsRawMaterialsAndServicesAbstract to GoodsRawMaterialsAndServices" order="14.0" preferredLabel="http://www.xbrl.org/2003/role/totalLabel"/>
    <link:loc xlink:type="locator" xlink:href="../../et-gaap-cor_2011-01-01.xsd#et-gaap_NoteGoodsRawMaterialsAndServices" xlink:label="NoteGoodsRawMaterialsAndServices" xlink:title="NoteGoodsRawMaterialsAndServices"/>
    <link:presentationArc xlink:type="arc" xlink:arcrole="http://www.xbrl.org/2003/arcrole/parent-child" xlink:from="NoteGoodsRawMaterialsAndServicesAbstract" xlink:to="NoteGoodsRawMaterialsAndServices" xlink:title="presentation: NoteGoodsRawMaterialsAndServicesAbstract to NoteGoodsRawMaterialsAndServices" order="15.0"/>
    <link:loc xlink:type="locator" xlink:href="../../et-gaap-cor_2011-01-01.xsd#et-gaap_GoodsRawMaterialsAndServicesOther" xlink:label="GoodsRawMaterialsAndServicesOther" xlink:title="GoodsRawMaterialsAndServicesOther"/>
    <link:presentationArc xlink:type="arc" xlink:arcrole="http://www.xbrl.org/2003/arcrole/parent-child" xlink:from="NoteGoodsRawMaterialsAndServicesAbstract" xlink:to="GoodsRawMaterialsAndServicesOther" xlink:title="presentation: NoteGoodsRawMaterialsAndServicesAbstract to GoodsRawMaterialsAndServicesOther" order="13.0"/>
    <link:loc xlink:type="locator" xlink:href="../../et-gaap-cor_2011-01-01.xsd#et-gaap_NoteGoodsRawMaterialsAndServicesAdditionalItemTuple" xlink:label="NoteGoodsRawMaterialsAndServicesAdditionalItemTuple" xlink:title="NoteGoodsRawMaterialsAndServicesAdditionalItemTuple"/>
    <link:presentationArc xlink:type="arc" xlink:arcrole="http://www.xbrl.org/2003/arcrole/parent-child" xlink:from="NoteGoodsRawMaterialsAndServicesAbstract" xlink:to="NoteGoodsRawMaterialsAndServicesAdditionalItemTuple" xlink:title="presentation: NoteGoodsRawMaterialsAndServicesAbstract to NoteGoodsRawMaterialsAndServicesAdditionalItemTuple" order="12.0"/>
    <link:loc xlink:type="locator" xlink:href="../../et-gaap-cor_2011-01-01.xsd#et-gaap_NoteGoodsRawMaterialsAndServicesAdditionalItemName" xlink:label="NoteGoodsRawMaterialsAndServicesAdditionalItemName" xlink:title="NoteGoodsRawMaterialsAndServicesAdditionalItemName"/>
    <link:presentationArc xlink:type="arc" xlink:arcrole="http://www.xbrl.org/2003/arcrole/parent-child" xlink:from="NoteGoodsRawMaterialsAndServicesAdditionalItemTuple" xlink:to="NoteGoodsRawMaterialsAndServicesAdditionalItemName" xlink:title="presentation: NoteGoodsRawMaterialsAndServicesAdditionalItemTuple to NoteGoodsRawMaterialsAndServicesAdditionalItemName" order="1.0"/>
    <link:loc xlink:type="locator" xlink:href="../../et-gaap-cor_2011-01-01.xsd#et-gaap_NoteGoodsRawMaterialsAndServicesAdditionalItemValue" xlink:label="NoteGoodsRawMaterialsAndServicesAdditionalItemValue" xlink:title="NoteGoodsRawMaterialsAndServicesAdditionalItemValue"/>
    <link:presentationArc xlink:type="arc" xlink:arcrole="http://www.xbrl.org/2003/arcrole/parent-child" xlink:from="NoteGoodsRawMaterialsAndServicesAdditionalItemTuple" xlink:to="NoteGoodsRawMaterialsAndServicesAdditionalItemValue" xlink:title="presentation: NoteGoodsRawMaterialsAndServicesAdditionalItemTuple to NoteGoodsRawMaterialsAndServicesAdditionalItemValue" order="2.0"/>
  </link:presentationLink>
</link:linkbase>
