<?xml version="1.0" encoding="UTF-8"?>
<!--
**************************************************************
et-gaap Taxonomy: 2011-01-01 (Final)

Copyright (C) 2010 Centre of Registers and Information Systems
**************************************************************
-->
<link:linkbase xmlns:xsi="http://www.w3.org/2001/XMLSchema-instance" xsi:schemaLocation="http://www.xbrl.org/2003/linkbase http://www.xbrl.org/2003/xbrl-linkbase-2003-12-31.xsd" xmlns:link="http://www.xbrl.org/2003/linkbase" xmlns:xlink="http://www.w3.org/1999/xlink" xmlns:p0="http://xbrl.org/2005/xbrldt">
  <link:roleRef roleURI="http://xbrl.eesti.ee/role/et-gaap_2011-01-01/NoteNonCurrentFinancialInvestment_role-807000" xlink:type="simple" xlink:href="role-807000.xsd#NoteNonCurrentFinancialInvestments_role-807000"/>
  <link:arcroleRef arcroleURI="http://xbrl.org/int/dim/arcrole/domain-member" xlink:type="simple" xlink:href="http://www.xbrl.org/2005/xbrldt-2005.xsd#domain-member"/>
  <link:definitionLink xlink:type="extended" xlink:role="http://xbrl.eesti.ee/role/et-gaap_2011-01-01/NoteNonCurrentFinancialInvestment_role-807000">
    <link:loc xlink:type="locator" xlink:href="../../et-gaap-cor_2011-01-01.xsd#et-gaap_NoteNonCurrentFinancialInvestmentsAbstract" xlink:label="NoteNonCurrentFinancialInvestmentsAbstract" xlink:title="NoteNonCurrentFinancialInvestmentsAbstract"/>
    <link:loc xlink:type="locator" xlink:href="../../et-gaap-cor_2011-01-01.xsd#et-gaap_SharesOfSubsidiaries" xlink:label="SharesOfSubsidiaries" xlink:title="SharesOfSubsidiaries"/>
    <link:definitionArc xlink:type="arc" xlink:arcrole="http://xbrl.org/int/dim/arcrole/domain-member" xlink:from="NoteNonCurrentFinancialInvestmentsAbstract" xlink:to="SharesOfSubsidiaries" xlink:title="definition: NoteNonCurrentFinancialInvestmentsAbstract to SharesOfSubsidiaries" use="optional" order="1.0"/>
    <link:loc xlink:type="locator" xlink:href="../../et-gaap-cor_2011-01-01.xsd#et-gaap_SharesOfAssociates" xlink:label="SharesOfAssociates" xlink:title="SharesOfAssociates"/>
    <link:definitionArc xlink:type="arc" xlink:arcrole="http://xbrl.org/int/dim/arcrole/domain-member" xlink:from="NoteNonCurrentFinancialInvestmentsAbstract" xlink:to="SharesOfAssociates" xlink:title="definition: NoteNonCurrentFinancialInvestmentsAbstract to SharesOfAssociates" use="optional" order="2.0"/>
    <link:loc xlink:type="locator" xlink:href="../../et-gaap-cor_2011-01-01.xsd#et-gaap_OtherNonCurrentFinancialInvestments" xlink:label="OtherNonCurrentFinancialInvestments" xlink:title="OtherNonCurrentFinancialInvestments"/>
    <link:definitionArc xlink:type="arc" xlink:arcrole="http://xbrl.org/int/dim/arcrole/domain-member" xlink:from="NoteNonCurrentFinancialInvestmentsAbstract" xlink:to="OtherNonCurrentFinancialInvestments" xlink:title="definition: NoteNonCurrentFinancialInvestmentsAbstract to OtherNonCurrentFinancialInvestments" use="optional" order="3.0"/>
    <link:loc xlink:type="locator" xlink:href="../../et-gaap-cor_2011-01-01.xsd#et-gaap_NonCurrentReceivables" xlink:label="NonCurrentReceivables" xlink:title="NonCurrentReceivables"/>
    <link:definitionArc xlink:type="arc" xlink:arcrole="http://xbrl.org/int/dim/arcrole/domain-member" xlink:from="NoteNonCurrentFinancialInvestmentsAbstract" xlink:to="NonCurrentReceivables" xlink:title="definition: NoteNonCurrentFinancialInvestmentsAbstract to NonCurrentReceivables" use="optional" order="4.0"/>
    <link:loc xlink:type="locator" xlink:href="../../et-gaap-cor_2011-01-01.xsd#et-gaap_NonCurrentReceivablesLoanReceivables" xlink:label="NonCurrentReceivablesLoanReceivables" xlink:title="NonCurrentReceivablesLoanReceivables"/>
    <link:definitionArc xlink:type="arc" xlink:arcrole="http://xbrl.org/int/dim/arcrole/domain-member" xlink:from="NonCurrentReceivables" xlink:to="NonCurrentReceivablesLoanReceivables" xlink:title="definition: NonCurrentReceivables to NonCurrentReceivablesLoanReceivables" order="1.0"/>
    <link:loc xlink:type="locator" xlink:href="../../et-gaap-cor_2011-01-01.xsd#et-gaap_NonCurrentReceivablesInterestReceivables" xlink:label="NonCurrentReceivablesInterestReceivables" xlink:title="NonCurrentReceivablesInterestReceivables"/>
    <link:definitionArc xlink:type="arc" xlink:arcrole="http://xbrl.org/int/dim/arcrole/domain-member" xlink:from="NonCurrentReceivables" xlink:to="NonCurrentReceivablesInterestReceivables" xlink:title="definition: NonCurrentReceivables to NonCurrentReceivablesInterestReceivables" order="2.0"/>
    <link:loc xlink:type="locator" xlink:href="../../et-gaap-cor_2011-01-01.xsd#et-gaap_NonCurrentReceivablesDividendReceivables" xlink:label="NonCurrentReceivablesDividendReceivables" xlink:title="NonCurrentReceivablesDividendReceivables"/>
    <link:definitionArc xlink:type="arc" xlink:arcrole="http://xbrl.org/int/dim/arcrole/domain-member" xlink:from="NonCurrentReceivables" xlink:to="NonCurrentReceivablesDividendReceivables" xlink:title="definition: NonCurrentReceivables to NonCurrentReceivablesDividendReceivables" order="3.0"/>
    <link:loc xlink:type="locator" xlink:href="../../et-gaap-cor_2011-01-01.xsd#et-gaap_NonCurrentReceivablesAccruedIncome" xlink:label="NonCurrentReceivablesAccruedIncome" xlink:title="NonCurrentReceivablesAccruedIncome"/>
    <link:definitionArc xlink:type="arc" xlink:arcrole="http://xbrl.org/int/dim/arcrole/domain-member" xlink:from="NonCurrentReceivables" xlink:to="NonCurrentReceivablesAccruedIncome" xlink:title="definition: NonCurrentReceivables to NonCurrentReceivablesAccruedIncome" order="4.0"/>
    <link:loc xlink:type="locator" xlink:href="../../et-gaap-cor_2011-01-01.xsd#et-gaap_NonCurrentPrepayments" xlink:label="NonCurrentPrepayments" xlink:title="NonCurrentPrepayments"/>
    <link:definitionArc xlink:type="arc" xlink:arcrole="http://xbrl.org/int/dim/arcrole/domain-member" xlink:from="NoteNonCurrentFinancialInvestmentsAbstract" xlink:to="NonCurrentPrepayments" xlink:title="definition: NoteNonCurrentFinancialInvestmentsAbstract to NonCurrentPrepayments" use="optional" order="5.0"/>
    <link:loc xlink:type="locator" xlink:href="../../et-gaap-cor_2011-01-01.xsd#et-gaap_NonCurrentFinancialInvestments" xlink:label="NonCurrentFinancialInvestments" xlink:title="NonCurrentFinancialInvestments"/>
    <link:definitionArc xlink:type="arc" xlink:arcrole="http://xbrl.org/int/dim/arcrole/domain-member" xlink:from="NoteNonCurrentFinancialInvestmentsAbstract" xlink:to="NonCurrentFinancialInvestments" xlink:title="definition: NoteNonCurrentFinancialInvestmentsAbstract to NonCurrentFinancialInvestments" use="optional" order="6.0"/>
    <link:loc xlink:type="locator" xlink:href="../../et-gaap-cor_2011-01-01.xsd#et-gaap_NoteNonCurrentFinancialInvestments" xlink:label="NoteNonCurrentFinancialInvestments" xlink:title="NoteNonCurrentFinancialInvestments"/>
    <link:definitionArc xlink:type="arc" xlink:arcrole="http://xbrl.org/int/dim/arcrole/domain-member" xlink:from="NoteNonCurrentFinancialInvestmentsAbstract" xlink:to="NoteNonCurrentFinancialInvestments" xlink:title="definition: NoteNonCurrentFinancialInvestmentsAbstract to NoteNonCurrentFinancialInvestments" order="7.0"/>
  </link:definitionLink>
</link:linkbase>
