<?xml version="1.0" encoding="UTF-8"?>
<!--
**************************************************************
et-gaap Taxonomy: 2011-01-01 (Final)

Copyright (C) 2010 Centre of Registers and Information Systems
**************************************************************
-->
<link:linkbase xmlns:xsi="http://www.w3.org/2001/XMLSchema-instance" xsi:schemaLocation="http://www.xbrl.org/2003/linkbase http://www.xbrl.org/2003/xbrl-linkbase-2003-12-31.xsd" xmlns:link="http://www.xbrl.org/2003/linkbase" xmlns:xlink="http://www.w3.org/1999/xlink" xmlns:xbrldt="http://xbrl.org/2005/xbrldt">
  <link:roleRef roleURI="http://xbrl.eesti.ee/role/et-gaap_2011-01-01/NoteNonCurrentFinancialInvestment_role-807000" xlink:type="simple" xlink:href="role-807000.xsd#NoteNonCurrentFinancialInvestments_role-807000"/>
  <link:presentationLink xlink:type="extended" xlink:role="http://xbrl.eesti.ee/role/et-gaap_2011-01-01/NoteNonCurrentFinancialInvestment_role-807000">
    <link:loc xlink:type="locator" xlink:href="../../et-gaap-cor_2011-01-01.xsd#et-gaap_NoteNonCurrentFinancialInvestmentsAbstract" xlink:label="NoteNonCurrentFinancialInvestmentsAbstract" xlink:title="NoteNonCurrentFinancialInvestmentsAbstract"/>
    <link:loc xlink:type="locator" xlink:href="../../et-gaap-cor_2011-01-01.xsd#et-gaap_SharesOfSubsidiaries" xlink:label="SharesOfSubsidiaries" xlink:title="SharesOfSubsidiaries"/>
    <link:presentationArc xlink:type="arc" xlink:arcrole="http://www.xbrl.org/2003/arcrole/parent-child" xlink:from="NoteNonCurrentFinancialInvestmentsAbstract" xlink:to="SharesOfSubsidiaries" xlink:title="presentation: NoteNonCurrentFinancialInvestmentsAbstract to SharesOfSubsidiaries" order="1.0"/>
    <link:loc xlink:type="locator" xlink:href="../../et-gaap-cor_2011-01-01.xsd#et-gaap_SharesOfAssociates" xlink:label="SharesOfAssociates" xlink:title="SharesOfAssociates"/>
    <link:presentationArc xlink:type="arc" xlink:arcrole="http://www.xbrl.org/2003/arcrole/parent-child" xlink:from="NoteNonCurrentFinancialInvestmentsAbstract" xlink:to="SharesOfAssociates" xlink:title="presentation: NoteNonCurrentFinancialInvestmentsAbstract to SharesOfAssociates" order="2.0"/>
    <link:loc xlink:type="locator" xlink:href="../../et-gaap-cor_2011-01-01.xsd#et-gaap_OtherNonCurrentFinancialInvestments" xlink:label="OtherNonCurrentFinancialInvestments" xlink:title="OtherNonCurrentFinancialInvestments"/>
    <link:presentationArc xlink:type="arc" xlink:arcrole="http://www.xbrl.org/2003/arcrole/parent-child" xlink:from="NoteNonCurrentFinancialInvestmentsAbstract" xlink:to="OtherNonCurrentFinancialInvestments" xlink:title="presentation: NoteNonCurrentFinancialInvestmentsAbstract to OtherNonCurrentFinancialInvestments" order="3.0"/>
    <link:loc xlink:type="locator" xlink:href="../../et-gaap-cor_2011-01-01.xsd#et-gaap_NonCurrentReceivables" xlink:label="NonCurrentReceivables" xlink:title="NonCurrentReceivables"/>
    <link:presentationArc xlink:type="arc" xlink:arcrole="http://www.xbrl.org/2003/arcrole/parent-child" xlink:from="NoteNonCurrentFinancialInvestmentsAbstract" xlink:to="NonCurrentReceivables" xlink:title="presentation: NoteNonCurrentFinancialInvestmentsAbstract to NonCurrentReceivables" order="4.0"/>
    <link:loc xlink:type="locator" xlink:href="../../et-gaap-cor_2011-01-01.xsd#et-gaap_NonCurrentReceivablesAdditionalItemTuple" xlink:label="NonCurrentReceivablesAdditionalItemTuple" xlink:title="NonCurrentReceivablesAdditionalItemTuple"/>
    <link:presentationArc xlink:type="arc" xlink:arcrole="http://www.xbrl.org/2003/arcrole/parent-child" xlink:from="NonCurrentReceivables" xlink:to="NonCurrentReceivablesAdditionalItemTuple" xlink:title="presentation: NonCurrentReceivables to NonCurrentReceivablesAdditionalItemTuple" order="5.0"/>
    <link:loc xlink:type="locator" xlink:href="../../et-gaap-cor_2011-01-01.xsd#et-gaap_NonCurrentReceivablesAdditionalItemName" xlink:label="NonCurrentReceivablesAdditionalItemName" xlink:title="NonCurrentReceivablesAdditionalItemName"/>
    <link:presentationArc xlink:type="arc" xlink:arcrole="http://www.xbrl.org/2003/arcrole/parent-child" xlink:from="NonCurrentReceivablesAdditionalItemTuple" xlink:to="NonCurrentReceivablesAdditionalItemName" xlink:title="presentation: NonCurrentReceivablesAdditionalItemTuple to NonCurrentReceivablesAdditionalItemName" order="1.0"/>
    <link:loc xlink:type="locator" xlink:href="../../et-gaap-cor_2011-01-01.xsd#et-gaap_NonCurrentReceivablesAdditionalItemValue" xlink:label="NonCurrentReceivablesAdditionalItemValue" xlink:title="NonCurrentReceivablesAdditionalItemValue"/>
    <link:presentationArc xlink:type="arc" xlink:arcrole="http://www.xbrl.org/2003/arcrole/parent-child" xlink:from="NonCurrentReceivablesAdditionalItemTuple" xlink:to="NonCurrentReceivablesAdditionalItemValue" xlink:title="presentation: NonCurrentReceivablesAdditionalItemTuple to NonCurrentReceivablesAdditionalItemValue" order="2.0"/>
    <link:loc xlink:type="locator" xlink:href="../../et-gaap-cor_2011-01-01.xsd#et-gaap_NonCurrentReceivablesLoanReceivables" xlink:label="NonCurrentReceivablesLoanReceivables" xlink:title="NonCurrentReceivablesLoanReceivables"/>
    <link:presentationArc xlink:type="arc" xlink:arcrole="http://www.xbrl.org/2003/arcrole/parent-child" xlink:from="NonCurrentReceivables" xlink:to="NonCurrentReceivablesLoanReceivables" xlink:title="presentation: NonCurrentReceivables to NonCurrentReceivablesLoanReceivables" order="1.0"/>
    <link:loc xlink:type="locator" xlink:href="../../et-gaap-cor_2011-01-01.xsd#et-gaap_NonCurrentReceivablesInterestReceivables" xlink:label="NonCurrentReceivablesInterestReceivables" xlink:title="NonCurrentReceivablesInterestReceivables"/>
    <link:presentationArc xlink:type="arc" xlink:arcrole="http://www.xbrl.org/2003/arcrole/parent-child" xlink:from="NonCurrentReceivables" xlink:to="NonCurrentReceivablesInterestReceivables" xlink:title="presentation: NonCurrentReceivables to NonCurrentReceivablesInterestReceivables" order="2.0"/>
    <link:loc xlink:type="locator" xlink:href="../../et-gaap-cor_2011-01-01.xsd#et-gaap_NonCurrentReceivablesDividendReceivables" xlink:label="NonCurrentReceivablesDividendReceivables" xlink:title="NonCurrentReceivablesDividendReceivables"/>
    <link:presentationArc xlink:type="arc" xlink:arcrole="http://www.xbrl.org/2003/arcrole/parent-child" xlink:from="NonCurrentReceivables" xlink:to="NonCurrentReceivablesDividendReceivables" xlink:title="presentation: NonCurrentReceivables to NonCurrentReceivablesDividendReceivables" order="3.0"/>
    <link:loc xlink:type="locator" xlink:href="../../et-gaap-cor_2011-01-01.xsd#et-gaap_NonCurrentReceivablesAccruedIncome" xlink:label="NonCurrentReceivablesAccruedIncome" xlink:title="NonCurrentReceivablesAccruedIncome"/>
    <link:presentationArc xlink:type="arc" xlink:arcrole="http://www.xbrl.org/2003/arcrole/parent-child" xlink:from="NonCurrentReceivables" xlink:to="NonCurrentReceivablesAccruedIncome" xlink:title="presentation: NonCurrentReceivables to NonCurrentReceivablesAccruedIncome" order="4.0"/>
    <link:loc xlink:type="locator" xlink:href="../../et-gaap-cor_2011-01-01.xsd#et-gaap_NonCurrentPrepayments" xlink:label="NonCurrentPrepayments" xlink:title="NonCurrentPrepayments"/>
    <link:presentationArc xlink:type="arc" xlink:arcrole="http://www.xbrl.org/2003/arcrole/parent-child" xlink:from="NoteNonCurrentFinancialInvestmentsAbstract" xlink:to="NonCurrentPrepayments" xlink:title="presentation: NoteNonCurrentFinancialInvestmentsAbstract to NonCurrentPrepayments" order="5.0"/>
    <link:loc xlink:type="locator" xlink:href="../../et-gaap-cor_2011-01-01.xsd#et-gaap_NonCurrentPrepaymentsAdditionalItemTuple" xlink:label="NonCurrentPrepaymentsAdditionalItemTuple" xlink:title="NonCurrentPrepaymentsAdditionalItemTuple"/>
    <link:presentationArc xlink:type="arc" xlink:arcrole="http://www.xbrl.org/2003/arcrole/parent-child" xlink:from="NonCurrentPrepayments" xlink:to="NonCurrentPrepaymentsAdditionalItemTuple" xlink:title="presentation: NonCurrentPrepayments to NonCurrentPrepaymentsAdditionalItemTuple" order="1.0"/>
    <link:loc xlink:type="locator" xlink:href="../../et-gaap-cor_2011-01-01.xsd#et-gaap_NonCurrentPrepaymentsAdditionalItemName" xlink:label="NonCurrentPrepaymentsAdditionalItemName" xlink:title="NonCurrentPrepaymentsAdditionalItemName"/>
    <link:presentationArc xlink:type="arc" xlink:arcrole="http://www.xbrl.org/2003/arcrole/parent-child" xlink:from="NonCurrentPrepaymentsAdditionalItemTuple" xlink:to="NonCurrentPrepaymentsAdditionalItemName" xlink:title="presentation: NonCurrentPrepaymentsAdditionalItemTuple to NonCurrentPrepaymentsAdditionalItemName" order="1.0"/>
    <link:loc xlink:type="locator" xlink:href="../../et-gaap-cor_2011-01-01.xsd#et-gaap_NonCurrentPrepaymentsAdditionalItemValue" xlink:label="NonCurrentPrepaymentsAdditionalItemValue" xlink:title="NonCurrentPrepaymentsAdditionalItemValue"/>
    <link:presentationArc xlink:type="arc" xlink:arcrole="http://www.xbrl.org/2003/arcrole/parent-child" xlink:from="NonCurrentPrepaymentsAdditionalItemTuple" xlink:to="NonCurrentPrepaymentsAdditionalItemValue" xlink:title="presentation: NonCurrentPrepaymentsAdditionalItemTuple to NonCurrentPrepaymentsAdditionalItemValue" order="2.0"/>
    <link:loc xlink:type="locator" xlink:href="../../et-gaap-cor_2011-01-01.xsd#et-gaap_NonCurrentFinancialInvestments" xlink:label="NonCurrentFinancialInvestments" xlink:title="NonCurrentFinancialInvestments"/>
    <link:presentationArc xlink:type="arc" xlink:arcrole="http://www.xbrl.org/2003/arcrole/parent-child" xlink:from="NoteNonCurrentFinancialInvestmentsAbstract" xlink:to="NonCurrentFinancialInvestments" xlink:title="presentation: NoteNonCurrentFinancialInvestmentsAbstract to NonCurrentFinancialInvestments" order="7.0" preferredLabel="http://www.xbrl.org/2003/role/totalLabel"/>
    <link:loc xlink:type="locator" xlink:href="../../et-gaap-cor_2011-01-01.xsd#et-gaap_NoteNonCurrentFinancialInvestments" xlink:label="NoteNonCurrentFinancialInvestments" xlink:title="NoteNonCurrentFinancialInvestments"/>
    <link:presentationArc xlink:type="arc" xlink:arcrole="http://www.xbrl.org/2003/arcrole/parent-child" xlink:from="NoteNonCurrentFinancialInvestmentsAbstract" xlink:to="NoteNonCurrentFinancialInvestments" xlink:title="presentation: NoteNonCurrentFinancialInvestmentsAbstract to NoteNonCurrentFinancialInvestments" order="8.0"/>
    <link:loc xlink:type="locator" xlink:href="../../et-gaap-cor_2011-01-01.xsd#et-gaap_NoteNonCurrentFinancialInvestmentsAdditionalItemTuple" xlink:label="NoteNonCurrentFinancialInvestmentsAdditionalItemTuple" xlink:title="NoteNonCurrentFinancialInvestmentsAdditionalItemTuple"/>
    <link:presentationArc xlink:type="arc" xlink:arcrole="http://www.xbrl.org/2003/arcrole/parent-child" xlink:from="NoteNonCurrentFinancialInvestmentsAbstract" xlink:to="NoteNonCurrentFinancialInvestmentsAdditionalItemTuple" xlink:title="presentation: NoteNonCurrentFinancialInvestmentsAbstract to NoteNonCurrentFinancialInvestmentsAdditionalItemTuple" order="6.0"/>
    <link:loc xlink:type="locator" xlink:href="../../et-gaap-cor_2011-01-01.xsd#et-gaap_NoteNonCurrentFinancialInvestmentsAdditionalItemName" xlink:label="NoteNonCurrentFinancialInvestmentsAdditionalItemName" xlink:title="NoteNonCurrentFinancialInvestmentsAdditionalItemName"/>
    <link:presentationArc xlink:type="arc" xlink:arcrole="http://www.xbrl.org/2003/arcrole/parent-child" xlink:from="NoteNonCurrentFinancialInvestmentsAdditionalItemTuple" xlink:to="NoteNonCurrentFinancialInvestmentsAdditionalItemName" xlink:title="presentation: NoteNonCurrentFinancialInvestmentsAdditionalItemTuple to NoteNonCurrentFinancialInvestmentsAdditionalItemName" order="1.0"/>
    <link:loc xlink:type="locator" xlink:href="../../et-gaap-cor_2011-01-01.xsd#et-gaap_NoteNonCurrentFinancialInvestmentsAdditionalItemValue" xlink:label="NoteNonCurrentFinancialInvestmentsAdditionalItemValue" xlink:title="NoteNonCurrentFinancialInvestmentsAdditionalItemValue"/>
    <link:presentationArc xlink:type="arc" xlink:arcrole="http://www.xbrl.org/2003/arcrole/parent-child" xlink:from="NoteNonCurrentFinancialInvestmentsAdditionalItemTuple" xlink:to="NoteNonCurrentFinancialInvestmentsAdditionalItemValue" xlink:title="presentation: NoteNonCurrentFinancialInvestmentsAdditionalItemTuple to NoteNonCurrentFinancialInvestmentsAdditionalItemValue" order="2.0"/>
  </link:presentationLink>
</link:linkbase>
