<?xml version="1.0" encoding="UTF-8"?>
<!--
**************************************************************
et-gaap Taxonomy: 2011-01-01 (Final)

Copyright (C) 2010 Centre of Registers and Information Systems
**************************************************************
-->
<link:linkbase xmlns:xsi="http://www.w3.org/2001/XMLSchema-instance" xsi:schemaLocation="http://www.xbrl.org/2003/linkbase http://www.xbrl.org/2003/xbrl-linkbase-2003-12-31.xsd" xmlns:link="http://www.xbrl.org/2003/linkbase" xmlns:xlink="http://www.w3.org/1999/xlink" xmlns:p0="http://xbrl.org/2005/xbrldt">
  <link:roleRef roleURI="http://xbrl.eesti.ee/role/et-gaap_2011-01-01/NoteAccountingPolicies_role-801010" xlink:type="simple" xlink:href="role-801000.xsd#NoteAccountingPolicies_role-801010"/>
  <link:arcroleRef arcroleURI="http://xbrl.org/int/dim/arcrole/all" xlink:type="simple" xlink:href="http://www.xbrl.org/2005/xbrldt-2005.xsd#all"/>
  <link:arcroleRef arcroleURI="http://xbrl.org/int/dim/arcrole/domain-member" xlink:type="simple" xlink:href="http://www.xbrl.org/2005/xbrldt-2005.xsd#domain-member"/>
  <link:arcroleRef arcroleURI="http://xbrl.org/int/dim/arcrole/hypercube-dimension" xlink:type="simple" xlink:href="http://www.xbrl.org/2005/xbrldt-2005.xsd#hypercube-dimension"/>
  <link:definitionLink xlink:type="extended" xlink:role="http://xbrl.eesti.ee/role/et-gaap_2011-01-01/NoteAccountingPolicies_role-801010">
    <link:loc xlink:type="locator" xlink:href="../../et-gaap-cor_2011-01-01.xsd#et-gaap_NoteAccountingPoliciesAbstract" xlink:label="NoteAccountingPoliciesAbstract" xlink:title="NoteAccountingPoliciesAbstract"/>
    <link:loc xlink:type="locator" xlink:href="../../et-gaap-cor_2011-01-01.xsd#et-gaap_AccountingPoliciesGeneralInformation" xlink:label="AccountingPoliciesGeneralInformation" xlink:title="AccountingPoliciesGeneralInformation"/>
    <link:definitionArc xlink:type="arc" xlink:arcrole="http://xbrl.org/int/dim/arcrole/domain-member" xlink:from="NoteAccountingPoliciesAbstract" xlink:to="AccountingPoliciesGeneralInformation" xlink:title="definition: NoteAccountingPoliciesAbstract to AccountingPoliciesGeneralInformation" use="optional" order="1.0"/>
    <link:loc xlink:type="locator" xlink:href="../../et-gaap-cor_2011-01-01.xsd#et-gaap_AccountingPoliciesChangesInAccountingPoliciesOrPresentationOfInformation" xlink:label="AccountingPoliciesChangesInAccountingPoliciesOrPresentationOfInformation" xlink:title="AccountingPoliciesChangesInAccountingPoliciesOrPresentationOfInformation"/>
    <link:definitionArc xlink:type="arc" xlink:arcrole="http://xbrl.org/int/dim/arcrole/domain-member" xlink:from="NoteAccountingPoliciesAbstract" xlink:to="AccountingPoliciesChangesInAccountingPoliciesOrPresentationOfInformation" xlink:title="definition: NoteAccountingPoliciesAbstract to AccountingPoliciesChangesInAccountingPoliciesOrPresentationOfInformation" use="optional" order="2.0"/>
    <link:loc xlink:type="locator" xlink:href="../../et-gaap-cor_2011-01-01.xsd#et-gaap_AccountingPoliciesErrorAdjustments" xlink:label="AccountingPoliciesErrorAdjustments" xlink:title="AccountingPoliciesErrorAdjustments"/>
    <link:definitionArc xlink:type="arc" xlink:arcrole="http://xbrl.org/int/dim/arcrole/domain-member" xlink:from="NoteAccountingPoliciesAbstract" xlink:to="AccountingPoliciesErrorAdjustments" xlink:title="definition: NoteAccountingPoliciesAbstract to AccountingPoliciesErrorAdjustments" use="optional" order="3.0"/>
    <link:loc xlink:type="locator" xlink:href="../../et-gaap-cor_2011-01-01.xsd#et-gaap_AccountingPoliciesCashAndCashEquivalents" xlink:label="AccountingPoliciesCashAndCashEquivalents" xlink:title="AccountingPoliciesCashAndCashEquivalents"/>
    <link:definitionArc xlink:type="arc" xlink:arcrole="http://xbrl.org/int/dim/arcrole/domain-member" xlink:from="NoteAccountingPoliciesAbstract" xlink:to="AccountingPoliciesCashAndCashEquivalents" xlink:title="definition: NoteAccountingPoliciesAbstract to AccountingPoliciesCashAndCashEquivalents" use="optional" order="5.0"/>
    <link:loc xlink:type="locator" xlink:href="../../et-gaap-cor_2011-01-01.xsd#et-gaap_AccountingPoliciesForeignCurrencyTransactionsAndAssetsAndLiabilitiesDenominatedInAForeignCurrency" xlink:label="AccountingPoliciesForeignCurrencyTransactionsAndAssetsAndLiabilitiesDenominatedInAForeignCurrency" xlink:title="AccountingPoliciesForeignCurrencyTransactionsAndAssetsAndLiabilitiesDenominatedInAForeignCurrency"/>
    <link:definitionArc xlink:type="arc" xlink:arcrole="http://xbrl.org/int/dim/arcrole/domain-member" xlink:from="NoteAccountingPoliciesAbstract" xlink:to="AccountingPoliciesForeignCurrencyTransactionsAndAssetsAndLiabilitiesDenominatedInAForeignCurrency" xlink:title="definition: NoteAccountingPoliciesAbstract to AccountingPoliciesForeignCurrencyTransactionsAndAssetsAndLiabilitiesDenominatedInAForeignCurrency" use="optional" order="6.0"/>
    <link:loc xlink:type="locator" xlink:href="../../et-gaap-cor_2011-01-01.xsd#et-gaap_AccountingPoliciesFinancialInvestments" xlink:label="AccountingPoliciesFinancialInvestments" xlink:title="AccountingPoliciesFinancialInvestments"/>
    <link:definitionArc xlink:type="arc" xlink:arcrole="http://xbrl.org/int/dim/arcrole/domain-member" xlink:from="NoteAccountingPoliciesAbstract" xlink:to="AccountingPoliciesFinancialInvestments" xlink:title="definition: NoteAccountingPoliciesAbstract to AccountingPoliciesFinancialInvestments" use="optional" order="7.0"/>
    <link:loc xlink:type="locator" xlink:href="../../et-gaap-cor_2011-01-01.xsd#et-gaap_AccountingPoliciesSharesOfSubsidiariesAndAssociates" xlink:label="AccountingPoliciesSharesOfSubsidiariesAndAssociates" xlink:title="AccountingPoliciesSharesOfSubsidiariesAndAssociates"/>
    <link:definitionArc xlink:type="arc" xlink:arcrole="http://xbrl.org/int/dim/arcrole/domain-member" xlink:from="NoteAccountingPoliciesAbstract" xlink:to="AccountingPoliciesSharesOfSubsidiariesAndAssociates" xlink:title="definition: NoteAccountingPoliciesAbstract to AccountingPoliciesSharesOfSubsidiariesAndAssociates" use="optional" order="8.0"/>
    <link:loc xlink:type="locator" xlink:href="../../et-gaap-cor_2011-01-01.xsd#et-gaap_AccountingPoliciesReceivablesAndPrepayments" xlink:label="AccountingPoliciesReceivablesAndPrepayments" xlink:title="AccountingPoliciesReceivablesAndPrepayments"/>
    <link:definitionArc xlink:type="arc" xlink:arcrole="http://xbrl.org/int/dim/arcrole/domain-member" xlink:from="NoteAccountingPoliciesAbstract" xlink:to="AccountingPoliciesReceivablesAndPrepayments" xlink:title="definition: NoteAccountingPoliciesAbstract to AccountingPoliciesReceivablesAndPrepayments" use="optional" order="9.0"/>
    <link:loc xlink:type="locator" xlink:href="../../et-gaap-cor_2011-01-01.xsd#et-gaap_AccountingPoliciesInventories" xlink:label="AccountingPoliciesInventoriesAbstract" xlink:title="AccountingPoliciesInventoriesAbstract"/>
    <link:definitionArc xlink:type="arc" xlink:arcrole="http://xbrl.org/int/dim/arcrole/domain-member" xlink:from="NoteAccountingPoliciesAbstract" xlink:to="AccountingPoliciesInventoriesAbstract" xlink:title="definition: NoteAccountingPoliciesAbstract to AccountingPoliciesInventoriesAbstract" use="optional" order="10.0"/>
    <link:loc xlink:type="locator" xlink:href="../../et-gaap-cor_2011-01-01.xsd#et-gaap_AccountingPoliciesCarriedAtCostInventoriesAccountingPolicies" xlink:label="AccountingPoliciesCarriedAtCostInventoriesAccountingPolicies" xlink:title="AccountingPoliciesCarriedAtCostInventoriesAccountingPolicies"/>
    <link:definitionArc xlink:type="arc" xlink:arcrole="http://xbrl.org/int/dim/arcrole/domain-member" xlink:from="AccountingPoliciesInventoriesAbstract" xlink:to="AccountingPoliciesCarriedAtCostInventoriesAccountingPolicies" xlink:title="definition: AccountingPoliciesInventoriesAbstract to AccountingPoliciesCarriedAtCostInventoriesAccountingPolicies" use="optional" order="1.0"/>
    <link:loc xlink:type="locator" xlink:href="../../et-gaap-cor_2011-01-01.xsd#et-gaap_AccountingPoliciesBiologicalAssets" xlink:label="AccountingPoliciesBiologicalAssets" xlink:title="AccountingPoliciesBiologicalAssets"/>
    <link:definitionArc xlink:type="arc" xlink:arcrole="http://xbrl.org/int/dim/arcrole/domain-member" xlink:from="NoteAccountingPoliciesAbstract" xlink:to="AccountingPoliciesBiologicalAssets" xlink:title="definition: NoteAccountingPoliciesAbstract to AccountingPoliciesBiologicalAssets" use="optional" order="11.0"/>
    <link:loc xlink:type="locator" xlink:href="../../et-gaap-cor_2011-01-01.xsd#et-gaap_AccountingPoliciesInvestmentProperty" xlink:label="AccountingPoliciesInvestmentProperty" xlink:title="AccountingPoliciesInvestmentProperty"/>
    <link:definitionArc xlink:type="arc" xlink:arcrole="http://xbrl.org/int/dim/arcrole/domain-member" xlink:from="NoteAccountingPoliciesAbstract" xlink:to="AccountingPoliciesInvestmentProperty" xlink:title="definition: NoteAccountingPoliciesAbstract to AccountingPoliciesInvestmentProperty" use="optional" order="12.0"/>
    <link:loc xlink:type="locator" xlink:href="../../et-gaap-cor_2011-01-01.xsd#et-gaap_AccountingPoliciesPlantPropertyAndEquipmentAndIntangibleAssets" xlink:label="AccountingPoliciesPlantPropertyAndEquipmentAndIntangibleAssetsAbstract" xlink:title="AccountingPoliciesPlantPropertyAndEquipmentAndIntangibleAssetsAbstract"/>
    <link:definitionArc xlink:type="arc" xlink:arcrole="http://xbrl.org/int/dim/arcrole/domain-member" xlink:from="NoteAccountingPoliciesAbstract" xlink:to="AccountingPoliciesPlantPropertyAndEquipmentAndIntangibleAssetsAbstract" xlink:title="definition: NoteAccountingPoliciesAbstract to AccountingPoliciesPlantPropertyAndEquipmentAndIntangibleAssetsAbstract" use="optional" order="13.0"/>
    <link:loc xlink:type="locator" xlink:href="../../et-gaap-cor_2011-01-01.xsd#et-gaap_AccountingPoliciesMinimalAcquisitionCost" xlink:label="AccountingPoliciesMinimalAcquisitionCost" xlink:title="AccountingPoliciesMinimalAcquisitionCost"/>
    <link:definitionArc xlink:type="arc" xlink:arcrole="http://xbrl.org/int/dim/arcrole/domain-member" xlink:from="AccountingPoliciesPlantPropertyAndEquipmentAndIntangibleAssetsAbstract" xlink:to="AccountingPoliciesMinimalAcquisitionCost" xlink:title="definition: AccountingPoliciesPlantPropertyAndEquipmentAndIntangibleAssetsAbstract to AccountingPoliciesMinimalAcquisitionCost" use="optional" order="1.0"/>
    <link:loc xlink:type="locator" xlink:href="../../et-gaap-cor_2011-01-01.xsd#et-gaap_AccountingPoliciesUsefulLifeBasedOnPlantPropertyEquipmentAndIntangibleAssetsGroupAdditionalInformation" xlink:label="AccountingPoliciesUsefulLifeBasedOnPlantPropertyEquipmentAndIntangibleAssetsGroupAdditionalInformation" xlink:title="AccountingPoliciesUsefulLifeBasedOnPlantPropertyEquipmentAndIntangibleAssetsGroupAdditionalInformation"/>
    <link:definitionArc xlink:type="arc" xlink:arcrole="http://xbrl.org/int/dim/arcrole/domain-member" xlink:from="AccountingPoliciesPlantPropertyAndEquipmentAndIntangibleAssetsAbstract" xlink:to="AccountingPoliciesUsefulLifeBasedOnPlantPropertyEquipmentAndIntangibleAssetsGroupAdditionalInformation" xlink:title="definition: AccountingPoliciesPlantPropertyAndEquipmentAndIntangibleAssetsAbstract to AccountingPoliciesUsefulLifeBasedOnPlantPropertyEquipmentAndIntangibleAssetsGroupAdditionalInformation" use="optional" order="3.0"/>
    <link:loc xlink:type="locator" xlink:href="../../et-gaap-cor_2011-01-01.xsd#et-gaap_AccountingPoliciesLeases" xlink:label="AccountingPoliciesLeases" xlink:title="AccountingPoliciesLeases"/>
    <link:definitionArc xlink:type="arc" xlink:arcrole="http://xbrl.org/int/dim/arcrole/domain-member" xlink:from="NoteAccountingPoliciesAbstract" xlink:to="AccountingPoliciesLeases" xlink:title="definition: NoteAccountingPoliciesAbstract to AccountingPoliciesLeases" use="optional" order="14.0"/>
    <link:loc xlink:type="locator" xlink:href="../../et-gaap-cor_2011-01-01.xsd#et-gaap_AccountingPoliciesFinancialLiabilities" xlink:label="AccountingPoliciesFinancialLiabilities" xlink:title="AccountingPoliciesFinancialLiabilities"/>
    <link:definitionArc xlink:type="arc" xlink:arcrole="http://xbrl.org/int/dim/arcrole/domain-member" xlink:from="NoteAccountingPoliciesAbstract" xlink:to="AccountingPoliciesFinancialLiabilities" xlink:title="definition: NoteAccountingPoliciesAbstract to AccountingPoliciesFinancialLiabilities" use="optional" order="15.0"/>
    <link:loc xlink:type="locator" xlink:href="../../et-gaap-cor_2011-01-01.xsd#et-gaap_AccountingPoliciesProvisionsAndContingentLiabilities" xlink:label="AccountingPoliciesProvisionsAndContingentLiabilities" xlink:title="AccountingPoliciesProvisionsAndContingentLiabilities"/>
    <link:definitionArc xlink:type="arc" xlink:arcrole="http://xbrl.org/int/dim/arcrole/domain-member" xlink:from="NoteAccountingPoliciesAbstract" xlink:to="AccountingPoliciesProvisionsAndContingentLiabilities" xlink:title="definition: NoteAccountingPoliciesAbstract to AccountingPoliciesProvisionsAndContingentLiabilities" use="optional" order="16.0"/>
    <link:loc xlink:type="locator" xlink:href="../../et-gaap-cor_2011-01-01.xsd#et-gaap_AccountingPoliciesTaxation" xlink:label="AccountingPoliciesTaxation" xlink:title="AccountingPoliciesTaxation"/>
    <link:definitionArc xlink:type="arc" xlink:arcrole="http://xbrl.org/int/dim/arcrole/domain-member" xlink:from="NoteAccountingPoliciesAbstract" xlink:to="AccountingPoliciesTaxation" xlink:title="definition: NoteAccountingPoliciesAbstract to AccountingPoliciesTaxation" use="optional" order="18.0"/>
    <link:loc xlink:type="locator" xlink:href="../../et-gaap-cor_2011-01-01.xsd#et-gaap_AccountingPoliciesRelatedParties" xlink:label="AccountingPoliciesRelatedParties" xlink:title="AccountingPoliciesRelatedParties"/>
    <link:definitionArc xlink:type="arc" xlink:arcrole="http://xbrl.org/int/dim/arcrole/domain-member" xlink:from="NoteAccountingPoliciesAbstract" xlink:to="AccountingPoliciesRelatedParties" xlink:title="definition: NoteAccountingPoliciesAbstract to AccountingPoliciesRelatedParties" use="optional" order="19.0"/>
    <link:loc xlink:type="locator" xlink:href="../../et-gaap-cor_2011-01-01.xsd#et-gaap_AccountingPoliciesRevenueRecognition" xlink:label="AccountingPoliciesRevenueRecognition" xlink:title="AccountingPoliciesRevenueRecognition"/>
    <link:definitionArc xlink:type="arc" xlink:arcrole="http://xbrl.org/int/dim/arcrole/domain-member" xlink:from="NoteAccountingPoliciesAbstract" xlink:to="AccountingPoliciesRevenueRecognition" xlink:title="definition: NoteAccountingPoliciesAbstract to AccountingPoliciesRevenueRecognition" use="optional" order="20.0"/>
    <link:loc xlink:type="locator" xlink:href="../../et-gaap-cor_2011-01-01.xsd#et-gaap_AccountingPoliciesExpenseRecognition" xlink:label="AccountingPoliciesExpenseRecognition" xlink:title="AccountingPoliciesExpenseRecognition"/>
    <link:definitionArc xlink:type="arc" xlink:arcrole="http://xbrl.org/int/dim/arcrole/domain-member" xlink:from="NoteAccountingPoliciesAbstract" xlink:to="AccountingPoliciesExpenseRecognition" xlink:title="definition: NoteAccountingPoliciesAbstract to AccountingPoliciesExpenseRecognition" use="optional" order="21.0"/>
    <link:loc xlink:type="locator" xlink:href="../../et-gaap-cor_2011-01-01.xsd#et-gaap_AccountingPoliciesGrantsAndDonations" xlink:label="AccountingPoliciesGrantsAndDonations" xlink:title="AccountingPoliciesGrantsAndDonations"/>
    <link:definitionArc xlink:type="arc" xlink:arcrole="http://xbrl.org/int/dim/arcrole/domain-member" xlink:from="NoteAccountingPoliciesAbstract" xlink:to="AccountingPoliciesGrantsAndDonations" xlink:title="definition: NoteAccountingPoliciesAbstract to AccountingPoliciesGrantsAndDonations" order="17.0"/>
    <link:loc xlink:type="locator" xlink:href="../../et-gaap-cor_2011-01-01.xsd#et-gaap_AccountingPoliciesAdditionalInformation" xlink:label="AccountingPoliciesAdditionalInformation" xlink:title="AccountingPoliciesAdditionalInformation"/>
    <link:definitionArc xlink:type="arc" xlink:arcrole="http://xbrl.org/int/dim/arcrole/domain-member" xlink:from="NoteAccountingPoliciesAbstract" xlink:to="AccountingPoliciesAdditionalInformation" xlink:title="definition: NoteAccountingPoliciesAbstract to AccountingPoliciesAdditionalInformation" order="22.0"/>
    <link:loc xlink:type="locator" xlink:href="../../et-gaap-cor_2011-01-01.xsd#et-gaap_AccountingPoliciesFinancialAssets" xlink:label="AccountingPoliciesFinancialAssets" xlink:title="AccountingPoliciesFinancialAssets"/>
    <link:definitionArc xlink:type="arc" xlink:arcrole="http://xbrl.org/int/dim/arcrole/domain-member" xlink:from="NoteAccountingPoliciesAbstract" xlink:to="AccountingPoliciesFinancialAssets" xlink:title="definition: NoteAccountingPoliciesAbstract to AccountingPoliciesFinancialAssets" order="4.0"/>
  </link:definitionLink>
</link:linkbase>
