<?xml version="1.0" encoding="UTF-8"?>
<!--
**************************************************************
et-gaap Taxonomy: 2011-01-01 (Final)

Copyright (C) 2010 Centre of Registers and Information Systems
**************************************************************
-->
<link:linkbase xmlns:xsi="http://www.w3.org/2001/XMLSchema-instance" xsi:schemaLocation="http://www.xbrl.org/2003/linkbase http://www.xbrl.org/2003/xbrl-linkbase-2003-12-31.xsd" xmlns:link="http://www.xbrl.org/2003/linkbase" xmlns:xlink="http://www.w3.org/1999/xlink">
  <link:roleRef roleURI="http://xbrl.eesti.ee/role/et-gaap_2011-01-01/NoteAccountingPolicies_role-801000" xlink:type="simple" xlink:href="role-801000.xsd#NoteAccountingPolicies_role-801000"/>
  <link:presentationLink xlink:type="extended" xlink:role="http://xbrl.eesti.ee/role/et-gaap_2011-01-01/NoteAccountingPolicies_role-801000">
    <link:loc xlink:type="locator" xlink:href="../../et-gaap-cor_2011-01-01.xsd#et-gaap_NoteAccountingPoliciesAbstract" xlink:label="NoteAccountingPoliciesAbstract" xlink:title="NoteAccountingPoliciesAbstract"/>
    <link:loc xlink:type="locator" xlink:href="../../et-gaap-cor_2011-01-01.xsd#et-gaap_AccountingPoliciesGeneralInformation" xlink:label="AccountingPoliciesGeneralInformation" xlink:title="AccountingPoliciesGeneralInformation"/>
    <link:presentationArc xlink:type="arc" xlink:arcrole="http://www.xbrl.org/2003/arcrole/parent-child" xlink:from="NoteAccountingPoliciesAbstract" xlink:to="AccountingPoliciesGeneralInformation" xlink:title="presentation: NoteAccountingPoliciesAbstract to AccountingPoliciesGeneralInformation" order="1.0"/>
    <link:loc xlink:type="locator" xlink:href="../../et-gaap-cor_2011-01-01.xsd#et-gaap_AccountingPoliciesChangesInAccountingPoliciesOrPresentationOfInformation" xlink:label="AccountingPoliciesChangesInAccountingPoliciesOrPresentationOfInformation" xlink:title="AccountingPoliciesChangesInAccountingPoliciesOrPresentationOfInformation"/>
    <link:presentationArc xlink:type="arc" xlink:arcrole="http://www.xbrl.org/2003/arcrole/parent-child" xlink:from="NoteAccountingPoliciesAbstract" xlink:to="AccountingPoliciesChangesInAccountingPoliciesOrPresentationOfInformation" xlink:title="presentation: NoteAccountingPoliciesAbstract to AccountingPoliciesChangesInAccountingPoliciesOrPresentationOfInformation" order="2.0"/>
    <link:loc xlink:type="locator" xlink:href="../../et-gaap-cor_2011-01-01.xsd#et-gaap_AccountingPoliciesErrorAdjustments" xlink:label="AccountingPoliciesErrorAdjustments" xlink:title="AccountingPoliciesErrorAdjustments"/>
    <link:presentationArc xlink:type="arc" xlink:arcrole="http://www.xbrl.org/2003/arcrole/parent-child" xlink:from="NoteAccountingPoliciesAbstract" xlink:to="AccountingPoliciesErrorAdjustments" xlink:title="presentation: NoteAccountingPoliciesAbstract to AccountingPoliciesErrorAdjustments" order="3.0"/>
    <link:loc xlink:type="locator" xlink:href="../../et-gaap-cor_2011-01-01.xsd#et-gaap_AccountingPoliciesCashAndCashEquivalents" xlink:label="AccountingPoliciesCashAndCashEquivalents" xlink:title="AccountingPoliciesCashAndCashEquivalents"/>
    <link:presentationArc xlink:type="arc" xlink:arcrole="http://www.xbrl.org/2003/arcrole/parent-child" xlink:from="NoteAccountingPoliciesAbstract" xlink:to="AccountingPoliciesCashAndCashEquivalents" xlink:title="presentation: NoteAccountingPoliciesAbstract to AccountingPoliciesCashAndCashEquivalents" order="5.0"/>
    <link:loc xlink:type="locator" xlink:href="../../et-gaap-cor_2011-01-01.xsd#et-gaap_AccountingPoliciesForeignCurrencyTransactionsAndAssetsAndLiabilitiesDenominatedInAForeignCurrency" xlink:label="AccountingPoliciesForeignCurrencyTransactionsAndAssetsAndLiabilitiesDenominatedInAForeignCurrency" xlink:title="AccountingPoliciesForeignCurrencyTransactionsAndAssetsAndLiabilitiesDenominatedInAForeignCurrency"/>
    <link:presentationArc xlink:type="arc" xlink:arcrole="http://www.xbrl.org/2003/arcrole/parent-child" xlink:from="NoteAccountingPoliciesAbstract" xlink:to="AccountingPoliciesForeignCurrencyTransactionsAndAssetsAndLiabilitiesDenominatedInAForeignCurrency" xlink:title="presentation: NoteAccountingPoliciesAbstract to AccountingPoliciesForeignCurrencyTransactionsAndAssetsAndLiabilitiesDenominatedInAForeignCurrency" order="6.0"/>
    <link:loc xlink:type="locator" xlink:href="../../et-gaap-cor_2011-01-01.xsd#et-gaap_AccountingPoliciesFinancialInvestments" xlink:label="AccountingPoliciesFinancialInvestments" xlink:title="AccountingPoliciesFinancialInvestments"/>
    <link:presentationArc xlink:type="arc" xlink:arcrole="http://www.xbrl.org/2003/arcrole/parent-child" xlink:from="NoteAccountingPoliciesAbstract" xlink:to="AccountingPoliciesFinancialInvestments" xlink:title="presentation: NoteAccountingPoliciesAbstract to AccountingPoliciesFinancialInvestments" order="7.0"/>
    <link:loc xlink:type="locator" xlink:href="../../et-gaap-cor_2011-01-01.xsd#et-gaap_AccountingPoliciesSharesOfSubsidiariesAndAssociates" xlink:label="AccountingPoliciesSharesOfSubsidiariesAndAssociates" xlink:title="AccountingPoliciesSharesOfSubsidiariesAndAssociates"/>
    <link:presentationArc xlink:type="arc" xlink:arcrole="http://www.xbrl.org/2003/arcrole/parent-child" xlink:from="NoteAccountingPoliciesAbstract" xlink:to="AccountingPoliciesSharesOfSubsidiariesAndAssociates" xlink:title="presentation: NoteAccountingPoliciesAbstract to AccountingPoliciesSharesOfSubsidiariesAndAssociates" order="8.0"/>
    <link:loc xlink:type="locator" xlink:href="../../et-gaap-cor_2011-01-01.xsd#et-gaap_AccountingPoliciesReceivablesAndPrepayments" xlink:label="AccountingPoliciesReceivablesAndPrepayments" xlink:title="AccountingPoliciesReceivablesAndPrepayments"/>
    <link:presentationArc xlink:type="arc" xlink:arcrole="http://www.xbrl.org/2003/arcrole/parent-child" xlink:from="NoteAccountingPoliciesAbstract" xlink:to="AccountingPoliciesReceivablesAndPrepayments" xlink:title="presentation: NoteAccountingPoliciesAbstract to AccountingPoliciesReceivablesAndPrepayments" order="9.0"/>
    <link:loc xlink:type="locator" xlink:href="../../et-gaap-cor_2011-01-01.xsd#et-gaap_AccountingPoliciesInventories" xlink:label="AccountingPoliciesInventoriesAbstract" xlink:title="AccountingPoliciesInventoriesAbstract"/>
    <link:presentationArc xlink:type="arc" xlink:arcrole="http://www.xbrl.org/2003/arcrole/parent-child" xlink:from="NoteAccountingPoliciesAbstract" xlink:to="AccountingPoliciesInventoriesAbstract" xlink:title="presentation: NoteAccountingPoliciesAbstract to AccountingPoliciesInventoriesAbstract" order="10.0"/>
    <link:loc xlink:type="locator" xlink:href="../../et-gaap-cor_2011-01-01.xsd#et-gaap_AccountingPoliciesCarriedAtCostInventoriesAccountingPolicies" xlink:label="AccountingPoliciesCarriedAtCostInventoriesAccountingPolicies" xlink:title="AccountingPoliciesCarriedAtCostInventoriesAccountingPolicies"/>
    <link:presentationArc xlink:type="arc" xlink:arcrole="http://www.xbrl.org/2003/arcrole/parent-child" xlink:from="AccountingPoliciesInventoriesAbstract" xlink:to="AccountingPoliciesCarriedAtCostInventoriesAccountingPolicies" xlink:title="presentation: AccountingPoliciesInventoriesAbstract to AccountingPoliciesCarriedAtCostInventoriesAccountingPolicies" order="1.0"/>
    <link:loc xlink:type="locator" xlink:href="../../et-gaap-cor_2011-01-01.xsd#et-gaap_AccountingPoliciesBiologicalAssets" xlink:label="AccountingPoliciesBiologicalAssets" xlink:title="AccountingPoliciesBiologicalAssets"/>
    <link:presentationArc xlink:type="arc" xlink:arcrole="http://www.xbrl.org/2003/arcrole/parent-child" xlink:from="NoteAccountingPoliciesAbstract" xlink:to="AccountingPoliciesBiologicalAssets" xlink:title="presentation: NoteAccountingPoliciesAbstract to AccountingPoliciesBiologicalAssets" order="11.0"/>
    <link:loc xlink:type="locator" xlink:href="../../et-gaap-cor_2011-01-01.xsd#et-gaap_AccountingPoliciesInvestmentProperty" xlink:label="AccountingPoliciesInvestmentProperty" xlink:title="AccountingPoliciesInvestmentProperty"/>
    <link:presentationArc xlink:type="arc" xlink:arcrole="http://www.xbrl.org/2003/arcrole/parent-child" xlink:from="NoteAccountingPoliciesAbstract" xlink:to="AccountingPoliciesInvestmentProperty" xlink:title="presentation: NoteAccountingPoliciesAbstract to AccountingPoliciesInvestmentProperty" order="12.0"/>
    <link:loc xlink:type="locator" xlink:href="../../et-gaap-cor_2011-01-01.xsd#et-gaap_AccountingPoliciesPlantPropertyAndEquipmentAndIntangibleAssets" xlink:label="AccountingPoliciesPlantPropertyAndEquipmentAndIntangibleAssetsAbstract" xlink:title="AccountingPoliciesPlantPropertyAndEquipmentAndIntangibleAssetsAbstract"/>
    <link:presentationArc xlink:type="arc" xlink:arcrole="http://www.xbrl.org/2003/arcrole/parent-child" xlink:from="NoteAccountingPoliciesAbstract" xlink:to="AccountingPoliciesPlantPropertyAndEquipmentAndIntangibleAssetsAbstract" xlink:title="presentation: NoteAccountingPoliciesAbstract to AccountingPoliciesPlantPropertyAndEquipmentAndIntangibleAssetsAbstract" order="13.0"/>
    <link:loc xlink:type="locator" xlink:href="../../et-gaap-cor_2011-01-01.xsd#et-gaap_AccountingPoliciesMinimalAcquisitionCost" xlink:label="AccountingPoliciesMinimalAcquisitionCost" xlink:title="AccountingPoliciesMinimalAcquisitionCost"/>
    <link:presentationArc xlink:type="arc" xlink:arcrole="http://www.xbrl.org/2003/arcrole/parent-child" xlink:from="AccountingPoliciesPlantPropertyAndEquipmentAndIntangibleAssetsAbstract" xlink:to="AccountingPoliciesMinimalAcquisitionCost" xlink:title="presentation: AccountingPoliciesPlantPropertyAndEquipmentAndIntangibleAssetsAbstract to AccountingPoliciesMinimalAcquisitionCost" order="1.0"/>
    <link:loc xlink:type="locator" xlink:href="../../et-gaap-cor_2011-01-01.xsd#et-gaap_AccountingPoliciesUsefulLifeBasedOnPlantPropertyEquipmentAndIntangibleAssetsGroupAdditionalInformation" xlink:label="AccountingPoliciesUsefulLifeBasedOnPlantPropertyEquipmentAndIntangibleAssetsGroupAdditionalInformation" xlink:title="AccountingPoliciesUsefulLifeBasedOnPlantPropertyEquipmentAndIntangibleAssetsGroupAdditionalInformation"/>
    <link:presentationArc xlink:type="arc" xlink:arcrole="http://www.xbrl.org/2003/arcrole/parent-child" xlink:from="AccountingPoliciesPlantPropertyAndEquipmentAndIntangibleAssetsAbstract" xlink:to="AccountingPoliciesUsefulLifeBasedOnPlantPropertyEquipmentAndIntangibleAssetsGroupAdditionalInformation" xlink:title="presentation: AccountingPoliciesPlantPropertyAndEquipmentAndIntangibleAssetsAbstract to AccountingPoliciesUsefulLifeBasedOnPlantPropertyEquipmentAndIntangibleAssetsGroupAdditionalInformation" use="optional" order="3.0"/>
    <link:loc xlink:type="locator" xlink:href="../../et-gaap-cor_2011-01-01.xsd#et-gaap_AccountingPoliciesAssetsGroupUsefulLifeTuple" xlink:label="AccountingPoliciesAssetsGroupUsefulLifeTuple" xlink:title="AccountingPoliciesAssetsGroupUsefulLifeTuple"/>
    <link:presentationArc xlink:type="arc" xlink:arcrole="http://www.xbrl.org/2003/arcrole/parent-child" xlink:from="AccountingPoliciesPlantPropertyAndEquipmentAndIntangibleAssetsAbstract" xlink:to="AccountingPoliciesAssetsGroupUsefulLifeTuple" xlink:title="presentation: AccountingPoliciesPlantPropertyAndEquipmentAndIntangibleAssetsAbstract to AccountingPoliciesAssetsGroupUsefulLifeTuple" order="2.0"/>
    <link:loc xlink:type="locator" xlink:href="../../et-gaap-cor_2011-01-01.xsd#et-gaap_AccountingPoliciesAssetsGroupName" xlink:label="AccountingPoliciesAssetsGroupName" xlink:title="AccountingPoliciesAssetsGroupName"/>
    <link:presentationArc xlink:type="arc" xlink:arcrole="http://www.xbrl.org/2003/arcrole/parent-child" xlink:from="AccountingPoliciesAssetsGroupUsefulLifeTuple" xlink:to="AccountingPoliciesAssetsGroupName" xlink:title="presentation: AccountingPoliciesAssetsGroupUsefulLifeTuple to AccountingPoliciesAssetsGroupName" order="1.0"/>
    <link:loc xlink:type="locator" xlink:href="../../et-gaap-cor_2011-01-01.xsd#et-gaap_AccountingPoliciesAssetsGroupUsefulLifeValue" xlink:label="AccountingPoliciesAssetsGroupUsefulLifeValue" xlink:title="AccountingPoliciesAssetsGroupUsefulLifeValue"/>
    <link:presentationArc xlink:type="arc" xlink:arcrole="http://www.xbrl.org/2003/arcrole/parent-child" xlink:from="AccountingPoliciesAssetsGroupUsefulLifeTuple" xlink:to="AccountingPoliciesAssetsGroupUsefulLifeValue" xlink:title="presentation: AccountingPoliciesAssetsGroupUsefulLifeTuple to AccountingPoliciesAssetsGroupUsefulLifeValue" order="2.0"/>
    <link:loc xlink:type="locator" xlink:href="../../et-gaap-cor_2011-01-01.xsd#et-gaap_AccountingPoliciesLeases" xlink:label="AccountingPoliciesLeases" xlink:title="AccountingPoliciesLeases"/>
    <link:presentationArc xlink:type="arc" xlink:arcrole="http://www.xbrl.org/2003/arcrole/parent-child" xlink:from="NoteAccountingPoliciesAbstract" xlink:to="AccountingPoliciesLeases" xlink:title="presentation: NoteAccountingPoliciesAbstract to AccountingPoliciesLeases" order="14.0"/>
    <link:loc xlink:type="locator" xlink:href="../../et-gaap-cor_2011-01-01.xsd#et-gaap_AccountingPoliciesFinancialLiabilities" xlink:label="AccountingPoliciesFinancialLiabilities" xlink:title="AccountingPoliciesFinancialLiabilities"/>
    <link:presentationArc xlink:type="arc" xlink:arcrole="http://www.xbrl.org/2003/arcrole/parent-child" xlink:from="NoteAccountingPoliciesAbstract" xlink:to="AccountingPoliciesFinancialLiabilities" xlink:title="presentation: NoteAccountingPoliciesAbstract to AccountingPoliciesFinancialLiabilities" order="15.0"/>
    <link:loc xlink:type="locator" xlink:href="../../et-gaap-cor_2011-01-01.xsd#et-gaap_AccountingPoliciesProvisionsAndContingentLiabilities" xlink:label="AccountingPoliciesProvisionsAndContingentLiabilities" xlink:title="AccountingPoliciesProvisionsAndContingentLiabilities"/>
    <link:presentationArc xlink:type="arc" xlink:arcrole="http://www.xbrl.org/2003/arcrole/parent-child" xlink:from="NoteAccountingPoliciesAbstract" xlink:to="AccountingPoliciesProvisionsAndContingentLiabilities" xlink:title="presentation: NoteAccountingPoliciesAbstract to AccountingPoliciesProvisionsAndContingentLiabilities" order="16.0"/>
    <link:loc xlink:type="locator" xlink:href="../../et-gaap-cor_2011-01-01.xsd#et-gaap_AccountingPoliciesGovernmentGrants" xlink:label="AccountingPoliciesGovernmentGrants" xlink:title="AccountingPoliciesGovernmentGrants"/>
    <link:presentationArc xlink:type="arc" xlink:arcrole="http://www.xbrl.org/2003/arcrole/parent-child" xlink:from="NoteAccountingPoliciesAbstract" xlink:to="AccountingPoliciesGovernmentGrants" xlink:title="presentation: NoteAccountingPoliciesAbstract to AccountingPoliciesGovernmentGrants" order="17.0"/>
    <link:loc xlink:type="locator" xlink:href="../../et-gaap-cor_2011-01-01.xsd#et-gaap_AccountingPoliciesTaxation" xlink:label="AccountingPoliciesTaxation" xlink:title="AccountingPoliciesTaxation"/>
    <link:presentationArc xlink:type="arc" xlink:arcrole="http://www.xbrl.org/2003/arcrole/parent-child" xlink:from="NoteAccountingPoliciesAbstract" xlink:to="AccountingPoliciesTaxation" xlink:title="presentation: NoteAccountingPoliciesAbstract to AccountingPoliciesTaxation" order="18.0"/>
    <link:loc xlink:type="locator" xlink:href="../../et-gaap-cor_2011-01-01.xsd#et-gaap_AccountingPoliciesRelatedParties" xlink:label="AccountingPoliciesRelatedParties" xlink:title="AccountingPoliciesRelatedParties"/>
    <link:presentationArc xlink:type="arc" xlink:arcrole="http://www.xbrl.org/2003/arcrole/parent-child" xlink:from="NoteAccountingPoliciesAbstract" xlink:to="AccountingPoliciesRelatedParties" xlink:title="presentation: NoteAccountingPoliciesAbstract to AccountingPoliciesRelatedParties" order="19.0"/>
    <link:loc xlink:type="locator" xlink:href="../../et-gaap-cor_2011-01-01.xsd#et-gaap_AccountingPoliciesRevenueRecognition" xlink:label="AccountingPoliciesRevenueRecognition" xlink:title="AccountingPoliciesRevenueRecognition"/>
    <link:presentationArc xlink:type="arc" xlink:arcrole="http://www.xbrl.org/2003/arcrole/parent-child" xlink:from="NoteAccountingPoliciesAbstract" xlink:to="AccountingPoliciesRevenueRecognition" xlink:title="presentation: NoteAccountingPoliciesAbstract to AccountingPoliciesRevenueRecognition" order="20.0"/>
    <link:loc xlink:type="locator" xlink:href="../../et-gaap-cor_2011-01-01.xsd#et-gaap_AccountingPoliciesExpenseRecognition" xlink:label="AccountingPoliciesExpenseRecognition" xlink:title="AccountingPoliciesExpenseRecognition"/>
    <link:presentationArc xlink:type="arc" xlink:arcrole="http://www.xbrl.org/2003/arcrole/parent-child" xlink:from="NoteAccountingPoliciesAbstract" xlink:to="AccountingPoliciesExpenseRecognition" xlink:title="presentation: NoteAccountingPoliciesAbstract to AccountingPoliciesExpenseRecognition" order="21.0"/>
    <link:loc xlink:type="locator" xlink:href="../../et-gaap-cor_2011-01-01.xsd#et-gaap_AccountingPoliciesAdditionalInformation" xlink:label="AccountingPoliciesAdditionalInformation" xlink:title="AccountingPoliciesAdditionalInformation"/>
    <link:presentationArc xlink:type="arc" xlink:arcrole="http://www.xbrl.org/2003/arcrole/parent-child" xlink:from="NoteAccountingPoliciesAbstract" xlink:to="AccountingPoliciesAdditionalInformation" xlink:title="presentation: NoteAccountingPoliciesAbstract to AccountingPoliciesAdditionalInformation" order="23.0"/>
    <link:loc xlink:type="locator" xlink:href="../../et-gaap-cor_2011-01-01.xsd#et-gaap_AccountingPoliciesEquityStatutoryReservCapital" xlink:label="AccountingPoliciesEquityStatutoryReservCapital" xlink:title="AccountingPoliciesEquityStatutoryReservCapital"/>
    <link:presentationArc xlink:type="arc" xlink:arcrole="http://www.xbrl.org/2003/arcrole/parent-child" xlink:from="NoteAccountingPoliciesAbstract" xlink:to="AccountingPoliciesEquityStatutoryReservCapital" xlink:title="presentation: NoteAccountingPoliciesAbstract to AccountingPoliciesEquityStatutoryReservCapital" order="22.0"/>
    <link:loc xlink:type="locator" xlink:href="../../et-gaap-cor_2011-01-01.xsd#et-gaap_AccountingPoliciesFinancialAssets" xlink:label="AccountingPoliciesFinancialAssets" xlink:title="AccountingPoliciesFinancialAssets"/>
    <link:presentationArc xlink:type="arc" xlink:arcrole="http://www.xbrl.org/2003/arcrole/parent-child" xlink:from="NoteAccountingPoliciesAbstract" xlink:to="AccountingPoliciesFinancialAssets" xlink:title="presentation: NoteAccountingPoliciesAbstract to AccountingPoliciesFinancialAssets" order="4.0"/>
  </link:presentationLink>
</link:linkbase>
