<?xml version="1.0" encoding="UTF-8"?>
<!--
**************************************************************
et-gaap Taxonomy: 2011-01-01 (Final)

Copyright (C) 2010 Centre of Registers and Information Systems
**************************************************************
-->
<link:linkbase xmlns:xsi="http://www.w3.org/2001/XMLSchema-instance" xsi:schemaLocation="http://www.xbrl.org/2003/linkbase http://www.xbrl.org/2003/xbrl-linkbase-2003-12-31.xsd" xmlns:link="http://www.xbrl.org/2003/linkbase" xmlns:xlink="http://www.w3.org/1999/xlink">
  <link:roleRef roleURI="http://xbrl.eesti.ee/role/et-gaap_2011-01-01/NoteAccountsReceivable_role-805000" xlink:type="simple" xlink:href="role-805000.xsd#NoteAccountsReceivable_role-805000"/>
  <link:calculationLink xlink:type="extended" xlink:role="http://xbrl.eesti.ee/role/et-gaap_2011-01-01/NoteAccountsReceivable_role-805000">
    <link:loc xlink:type="locator" xlink:href="../../et-gaap-cor_2011-01-01.xsd#et-gaap_AccountsReceivable" xlink:label="AccountsReceivable" xlink:title="AccountsReceivable"/>
    <link:loc xlink:type="locator" xlink:href="../../et-gaap-cor_2011-01-01.xsd#et-gaap_AccountsReceivables" xlink:label="AccountsReceivables" xlink:title="AccountsReceivables"/>
    <link:calculationArc xlink:type="arc" xlink:arcrole="http://www.xbrl.org/2003/arcrole/summation-item" xlink:from="AccountsReceivable" xlink:to="AccountsReceivables" xlink:title="calculation: AccountsReceivable to AccountsReceivables" order="1.0" weight="1.0"/>
    <link:loc xlink:type="locator" xlink:href="../../et-gaap-cor_2011-01-01.xsd#et-gaap_AccountsReceivablesAdditionalItemValue" xlink:label="AccountsReceivablesAdditionalItemValue" xlink:title="AccountsReceivablesAdditionalItemValue"/>
    <link:calculationArc xlink:type="arc" xlink:arcrole="http://www.xbrl.org/2003/arcrole/summation-item" xlink:from="AccountsReceivables" xlink:to="AccountsReceivablesAdditionalItemValue" xlink:title="calculation: AccountsReceivables to AccountsReceivablesAdditionalItemValue" order="1.0" weight="1.0"/>
    <link:loc xlink:type="locator" xlink:href="../../et-gaap-cor_2011-01-01.xsd#et-gaap_AllowanceForDoubtfulReceivables" xlink:label="AllowanceForDoubtfulReceivables" xlink:title="AllowanceForDoubtfulReceivables"/>
    <link:calculationArc xlink:type="arc" xlink:arcrole="http://www.xbrl.org/2003/arcrole/summation-item" xlink:from="AccountsReceivable" xlink:to="AllowanceForDoubtfulReceivables" xlink:title="calculation: AccountsReceivable to AllowanceForDoubtfulReceivables" use="optional" order="2.0" weight="1.0"/>
    <link:loc xlink:type="locator" xlink:href="../../et-gaap-cor_2011-01-01.xsd#et-gaap_AllowanceForDoubtfulReceivablesAtEndOfPeriod" xlink:label="AllowanceForDoubtfulReceivablesAtEndOfPeriod" xlink:title="AllowanceForDoubtfulReceivablesAtEndOfPeriod"/>
    <link:loc xlink:type="locator" xlink:href="../../et-gaap-cor_2011-01-01.xsd#et-gaap_AllowanceForDoubtfulReceivablesAtBeginningOfPeriod" xlink:label="AllowanceForDoubtfulReceivablesAtBeginningOfPeriod" xlink:title="AllowanceForDoubtfulReceivablesAtBeginningOfPeriod"/>
    <link:calculationArc xlink:type="arc" xlink:arcrole="http://www.xbrl.org/2003/arcrole/summation-item" xlink:from="AllowanceForDoubtfulReceivablesAtEndOfPeriod" xlink:to="AllowanceForDoubtfulReceivablesAtBeginningOfPeriod" xlink:title="calculation: AllowanceForDoubtfulReceivablesAtEndOfPeriod to AllowanceForDoubtfulReceivablesAtBeginningOfPeriod" order="2.0" weight="1.0"/>
    <link:loc xlink:type="locator" xlink:href="../../et-gaap-cor_2011-01-01.xsd#et-gaap_DecreaseInAllowanceForDoubtfulReceivables" xlink:label="DecreaseInAllowanceForDoubtfulReceivables" xlink:title="DecreaseInAllowanceForDoubtfulReceivables"/>
    <link:calculationArc xlink:type="arc" xlink:arcrole="http://www.xbrl.org/2003/arcrole/summation-item" xlink:from="AllowanceForDoubtfulReceivablesAtEndOfPeriod" xlink:to="DecreaseInAllowanceForDoubtfulReceivables" xlink:title="calculation: AllowanceForDoubtfulReceivablesAtEndOfPeriod to DecreaseInAllowanceForDoubtfulReceivables" order="3.0" weight="1.0"/>
    <link:loc xlink:type="locator" xlink:href="../../et-gaap-cor_2011-01-01.xsd#et-gaap_IncreaseInAllowanceForDoubtfulReceivables" xlink:label="IncreaseInAllowanceForDoubtfulReceivables" xlink:title="IncreaseInAllowanceForDoubtfulReceivables"/>
    <link:calculationArc xlink:type="arc" xlink:arcrole="http://www.xbrl.org/2003/arcrole/summation-item" xlink:from="AllowanceForDoubtfulReceivablesAtEndOfPeriod" xlink:to="IncreaseInAllowanceForDoubtfulReceivables" xlink:title="calculation: AllowanceForDoubtfulReceivablesAtEndOfPeriod to IncreaseInAllowanceForDoubtfulReceivables" order="4.0" weight="1.0"/>
    <link:loc xlink:type="locator" xlink:href="../../et-gaap-cor_2011-01-01.xsd#et-gaap_IrrevocableReceivables" xlink:label="IrrevocableReceivables" xlink:title="IrrevocableReceivables"/>
    <link:calculationArc xlink:type="arc" xlink:arcrole="http://www.xbrl.org/2003/arcrole/summation-item" xlink:from="AllowanceForDoubtfulReceivablesAtEndOfPeriod" xlink:to="IrrevocableReceivables" xlink:title="calculation: AllowanceForDoubtfulReceivablesAtEndOfPeriod to IrrevocableReceivables" order="5.0" weight="1.0"/>
  </link:calculationLink>
</link:linkbase>
