<?xml version="1.0" encoding="UTF-8"?>
<!--
**************************************************************
et-gaap Taxonomy: 2011-01-01 (Final)

Copyright (C) 2010 Centre of Registers and Information Systems
**************************************************************
-->
<link:linkbase xmlns:xsi="http://www.w3.org/2001/XMLSchema-instance" xsi:schemaLocation="http://www.xbrl.org/2003/linkbase http://www.xbrl.org/2003/xbrl-linkbase-2003-12-31.xsd" xmlns:link="http://www.xbrl.org/2003/linkbase" xmlns:p0="http://xbrl.org/2005/xbrldt" xmlns:xlink="http://www.w3.org/1999/xlink">
  <link:roleRef roleURI="http://xbrl.eesti.ee/role/et-gaap_2011-01-01/NoteAccountsReceivable_role-805000" xlink:type="simple" xlink:href="role-805000.xsd#NoteAccountsReceivable_role-805000"/>
  <link:arcroleRef arcroleURI="http://xbrl.org/int/dim/arcrole/domain-member" xlink:type="simple" xlink:href="http://www.xbrl.org/2005/xbrldt-2005.xsd#domain-member"/>
  <link:definitionLink xlink:type="extended" xlink:role="http://xbrl.eesti.ee/role/et-gaap_2011-01-01/NoteAccountsReceivable_role-805000">
    <link:loc xlink:type="locator" xlink:href="../../et-gaap-cor_2011-01-01.xsd#et-gaap_NoteAccountsReceivableAbstract" xlink:label="NoteAccountsReceivableAbstract" xlink:title="NoteAccountsReceivableAbstract"/>
    <link:loc xlink:type="locator" xlink:href="../../et-gaap-cor_2011-01-01.xsd#et-gaap_AccountsReceivables" xlink:label="AccountsReceivables" xlink:title="AccountsReceivables"/>
    <link:definitionArc xlink:type="arc" xlink:arcrole="http://xbrl.org/int/dim/arcrole/domain-member" xlink:from="NoteAccountsReceivableAbstract" xlink:to="AccountsReceivables" xlink:title="definition: NoteAccountsReceivableAbstract to AccountsReceivables" use="optional" order="1.0"/>
    <link:loc xlink:type="locator" xlink:href="../../et-gaap-cor_2011-01-01.xsd#et-gaap_AllowanceForDoubtfulReceivables" xlink:label="AllowanceForDoubtfulReceivables" xlink:title="AllowanceForDoubtfulReceivables"/>
    <link:definitionArc xlink:type="arc" xlink:arcrole="http://xbrl.org/int/dim/arcrole/domain-member" xlink:from="NoteAccountsReceivableAbstract" xlink:to="AllowanceForDoubtfulReceivables" xlink:title="definition: NoteAccountsReceivableAbstract to AllowanceForDoubtfulReceivables" use="optional" order="2.0"/>
    <link:loc xlink:type="locator" xlink:href="../../et-gaap-cor_2011-01-01.xsd#et-gaap_AccountsReceivable" xlink:label="AccountsReceivable" xlink:title="AccountsReceivable"/>
    <link:definitionArc xlink:type="arc" xlink:arcrole="http://xbrl.org/int/dim/arcrole/domain-member" xlink:from="NoteAccountsReceivableAbstract" xlink:to="AccountsReceivable" xlink:title="definition: NoteAccountsReceivableAbstract to AccountsReceivable" use="optional" order="3.0"/>
    <link:loc xlink:type="locator" xlink:href="../../et-gaap-cor_2011-01-01.xsd#et-gaap_NoteAccountsReceivable" xlink:label="NoteAccountsReceivable" xlink:title="NoteAccountsReceivable"/>
    <link:definitionArc xlink:type="arc" xlink:arcrole="http://xbrl.org/int/dim/arcrole/domain-member" xlink:from="NoteAccountsReceivableAbstract" xlink:to="NoteAccountsReceivable" xlink:title="definition: NoteAccountsReceivableAbstract to NoteAccountsReceivable" use="optional" order="5.0"/>
    <link:loc xlink:type="locator" xlink:href="../../et-gaap-cor_2011-01-01.xsd#et-gaap_AllowanceForDoubtfulReceivablesAbstract" xlink:label="AllowanceForDoubtfulReceivablesAbstract" xlink:title="AllowanceForDoubtfulReceivablesAbstract"/>
    <link:definitionArc xlink:type="arc" xlink:arcrole="http://xbrl.org/int/dim/arcrole/domain-member" xlink:from="NoteAccountsReceivableAbstract" xlink:to="AllowanceForDoubtfulReceivablesAbstract" xlink:title="definition: NoteAccountsReceivableAbstract to AllowanceForDoubtfulReceivablesAbstract" order="4.0"/>
    <link:loc xlink:type="locator" xlink:href="../../et-gaap-cor_2011-01-01.xsd#et-gaap_AllowanceForDoubtfulReceivablesAtBeginningOfPeriod" xlink:label="AllowanceForDoubtfulReceivablesAtBeginningOfPeriod" xlink:title="AllowanceForDoubtfulReceivablesAtBeginningOfPeriod"/>
    <link:definitionArc xlink:type="arc" xlink:arcrole="http://xbrl.org/int/dim/arcrole/domain-member" xlink:from="AllowanceForDoubtfulReceivablesAbstract" xlink:to="AllowanceForDoubtfulReceivablesAtBeginningOfPeriod" xlink:title="definition: AllowanceForDoubtfulReceivablesAbstract to AllowanceForDoubtfulReceivablesAtBeginningOfPeriod" use="optional" order="1.0"/>
    <link:loc xlink:type="locator" xlink:href="../../et-gaap-cor_2011-01-01.xsd#et-gaap_DecreaseInAllowanceForDoubtfulReceivables" xlink:label="DecreaseInAllowanceForDoubtfulReceivables" xlink:title="DecreaseInAllowanceForDoubtfulReceivables"/>
    <link:definitionArc xlink:type="arc" xlink:arcrole="http://xbrl.org/int/dim/arcrole/domain-member" xlink:from="AllowanceForDoubtfulReceivablesAbstract" xlink:to="DecreaseInAllowanceForDoubtfulReceivables" xlink:title="definition: AllowanceForDoubtfulReceivablesAbstract to DecreaseInAllowanceForDoubtfulReceivables" use="optional" order="2.0"/>
    <link:loc xlink:type="locator" xlink:href="../../et-gaap-cor_2011-01-01.xsd#et-gaap_IncreaseInAllowanceForDoubtfulReceivables" xlink:label="IncreaseInAllowanceForDoubtfulReceivables" xlink:title="IncreaseInAllowanceForDoubtfulReceivables"/>
    <link:definitionArc xlink:type="arc" xlink:arcrole="http://xbrl.org/int/dim/arcrole/domain-member" xlink:from="AllowanceForDoubtfulReceivablesAbstract" xlink:to="IncreaseInAllowanceForDoubtfulReceivables" xlink:title="definition: AllowanceForDoubtfulReceivablesAbstract to IncreaseInAllowanceForDoubtfulReceivables" use="optional" order="3.0"/>
    <link:loc xlink:type="locator" xlink:href="../../et-gaap-cor_2011-01-01.xsd#et-gaap_IrrevocableReceivables" xlink:label="IrrevocableReceivables" xlink:title="IrrevocableReceivables"/>
    <link:definitionArc xlink:type="arc" xlink:arcrole="http://xbrl.org/int/dim/arcrole/domain-member" xlink:from="AllowanceForDoubtfulReceivablesAbstract" xlink:to="IrrevocableReceivables" xlink:title="definition: AllowanceForDoubtfulReceivablesAbstract to IrrevocableReceivables" use="optional" order="4.0"/>
    <link:loc xlink:type="locator" xlink:href="../../et-gaap-cor_2011-01-01.xsd#et-gaap_AllowanceForDoubtfulReceivablesAtEndOfPeriod" xlink:label="AllowanceForDoubtfulReceivablesAtEndOfPeriod" xlink:title="AllowanceForDoubtfulReceivablesAtEndOfPeriod"/>
    <link:definitionArc xlink:type="arc" xlink:arcrole="http://xbrl.org/int/dim/arcrole/domain-member" xlink:from="AllowanceForDoubtfulReceivablesAbstract" xlink:to="AllowanceForDoubtfulReceivablesAtEndOfPeriod" xlink:title="definition: AllowanceForDoubtfulReceivablesAbstract to AllowanceForDoubtfulReceivablesAtEndOfPeriod" use="optional" order="5.0"/>
  </link:definitionLink>
</link:linkbase>
