<?xml version="1.0" encoding="UTF-8"?>
<!--
**************************************************************
et-gaap Taxonomy: 2011-01-01 (Final)

Copyright (C) 2010 Centre of Registers and Information Systems
**************************************************************
-->
<link:linkbase xmlns:xsi="http://www.w3.org/2001/XMLSchema-instance" xsi:schemaLocation="http://www.xbrl.org/2003/linkbase http://www.xbrl.org/2003/xbrl-linkbase-2003-12-31.xsd" xmlns:link="http://www.xbrl.org/2003/linkbase" xmlns:xbrldt="http://xbrl.org/2005/xbrldt" xmlns:xlink="http://www.w3.org/1999/xlink">
  <link:roleRef roleURI="http://xbrl.eesti.ee/role/et-gaap_2011-01-01/NoteAccountsReceivable_role-805000" xlink:type="simple" xlink:href="role-805000.xsd#NoteAccountsReceivable_role-805000"/>
  <link:presentationLink xlink:type="extended" xlink:role="http://xbrl.eesti.ee/role/et-gaap_2011-01-01/NoteAccountsReceivable_role-805000">
    <link:loc xlink:type="locator" xlink:href="../../et-gaap-cor_2011-01-01.xsd#et-gaap_AccountsReceivables" xlink:label="AccountsReceivables" xlink:title="AccountsReceivables"/>
    <link:loc xlink:type="locator" xlink:href="../../et-gaap-cor_2011-01-01.xsd#et-gaap_AccountsReceivablesAdditionalItemTuple" xlink:label="AccountsReceivablesAdditionalItemTuple" xlink:title="AccountsReceivablesAdditionalItemTuple"/>
    <link:presentationArc xlink:type="arc" xlink:arcrole="http://www.xbrl.org/2003/arcrole/parent-child" xlink:from="AccountsReceivables" xlink:to="AccountsReceivablesAdditionalItemTuple" xlink:title="presentation: AccountsReceivables to AccountsReceivablesAdditionalItemTuple" order="1.0"/>
    <link:loc xlink:type="locator" xlink:href="../../et-gaap-cor_2011-01-01.xsd#et-gaap_AccountsReceivablesAdditionalItemName" xlink:label="AccountsReceivablesAdditionalItemName" xlink:title="AccountsReceivablesAdditionalItemName"/>
    <link:presentationArc xlink:type="arc" xlink:arcrole="http://www.xbrl.org/2003/arcrole/parent-child" xlink:from="AccountsReceivablesAdditionalItemTuple" xlink:to="AccountsReceivablesAdditionalItemName" xlink:title="presentation: AccountsReceivablesAdditionalItemTuple to AccountsReceivablesAdditionalItemName" order="1.0"/>
    <link:loc xlink:type="locator" xlink:href="../../et-gaap-cor_2011-01-01.xsd#et-gaap_AccountsReceivablesAdditionalItemValue" xlink:label="AccountsReceivablesAdditionalItemValue" xlink:title="AccountsReceivablesAdditionalItemValue"/>
    <link:presentationArc xlink:type="arc" xlink:arcrole="http://www.xbrl.org/2003/arcrole/parent-child" xlink:from="AccountsReceivablesAdditionalItemTuple" xlink:to="AccountsReceivablesAdditionalItemValue" xlink:title="presentation: AccountsReceivablesAdditionalItemTuple to AccountsReceivablesAdditionalItemValue" order="2.0"/>
    <link:loc xlink:type="locator" xlink:href="../../et-gaap-cor_2011-01-01.xsd#et-gaap_NoteAccountsReceivableAbstract" xlink:label="NoteAccountsReceivableAbstract" xlink:title="NoteAccountsReceivableAbstract"/>
    <link:presentationArc xlink:type="arc" xlink:arcrole="http://www.xbrl.org/2003/arcrole/parent-child" xlink:from="NoteAccountsReceivableAbstract" xlink:to="AccountsReceivables" xlink:title="presentation: NoteAccountsReceivableAbstract to AccountsReceivables" order="1.0"/>
    <link:loc xlink:type="locator" xlink:href="../../et-gaap-cor_2011-01-01.xsd#et-gaap_AllowanceForDoubtfulReceivables" xlink:label="AllowanceForDoubtfulReceivables" xlink:title="AllowanceForDoubtfulReceivables"/>
    <link:presentationArc xlink:type="arc" xlink:arcrole="http://www.xbrl.org/2003/arcrole/parent-child" xlink:from="NoteAccountsReceivableAbstract" xlink:to="AllowanceForDoubtfulReceivables" xlink:title="presentation: NoteAccountsReceivableAbstract to AllowanceForDoubtfulReceivables" order="2.0" preferredLabel="http://www.xbrl.org/2003/role/label"/>
    <link:loc xlink:type="locator" xlink:href="../../et-gaap-cor_2011-01-01.xsd#et-gaap_AccountsReceivable" xlink:label="AccountsReceivable" xlink:title="AccountsReceivable"/>
    <link:presentationArc xlink:type="arc" xlink:arcrole="http://www.xbrl.org/2003/arcrole/parent-child" xlink:from="NoteAccountsReceivableAbstract" xlink:to="AccountsReceivable" xlink:title="presentation: NoteAccountsReceivableAbstract to AccountsReceivable" order="4.0" preferredLabel="http://www.xbrl.org/2003/role/totalLabel"/>
    <link:loc xlink:type="locator" xlink:href="../../et-gaap-cor_2011-01-01.xsd#et-gaap_NoteAccountsReceivable" xlink:label="NoteAccountsReceivable" xlink:title="NoteAccountsReceivable"/>
    <link:presentationArc xlink:type="arc" xlink:arcrole="http://www.xbrl.org/2003/arcrole/parent-child" xlink:from="NoteAccountsReceivableAbstract" xlink:to="NoteAccountsReceivable" xlink:title="presentation: NoteAccountsReceivableAbstract to NoteAccountsReceivable" order="6.0"/>
    <link:loc xlink:type="locator" xlink:href="../../et-gaap-cor_2011-01-01.xsd#et-gaap_AllowanceForDoubtfulReceivablesAbstract" xlink:label="AllowanceForDoubtfulReceivablesAbstract" xlink:title="AllowanceForDoubtfulReceivablesAbstract"/>
    <link:presentationArc xlink:type="arc" xlink:arcrole="http://www.xbrl.org/2003/arcrole/parent-child" xlink:from="NoteAccountsReceivableAbstract" xlink:to="AllowanceForDoubtfulReceivablesAbstract" xlink:title="presentation: NoteAccountsReceivableAbstract to AllowanceForDoubtfulReceivablesAbstract" order="5.0"/>
    <link:loc xlink:type="locator" xlink:href="../../et-gaap-cor_2011-01-01.xsd#et-gaap_AllowanceForDoubtfulReceivablesAtBeginningOfPeriod" xlink:label="AllowanceForDoubtfulReceivablesAtBeginningOfPeriod" xlink:title="AllowanceForDoubtfulReceivablesAtBeginningOfPeriod"/>
    <link:presentationArc xlink:type="arc" xlink:arcrole="http://www.xbrl.org/2003/arcrole/parent-child" xlink:from="AllowanceForDoubtfulReceivablesAbstract" xlink:to="AllowanceForDoubtfulReceivablesAtBeginningOfPeriod" xlink:title="presentation: AllowanceForDoubtfulReceivablesAbstract to AllowanceForDoubtfulReceivablesAtBeginningOfPeriod" use="optional" order="1.0"/>
    <link:loc xlink:type="locator" xlink:href="../../et-gaap-cor_2011-01-01.xsd#et-gaap_DecreaseInAllowanceForDoubtfulReceivables" xlink:label="DecreaseInAllowanceForDoubtfulReceivables" xlink:title="DecreaseInAllowanceForDoubtfulReceivables"/>
    <link:presentationArc xlink:type="arc" xlink:arcrole="http://www.xbrl.org/2003/arcrole/parent-child" xlink:from="AllowanceForDoubtfulReceivablesAbstract" xlink:to="DecreaseInAllowanceForDoubtfulReceivables" xlink:title="presentation: AllowanceForDoubtfulReceivablesAbstract to DecreaseInAllowanceForDoubtfulReceivables" use="optional" order="2.0"/>
    <link:loc xlink:type="locator" xlink:href="../../et-gaap-cor_2011-01-01.xsd#et-gaap_IncreaseInAllowanceForDoubtfulReceivables" xlink:label="IncreaseInAllowanceForDoubtfulReceivables" xlink:title="IncreaseInAllowanceForDoubtfulReceivables"/>
    <link:presentationArc xlink:type="arc" xlink:arcrole="http://www.xbrl.org/2003/arcrole/parent-child" xlink:from="AllowanceForDoubtfulReceivablesAbstract" xlink:to="IncreaseInAllowanceForDoubtfulReceivables" xlink:title="presentation: AllowanceForDoubtfulReceivablesAbstract to IncreaseInAllowanceForDoubtfulReceivables" use="optional" order="3.0"/>
    <link:loc xlink:type="locator" xlink:href="../../et-gaap-cor_2011-01-01.xsd#et-gaap_IrrevocableReceivables" xlink:label="IrrevocableReceivables" xlink:title="IrrevocableReceivables"/>
    <link:presentationArc xlink:type="arc" xlink:arcrole="http://www.xbrl.org/2003/arcrole/parent-child" xlink:from="AllowanceForDoubtfulReceivablesAbstract" xlink:to="IrrevocableReceivables" xlink:title="presentation: AllowanceForDoubtfulReceivablesAbstract to IrrevocableReceivables" use="optional" order="4.0"/>
    <link:loc xlink:type="locator" xlink:href="../../et-gaap-cor_2011-01-01.xsd#et-gaap_AllowanceForDoubtfulReceivablesAtEndOfPeriod" xlink:label="AllowanceForDoubtfulReceivablesAtEndOfPeriod" xlink:title="AllowanceForDoubtfulReceivablesAtEndOfPeriod"/>
    <link:presentationArc xlink:type="arc" xlink:arcrole="http://www.xbrl.org/2003/arcrole/parent-child" xlink:from="AllowanceForDoubtfulReceivablesAbstract" xlink:to="AllowanceForDoubtfulReceivablesAtEndOfPeriod" xlink:title="presentation: AllowanceForDoubtfulReceivablesAbstract to AllowanceForDoubtfulReceivablesAtEndOfPeriod" use="optional" order="6.0"/>
  </link:presentationLink>
</link:linkbase>
