<?xml version="1.0" encoding="UTF-8"?>
<!--
**************************************************************
et-gaap Taxonomy: 2011-01-01 (Final)

Copyright (C) 2010 Centre of Registers and Information Systems
**************************************************************
-->
<link:linkbase xmlns:xsi="http://www.w3.org/2001/XMLSchema-instance" xsi:schemaLocation="http://www.xbrl.org/2003/linkbase http://www.xbrl.org/2003/xbrl-linkbase-2003-12-31.xsd" xmlns:link="http://www.xbrl.org/2003/linkbase" xmlns:xlink="http://www.w3.org/1999/xlink">
  <link:roleRef roleURI="http://xbrl.eesti.ee/role/et-gaap_2011-01-01/NoteOtherOperatingIncome_role-833010" xlink:type="simple" xlink:href="role-833000.xsd#NoteOtherOperatingIncome_role-833010"/>
  <link:calculationLink xlink:type="extended" xlink:role="http://xbrl.eesti.ee/role/et-gaap_2011-01-01/NoteOtherOperatingIncome_role-833010">
    <link:loc xlink:type="locator" xlink:href="../../et-gaap-cor_2011-01-01.xsd#et-gaap_OtherOperatingIncomeNPO" xlink:label="OtherOperatingIncomeNPO" xlink:title="OtherOperatingIncomeNPO"/>
    <link:loc xlink:type="locator" xlink:href="../../et-gaap-cor_2011-01-01.xsd#et-gaap_ProfitFromSaleOfNonCurrentAssetHeldForSale" xlink:label="ProfitFromSaleOfNonCurrentAssetHeldForSale" xlink:title="ProfitFromSaleOfNonCurrentAssetHeldForSale"/>
    <link:calculationArc xlink:type="arc" xlink:arcrole="http://www.xbrl.org/2003/arcrole/summation-item" xlink:from="OtherOperatingIncomeNPO" xlink:to="ProfitFromSaleOfNonCurrentAssetHeldForSale" xlink:title="calculation: OtherOperatingIncomeNPO to ProfitFromSaleOfNonCurrentAssetHeldForSale" use="optional" order="1.0" weight="1.0"/>
    <link:loc xlink:type="locator" xlink:href="../../et-gaap-cor_2011-01-01.xsd#et-gaap_ProfitFromSaleOfInvestmentProperty" xlink:label="ProfitFromSaleOfInvestmentProperty" xlink:title="ProfitFromSaleOfInvestmentProperty"/>
    <link:calculationArc xlink:type="arc" xlink:arcrole="http://www.xbrl.org/2003/arcrole/summation-item" xlink:from="OtherOperatingIncomeNPO" xlink:to="ProfitFromSaleOfInvestmentProperty" xlink:title="calculation: OtherOperatingIncomeNPO to ProfitFromSaleOfInvestmentProperty" use="optional" order="2.0" weight="1.0"/>
    <link:loc xlink:type="locator" xlink:href="../../et-gaap-cor_2011-01-01.xsd#et-gaap_ProfitFromSaleOfPlantPropertyAndEquipment" xlink:label="ProfitFromSaleOfPlantPropertyAndEquipment" xlink:title="ProfitFromSaleOfPlantPropertyAndEquipment"/>
    <link:calculationArc xlink:type="arc" xlink:arcrole="http://www.xbrl.org/2003/arcrole/summation-item" xlink:from="OtherOperatingIncomeNPO" xlink:to="ProfitFromSaleOfPlantPropertyAndEquipment" xlink:title="calculation: OtherOperatingIncomeNPO to ProfitFromSaleOfPlantPropertyAndEquipment" use="optional" order="3.0" weight="1.0"/>
    <link:loc xlink:type="locator" xlink:href="../../et-gaap-cor_2011-01-01.xsd#et-gaap_ProfitFromSaleOfIntangibleAsset" xlink:label="ProfitFromSaleOfIntangibleAsset" xlink:title="ProfitFromSaleOfIntangibleAsset"/>
    <link:calculationArc xlink:type="arc" xlink:arcrole="http://www.xbrl.org/2003/arcrole/summation-item" xlink:from="OtherOperatingIncomeNPO" xlink:to="ProfitFromSaleOfIntangibleAsset" xlink:title="calculation: OtherOperatingIncomeNPO to ProfitFromSaleOfIntangibleAsset" use="optional" order="4.0" weight="1.0"/>
    <link:loc xlink:type="locator" xlink:href="../../et-gaap-cor_2011-01-01.xsd#et-gaap_ProfitFromFairValueChangeOfInvestmentProperty" xlink:label="ProfitFromFairValueChangeOfInvestmentProperty" xlink:title="ProfitFromFairValueChangeOfInvestmentProperty"/>
    <link:calculationArc xlink:type="arc" xlink:arcrole="http://www.xbrl.org/2003/arcrole/summation-item" xlink:from="OtherOperatingIncomeNPO" xlink:to="ProfitFromFairValueChangeOfInvestmentProperty" xlink:title="calculation: OtherOperatingIncomeNPO to ProfitFromFairValueChangeOfInvestmentProperty" use="optional" order="5.0" weight="1.0"/>
    <link:loc xlink:type="locator" xlink:href="../../et-gaap-cor_2011-01-01.xsd#et-gaap_ProfitFromFairValueChangeOfBiologicalAssets" xlink:label="ProfitFromFairValueChangeOfBiologicalAssets" xlink:title="ProfitFromFairValueChangeOfBiologicalAssets"/>
    <link:calculationArc xlink:type="arc" xlink:arcrole="http://www.xbrl.org/2003/arcrole/summation-item" xlink:from="OtherOperatingIncomeNPO" xlink:to="ProfitFromFairValueChangeOfBiologicalAssets" xlink:title="calculation: OtherOperatingIncomeNPO to ProfitFromFairValueChangeOfBiologicalAssets" use="optional" order="6.0" weight="1.0"/>
    <link:loc xlink:type="locator" xlink:href="../../et-gaap-cor_2011-01-01.xsd#et-gaap_RevenueFromGrants" xlink:label="RevenueFromGrants" xlink:title="RevenueFromGrants"/>
    <link:calculationArc xlink:type="arc" xlink:arcrole="http://www.xbrl.org/2003/arcrole/summation-item" xlink:from="OtherOperatingIncomeNPO" xlink:to="RevenueFromGrants" xlink:title="calculation: OtherOperatingIncomeNPO to RevenueFromGrants" use="optional" order="7.0" weight="1.0"/>
    <link:loc xlink:type="locator" xlink:href="../../et-gaap-cor_2011-01-01.xsd#et-gaap_ProfitFromExchangeRateDifferences" xlink:label="ProfitFromExchangeRateDifferences" xlink:title="ProfitFromExchangeRateDifferences"/>
    <link:calculationArc xlink:type="arc" xlink:arcrole="http://www.xbrl.org/2003/arcrole/summation-item" xlink:from="OtherOperatingIncomeNPO" xlink:to="ProfitFromExchangeRateDifferences" xlink:title="calculation: OtherOperatingIncomeNPO to ProfitFromExchangeRateDifferences" use="optional" order="8.0" weight="1.0"/>
    <link:loc xlink:type="locator" xlink:href="../../et-gaap-cor_2011-01-01.xsd#et-gaap_FinesPenaltiesAndCompensations" xlink:label="FinesPenaltiesAndCompensations" xlink:title="FinesPenaltiesAndCompensations"/>
    <link:calculationArc xlink:type="arc" xlink:arcrole="http://www.xbrl.org/2003/arcrole/summation-item" xlink:from="OtherOperatingIncomeNPO" xlink:to="FinesPenaltiesAndCompensations" xlink:title="calculation: OtherOperatingIncomeNPO to FinesPenaltiesAndCompensations" use="optional" order="9.0" weight="1.0"/>
    <link:loc xlink:type="locator" xlink:href="../../et-gaap-cor_2011-01-01.xsd#et-gaap_LeaseIncome" xlink:label="LeaseIncome" xlink:title="LeaseIncome"/>
    <link:calculationArc xlink:type="arc" xlink:arcrole="http://www.xbrl.org/2003/arcrole/summation-item" xlink:from="OtherOperatingIncomeNPO" xlink:to="LeaseIncome" xlink:title="calculation: OtherOperatingIncomeNPO to LeaseIncome" use="optional" order="10.0" weight="1.0"/>
    <link:loc xlink:type="locator" xlink:href="../../et-gaap-cor_2011-01-01.xsd#et-gaap_LicenceFees" xlink:label="LicenceFees" xlink:title="LicenceFees"/>
    <link:calculationArc xlink:type="arc" xlink:arcrole="http://www.xbrl.org/2003/arcrole/summation-item" xlink:from="OtherOperatingIncomeNPO" xlink:to="LicenceFees" xlink:title="calculation: OtherOperatingIncomeNPO to LicenceFees" use="optional" order="11.0" weight="1.0"/>
    <link:loc xlink:type="locator" xlink:href="../../et-gaap-cor_2011-01-01.xsd#et-gaap_OtherOperatingIncomeOther" xlink:label="OtherOperatingIncomeOther" xlink:title="OtherOperatingIncomeOther"/>
    <link:calculationArc xlink:type="arc" xlink:arcrole="http://www.xbrl.org/2003/arcrole/summation-item" xlink:from="OtherOperatingIncomeNPO" xlink:to="OtherOperatingIncomeOther" xlink:title="calculation: OtherOperatingIncomeNPO to OtherOperatingIncomeOther" use="optional" order="12.0" weight="1.0"/>
    <link:loc xlink:type="locator" xlink:href="../../et-gaap-cor_2011-01-01.xsd#et-gaap_NoteOtherOperatingIncomeAdditionalItemValue" xlink:label="NoteOtherOperatingIncomeAdditionalItemValue" xlink:title="NoteOtherOperatingIncomeAdditionalItemValue"/>
    <link:calculationArc xlink:type="arc" xlink:arcrole="http://www.xbrl.org/2003/arcrole/summation-item" xlink:from="OtherOperatingIncomeNPO" xlink:to="NoteOtherOperatingIncomeAdditionalItemValue" xlink:title="calculation: OtherOperatingIncomeNPO to NoteOtherOperatingIncomeAdditionalItemValue" use="optional" order="13.0" weight="1.0"/>
  </link:calculationLink>
</link:linkbase>
