<?xml version="1.0" encoding="UTF-8"?>
<!--
**************************************************************
et-gaap Taxonomy: 2011-01-01 (Final)

Copyright (C) 2010 Centre of Registers and Information Systems
**************************************************************
-->
<link:linkbase xmlns:xsi="http://www.w3.org/2001/XMLSchema-instance" xsi:schemaLocation="http://www.xbrl.org/2003/linkbase http://www.xbrl.org/2003/xbrl-linkbase-2003-12-31.xsd" xmlns:link="http://www.xbrl.org/2003/linkbase" xmlns:xlink="http://www.w3.org/1999/xlink" xmlns:p0="http://xbrl.org/2005/xbrldt">
  <link:roleRef roleURI="http://xbrl.eesti.ee/role/et-gaap_2011-01-01/NoteOtherOperatingIncome_role-833010" xlink:type="simple" xlink:href="role-833000.xsd#NoteOtherOperatingIncome_role-833010"/>
  <link:arcroleRef arcroleURI="http://xbrl.org/int/dim/arcrole/domain-member" xlink:type="simple" xlink:href="http://www.xbrl.org/2005/xbrldt-2005.xsd#domain-member"/>
  <link:definitionLink xlink:type="extended" xlink:role="http://xbrl.eesti.ee/role/et-gaap_2011-01-01/NoteOtherOperatingIncome_role-833010">
    <link:loc xlink:type="locator" xlink:href="../../et-gaap-cor_2011-01-01.xsd#et-gaap_NoteOtherIncomeAbstract" xlink:label="NoteOtherIncomeAbstract" xlink:title="NoteOtherIncomeAbstract"/>
    <link:loc xlink:type="locator" xlink:href="../../et-gaap-cor_2011-01-01.xsd#et-gaap_ProfitFromSaleOfNonCurrentAssetHeldForSale" xlink:label="ProfitFromSaleOfNonCurrentAssetHeldForSale" xlink:title="ProfitFromSaleOfNonCurrentAssetHeldForSale"/>
    <link:definitionArc xlink:type="arc" xlink:arcrole="http://xbrl.org/int/dim/arcrole/domain-member" xlink:from="NoteOtherIncomeAbstract" xlink:to="ProfitFromSaleOfNonCurrentAssetHeldForSale" xlink:title="definition: NoteOtherIncomeAbstract to ProfitFromSaleOfNonCurrentAssetHeldForSale" use="optional" order="1.0"/>
    <link:loc xlink:type="locator" xlink:href="../../et-gaap-cor_2011-01-01.xsd#et-gaap_ProfitFromSaleOfInvestmentProperty" xlink:label="ProfitFromSaleOfInvestmentProperty" xlink:title="ProfitFromSaleOfInvestmentProperty"/>
    <link:definitionArc xlink:type="arc" xlink:arcrole="http://xbrl.org/int/dim/arcrole/domain-member" xlink:from="NoteOtherIncomeAbstract" xlink:to="ProfitFromSaleOfInvestmentProperty" xlink:title="definition: NoteOtherIncomeAbstract to ProfitFromSaleOfInvestmentProperty" use="optional" order="2.0"/>
    <link:loc xlink:type="locator" xlink:href="../../et-gaap-cor_2011-01-01.xsd#et-gaap_ProfitFromSaleOfPlantPropertyAndEquipment" xlink:label="ProfitFromSaleOfPlantPropertyAndEquipment" xlink:title="ProfitFromSaleOfPlantPropertyAndEquipment"/>
    <link:definitionArc xlink:type="arc" xlink:arcrole="http://xbrl.org/int/dim/arcrole/domain-member" xlink:from="NoteOtherIncomeAbstract" xlink:to="ProfitFromSaleOfPlantPropertyAndEquipment" xlink:title="definition: NoteOtherIncomeAbstract to ProfitFromSaleOfPlantPropertyAndEquipment" use="optional" order="3.0"/>
    <link:loc xlink:type="locator" xlink:href="../../et-gaap-cor_2011-01-01.xsd#et-gaap_ProfitFromSaleOfIntangibleAsset" xlink:label="ProfitFromSaleOfIntangibleAsset" xlink:title="ProfitFromSaleOfIntangibleAsset"/>
    <link:definitionArc xlink:type="arc" xlink:arcrole="http://xbrl.org/int/dim/arcrole/domain-member" xlink:from="NoteOtherIncomeAbstract" xlink:to="ProfitFromSaleOfIntangibleAsset" xlink:title="definition: NoteOtherIncomeAbstract to ProfitFromSaleOfIntangibleAsset" use="optional" order="4.0"/>
    <link:loc xlink:type="locator" xlink:href="../../et-gaap-cor_2011-01-01.xsd#et-gaap_ProfitFromFairValueChangeOfInvestmentProperty" xlink:label="ProfitFromFairValueChangeOfInvestmentProperty" xlink:title="ProfitFromFairValueChangeOfInvestmentProperty"/>
    <link:definitionArc xlink:type="arc" xlink:arcrole="http://xbrl.org/int/dim/arcrole/domain-member" xlink:from="NoteOtherIncomeAbstract" xlink:to="ProfitFromFairValueChangeOfInvestmentProperty" xlink:title="definition: NoteOtherIncomeAbstract to ProfitFromFairValueChangeOfInvestmentProperty" use="optional" order="5.0"/>
    <link:loc xlink:type="locator" xlink:href="../../et-gaap-cor_2011-01-01.xsd#et-gaap_ProfitFromFairValueChangeOfBiologicalAssets" xlink:label="ProfitFromFairValueChangeOfBiologicalAssets" xlink:title="ProfitFromFairValueChangeOfBiologicalAssets"/>
    <link:definitionArc xlink:type="arc" xlink:arcrole="http://xbrl.org/int/dim/arcrole/domain-member" xlink:from="NoteOtherIncomeAbstract" xlink:to="ProfitFromFairValueChangeOfBiologicalAssets" xlink:title="definition: NoteOtherIncomeAbstract to ProfitFromFairValueChangeOfBiologicalAssets" use="optional" order="6.0"/>
    <link:loc xlink:type="locator" xlink:href="../../et-gaap-cor_2011-01-01.xsd#et-gaap_RevenueFromGrants" xlink:label="RevenueFromGrants" xlink:title="RevenueFromGrants"/>
    <link:definitionArc xlink:type="arc" xlink:arcrole="http://xbrl.org/int/dim/arcrole/domain-member" xlink:from="NoteOtherIncomeAbstract" xlink:to="RevenueFromGrants" xlink:title="definition: NoteOtherIncomeAbstract to RevenueFromGrants" use="optional" order="7.0"/>
    <link:loc xlink:type="locator" xlink:href="../../et-gaap-cor_2011-01-01.xsd#et-gaap_ProfitFromExchangeRateDifferences" xlink:label="ProfitFromExchangeRateDifferences" xlink:title="ProfitFromExchangeRateDifferences"/>
    <link:definitionArc xlink:type="arc" xlink:arcrole="http://xbrl.org/int/dim/arcrole/domain-member" xlink:from="NoteOtherIncomeAbstract" xlink:to="ProfitFromExchangeRateDifferences" xlink:title="definition: NoteOtherIncomeAbstract to ProfitFromExchangeRateDifferences" use="optional" order="8.0"/>
    <link:loc xlink:type="locator" xlink:href="../../et-gaap-cor_2011-01-01.xsd#et-gaap_FinesPenaltiesAndCompensations" xlink:label="FinesPenaltiesAndCompensations" xlink:title="FinesPenaltiesAndCompensations"/>
    <link:definitionArc xlink:type="arc" xlink:arcrole="http://xbrl.org/int/dim/arcrole/domain-member" xlink:from="NoteOtherIncomeAbstract" xlink:to="FinesPenaltiesAndCompensations" xlink:title="definition: NoteOtherIncomeAbstract to FinesPenaltiesAndCompensations" use="optional" order="9.0"/>
    <link:loc xlink:type="locator" xlink:href="../../et-gaap-cor_2011-01-01.xsd#et-gaap_LeaseIncome" xlink:label="LeaseIncome" xlink:title="LeaseIncome"/>
    <link:definitionArc xlink:type="arc" xlink:arcrole="http://xbrl.org/int/dim/arcrole/domain-member" xlink:from="NoteOtherIncomeAbstract" xlink:to="LeaseIncome" xlink:title="definition: NoteOtherIncomeAbstract to LeaseIncome" use="optional" order="10.0"/>
    <link:loc xlink:type="locator" xlink:href="../../et-gaap-cor_2011-01-01.xsd#et-gaap_LicenceFees" xlink:label="LicenceFees" xlink:title="LicenceFees"/>
    <link:definitionArc xlink:type="arc" xlink:arcrole="http://xbrl.org/int/dim/arcrole/domain-member" xlink:from="NoteOtherIncomeAbstract" xlink:to="LicenceFees" xlink:title="definition: NoteOtherIncomeAbstract to LicenceFees" use="optional" order="11.0"/>
    <link:loc xlink:type="locator" xlink:href="../../et-gaap-cor_2011-01-01.xsd#et-gaap_OtherOperatingIncomeOther" xlink:label="OtherOperatingIncomeOther" xlink:title="OtherOperatingIncomeOther"/>
    <link:definitionArc xlink:type="arc" xlink:arcrole="http://xbrl.org/int/dim/arcrole/domain-member" xlink:from="NoteOtherIncomeAbstract" xlink:to="OtherOperatingIncomeOther" xlink:title="definition: NoteOtherIncomeAbstract to OtherOperatingIncomeOther" use="optional" order="13.0"/>
    <link:loc xlink:type="locator" xlink:href="../../et-gaap-cor_2011-01-01.xsd#et-gaap_OtherOperatingIncomeNPO" xlink:label="OtherOperatingIncomeNPO" xlink:title="OtherOperatingIncomeNPO"/>
    <link:definitionArc xlink:type="arc" xlink:arcrole="http://xbrl.org/int/dim/arcrole/domain-member" xlink:from="NoteOtherIncomeAbstract" xlink:to="OtherOperatingIncomeNPO" xlink:title="definition: NoteOtherIncomeAbstract to OtherOperatingIncomeNPO" use="optional" order="14.0"/>
    <link:loc xlink:type="locator" xlink:href="../../et-gaap-cor_2011-01-01.xsd#et-gaap_NoteOtherIncome" xlink:label="NoteOtherIncome" xlink:title="NoteOtherIncome"/>
    <link:definitionArc xlink:type="arc" xlink:arcrole="http://xbrl.org/int/dim/arcrole/domain-member" xlink:from="NoteOtherIncomeAbstract" xlink:to="NoteOtherIncome" xlink:title="definition: NoteOtherIncomeAbstract to NoteOtherIncome" use="optional" order="15.0"/>
  </link:definitionLink>
</link:linkbase>
