<?xml version="1.0" encoding="UTF-8"?>
<!--
**************************************************************
et-gaap Taxonomy: 2011-01-01 (Final)

Copyright (C) 2010 Centre of Registers and Information Systems
**************************************************************
-->
<link:linkbase xmlns:xsi="http://www.w3.org/2001/XMLSchema-instance" xsi:schemaLocation="http://www.xbrl.org/2003/linkbase http://www.xbrl.org/2003/xbrl-linkbase-2003-12-31.xsd" xmlns:link="http://www.xbrl.org/2003/linkbase" xmlns:xlink="http://www.w3.org/1999/xlink" xmlns:xbrldt="http://xbrl.org/2005/xbrldt">
  <link:roleRef roleURI="http://xbrl.eesti.ee/role/et-gaap_2011-01-01/NoteOtherOperatingIncome_role-833000" xlink:type="simple" xlink:href="role-833000.xsd#NoteOtherOperatingIncome_role-833000"/>
  <link:presentationLink xlink:type="extended" xlink:role="http://xbrl.eesti.ee/role/et-gaap_2011-01-01/NoteOtherOperatingIncome_role-833000">
    <link:loc xlink:type="locator" xlink:href="../../et-gaap-cor_2011-01-01.xsd#et-gaap_NoteOtherOperatingIncomeAbstract" xlink:label="NoteOtherOperatingIncomeAbstract" xlink:title="NoteOtherOperatingIncomeAbstract"/>
    <link:loc xlink:type="locator" xlink:href="../../et-gaap-cor_2011-01-01.xsd#et-gaap_ProfitFromSaleOfNonCurrentAssetHeldForSale" xlink:label="ProfitFromSaleOfNonCurrentAssetHeldForSale" xlink:title="ProfitFromSaleOfNonCurrentAssetHeldForSale"/>
    <link:presentationArc xlink:type="arc" xlink:arcrole="http://www.xbrl.org/2003/arcrole/parent-child" xlink:from="NoteOtherOperatingIncomeAbstract" xlink:to="ProfitFromSaleOfNonCurrentAssetHeldForSale" xlink:title="presentation: NoteOtherOperatingIncomeAbstract to ProfitFromSaleOfNonCurrentAssetHeldForSale" order="1.0"/>
    <link:loc xlink:type="locator" xlink:href="../../et-gaap-cor_2011-01-01.xsd#et-gaap_ProfitFromSaleOfInvestmentProperty" xlink:label="ProfitFromSaleOfInvestmentProperty" xlink:title="ProfitFromSaleOfInvestmentProperty"/>
    <link:presentationArc xlink:type="arc" xlink:arcrole="http://www.xbrl.org/2003/arcrole/parent-child" xlink:from="NoteOtherOperatingIncomeAbstract" xlink:to="ProfitFromSaleOfInvestmentProperty" xlink:title="presentation: NoteOtherOperatingIncomeAbstract to ProfitFromSaleOfInvestmentProperty" order="2.0"/>
    <link:loc xlink:type="locator" xlink:href="../../et-gaap-cor_2011-01-01.xsd#et-gaap_ProfitFromSaleOfPlantPropertyAndEquipment" xlink:label="ProfitFromSaleOfPlantPropertyAndEquipment" xlink:title="ProfitFromSaleOfPlantPropertyAndEquipment"/>
    <link:presentationArc xlink:type="arc" xlink:arcrole="http://www.xbrl.org/2003/arcrole/parent-child" xlink:from="NoteOtherOperatingIncomeAbstract" xlink:to="ProfitFromSaleOfPlantPropertyAndEquipment" xlink:title="presentation: NoteOtherOperatingIncomeAbstract to ProfitFromSaleOfPlantPropertyAndEquipment" order="3.0"/>
    <link:loc xlink:type="locator" xlink:href="../../et-gaap-cor_2011-01-01.xsd#et-gaap_ProfitFromSaleOfIntangibleAsset" xlink:label="ProfitFromSaleOfIntangibleAsset" xlink:title="ProfitFromSaleOfIntangibleAsset"/>
    <link:presentationArc xlink:type="arc" xlink:arcrole="http://www.xbrl.org/2003/arcrole/parent-child" xlink:from="NoteOtherOperatingIncomeAbstract" xlink:to="ProfitFromSaleOfIntangibleAsset" xlink:title="presentation: NoteOtherOperatingIncomeAbstract to ProfitFromSaleOfIntangibleAsset" order="4.0"/>
    <link:loc xlink:type="locator" xlink:href="../../et-gaap-cor_2011-01-01.xsd#et-gaap_ProfitFromFairValueChangeOfInvestmentProperty" xlink:label="ProfitFromFairValueChangeOfInvestmentProperty" xlink:title="ProfitFromFairValueChangeOfInvestmentProperty"/>
    <link:presentationArc xlink:type="arc" xlink:arcrole="http://www.xbrl.org/2003/arcrole/parent-child" xlink:from="NoteOtherOperatingIncomeAbstract" xlink:to="ProfitFromFairValueChangeOfInvestmentProperty" xlink:title="presentation: NoteOtherOperatingIncomeAbstract to ProfitFromFairValueChangeOfInvestmentProperty" order="5.0"/>
    <link:loc xlink:type="locator" xlink:href="../../et-gaap-cor_2011-01-01.xsd#et-gaap_ProfitFromFairValueChangeOfBiologicalAssets" xlink:label="ProfitFromFairValueChangeOfBiologicalAssets" xlink:title="ProfitFromFairValueChangeOfBiologicalAssets"/>
    <link:presentationArc xlink:type="arc" xlink:arcrole="http://www.xbrl.org/2003/arcrole/parent-child" xlink:from="NoteOtherOperatingIncomeAbstract" xlink:to="ProfitFromFairValueChangeOfBiologicalAssets" xlink:title="presentation: NoteOtherOperatingIncomeAbstract to ProfitFromFairValueChangeOfBiologicalAssets" order="6.0"/>
    <link:loc xlink:type="locator" xlink:href="../../et-gaap-cor_2011-01-01.xsd#et-gaap_RevenueFromGrants" xlink:label="RevenueFromGrants" xlink:title="RevenueFromGrants"/>
    <link:presentationArc xlink:type="arc" xlink:arcrole="http://www.xbrl.org/2003/arcrole/parent-child" xlink:from="NoteOtherOperatingIncomeAbstract" xlink:to="RevenueFromGrants" xlink:title="presentation: NoteOtherOperatingIncomeAbstract to RevenueFromGrants" order="7.0"/>
    <link:loc xlink:type="locator" xlink:href="../../et-gaap-cor_2011-01-01.xsd#et-gaap_ProfitFromExchangeRateDifferences" xlink:label="ProfitFromExchangeRateDifferences" xlink:title="ProfitFromExchangeRateDifferences"/>
    <link:presentationArc xlink:type="arc" xlink:arcrole="http://www.xbrl.org/2003/arcrole/parent-child" xlink:from="NoteOtherOperatingIncomeAbstract" xlink:to="ProfitFromExchangeRateDifferences" xlink:title="presentation: NoteOtherOperatingIncomeAbstract to ProfitFromExchangeRateDifferences" order="8.0"/>
    <link:loc xlink:type="locator" xlink:href="../../et-gaap-cor_2011-01-01.xsd#et-gaap_FinesPenaltiesAndCompensations" xlink:label="FinesPenaltiesAndCompensations" xlink:title="FinesPenaltiesAndCompensations"/>
    <link:presentationArc xlink:type="arc" xlink:arcrole="http://www.xbrl.org/2003/arcrole/parent-child" xlink:from="NoteOtherOperatingIncomeAbstract" xlink:to="FinesPenaltiesAndCompensations" xlink:title="presentation: NoteOtherOperatingIncomeAbstract to FinesPenaltiesAndCompensations" order="9.0"/>
    <link:loc xlink:type="locator" xlink:href="../../et-gaap-cor_2011-01-01.xsd#et-gaap_LeaseIncome" xlink:label="LeaseIncome" xlink:title="LeaseIncome"/>
    <link:presentationArc xlink:type="arc" xlink:arcrole="http://www.xbrl.org/2003/arcrole/parent-child" xlink:from="NoteOtherOperatingIncomeAbstract" xlink:to="LeaseIncome" xlink:title="presentation: NoteOtherOperatingIncomeAbstract to LeaseIncome" order="10.0"/>
    <link:loc xlink:type="locator" xlink:href="../../et-gaap-cor_2011-01-01.xsd#et-gaap_LicenceFees" xlink:label="LicenceFees" xlink:title="LicenceFees"/>
    <link:presentationArc xlink:type="arc" xlink:arcrole="http://www.xbrl.org/2003/arcrole/parent-child" xlink:from="NoteOtherOperatingIncomeAbstract" xlink:to="LicenceFees" xlink:title="presentation: NoteOtherOperatingIncomeAbstract to LicenceFees" order="11.0"/>
    <link:loc xlink:type="locator" xlink:href="../../et-gaap-cor_2011-01-01.xsd#et-gaap_OtherOperatingIncome" xlink:label="OtherOperatingIncome" xlink:title="OtherOperatingIncome"/>
    <link:presentationArc xlink:type="arc" xlink:arcrole="http://www.xbrl.org/2003/arcrole/parent-child" xlink:from="NoteOtherOperatingIncomeAbstract" xlink:to="OtherOperatingIncome" xlink:title="presentation: NoteOtherOperatingIncomeAbstract to OtherOperatingIncome" order="14.0" preferredLabel="http://www.xbrl.org/2003/role/totalLabel"/>
    <link:loc xlink:type="locator" xlink:href="../../et-gaap-cor_2011-01-01.xsd#et-gaap_NoteOtherOperatingIncome" xlink:label="NoteOtherOperatingIncome" xlink:title="NoteOtherOperatingIncome"/>
    <link:presentationArc xlink:type="arc" xlink:arcrole="http://www.xbrl.org/2003/arcrole/parent-child" xlink:from="NoteOtherOperatingIncomeAbstract" xlink:to="NoteOtherOperatingIncome" xlink:title="presentation: NoteOtherOperatingIncomeAbstract to NoteOtherOperatingIncome" order="15.0"/>
    <link:loc xlink:type="locator" xlink:href="../../et-gaap-cor_2011-01-01.xsd#et-gaap_OtherOperatingIncomeOther" xlink:label="OtherOperatingIncomeOther" xlink:title="OtherOperatingIncomeOther"/>
    <link:presentationArc xlink:type="arc" xlink:arcrole="http://www.xbrl.org/2003/arcrole/parent-child" xlink:from="NoteOtherOperatingIncomeAbstract" xlink:to="OtherOperatingIncomeOther" xlink:title="presentation: NoteOtherOperatingIncomeAbstract to OtherOperatingIncomeOther" order="13.0"/>
    <link:loc xlink:type="locator" xlink:href="../../et-gaap-cor_2011-01-01.xsd#et-gaap_NoteOtherOperatingIncomeAdditionalItemTuple" xlink:label="NoteOtherOperatingIncomeAdditionalItemTuple" xlink:title="NoteOtherOperatingIncomeAdditionalItemTuple"/>
    <link:presentationArc xlink:type="arc" xlink:arcrole="http://www.xbrl.org/2003/arcrole/parent-child" xlink:from="NoteOtherOperatingIncomeAbstract" xlink:to="NoteOtherOperatingIncomeAdditionalItemTuple" xlink:title="presentation: NoteOtherOperatingIncomeAbstract to NoteOtherOperatingIncomeAdditionalItemTuple" order="12.0"/>
    <link:loc xlink:type="locator" xlink:href="../../et-gaap-cor_2011-01-01.xsd#et-gaap_NoteOtherOperatingIncomeAdditionalItemName" xlink:label="NoteOtherOperatingIncomeAdditionalItemName" xlink:title="NoteOtherOperatingIncomeAdditionalItemName"/>
    <link:presentationArc xlink:type="arc" xlink:arcrole="http://www.xbrl.org/2003/arcrole/parent-child" xlink:from="NoteOtherOperatingIncomeAdditionalItemTuple" xlink:to="NoteOtherOperatingIncomeAdditionalItemName" xlink:title="presentation: NoteOtherOperatingIncomeAdditionalItemTuple to NoteOtherOperatingIncomeAdditionalItemName" order="1.0"/>
    <link:loc xlink:type="locator" xlink:href="../../et-gaap-cor_2011-01-01.xsd#et-gaap_NoteOtherOperatingIncomeAdditionalItemValue" xlink:label="NoteOtherOperatingIncomeAdditionalItemValue" xlink:title="NoteOtherOperatingIncomeAdditionalItemValue"/>
    <link:presentationArc xlink:type="arc" xlink:arcrole="http://www.xbrl.org/2003/arcrole/parent-child" xlink:from="NoteOtherOperatingIncomeAdditionalItemTuple" xlink:to="NoteOtherOperatingIncomeAdditionalItemValue" xlink:title="presentation: NoteOtherOperatingIncomeAdditionalItemTuple to NoteOtherOperatingIncomeAdditionalItemValue" order="2.0"/>
  </link:presentationLink>
</link:linkbase>
