<?xml version="1.0" encoding="UTF-8"?>
<!--
**************************************************************
et-gaap Taxonomy: 2011-01-01 (Final)

Copyright (C) 2010 Centre of Registers and Information Systems
**************************************************************
-->
<link:linkbase xmlns:xsi="http://www.w3.org/2001/XMLSchema-instance" xsi:schemaLocation="http://www.xbrl.org/2003/linkbase http://www.xbrl.org/2003/xbrl-linkbase-2003-12-31.xsd" xmlns:link="http://www.xbrl.org/2003/linkbase" xmlns:xlink="http://www.w3.org/1999/xlink">
  <link:roleRef roleURI="http://xbrl.eesti.ee/role/et-gaap_2011-01-01/NotePayablesAndPrepayments_role-822000" xlink:type="simple" xlink:href="role-822000.xsd#NotePayablesAndPrepayments_role-822000"/>
  <link:calculationLink xlink:type="extended" xlink:role="http://xbrl.eesti.ee/role/et-gaap_2011-01-01/NotePayablesAndPrepayments_role-822000">
    <link:loc xlink:type="locator" xlink:href="../../et-gaap-cor_2011-01-01.xsd#et-gaap_PayablesAndPrepayments" xlink:label="PayablesAndPrepayments" xlink:title="PayablesAndPrepayments"/>
    <link:loc xlink:type="locator" xlink:href="../../et-gaap-cor_2011-01-01.xsd#et-gaap_EmployeePayablesTotal" xlink:label="EmployeePayablesTotal" xlink:title="EmployeePayablesTotal"/>
    <link:calculationArc xlink:type="arc" xlink:arcrole="http://www.xbrl.org/2003/arcrole/summation-item" xlink:from="PayablesAndPrepayments" xlink:to="EmployeePayablesTotal" xlink:title="calculation: PayablesAndPrepayments to EmployeePayablesTotal" order="2.0" weight="1.0"/>
    <link:loc xlink:type="locator" xlink:href="../../et-gaap-cor_2011-01-01.xsd#et-gaap_TaxPayables" xlink:label="TaxPayables" xlink:title="TaxPayables"/>
    <link:calculationArc xlink:type="arc" xlink:arcrole="http://www.xbrl.org/2003/arcrole/summation-item" xlink:from="PayablesAndPrepayments" xlink:to="TaxPayables" xlink:title="calculation: PayablesAndPrepayments to TaxPayables" order="3.0" weight="1.0"/>
    <link:loc xlink:type="locator" xlink:href="../../et-gaap-cor_2011-01-01.xsd#et-gaap_OtherPayablesTotal" xlink:label="OtherPayablesTotal" xlink:title="OtherPayablesTotal"/>
    <link:calculationArc xlink:type="arc" xlink:arcrole="http://www.xbrl.org/2003/arcrole/summation-item" xlink:from="PayablesAndPrepayments" xlink:to="OtherPayablesTotal" xlink:title="calculation: PayablesAndPrepayments to OtherPayablesTotal" order="4.0" weight="1.0"/>
    <link:loc xlink:type="locator" xlink:href="../../et-gaap-cor_2011-01-01.xsd#et-gaap_InterestPayables" xlink:label="InterestPayables" xlink:title="InterestPayables"/>
    <link:calculationArc xlink:type="arc" xlink:arcrole="http://www.xbrl.org/2003/arcrole/summation-item" xlink:from="OtherPayablesTotal" xlink:to="InterestPayables" xlink:title="calculation: OtherPayablesTotal to InterestPayables" order="1.0" weight="1.0"/>
    <link:loc xlink:type="locator" xlink:href="../../et-gaap-cor_2011-01-01.xsd#et-gaap_OtherAccruedExpenses" xlink:label="OtherAccruedExpenses" xlink:title="OtherAccruedExpenses"/>
    <link:calculationArc xlink:type="arc" xlink:arcrole="http://www.xbrl.org/2003/arcrole/summation-item" xlink:from="OtherPayablesTotal" xlink:to="OtherAccruedExpenses" xlink:title="calculation: OtherPayablesTotal to OtherAccruedExpenses" order="3.0" weight="1.0"/>
    <link:loc xlink:type="locator" xlink:href="../../et-gaap-cor_2011-01-01.xsd#et-gaap_DividendPayables" xlink:label="DividendPayables" xlink:title="DividendPayables"/>
    <link:calculationArc xlink:type="arc" xlink:arcrole="http://www.xbrl.org/2003/arcrole/summation-item" xlink:from="OtherPayablesTotal" xlink:to="DividendPayables" xlink:title="calculation: OtherPayablesTotal to DividendPayables" order="2.0" weight="1.0"/>
    <link:loc xlink:type="locator" xlink:href="../../et-gaap-cor_2011-01-01.xsd#et-gaap_OtherPayablesTotalAdditionalItemValue" xlink:label="OtherPayablesTotalAdditionalItemValue" xlink:title="OtherPayablesTotalAdditionalItemValue"/>
    <link:calculationArc xlink:type="arc" xlink:arcrole="http://www.xbrl.org/2003/arcrole/summation-item" xlink:from="OtherPayablesTotal" xlink:to="OtherPayablesTotalAdditionalItemValue" xlink:title="calculation: OtherPayablesTotal to OtherPayablesTotalAdditionalItemValue" order="4.0" weight="1.0"/>
    <link:loc xlink:type="locator" xlink:href="../../et-gaap-cor_2011-01-01.xsd#et-gaap_PrepaymentsReceivedTotal" xlink:label="PrepaymentsReceivedTotal" xlink:title="PrepaymentsReceivedTotal"/>
    <link:calculationArc xlink:type="arc" xlink:arcrole="http://www.xbrl.org/2003/arcrole/summation-item" xlink:from="PayablesAndPrepayments" xlink:to="PrepaymentsReceivedTotal" xlink:title="calculation: PayablesAndPrepayments to PrepaymentsReceivedTotal" order="5.0" weight="1.0"/>
    <link:loc xlink:type="locator" xlink:href="../../et-gaap-cor_2011-01-01.xsd#et-gaap_TradePayablesTotal" xlink:label="TradePayablesTotal" xlink:title="TradePayablesTotal"/>
    <link:calculationArc xlink:type="arc" xlink:arcrole="http://www.xbrl.org/2003/arcrole/summation-item" xlink:from="PayablesAndPrepayments" xlink:to="TradePayablesTotal" xlink:title="calculation: PayablesAndPrepayments to TradePayablesTotal" order="1.0" weight="1.0"/>
    <link:loc xlink:type="locator" xlink:href="../../et-gaap-cor_2011-01-01.xsd#et-gaap_NotePayablesAndPrepaymentsAdditionalItemValue" xlink:label="NotePayablesAndPrepaymentsAdditionalItemValue" xlink:title="NotePayablesAndPrepaymentsAdditionalItemValue"/>
    <link:calculationArc xlink:type="arc" xlink:arcrole="http://www.xbrl.org/2003/arcrole/summation-item" xlink:from="PayablesAndPrepayments" xlink:to="NotePayablesAndPrepaymentsAdditionalItemValue" xlink:title="calculation: PayablesAndPrepayments to NotePayablesAndPrepaymentsAdditionalItemValue" order="6.0" weight="1.0"/>
  </link:calculationLink>
</link:linkbase>
