<?xml version="1.0" encoding="UTF-8"?>
<!--
**************************************************************
et-gaap Taxonomy: 2011-01-01 (Final)

Copyright (C) 2010 Centre of Registers and Information Systems
**************************************************************
-->
<link:linkbase xmlns:xsi="http://www.w3.org/2001/XMLSchema-instance" xsi:schemaLocation="http://www.xbrl.org/2003/linkbase http://www.xbrl.org/2003/xbrl-linkbase-2003-12-31.xsd" xmlns:link="http://www.xbrl.org/2003/linkbase" xmlns:xbrldt="http://xbrl.org/2005/xbrldt" xmlns:xlink="http://www.w3.org/1999/xlink">
  <link:roleRef roleURI="http://xbrl.eesti.ee/role/et-gaap_2011-01-01/NotePayablesAndPrepayments_role-822000" xlink:type="simple" xlink:href="role-822000.xsd#NotePayablesAndPrepayments_role-822000"/>
  <link:presentationLink xlink:type="extended" xlink:role="http://xbrl.eesti.ee/role/et-gaap_2011-01-01/NotePayablesAndPrepayments_role-822000">
    <link:loc xlink:type="locator" xlink:href="../../et-gaap-cor_2011-01-01.xsd#et-gaap_NotePayablesAndPrepaymentsAbstract" xlink:label="NotePayablesAndPrepaymentsAbstract" xlink:title="NotePayablesAndPrepaymentsAbstract"/>
    <link:loc xlink:type="locator" xlink:href="../../et-gaap-cor_2011-01-01.xsd#et-gaap_EmployeePayablesTotal" xlink:label="EmployeePayablesTotal" xlink:title="EmployeePayablesTotal"/>
    <link:presentationArc xlink:type="arc" xlink:arcrole="http://www.xbrl.org/2003/arcrole/parent-child" xlink:from="NotePayablesAndPrepaymentsAbstract" xlink:to="EmployeePayablesTotal" xlink:title="presentation: NotePayablesAndPrepaymentsAbstract to EmployeePayablesTotal" order="2.0"/>
    <link:loc xlink:type="locator" xlink:href="../../et-gaap-cor_2011-01-01.xsd#et-gaap_TaxPayables" xlink:label="TaxPayables" xlink:title="TaxPayables"/>
    <link:presentationArc xlink:type="arc" xlink:arcrole="http://www.xbrl.org/2003/arcrole/parent-child" xlink:from="NotePayablesAndPrepaymentsAbstract" xlink:to="TaxPayables" xlink:title="presentation: NotePayablesAndPrepaymentsAbstract to TaxPayables" order="3.0"/>
    <link:loc xlink:type="locator" xlink:href="../../et-gaap-cor_2011-01-01.xsd#et-gaap_OtherPayablesTotal" xlink:label="OtherPayablesTotal" xlink:title="OtherPayablesTotal"/>
    <link:presentationArc xlink:type="arc" xlink:arcrole="http://www.xbrl.org/2003/arcrole/parent-child" xlink:from="NotePayablesAndPrepaymentsAbstract" xlink:to="OtherPayablesTotal" xlink:title="presentation: NotePayablesAndPrepaymentsAbstract to OtherPayablesTotal" order="4.0" preferredLabel="http://www.xbrl.org/2003/role/totalLabel"/>
    <link:loc xlink:type="locator" xlink:href="../../et-gaap-cor_2011-01-01.xsd#et-gaap_InterestPayables" xlink:label="InterestPayables" xlink:title="InterestPayables"/>
    <link:presentationArc xlink:type="arc" xlink:arcrole="http://www.xbrl.org/2003/arcrole/parent-child" xlink:from="OtherPayablesTotal" xlink:to="InterestPayables" xlink:title="presentation: OtherPayablesTotal to InterestPayables" order="1.0"/>
    <link:loc xlink:type="locator" xlink:href="../../et-gaap-cor_2011-01-01.xsd#et-gaap_DividendPayables" xlink:label="DividendPayables" xlink:title="DividendPayables"/>
    <link:presentationArc xlink:type="arc" xlink:arcrole="http://www.xbrl.org/2003/arcrole/parent-child" xlink:from="OtherPayablesTotal" xlink:to="DividendPayables" xlink:title="presentation: OtherPayablesTotal to DividendPayables" order="2.0"/>
    <link:loc xlink:type="locator" xlink:href="../../et-gaap-cor_2011-01-01.xsd#et-gaap_OtherAccruedExpenses" xlink:label="OtherAccruedExpenses" xlink:title="OtherAccruedExpenses"/>
    <link:presentationArc xlink:type="arc" xlink:arcrole="http://www.xbrl.org/2003/arcrole/parent-child" xlink:from="OtherPayablesTotal" xlink:to="OtherAccruedExpenses" xlink:title="presentation: OtherPayablesTotal to OtherAccruedExpenses" order="3.0"/>
    <link:loc xlink:type="locator" xlink:href="../../et-gaap-cor_2011-01-01.xsd#et-gaap_OtherPayablesTotalAdditionalItemTuple" xlink:label="OtherPayablesTotalAdditionalItemTuple" xlink:title="OtherPayablesTotalAdditionalItemTuple"/>
    <link:presentationArc xlink:type="arc" xlink:arcrole="http://www.xbrl.org/2003/arcrole/parent-child" xlink:from="OtherPayablesTotal" xlink:to="OtherPayablesTotalAdditionalItemTuple" xlink:title="presentation: OtherPayablesTotal to OtherPayablesTotalAdditionalItemTuple" order="4.0"/>
    <link:loc xlink:type="locator" xlink:href="../../et-gaap-cor_2011-01-01.xsd#et-gaap_OtherPayablesTotalAdditionalItemName" xlink:label="OtherPayablesTotalAdditionalItemName" xlink:title="OtherPayablesTotalAdditionalItemName"/>
    <link:presentationArc xlink:type="arc" xlink:arcrole="http://www.xbrl.org/2003/arcrole/parent-child" xlink:from="OtherPayablesTotalAdditionalItemTuple" xlink:to="OtherPayablesTotalAdditionalItemName" xlink:title="presentation: OtherPayablesTotalAdditionalItemTuple to OtherPayablesTotalAdditionalItemName" order="1.0"/>
    <link:loc xlink:type="locator" xlink:href="../../et-gaap-cor_2011-01-01.xsd#et-gaap_OtherPayablesTotalAdditionalItemValue" xlink:label="OtherPayablesTotalAdditionalItemValue" xlink:title="OtherPayablesTotalAdditionalItemValue"/>
    <link:presentationArc xlink:type="arc" xlink:arcrole="http://www.xbrl.org/2003/arcrole/parent-child" xlink:from="OtherPayablesTotalAdditionalItemTuple" xlink:to="OtherPayablesTotalAdditionalItemValue" xlink:title="presentation: OtherPayablesTotalAdditionalItemTuple to OtherPayablesTotalAdditionalItemValue" order="2.0"/>
    <link:loc xlink:type="locator" xlink:href="../../et-gaap-cor_2011-01-01.xsd#et-gaap_PrepaymentsReceivedTotal" xlink:label="PrepaymentsReceivedTotal" xlink:title="PrepaymentsReceivedTotal"/>
    <link:presentationArc xlink:type="arc" xlink:arcrole="http://www.xbrl.org/2003/arcrole/parent-child" xlink:from="NotePayablesAndPrepaymentsAbstract" xlink:to="PrepaymentsReceivedTotal" xlink:title="presentation: NotePayablesAndPrepaymentsAbstract to PrepaymentsReceivedTotal" order="5.0"/>
    <link:loc xlink:type="locator" xlink:href="../../et-gaap-cor_2011-01-01.xsd#et-gaap_PayablesAndPrepayments" xlink:label="PayablesAndPrepayments" xlink:title="PayablesAndPrepayments"/>
    <link:presentationArc xlink:type="arc" xlink:arcrole="http://www.xbrl.org/2003/arcrole/parent-child" xlink:from="NotePayablesAndPrepaymentsAbstract" xlink:to="PayablesAndPrepayments" xlink:title="presentation: NotePayablesAndPrepaymentsAbstract to PayablesAndPrepayments" order="7.0" preferredLabel="http://www.xbrl.org/2003/role/totalLabel"/>
    <link:loc xlink:type="locator" xlink:href="../../et-gaap-cor_2011-01-01.xsd#et-gaap_TradePayablesTotal" xlink:label="TradePayablesTotal" xlink:title="TradePayablesTotal"/>
    <link:presentationArc xlink:type="arc" xlink:arcrole="http://www.xbrl.org/2003/arcrole/parent-child" xlink:from="NotePayablesAndPrepaymentsAbstract" xlink:to="TradePayablesTotal" xlink:title="presentation: NotePayablesAndPrepaymentsAbstract to TradePayablesTotal" order="1.0"/>
    <link:loc xlink:type="locator" xlink:href="../../et-gaap-cor_2011-01-01.xsd#et-gaap_NotePayablesAndPrepayments" xlink:label="NotePayablesAndPrepayments" xlink:title="NotePayablesAndPrepayments"/>
    <link:presentationArc xlink:type="arc" xlink:arcrole="http://www.xbrl.org/2003/arcrole/parent-child" xlink:from="NotePayablesAndPrepaymentsAbstract" xlink:to="NotePayablesAndPrepayments" xlink:title="presentation: NotePayablesAndPrepaymentsAbstract to NotePayablesAndPrepayments" order="8.0"/>
    <link:loc xlink:type="locator" xlink:href="../../et-gaap-cor_2011-01-01.xsd#et-gaap_NotePayablesAndPrepaymentsAdditionalItemTuple" xlink:label="NotePayablesAndPrepaymentsAdditionalItemTuple" xlink:title="NotePayablesAndPrepaymentsAdditionalItemTuple"/>
    <link:presentationArc xlink:type="arc" xlink:arcrole="http://www.xbrl.org/2003/arcrole/parent-child" xlink:from="NotePayablesAndPrepaymentsAbstract" xlink:to="NotePayablesAndPrepaymentsAdditionalItemTuple" xlink:title="presentation: NotePayablesAndPrepaymentsAbstract to NotePayablesAndPrepaymentsAdditionalItemTuple" order="6.0"/>
    <link:loc xlink:type="locator" xlink:href="../../et-gaap-cor_2011-01-01.xsd#et-gaap_NotePayablesAndPrepaymentsAdditionalItemName" xlink:label="NotePayablesAndPrepaymentsAdditionalItemName" xlink:title="NotePayablesAndPrepaymentsAdditionalItemName"/>
    <link:presentationArc xlink:type="arc" xlink:arcrole="http://www.xbrl.org/2003/arcrole/parent-child" xlink:from="NotePayablesAndPrepaymentsAdditionalItemTuple" xlink:to="NotePayablesAndPrepaymentsAdditionalItemName" xlink:title="presentation: NotePayablesAndPrepaymentsAdditionalItemTuple to NotePayablesAndPrepaymentsAdditionalItemName" order="1.0"/>
    <link:loc xlink:type="locator" xlink:href="../../et-gaap-cor_2011-01-01.xsd#et-gaap_NotePayablesAndPrepaymentsAdditionalItemValue" xlink:label="NotePayablesAndPrepaymentsAdditionalItemValue" xlink:title="NotePayablesAndPrepaymentsAdditionalItemValue"/>
    <link:presentationArc xlink:type="arc" xlink:arcrole="http://www.xbrl.org/2003/arcrole/parent-child" xlink:from="NotePayablesAndPrepaymentsAdditionalItemTuple" xlink:to="NotePayablesAndPrepaymentsAdditionalItemValue" xlink:title="presentation: NotePayablesAndPrepaymentsAdditionalItemTuple to NotePayablesAndPrepaymentsAdditionalItemValue" order="2.0"/>
  </link:presentationLink>
</link:linkbase>
