<?xml version="1.0" encoding="UTF-8"?>
<!--
**************************************************************
et-gaap Taxonomy: 2011-01-01 (Final)

Copyright (C) 2010 Centre of Registers and Information Systems
**************************************************************
-->
<link:linkbase xmlns:xsi="http://www.w3.org/2001/XMLSchema-instance" xsi:schemaLocation="http://www.xbrl.org/2003/linkbase http://www.xbrl.org/2003/xbrl-linkbase-2003-12-31.xsd" xmlns:link="http://www.xbrl.org/2003/linkbase" xmlns:xlink="http://www.w3.org/1999/xlink" xmlns:p0="http://xbrl.org/2005/xbrldt">
  <link:roleRef roleURI="http://xbrl.eesti.ee/role/et-gaap_2011-01-01/NoteTaxPrepaymentsAndLiabilitiesWithElementsIncluded_role-806200" xlink:type="simple" xlink:href="role-806000.xsd#NoteTaxPrepaymentsAndLiabilitiesWithElementsIncluded_role-806200"/>
  <link:arcroleRef arcroleURI="http://xbrl.org/int/dim/arcrole/dimension-domain" xlink:type="simple" xlink:href="http://www.xbrl.org/2005/xbrldt-2005.xsd#dimension-domain"/>
  <link:arcroleRef arcroleURI="http://xbrl.org/int/dim/arcrole/domain-member" xlink:type="simple" xlink:href="http://www.xbrl.org/2005/xbrldt-2005.xsd#domain-member"/>
  <link:arcroleRef arcroleURI="http://xbrl.org/int/dim/arcrole/hypercube-dimension" xlink:type="simple" xlink:href="http://www.xbrl.org/2005/xbrldt-2005.xsd#hypercube-dimension"/>
  <link:definitionLink xlink:type="extended" xlink:role="http://xbrl.eesti.ee/role/et-gaap_2011-01-01/NoteTaxPrepaymentsAndLiabilitiesWithElementsIncluded_role-806200">
    <link:loc xlink:type="locator" xlink:href="../../et-gaap-cor_2011-01-01.xsd#et-gaap_AllocationByTaxLiabilitiesAndPrepaymentsDimension" xlink:label="AllocationByTaxLiabilitiesAndPrepaymentsDimension" xlink:title="AllocationByTaxLiabilitiesAndPrepaymentsDimension"/>
    <link:loc xlink:type="locator" xlink:href="../../et-gaap-cor_2011-01-01.xsd#et-gaap_TotalPrepaymentLiabilitiesAbstract" xlink:label="TotalPrepaymentLiabilitiesAbstract" xlink:title="TotalPrepaymentLiabilitiesAbstract"/>
    <link:definitionArc xlink:type="arc" xlink:arcrole="http://xbrl.org/int/dim/arcrole/dimension-domain" xlink:from="AllocationByTaxLiabilitiesAndPrepaymentsDimension" xlink:to="TotalPrepaymentLiabilitiesAbstract" xlink:title="definition: AllocationByTaxLiabilitiesAndPrepaymentsDimension to TotalPrepaymentLiabilitiesAbstract" order="1.0"/>
    <link:loc xlink:type="locator" xlink:href="../../et-gaap-cor_2011-01-01.xsd#et-gaap_CorporateIncomeTaxAbstract" xlink:label="CorporateIncomeTaxAbstract" xlink:title="CorporateIncomeTaxAbstract"/>
    <link:definitionArc xlink:type="arc" xlink:arcrole="http://xbrl.org/int/dim/arcrole/domain-member" xlink:from="TotalPrepaymentLiabilitiesAbstract" xlink:to="CorporateIncomeTaxAbstract" xlink:title="definition: TotalPrepaymentLiabilitiesAbstract to CorporateIncomeTaxAbstract" order="1.0"/>
    <link:loc xlink:type="locator" xlink:href="../../et-gaap-cor_2011-01-01.xsd#et-gaap_ValueAddedTaxAbstract" xlink:label="ValueAddedTaxAbstract" xlink:title="ValueAddedTaxAbstract"/>
    <link:definitionArc xlink:type="arc" xlink:arcrole="http://xbrl.org/int/dim/arcrole/domain-member" xlink:from="TotalPrepaymentLiabilitiesAbstract" xlink:to="ValueAddedTaxAbstract" xlink:title="definition: TotalPrepaymentLiabilitiesAbstract to ValueAddedTaxAbstract" order="2.0"/>
    <link:loc xlink:type="locator" xlink:href="../../et-gaap-cor_2011-01-01.xsd#et-gaap_PersonalIncomeTaxAbstract" xlink:label="PersonalIncomeTaxAbstract" xlink:title="PersonalIncomeTaxAbstract"/>
    <link:definitionArc xlink:type="arc" xlink:arcrole="http://xbrl.org/int/dim/arcrole/domain-member" xlink:from="TotalPrepaymentLiabilitiesAbstract" xlink:to="PersonalIncomeTaxAbstract" xlink:title="definition: TotalPrepaymentLiabilitiesAbstract to PersonalIncomeTaxAbstract" order="3.0"/>
    <link:loc xlink:type="locator" xlink:href="../../et-gaap-cor_2011-01-01.xsd#et-gaap_FringeBenefitIncomeTaxAbstract" xlink:label="FringeBenefitIncomeTaxAbstract" xlink:title="FringeBenefitIncomeTaxAbstract"/>
    <link:definitionArc xlink:type="arc" xlink:arcrole="http://xbrl.org/int/dim/arcrole/domain-member" xlink:from="TotalPrepaymentLiabilitiesAbstract" xlink:to="FringeBenefitIncomeTaxAbstract" xlink:title="definition: TotalPrepaymentLiabilitiesAbstract to FringeBenefitIncomeTaxAbstract" order="4.0"/>
    <link:loc xlink:type="locator" xlink:href="../../et-gaap-cor_2011-01-01.xsd#et-gaap_SocialTaxAbstract" xlink:label="SocialTaxAbstract" xlink:title="SocialTaxAbstract"/>
    <link:definitionArc xlink:type="arc" xlink:arcrole="http://xbrl.org/int/dim/arcrole/domain-member" xlink:from="TotalPrepaymentLiabilitiesAbstract" xlink:to="SocialTaxAbstract" xlink:title="definition: TotalPrepaymentLiabilitiesAbstract to SocialTaxAbstract" order="5.0"/>
    <link:loc xlink:type="locator" xlink:href="../../et-gaap-cor_2011-01-01.xsd#et-gaap_ContributionsToMandatoryFundedPensionAbstract" xlink:label="ContributionsToMandatoryFundedPensionAbstract" xlink:title="ContributionsToMandatoryFundedPensionAbstract"/>
    <link:definitionArc xlink:type="arc" xlink:arcrole="http://xbrl.org/int/dim/arcrole/domain-member" xlink:from="TotalPrepaymentLiabilitiesAbstract" xlink:to="ContributionsToMandatoryFundedPensionAbstract" xlink:title="definition: TotalPrepaymentLiabilitiesAbstract to ContributionsToMandatoryFundedPensionAbstract" order="6.0"/>
    <link:loc xlink:type="locator" xlink:href="../../et-gaap-cor_2011-01-01.xsd#et-gaap_UnemploymentInsuranceTaxAbstract" xlink:label="UnemploymentInsuranceTaxAbstract" xlink:title="UnemploymentInsuranceTaxAbstract"/>
    <link:definitionArc xlink:type="arc" xlink:arcrole="http://xbrl.org/int/dim/arcrole/domain-member" xlink:from="TotalPrepaymentLiabilitiesAbstract" xlink:to="UnemploymentInsuranceTaxAbstract" xlink:title="definition: TotalPrepaymentLiabilitiesAbstract to UnemploymentInsuranceTaxAbstract" order="7.0"/>
    <link:loc xlink:type="locator" xlink:href="../../et-gaap-cor_2011-01-01.xsd#et-gaap_LandTaxAbstract" xlink:label="LandTaxAbstract" xlink:title="LandTaxAbstract"/>
    <link:definitionArc xlink:type="arc" xlink:arcrole="http://xbrl.org/int/dim/arcrole/domain-member" xlink:from="TotalPrepaymentLiabilitiesAbstract" xlink:to="LandTaxAbstract" xlink:title="definition: TotalPrepaymentLiabilitiesAbstract to LandTaxAbstract" order="8.0"/>
    <link:loc xlink:type="locator" xlink:href="../../et-gaap-cor_2011-01-01.xsd#et-gaap_ExciseDutyTaxAbstract" xlink:label="ExciseDutyTaxAbstract" xlink:title="ExciseDutyTaxAbstract"/>
    <link:definitionArc xlink:type="arc" xlink:arcrole="http://xbrl.org/int/dim/arcrole/domain-member" xlink:from="TotalPrepaymentLiabilitiesAbstract" xlink:to="ExciseDutyTaxAbstract" xlink:title="definition: TotalPrepaymentLiabilitiesAbstract to ExciseDutyTaxAbstract" order="9.0"/>
    <link:loc xlink:type="locator" xlink:href="../../et-gaap-cor_2011-01-01.xsd#et-gaap_OtherTaxPrepaymentsAndLiabilitiesAbstract" xlink:label="OtherTaxPrepaymentsAndLiabilitiesAbstract" xlink:title="OtherTaxPrepaymentsAndLiabilitiesAbstract"/>
    <link:definitionArc xlink:type="arc" xlink:arcrole="http://xbrl.org/int/dim/arcrole/domain-member" xlink:from="TotalPrepaymentLiabilitiesAbstract" xlink:to="OtherTaxPrepaymentsAndLiabilitiesAbstract" xlink:title="definition: TotalPrepaymentLiabilitiesAbstract to OtherTaxPrepaymentsAndLiabilitiesAbstract" order="11.0"/>
    <link:loc xlink:type="locator" xlink:href="../../et-gaap-cor_2011-01-01.xsd#et-gaap_PrepaymentAccountBalanceAbstract" xlink:label="PrepaymentAccountBalanceAbstract" xlink:title="PrepaymentAccountBalanceAbstract"/>
    <link:definitionArc xlink:type="arc" xlink:arcrole="http://xbrl.org/int/dim/arcrole/domain-member" xlink:from="TotalPrepaymentLiabilitiesAbstract" xlink:to="PrepaymentAccountBalanceAbstract" xlink:title="definition: TotalPrepaymentLiabilitiesAbstract to PrepaymentAccountBalanceAbstract" order="12.0"/>
    <link:loc xlink:type="locator" xlink:href="../../et-gaap-cor_2011-01-01.xsd#et-gaap_InterestAbstract" xlink:label="InterestAbstract" xlink:title="InterestAbstract"/>
    <link:definitionArc xlink:type="arc" xlink:arcrole="http://xbrl.org/int/dim/arcrole/domain-member" xlink:from="TotalPrepaymentLiabilitiesAbstract" xlink:to="InterestAbstract" xlink:title="definition: TotalPrepaymentLiabilitiesAbstract to InterestAbstract" order="10.0"/>
    <link:loc xlink:type="locator" xlink:href="../../et-gaap-cor_2011-01-01.xsd#et-gaap_AllocationByTaxLiabilitiesAndPrepaymentsHypercube" xlink:label="AllocationByTaxLiabilitiesAndPrepaymentsHypercube" xlink:title="AllocationByTaxLiabilitiesAndPrepaymentsHypercube"/>
    <link:definitionArc xlink:type="arc" xlink:arcrole="http://xbrl.org/int/dim/arcrole/hypercube-dimension" xlink:from="AllocationByTaxLiabilitiesAndPrepaymentsHypercube" xlink:to="AllocationByTaxLiabilitiesAndPrepaymentsDimension" xlink:title="definition: AllocationByTaxLiabilitiesAndPrepaymentsHypercube to AllocationByTaxLiabilitiesAndPrepaymentsDimension" order="1.0"/>
  </link:definitionLink>
</link:linkbase>
