<?xml version="1.0" encoding="UTF-8"?>
<!--
**************************************************************
et-gaap Taxonomy: 2011-01-01 (Final)

Copyright (C) 2010 Centre of Registers and Information Systems
**************************************************************
-->
<link:linkbase xmlns:xsi="http://www.w3.org/2001/XMLSchema-instance" xsi:schemaLocation="http://www.xbrl.org/2003/linkbase http://www.xbrl.org/2003/xbrl-linkbase-2003-12-31.xsd" xmlns:link="http://www.xbrl.org/2003/linkbase" xmlns:xlink="http://www.w3.org/1999/xlink" xmlns:p0="http://xbrl.org/2005/xbrldt">
  <link:roleRef roleURI="http://xbrl.eesti.ee/role/et-gaap_2011-01-01/NoteTaxPrepaymentsAndLiabilitiesWithElementsExcluded_role-806100" xlink:type="simple" xlink:href="role-806000.xsd#NoteTaxPrepaymentsAndLiabilitiesWithElementsExcluded_role-806100"/>
  <link:arcroleRef arcroleURI="http://xbrl.org/int/dim/arcrole/dimension-domain" xlink:type="simple" xlink:href="http://www.xbrl.org/2005/xbrldt-2005.xsd#dimension-domain"/>
  <link:arcroleRef arcroleURI="http://xbrl.org/int/dim/arcrole/hypercube-dimension" xlink:type="simple" xlink:href="http://www.xbrl.org/2005/xbrldt-2005.xsd#hypercube-dimension"/>
  <link:definitionLink xlink:type="extended" xlink:role="http://xbrl.eesti.ee/role/et-gaap_2011-01-01/NoteTaxPrepaymentsAndLiabilitiesWithElementsExcluded_role-806100">
    <link:loc xlink:type="locator" xlink:href="../../et-gaap-cor_2011-01-01.xsd#et-gaap_AllocationByTaxLiabilitiesAndPrepaymentsHypercubeExclude" xlink:label="AllocationByTaxLiabilitiesAndPrepaymentsHypercubeExclude" xlink:title="AllocationByTaxLiabilitiesAndPrepaymentsHypercubeExclude"/>
    <link:loc xlink:type="locator" xlink:href="../../et-gaap-cor_2011-01-01.xsd#et-gaap_AllocationByTaxLiabilitiesAndPrepaymentsDimension" xlink:label="AllocationByTaxLiabilitiesAndPrepaymentsDimension" xlink:title="AllocationByTaxLiabilitiesAndPrepaymentsDimension"/>
    <link:definitionArc xlink:type="arc" xlink:arcrole="http://xbrl.org/int/dim/arcrole/hypercube-dimension" xlink:from="AllocationByTaxLiabilitiesAndPrepaymentsHypercubeExclude" xlink:to="AllocationByTaxLiabilitiesAndPrepaymentsDimension" xlink:title="definition: AllocationByTaxLiabilitiesAndPrepaymentsHypercubeExclude to AllocationByTaxLiabilitiesAndPrepaymentsDimension" order="1.0"/>
    <link:loc xlink:type="locator" xlink:href="../../et-gaap-cor_2011-01-01.xsd#et-gaap_PrepaymentAccountBalanceAbstract" xlink:label="PrepaymentAccountBalanceAbstract" xlink:title="PrepaymentAccountBalanceAbstract"/>
    <link:definitionArc xlink:type="arc" xlink:arcrole="http://xbrl.org/int/dim/arcrole/dimension-domain" xlink:from="AllocationByTaxLiabilitiesAndPrepaymentsDimension" xlink:to="PrepaymentAccountBalanceAbstract" xlink:title="definition: AllocationByTaxLiabilitiesAndPrepaymentsDimension to PrepaymentAccountBalanceAbstract" order="1.0"/>
  </link:definitionLink>
</link:linkbase>
