<?xml version="1.0" encoding="UTF-8"?>
<!--
**************************************************************
et-gaap Taxonomy: 2011-01-01 (Final)

Copyright (C) 2010 Centre of Registers and Information Systems
**************************************************************
-->
<link:linkbase xmlns:xsi="http://www.w3.org/2001/XMLSchema-instance" xsi:schemaLocation="http://www.xbrl.org/2003/linkbase http://www.xbrl.org/2003/xbrl-linkbase-2003-12-31.xsd" xmlns:link="http://www.xbrl.org/2003/linkbase" xmlns:xlink="http://www.w3.org/1999/xlink" xmlns:p0="http://xbrl.org/2005/xbrldt">
  <link:roleRef roleURI="http://xbrl.eesti.ee/role/et-gaap_2011-01-01/NoteTaxPrepaymentsAndLiabilities_role-806000" xlink:type="simple" xlink:href="role-806000.xsd#NoteTaxPrepaymentsAndLiabilities_role-806000"/>
  <link:roleRef roleURI="http://xbrl.eesti.ee/role/et-gaap_2011-01-01/NoteTaxPrepaymentsAndLiabilitiesWithElementsIncluded_role-806200" xlink:type="simple" xlink:href="role-806000.xsd#NoteTaxPrepaymentsAndLiabilitiesWithElementsIncluded_role-806200"/>
  <link:roleRef roleURI="http://xbrl.eesti.ee/role/et-gaap_2011-01-01/NoteTaxPrepaymentsAndLiabilitiesWithElementsExcluded_role-806100" xlink:type="simple" xlink:href="role-806000.xsd#NoteTaxPrepaymentsAndLiabilitiesWithElementsExcluded_role-806100"/>
  <link:arcroleRef arcroleURI="http://xbrl.org/int/dim/arcrole/all" xlink:type="simple" xlink:href="http://www.xbrl.org/2005/xbrldt-2005.xsd#all"/>
  <link:arcroleRef arcroleURI="http://xbrl.org/int/dim/arcrole/domain-member" xlink:type="simple" xlink:href="http://www.xbrl.org/2005/xbrldt-2005.xsd#domain-member"/>
  <link:arcroleRef arcroleURI="http://xbrl.org/int/dim/arcrole/notAll" xlink:type="simple" xlink:href="http://www.xbrl.org/2005/xbrldt-2005.xsd#notAll"/>
  <link:definitionLink xlink:type="extended" xlink:role="http://xbrl.eesti.ee/role/et-gaap_2011-01-01/NoteTaxPrepaymentsAndLiabilities_role-806000">
    <link:loc xlink:type="locator" xlink:href="../../et-gaap-cor_2011-01-01.xsd#et-gaap_NoteTaxPrepaymentsAndLiabilitiesAbstract" xlink:label="NoteTaxPrepaymentsAndLiabilitiesAbstract" xlink:title="NoteTaxPrepaymentsAndLiabilitiesAbstract"/>
    <link:loc xlink:type="locator" xlink:href="../../et-gaap-cor_2011-01-01.xsd#et-gaap_TaxPrepaymentsAndLiabilitiesAbstract" xlink:label="TaxPrepaymentsAndLiabilitiesAbstract" xlink:title="TaxPrepaymentsAndLiabilitiesAbstract"/>
    <link:definitionArc xlink:type="arc" xlink:arcrole="http://xbrl.org/int/dim/arcrole/domain-member" xlink:from="NoteTaxPrepaymentsAndLiabilitiesAbstract" xlink:to="TaxPrepaymentsAndLiabilitiesAbstract" xlink:title="definition: NoteTaxPrepaymentsAndLiabilitiesAbstract to TaxPrepaymentsAndLiabilitiesAbstract" order="4.0"/>
    <link:loc xlink:type="locator" xlink:href="../../et-gaap-cor_2011-01-01.xsd#et-gaap_TaxPrepayments" xlink:label="TaxPrepayments" xlink:title="TaxPrepayments"/>
    <link:definitionArc xlink:type="arc" xlink:arcrole="http://xbrl.org/int/dim/arcrole/domain-member" xlink:from="TaxPrepaymentsAndLiabilitiesAbstract" xlink:to="TaxPrepayments" xlink:title="definition: TaxPrepaymentsAndLiabilitiesAbstract to TaxPrepayments" use="optional" order="1.0"/>
    <link:loc xlink:type="locator" xlink:href="../../et-gaap-cor_2011-01-01.xsd#et-gaap_TaxLiabilities" xlink:label="TaxLiabilities" xlink:title="TaxLiabilities"/>
    <link:definitionArc xlink:type="arc" xlink:arcrole="http://xbrl.org/int/dim/arcrole/domain-member" xlink:from="TaxPrepaymentsAndLiabilitiesAbstract" xlink:to="TaxLiabilities" xlink:title="definition: TaxPrepaymentsAndLiabilitiesAbstract to TaxLiabilities" use="optional" order="2.0"/>
    <link:loc xlink:type="locator" xlink:href="../../et-gaap-cor_2011-01-01.xsd#et-gaap_AllocationByTaxLiabilitiesAndPrepaymentsHypercubeExclude" xlink:label="AllocationByTaxLiabilitiesAndPrepaymentsHypercubeExclude" xlink:title="AllocationByTaxLiabilitiesAndPrepaymentsHypercubeExclude"/>
    <link:definitionArc xlink:type="arc" xlink:arcrole="http://xbrl.org/int/dim/arcrole/notAll" xlink:from="TaxLiabilities" xlink:to="AllocationByTaxLiabilitiesAndPrepaymentsHypercubeExclude" xlink:title="definition: TaxLiabilities to AllocationByTaxLiabilitiesAndPrepaymentsHypercubeExclude" order="1.0" p0:targetRole="http://xbrl.eesti.ee/role/et-gaap_2011-01-01/NoteTaxPrepaymentsAndLiabilitiesWithElementsExcluded_role-806100" p0:contextElement="scenario"/>
    <link:loc xlink:type="locator" xlink:href="../../et-gaap-cor_2011-01-01.xsd#et-gaap_AllocationByTaxLiabilitiesAndPrepaymentsHypercube" xlink:label="AllocationByTaxLiabilitiesAndPrepaymentsHypercube" xlink:title="AllocationByTaxLiabilitiesAndPrepaymentsHypercube"/>
    <link:definitionArc xlink:type="arc" xlink:arcrole="http://xbrl.org/int/dim/arcrole/all" xlink:from="TaxPrepaymentsAndLiabilitiesAbstract" xlink:to="AllocationByTaxLiabilitiesAndPrepaymentsHypercube" xlink:title="definition: TaxPrepaymentsAndLiabilitiesAbstract to AllocationByTaxLiabilitiesAndPrepaymentsHypercube" use="optional" order="3.0" p0:targetRole="http://xbrl.eesti.ee/role/et-gaap_2011-01-01/NoteTaxPrepaymentsAndLiabilitiesWithElementsIncluded_role-806200" p0:contextElement="scenario"/>
    <link:loc xlink:type="locator" xlink:href="../../et-gaap-cor_2011-01-01.xsd#et-gaap_NoteTaxPrepaymentsAndLiabilities" xlink:label="NoteTaxPrepaymentsAndLiabilities" xlink:title="NoteTaxPrepaymentsAndLiabilities"/>
    <link:definitionArc xlink:type="arc" xlink:arcrole="http://xbrl.org/int/dim/arcrole/domain-member" xlink:from="NoteTaxPrepaymentsAndLiabilitiesAbstract" xlink:to="NoteTaxPrepaymentsAndLiabilities" xlink:title="definition: NoteTaxPrepaymentsAndLiabilitiesAbstract to NoteTaxPrepaymentsAndLiabilities" order="5.0"/>
  </link:definitionLink>
</link:linkbase>
