<?xml version="1.0" encoding="UTF-8"?>
<!--
**************************************************************
et-gaap Taxonomy: 2011-01-01 (Final)

Copyright (C) 2010 Centre of Registers and Information Systems
**************************************************************
-->
<link:linkbase xmlns:xsi="http://www.w3.org/2001/XMLSchema-instance" xsi:schemaLocation="http://www.xbrl.org/2003/linkbase http://www.xbrl.org/2003/xbrl-linkbase-2003-12-31.xsd" xmlns:link="http://www.xbrl.org/2003/linkbase" xmlns:xbrldt="http://xbrl.org/2005/xbrldt" xmlns:xlink="http://www.w3.org/1999/xlink">
  <link:roleRef roleURI="http://xbrl.eesti.ee/role/et-gaap_2011-01-01/NoteGrantsWithSpecialTerms_role-829020" xlink:type="simple" xlink:href="role-829000.xsd#NoteGrantsWithSpecialTerms_role-829020"/>
  <link:calculationLink xlink:type="extended" xlink:role="http://xbrl.eesti.ee/role/et-gaap_2011-01-01/NoteGrantsWithSpecialTerms_role-829020">
    <link:loc xlink:type="locator" xlink:href="../../et-gaap-cor_2011-01-01.xsd#et-gaap_GrantsGrossMethodTotal" xlink:label="GrantsGrossMethodTotal" xlink:title="GrantsGrossMethodTotal"/>
    <link:loc xlink:type="locator" xlink:href="../../et-gaap-cor_2011-01-01.xsd#et-gaap_GrantsGrossMethodGrantsForOperatingExpensesTotal" xlink:label="GrantsGrossMethodGrantsForOperatingExpensesTotal" xlink:title="GrantsGrossMethodGrantsForOperatingExpensesTotal"/>
    <link:calculationArc xlink:type="arc" xlink:arcrole="http://www.xbrl.org/2003/arcrole/summation-item" xlink:from="GrantsGrossMethodTotal" xlink:to="GrantsGrossMethodGrantsForOperatingExpensesTotal" xlink:title="calculation: GrantsGrossMethodTotal to GrantsGrossMethodGrantsForOperatingExpensesTotal" order="1.0" weight="1.0"/>
    <link:loc xlink:type="locator" xlink:href="../../et-gaap-cor_2011-01-01.xsd#et-gaap_GrantsGrossMethodGrantsForAcquisitionOfNonCurrentAssetsTotal" xlink:label="GrantsGrossMethodGrantsForAcquisitionOfNonCurrentAssetsTotal" xlink:title="GrantsGrossMethodGrantsForAcquisitionOfNonCurrentAssetsTotal"/>
    <link:calculationArc xlink:type="arc" xlink:arcrole="http://www.xbrl.org/2003/arcrole/summation-item" xlink:from="GrantsGrossMethodTotal" xlink:to="GrantsGrossMethodGrantsForAcquisitionOfNonCurrentAssetsTotal" xlink:title="calculation: GrantsGrossMethodTotal to GrantsGrossMethodGrantsForAcquisitionOfNonCurrentAssetsTotal" order="2.0" weight="1.0"/>
    <link:loc xlink:type="locator" xlink:href="../../et-gaap-cor_2011-01-01.xsd#et-gaap_GrantsGrossMethodGrantsForAgriculturalProduceTotal" xlink:label="GrantsGrossMethodGrantsForAgriculturalProduceTotal" xlink:title="GrantsGrossMethodGrantsForAgriculturalProduceTotal"/>
    <link:calculationArc xlink:type="arc" xlink:arcrole="http://www.xbrl.org/2003/arcrole/summation-item" xlink:from="GrantsGrossMethodTotal" xlink:to="GrantsGrossMethodGrantsForAgriculturalProduceTotal" xlink:title="calculation: GrantsGrossMethodTotal to GrantsGrossMethodGrantsForAgriculturalProduceTotal" order="3.0" weight="1.0"/>
    <link:loc xlink:type="locator" xlink:href="../../et-gaap-cor_2011-01-01.xsd#et-gaap_GrantsNetMethodTotal" xlink:label="GrantsNetMethodTotal" xlink:title="GrantsNetMethodTotal"/>
    <link:loc xlink:type="locator" xlink:href="../../et-gaap-cor_2011-01-01.xsd#et-gaap_GrantsNetMethodGrantsForOperatingExpensesTotal" xlink:label="GrantsNetMethodGrantsForOperatingExpensesTotal" xlink:title="GrantsNetMethodGrantsForOperatingExpensesTotal"/>
    <link:calculationArc xlink:type="arc" xlink:arcrole="http://www.xbrl.org/2003/arcrole/summation-item" xlink:from="GrantsNetMethodTotal" xlink:to="GrantsNetMethodGrantsForOperatingExpensesTotal" xlink:title="calculation: GrantsNetMethodTotal to GrantsNetMethodGrantsForOperatingExpensesTotal" order="1.0" weight="1.0"/>
    <link:loc xlink:type="locator" xlink:href="../../et-gaap-cor_2011-01-01.xsd#et-gaap_GrantsNetMethodGrantsForAcquisitionOfNonCurrentAssetsTotal" xlink:label="GrantsNetMethodGrantsForAcquisitionOfNonCurrentAssetsTotal" xlink:title="GrantsNetMethodGrantsForAcquisitionOfNonCurrentAssetsTotal"/>
    <link:calculationArc xlink:type="arc" xlink:arcrole="http://www.xbrl.org/2003/arcrole/summation-item" xlink:from="GrantsNetMethodTotal" xlink:to="GrantsNetMethodGrantsForAcquisitionOfNonCurrentAssetsTotal" xlink:title="calculation: GrantsNetMethodTotal to GrantsNetMethodGrantsForAcquisitionOfNonCurrentAssetsTotal" order="2.0" weight="1.0"/>
    <link:loc xlink:type="locator" xlink:href="../../et-gaap-cor_2011-01-01.xsd#et-gaap_GrantsNetMethodGrantsForAgriculturalProduceTotal" xlink:label="GrantsNetMethodGrantsForAgriculturalProduceTotal" xlink:title="GrantsNetMethodGrantsForAgriculturalProduceTotal"/>
    <link:calculationArc xlink:type="arc" xlink:arcrole="http://www.xbrl.org/2003/arcrole/summation-item" xlink:from="GrantsNetMethodTotal" xlink:to="GrantsNetMethodGrantsForAgriculturalProduceTotal" xlink:title="calculation: GrantsNetMethodTotal to GrantsNetMethodGrantsForAgriculturalProduceTotal" order="3.0" weight="1.0"/>
  </link:calculationLink>
</link:linkbase>
