<?xml version="1.0" encoding="UTF-8"?>
<!--
**************************************************************
et-gaap Taxonomy: 2011-01-01 (Final)

Copyright (C) 2010 Centre of Registers and Information Systems
**************************************************************
-->
<link:linkbase xmlns:xsi="http://www.w3.org/2001/XMLSchema-instance" xsi:schemaLocation="http://www.xbrl.org/2003/linkbase http://www.xbrl.org/2003/xbrl-linkbase-2003-12-31.xsd" xmlns:link="http://www.xbrl.org/2003/linkbase" xmlns:p0="http://xbrl.org/2005/xbrldt" xmlns:xlink="http://www.w3.org/1999/xlink">
  <link:roleRef roleURI="http://xbrl.eesti.ee/role/et-gaap_2011-01-01/NoteGrantsWithSpecialTerms_role-829020" xlink:type="simple" xlink:href="role-829000.xsd#NoteGrantsWithSpecialTerms_role-829020"/>
  <link:arcroleRef arcroleURI="http://xbrl.org/int/dim/arcrole/all" xlink:type="simple" xlink:href="http://www.xbrl.org/2005/xbrldt-2005.xsd#all"/>
  <link:arcroleRef arcroleURI="http://xbrl.org/int/dim/arcrole/dimension-domain" xlink:type="simple" xlink:href="http://www.xbrl.org/2005/xbrldt-2005.xsd#dimension-domain"/>
  <link:arcroleRef arcroleURI="http://xbrl.org/int/dim/arcrole/domain-member" xlink:type="simple" xlink:href="http://www.xbrl.org/2005/xbrldt-2005.xsd#domain-member"/>
  <link:arcroleRef arcroleURI="http://xbrl.org/int/dim/arcrole/hypercube-dimension" xlink:type="simple" xlink:href="http://www.xbrl.org/2005/xbrldt-2005.xsd#hypercube-dimension"/>
  <link:definitionLink xlink:type="extended" xlink:role="http://xbrl.eesti.ee/role/et-gaap_2011-01-01/NoteGrantsWithSpecialTerms_role-829020">
    <link:loc xlink:type="locator" xlink:href="../../et-gaap-cor_2011-01-01.xsd#et-gaap_NoteGrantsWithSpecialTermsAbstract" xlink:label="NoteGrantsWithSpecialTermsAbstract" xlink:title="NoteGrantsWithSpecialTermsAbstract"/>
    <link:loc xlink:type="locator" xlink:href="../../et-gaap-cor_2011-01-01.xsd#et-gaap_NoteGrantsGrossMethodAbstract" xlink:label="NoteGrantsGrossMethodAbstract" xlink:title="NoteGrantsGrossMethodAbstract"/>
    <link:definitionArc xlink:type="arc" xlink:arcrole="http://xbrl.org/int/dim/arcrole/domain-member" xlink:from="NoteGrantsWithSpecialTermsAbstract" xlink:to="NoteGrantsGrossMethodAbstract" xlink:title="definition: NoteGrantsWithSpecialTermsAbstract to NoteGrantsGrossMethodAbstract" use="optional" order="1.0"/>
    <link:loc xlink:type="locator" xlink:href="../../et-gaap-cor_2011-01-01.xsd#et-gaap_NoteGrantsGrossMethodGrantsForAcquisitionOfNonCurrentAssetsAbstract" xlink:label="NoteGrantsGrossMethodGrantsForAcquisitionOfNonCurrentAssetsAbstract" xlink:title="NoteGrantsGrossMethodGrantsForAcquisitionOfNonCurrentAssetsAbstract"/>
    <link:definitionArc xlink:type="arc" xlink:arcrole="http://xbrl.org/int/dim/arcrole/domain-member" xlink:from="NoteGrantsGrossMethodAbstract" xlink:to="NoteGrantsGrossMethodGrantsForAcquisitionOfNonCurrentAssetsAbstract" xlink:title="definition: NoteGrantsGrossMethodAbstract to NoteGrantsGrossMethodGrantsForAcquisitionOfNonCurrentAssetsAbstract" order="1.0"/>
    <link:loc xlink:type="locator" xlink:href="../../et-gaap-cor_2011-01-01.xsd#et-gaap_GrantsGrossMethodGrantsForAcquisitionOfNonCurrentAssets" xlink:label="GrantsGrossMethodGrantsForAcquisitionOfNonCurrentAssets" xlink:title="GrantsGrossMethodGrantsForAcquisitionOfNonCurrentAssets"/>
    <link:definitionArc xlink:type="arc" xlink:arcrole="http://xbrl.org/int/dim/arcrole/domain-member" xlink:from="NoteGrantsGrossMethodGrantsForAcquisitionOfNonCurrentAssetsAbstract" xlink:to="GrantsGrossMethodGrantsForAcquisitionOfNonCurrentAssets" xlink:title="definition: NoteGrantsGrossMethodGrantsForAcquisitionOfNonCurrentAssetsAbstract to GrantsGrossMethodGrantsForAcquisitionOfNonCurrentAssets" order="1.0"/>
    <link:loc xlink:type="locator" xlink:href="../../et-gaap-cor_2011-01-01.xsd#et-gaap_GrantsAllocationByGrossMethodUsageAndGrantsForAcquisitionOfNonCurrentAssetsHypercube" xlink:label="GrantsAllocationByGrossMethodUsageAndGrantsForAcquisitionOfNonCurrentAssetsHypercube" xlink:title="GrantsAllocationByGrossMethodUsageAndGrantsForAcquisitionOfNonCurrentAssetsHypercube"/>
    <link:definitionArc xlink:type="arc" xlink:arcrole="http://xbrl.org/int/dim/arcrole/all" xlink:from="GrantsGrossMethodGrantsForAcquisitionOfNonCurrentAssets" xlink:to="GrantsAllocationByGrossMethodUsageAndGrantsForAcquisitionOfNonCurrentAssetsHypercube" xlink:title="definition: GrantsGrossMethodGrantsForAcquisitionOfNonCurrentAssets to GrantsAllocationByGrossMethodUsageAndGrantsForAcquisitionOfNonCurrentAssetsHypercube" order="1.0" p0:contextElement="scenario"/>
    <link:loc xlink:type="locator" xlink:href="../../et-gaap-cor_2011-01-01.xsd#et-gaap_GrantsGrossMethodGrantsForAcquisitionOfNonCurrentAssetsDimension" xlink:label="GrantsGrossMethodGrantsForAcquisitionOfNonCurrentAssetsDimension" xlink:title="GrantsGrossMethodGrantsForAcquisitionOfNonCurrentAssetsDimension"/>
    <link:definitionArc xlink:type="arc" xlink:arcrole="http://xbrl.org/int/dim/arcrole/hypercube-dimension" xlink:from="GrantsAllocationByGrossMethodUsageAndGrantsForAcquisitionOfNonCurrentAssetsHypercube" xlink:to="GrantsGrossMethodGrantsForAcquisitionOfNonCurrentAssetsDimension" xlink:title="definition: GrantsAllocationByGrossMethodUsageAndGrantsForAcquisitionOfNonCurrentAssetsHypercube to GrantsGrossMethodGrantsForAcquisitionOfNonCurrentAssetsDimension" order="1.0"/>
    <link:loc xlink:type="locator" xlink:href="../../et-gaap-cor_2011-01-01.xsd#et-gaap_GrantsAllocationByGrossMethodUsageDimension" xlink:label="GrantsAllocationByGrossMethodUsageDimension" xlink:title="GrantsAllocationByGrossMethodUsageDimension"/>
    <link:definitionArc xlink:type="arc" xlink:arcrole="http://xbrl.org/int/dim/arcrole/hypercube-dimension" xlink:from="GrantsAllocationByGrossMethodUsageAndGrantsForAcquisitionOfNonCurrentAssetsHypercube" xlink:to="GrantsAllocationByGrossMethodUsageDimension" xlink:title="definition: GrantsAllocationByGrossMethodUsageAndGrantsForAcquisitionOfNonCurrentAssetsHypercube to GrantsAllocationByGrossMethodUsageDimension" order="2.0"/>
    <link:loc xlink:type="locator" xlink:href="../../et-gaap-cor_2011-01-01.xsd#et-gaap_GrantsAllocationByGrossMethodUsageAtEndOfPreviousPeriodAbstract" xlink:label="GrantsAllocationByGrossMethodUsageAtEndOfPreviousPeriodAbstract" xlink:title="GrantsAllocationByGrossMethodUsageAtEndOfPreviousPeriodAbstract"/>
    <link:definitionArc xlink:type="arc" xlink:arcrole="http://xbrl.org/int/dim/arcrole/dimension-domain" xlink:from="GrantsAllocationByGrossMethodUsageDimension" xlink:to="GrantsAllocationByGrossMethodUsageAtEndOfPreviousPeriodAbstract" xlink:title="definition: GrantsAllocationByGrossMethodUsageDimension to GrantsAllocationByGrossMethodUsageAtEndOfPreviousPeriodAbstract" order="1.0"/>
    <link:loc xlink:type="locator" xlink:href="../../et-gaap-cor_2011-01-01.xsd#et-gaap_GrantsAllocationByGrossMethodUsageReceivedAbstract" xlink:label="GrantsAllocationByGrossMethodUsageReceivedAbstract" xlink:title="GrantsAllocationByGrossMethodUsageReceivedAbstract"/>
    <link:definitionArc xlink:type="arc" xlink:arcrole="http://xbrl.org/int/dim/arcrole/dimension-domain" xlink:from="GrantsAllocationByGrossMethodUsageDimension" xlink:to="GrantsAllocationByGrossMethodUsageReceivedAbstract" xlink:title="definition: GrantsAllocationByGrossMethodUsageDimension to GrantsAllocationByGrossMethodUsageReceivedAbstract" order="2.0"/>
    <link:loc xlink:type="locator" xlink:href="../../et-gaap-cor_2011-01-01.xsd#et-gaap_GrantsAllocationByGrossMethodUsageRepaidAbstract" xlink:label="GrantsAllocationByGrossMethodUsageRepaidAbstract" xlink:title="GrantsAllocationByGrossMethodUsageRepaidAbstract"/>
    <link:definitionArc xlink:type="arc" xlink:arcrole="http://xbrl.org/int/dim/arcrole/dimension-domain" xlink:from="GrantsAllocationByGrossMethodUsageDimension" xlink:to="GrantsAllocationByGrossMethodUsageRepaidAbstract" xlink:title="definition: GrantsAllocationByGrossMethodUsageDimension to GrantsAllocationByGrossMethodUsageRepaidAbstract" order="3.0"/>
    <link:loc xlink:type="locator" xlink:href="../../et-gaap-cor_2011-01-01.xsd#et-gaap_GrantsAllocationByGrossMethodUsageRevenueDepreciationAbstract" xlink:label="GrantsAllocationByGrossMethodUsageRevenueDepreciationAbstract" xlink:title="GrantsAllocationByGrossMethodUsageRevenueDepreciationAbstract"/>
    <link:definitionArc xlink:type="arc" xlink:arcrole="http://xbrl.org/int/dim/arcrole/dimension-domain" xlink:from="GrantsAllocationByGrossMethodUsageDimension" xlink:to="GrantsAllocationByGrossMethodUsageRevenueDepreciationAbstract" xlink:title="definition: GrantsAllocationByGrossMethodUsageDimension to GrantsAllocationByGrossMethodUsageRevenueDepreciationAbstract" order="4.0"/>
    <link:loc xlink:type="locator" xlink:href="../../et-gaap-cor_2011-01-01.xsd#et-gaap_GrantsAllocationByGrossMethodUsageAtEndOfPeriodAbstract" xlink:label="GrantsAllocationByGrossMethodUsageAtEndOfPeriodAbstract" xlink:title="GrantsAllocationByGrossMethodUsageAtEndOfPeriodAbstract"/>
    <link:definitionArc xlink:type="arc" xlink:arcrole="http://xbrl.org/int/dim/arcrole/dimension-domain" xlink:from="GrantsAllocationByGrossMethodUsageDimension" xlink:to="GrantsAllocationByGrossMethodUsageAtEndOfPeriodAbstract" xlink:title="definition: GrantsAllocationByGrossMethodUsageDimension to GrantsAllocationByGrossMethodUsageAtEndOfPeriodAbstract" order="5.0"/>
    <link:loc xlink:type="locator" xlink:href="../../et-gaap-cor_2011-01-01.xsd#et-gaap_GrantsGrossMethodGrantsForAcquisitionOfNonCurrentAssetsTotal" xlink:label="GrantsGrossMethodGrantsForAcquisitionOfNonCurrentAssetsTotal" xlink:title="GrantsGrossMethodGrantsForAcquisitionOfNonCurrentAssetsTotal"/>
    <link:definitionArc xlink:type="arc" xlink:arcrole="http://xbrl.org/int/dim/arcrole/domain-member" xlink:from="NoteGrantsGrossMethodGrantsForAcquisitionOfNonCurrentAssetsAbstract" xlink:to="GrantsGrossMethodGrantsForAcquisitionOfNonCurrentAssetsTotal" xlink:title="definition: NoteGrantsGrossMethodGrantsForAcquisitionOfNonCurrentAssetsAbstract to GrantsGrossMethodGrantsForAcquisitionOfNonCurrentAssetsTotal" order="2.0"/>
    <link:loc xlink:type="locator" xlink:href="../../et-gaap-cor_2011-01-01.xsd#et-gaap_GrantsAllocationByGrossMethodUsageHypercube" xlink:label="GrantsAllocationByGrossMethodUsageHypercube" xlink:title="GrantsAllocationByGrossMethodUsageHypercube"/>
    <link:definitionArc xlink:type="arc" xlink:arcrole="http://xbrl.org/int/dim/arcrole/all" xlink:from="GrantsGrossMethodGrantsForAcquisitionOfNonCurrentAssetsTotal" xlink:to="GrantsAllocationByGrossMethodUsageHypercube" xlink:title="definition: GrantsGrossMethodGrantsForAcquisitionOfNonCurrentAssetsTotal to GrantsAllocationByGrossMethodUsageHypercube" order="1.0" p0:contextElement="scenario"/>
    <link:definitionArc xlink:type="arc" xlink:arcrole="http://xbrl.org/int/dim/arcrole/hypercube-dimension" xlink:from="GrantsAllocationByGrossMethodUsageHypercube" xlink:to="GrantsAllocationByGrossMethodUsageDimension" xlink:title="definition: GrantsAllocationByGrossMethodUsageHypercube to GrantsAllocationByGrossMethodUsageDimension" order="1.0" p0:targetRole="http://xbrl.eesti.ee/role/et-gaap_2011-01-01/NoteGrantsWithSpecialTerms_role-829020"/>
    <link:loc xlink:type="locator" xlink:href="../../et-gaap-cor_2011-01-01.xsd#et-gaap_NoteGrantsGrossMethodGrantsForOperatingExpensesAbstract" xlink:label="NoteGrantsGrossMethodGrantsForOperatingExpensesAbstract" xlink:title="NoteGrantsGrossMethodGrantsForOperatingExpensesAbstract"/>
    <link:definitionArc xlink:type="arc" xlink:arcrole="http://xbrl.org/int/dim/arcrole/domain-member" xlink:from="NoteGrantsGrossMethodAbstract" xlink:to="NoteGrantsGrossMethodGrantsForOperatingExpensesAbstract" xlink:title="definition: NoteGrantsGrossMethodAbstract to NoteGrantsGrossMethodGrantsForOperatingExpensesAbstract" order="2.0"/>
    <link:loc xlink:type="locator" xlink:href="../../et-gaap-cor_2011-01-01.xsd#et-gaap_GrantsGrossMethodGrantsForOperatingExpenses" xlink:label="GrantsGrossMethodGrantsForOperatingExpenses" xlink:title="GrantsGrossMethodGrantsForOperatingExpenses"/>
    <link:definitionArc xlink:type="arc" xlink:arcrole="http://xbrl.org/int/dim/arcrole/domain-member" xlink:from="NoteGrantsGrossMethodGrantsForOperatingExpensesAbstract" xlink:to="GrantsGrossMethodGrantsForOperatingExpenses" xlink:title="definition: NoteGrantsGrossMethodGrantsForOperatingExpensesAbstract to GrantsGrossMethodGrantsForOperatingExpenses" order="1.0"/>
    <link:loc xlink:type="locator" xlink:href="../../et-gaap-cor_2011-01-01.xsd#et-gaap_GrantsAllocationByGrossMethodUsageAndGrantsForOperatingExpensesHypercube" xlink:label="GrantsAllocationByGrossMethodUsageAndGrantsForOperatingExpensesHypercube" xlink:title="GrantsAllocationByGrossMethodUsageAndGrantsForOperatingExpensesHypercube"/>
    <link:definitionArc xlink:type="arc" xlink:arcrole="http://xbrl.org/int/dim/arcrole/all" xlink:from="GrantsGrossMethodGrantsForOperatingExpenses" xlink:to="GrantsAllocationByGrossMethodUsageAndGrantsForOperatingExpensesHypercube" xlink:title="definition: GrantsGrossMethodGrantsForOperatingExpenses to GrantsAllocationByGrossMethodUsageAndGrantsForOperatingExpensesHypercube" order="1.0" p0:contextElement="scenario"/>
    <link:loc xlink:type="locator" xlink:href="../../et-gaap-cor_2011-01-01.xsd#et-gaap_GrantsGrossMethodGrantsForOperatingExpensesDimension" xlink:label="GrantsGrossMethodGrantsForOperatingExpensesDimension" xlink:title="GrantsGrossMethodGrantsForOperatingExpensesDimension"/>
    <link:definitionArc xlink:type="arc" xlink:arcrole="http://xbrl.org/int/dim/arcrole/hypercube-dimension" xlink:from="GrantsAllocationByGrossMethodUsageAndGrantsForOperatingExpensesHypercube" xlink:to="GrantsGrossMethodGrantsForOperatingExpensesDimension" xlink:title="definition: GrantsAllocationByGrossMethodUsageAndGrantsForOperatingExpensesHypercube to GrantsGrossMethodGrantsForOperatingExpensesDimension" order="1.0"/>
    <link:definitionArc xlink:type="arc" xlink:arcrole="http://xbrl.org/int/dim/arcrole/hypercube-dimension" xlink:from="GrantsAllocationByGrossMethodUsageAndGrantsForOperatingExpensesHypercube" xlink:to="GrantsAllocationByGrossMethodUsageDimension" xlink:title="definition: GrantsAllocationByGrossMethodUsageAndGrantsForOperatingExpensesHypercube to GrantsAllocationByGrossMethodUsageDimension" order="2.0" p0:targetRole="http://xbrl.eesti.ee/role/et-gaap_2011-01-01/NoteGrantsWithSpecialTerms_role-829020"/>
    <link:loc xlink:type="locator" xlink:href="../../et-gaap-cor_2011-01-01.xsd#et-gaap_GrantsGrossMethodGrantsForOperatingExpensesTotal" xlink:label="GrantsGrossMethodGrantsForOperatingExpensesTotal" xlink:title="GrantsGrossMethodGrantsForOperatingExpensesTotal"/>
    <link:definitionArc xlink:type="arc" xlink:arcrole="http://xbrl.org/int/dim/arcrole/domain-member" xlink:from="NoteGrantsGrossMethodGrantsForOperatingExpensesAbstract" xlink:to="GrantsGrossMethodGrantsForOperatingExpensesTotal" xlink:title="definition: NoteGrantsGrossMethodGrantsForOperatingExpensesAbstract to GrantsGrossMethodGrantsForOperatingExpensesTotal" order="2.0"/>
    <link:definitionArc xlink:type="arc" xlink:arcrole="http://xbrl.org/int/dim/arcrole/all" xlink:from="GrantsGrossMethodGrantsForOperatingExpensesTotal" xlink:to="GrantsAllocationByGrossMethodUsageHypercube" xlink:title="definition: GrantsGrossMethodGrantsForOperatingExpensesTotal to GrantsAllocationByGrossMethodUsageHypercube" order="1.0" p0:contextElement="scenario"/>
    <link:loc xlink:type="locator" xlink:href="../../et-gaap-cor_2011-01-01.xsd#et-gaap_NoteGrantsWithSpecialTermsGrossMethod" xlink:label="NoteGrantsWithSpecialTermsGrossMethod" xlink:title="NoteGrantsWithSpecialTermsGrossMethod"/>
    <link:definitionArc xlink:type="arc" xlink:arcrole="http://xbrl.org/int/dim/arcrole/domain-member" xlink:from="NoteGrantsGrossMethodAbstract" xlink:to="NoteGrantsWithSpecialTermsGrossMethod" xlink:title="definition: NoteGrantsGrossMethodAbstract to NoteGrantsWithSpecialTermsGrossMethod" order="5.0"/>
    <link:loc xlink:type="locator" xlink:href="../../et-gaap-cor_2011-01-01.xsd#et-gaap_GrantsGrossMethodTotal" xlink:label="GrantsGrossMethodTotal" xlink:title="GrantsGrossMethodTotal"/>
    <link:definitionArc xlink:type="arc" xlink:arcrole="http://xbrl.org/int/dim/arcrole/domain-member" xlink:from="NoteGrantsGrossMethodAbstract" xlink:to="GrantsGrossMethodTotal" xlink:title="definition: NoteGrantsGrossMethodAbstract to GrantsGrossMethodTotal" order="4.0"/>
    <link:definitionArc xlink:type="arc" xlink:arcrole="http://xbrl.org/int/dim/arcrole/all" xlink:from="GrantsGrossMethodTotal" xlink:to="GrantsAllocationByGrossMethodUsageHypercube" xlink:title="definition: GrantsGrossMethodTotal to GrantsAllocationByGrossMethodUsageHypercube" use="optional" order="1.0" p0:contextElement="scenario" p0:targetRole="http://xbrl.eesti.ee/role/et-gaap_2011-01-01/NoteGrantsWithSpecialTerms_role-829020"/>
    <link:loc xlink:type="locator" xlink:href="../../et-gaap-cor_2011-01-01.xsd#et-gaap_GrantsGrossMethodGrantsForAgriculturalProduceAbstract" xlink:label="GrantsGrossMethodGrantsForAgriculturalProduceAbstract" xlink:title="GrantsGrossMethodGrantsForAgriculturalProduceAbstract"/>
    <link:definitionArc xlink:type="arc" xlink:arcrole="http://xbrl.org/int/dim/arcrole/domain-member" xlink:from="NoteGrantsGrossMethodAbstract" xlink:to="GrantsGrossMethodGrantsForAgriculturalProduceAbstract" xlink:title="definition: NoteGrantsGrossMethodAbstract to GrantsGrossMethodGrantsForAgriculturalProduceAbstract" order="3.0"/>
    <link:loc xlink:type="locator" xlink:href="../../et-gaap-cor_2011-01-01.xsd#et-gaap_GrantsGrossMethodGrantsForAgriculturalProduce" xlink:label="GrantsGrossMethodGrantsForAgriculturalProduce" xlink:title="GrantsGrossMethodGrantsForAgriculturalProduce"/>
    <link:definitionArc xlink:type="arc" xlink:arcrole="http://xbrl.org/int/dim/arcrole/domain-member" xlink:from="GrantsGrossMethodGrantsForAgriculturalProduceAbstract" xlink:to="GrantsGrossMethodGrantsForAgriculturalProduce" xlink:title="definition: GrantsGrossMethodGrantsForAgriculturalProduceAbstract to GrantsGrossMethodGrantsForAgriculturalProduce" order="1.0"/>
    <link:loc xlink:type="locator" xlink:href="../../et-gaap-cor_2011-01-01.xsd#et-gaap_GrantsAllocationByGrossMethodUsageAndGrantsGrossMethodGrantsForAgriculturalProduceHypercube" xlink:label="GrantsAllocationByGrossMethodUsageAndGrantsGrossMethodGrantsForAgriculturalProduceHypercube" xlink:title="GrantsAllocationByGrossMethodUsageAndGrantsGrossMethodGrantsForAgriculturalProduceHypercube"/>
    <link:definitionArc xlink:type="arc" xlink:arcrole="http://xbrl.org/int/dim/arcrole/all" xlink:from="GrantsGrossMethodGrantsForAgriculturalProduce" xlink:to="GrantsAllocationByGrossMethodUsageAndGrantsGrossMethodGrantsForAgriculturalProduceHypercube" xlink:title="definition: GrantsGrossMethodGrantsForAgriculturalProduce to GrantsAllocationByGrossMethodUsageAndGrantsGrossMethodGrantsForAgriculturalProduceHypercube" order="1.0" p0:contextElement="scenario"/>
    <link:loc xlink:type="locator" xlink:href="../../et-gaap-cor_2011-01-01.xsd#et-gaap_GrantsGrossMethodGrantsForAgriculturalProduceDimension" xlink:label="GrantsGrossMethodGrantsForAgriculturalProduceDimension" xlink:title="GrantsGrossMethodGrantsForAgriculturalProduceDimension"/>
    <link:definitionArc xlink:type="arc" xlink:arcrole="http://xbrl.org/int/dim/arcrole/hypercube-dimension" xlink:from="GrantsAllocationByGrossMethodUsageAndGrantsGrossMethodGrantsForAgriculturalProduceHypercube" xlink:to="GrantsGrossMethodGrantsForAgriculturalProduceDimension" xlink:title="definition: GrantsAllocationByGrossMethodUsageAndGrantsGrossMethodGrantsForAgriculturalProduceHypercube to GrantsGrossMethodGrantsForAgriculturalProduceDimension" order="1.0"/>
    <link:definitionArc xlink:type="arc" xlink:arcrole="http://xbrl.org/int/dim/arcrole/hypercube-dimension" xlink:from="GrantsAllocationByGrossMethodUsageAndGrantsGrossMethodGrantsForAgriculturalProduceHypercube" xlink:to="GrantsAllocationByGrossMethodUsageDimension" xlink:title="definition: GrantsAllocationByGrossMethodUsageAndGrantsGrossMethodGrantsForAgriculturalProduceHypercube to GrantsAllocationByGrossMethodUsageDimension" use="optional" order="2.0"/>
    <link:loc xlink:type="locator" xlink:href="../../et-gaap-cor_2011-01-01.xsd#et-gaap_GrantsGrossMethodGrantsForAgriculturalProduceTotal" xlink:label="GrantsGrossMethodGrantsForAgriculturalProduceTotal" xlink:title="GrantsGrossMethodGrantsForAgriculturalProduceTotal"/>
    <link:definitionArc xlink:type="arc" xlink:arcrole="http://xbrl.org/int/dim/arcrole/domain-member" xlink:from="GrantsGrossMethodGrantsForAgriculturalProduceAbstract" xlink:to="GrantsGrossMethodGrantsForAgriculturalProduceTotal" xlink:title="definition: GrantsGrossMethodGrantsForAgriculturalProduceAbstract to GrantsGrossMethodGrantsForAgriculturalProduceTotal" order="2.0"/>
    <link:definitionArc xlink:type="arc" xlink:arcrole="http://xbrl.org/int/dim/arcrole/all" xlink:from="GrantsGrossMethodGrantsForAgriculturalProduceTotal" xlink:to="GrantsAllocationByGrossMethodUsageHypercube" xlink:title="definition: GrantsGrossMethodGrantsForAgriculturalProduceTotal to GrantsAllocationByGrossMethodUsageHypercube" use="optional" order="1.0" p0:contextElement="scenario"/>
    <link:loc xlink:type="locator" xlink:href="../../et-gaap-cor_2011-01-01.xsd#et-gaap_NoteGrantsNetMethodAbstract" xlink:label="NoteGrantsNetMethodAbstract" xlink:title="NoteGrantsNetMethodAbstract"/>
    <link:definitionArc xlink:type="arc" xlink:arcrole="http://xbrl.org/int/dim/arcrole/domain-member" xlink:from="NoteGrantsWithSpecialTermsAbstract" xlink:to="NoteGrantsNetMethodAbstract" xlink:title="definition: NoteGrantsWithSpecialTermsAbstract to NoteGrantsNetMethodAbstract" use="optional" order="2.0"/>
    <link:loc xlink:type="locator" xlink:href="../../et-gaap-cor_2011-01-01.xsd#et-gaap_NoteGrantsNetMethodGrantsForAcquisitionOfNonCurrentAssetsAbstract" xlink:label="NoteGrantsNetMethodGrantsForAcquisitionOfNonCurrentAssetsAbstract" xlink:title="NoteGrantsNetMethodGrantsForAcquisitionOfNonCurrentAssetsAbstract"/>
    <link:definitionArc xlink:type="arc" xlink:arcrole="http://xbrl.org/int/dim/arcrole/domain-member" xlink:from="NoteGrantsNetMethodAbstract" xlink:to="NoteGrantsNetMethodGrantsForAcquisitionOfNonCurrentAssetsAbstract" xlink:title="definition: NoteGrantsNetMethodAbstract to NoteGrantsNetMethodGrantsForAcquisitionOfNonCurrentAssetsAbstract" use="optional" order="1.0"/>
    <link:loc xlink:type="locator" xlink:href="../../et-gaap-cor_2011-01-01.xsd#et-gaap_GrantsNetMethodGrantsForAcquisitionOfNonCurrentAssets" xlink:label="GrantsNetMethodGrantsForAcquisitionOfNonCurrentAssets" xlink:title="GrantsNetMethodGrantsForAcquisitionOfNonCurrentAssets"/>
    <link:definitionArc xlink:type="arc" xlink:arcrole="http://xbrl.org/int/dim/arcrole/domain-member" xlink:from="NoteGrantsNetMethodGrantsForAcquisitionOfNonCurrentAssetsAbstract" xlink:to="GrantsNetMethodGrantsForAcquisitionOfNonCurrentAssets" xlink:title="definition: NoteGrantsNetMethodGrantsForAcquisitionOfNonCurrentAssetsAbstract to GrantsNetMethodGrantsForAcquisitionOfNonCurrentAssets" use="optional" order="1.0"/>
    <link:loc xlink:type="locator" xlink:href="../../et-gaap-cor_2011-01-01.xsd#et-gaap_GrantsAllocationByNetMethodUsageAndGrantsForAcquisitionOfNonCurrentAssetsHypercube" xlink:label="GrantsAllocationByNetMethodUsageAndGrantsForAcquisitionOfNonCurrentAssetsHypercube" xlink:title="GrantsAllocationByNetMethodUsageAndGrantsForAcquisitionOfNonCurrentAssetsHypercube"/>
    <link:definitionArc xlink:type="arc" xlink:arcrole="http://xbrl.org/int/dim/arcrole/all" xlink:from="GrantsNetMethodGrantsForAcquisitionOfNonCurrentAssets" xlink:to="GrantsAllocationByNetMethodUsageAndGrantsForAcquisitionOfNonCurrentAssetsHypercube" xlink:title="definition: GrantsNetMethodGrantsForAcquisitionOfNonCurrentAssets to GrantsAllocationByNetMethodUsageAndGrantsForAcquisitionOfNonCurrentAssetsHypercube" use="optional" order="1.0" p0:contextElement="scenario"/>
    <link:loc xlink:type="locator" xlink:href="../../et-gaap-cor_2011-01-01.xsd#et-gaap_GrantsNetMethodGrantsForAcquisitionOfNonCurrentAssetsDimension" xlink:label="GrantsNetMethodGrantsForAcquisitionOfNonCurrentAssetsDimension" xlink:title="GrantsNetMethodGrantsForAcquisitionOfNonCurrentAssetsDimension"/>
    <link:definitionArc xlink:type="arc" xlink:arcrole="http://xbrl.org/int/dim/arcrole/hypercube-dimension" xlink:from="GrantsAllocationByNetMethodUsageAndGrantsForAcquisitionOfNonCurrentAssetsHypercube" xlink:to="GrantsNetMethodGrantsForAcquisitionOfNonCurrentAssetsDimension" xlink:title="definition: GrantsAllocationByNetMethodUsageAndGrantsForAcquisitionOfNonCurrentAssetsHypercube to GrantsNetMethodGrantsForAcquisitionOfNonCurrentAssetsDimension" use="optional" order="1.0"/>
    <link:loc xlink:type="locator" xlink:href="../../et-gaap-cor_2011-01-01.xsd#et-gaap_GrantsAllocationByNetMethodUsageDimension" xlink:label="GrantsAllocationByNetMethodUsageDimension" xlink:title="GrantsAllocationByNetMethodUsageDimension"/>
    <link:definitionArc xlink:type="arc" xlink:arcrole="http://xbrl.org/int/dim/arcrole/hypercube-dimension" xlink:from="GrantsAllocationByNetMethodUsageAndGrantsForAcquisitionOfNonCurrentAssetsHypercube" xlink:to="GrantsAllocationByNetMethodUsageDimension" xlink:title="definition: GrantsAllocationByNetMethodUsageAndGrantsForAcquisitionOfNonCurrentAssetsHypercube to GrantsAllocationByNetMethodUsageDimension" use="optional" order="2.0" p0:targetRole="http://xbrl.eesti.ee/role/et-gaap_2011-01-01/NoteGrantsWithSpecialTerms_role-829020"/>
    <link:loc xlink:type="locator" xlink:href="../../et-gaap-cor_2011-01-01.xsd#et-gaap_GrantsAllocationByNetMethodUsageReceivedAbstract" xlink:label="GrantsAllocationByNetMethodUsageReceivedAbstract" xlink:title="GrantsAllocationByNetMethodUsageReceivedAbstract"/>
    <link:definitionArc xlink:type="arc" xlink:arcrole="http://xbrl.org/int/dim/arcrole/dimension-domain" xlink:from="GrantsAllocationByNetMethodUsageDimension" xlink:to="GrantsAllocationByNetMethodUsageReceivedAbstract" xlink:title="definition: GrantsAllocationByNetMethodUsageDimension to GrantsAllocationByNetMethodUsageReceivedAbstract" use="optional" order="1.0"/>
    <link:loc xlink:type="locator" xlink:href="../../et-gaap-cor_2011-01-01.xsd#et-gaap_GrantsAllocationByNetMethodUsageRepaidAbstract" xlink:label="GrantsAllocationByNetMethodUsageRepaidAbstract" xlink:title="GrantsAllocationByNetMethodUsageRepaidAbstract"/>
    <link:definitionArc xlink:type="arc" xlink:arcrole="http://xbrl.org/int/dim/arcrole/dimension-domain" xlink:from="GrantsAllocationByNetMethodUsageDimension" xlink:to="GrantsAllocationByNetMethodUsageRepaidAbstract" xlink:title="definition: GrantsAllocationByNetMethodUsageDimension to GrantsAllocationByNetMethodUsageRepaidAbstract" use="optional" order="2.0"/>
    <link:loc xlink:type="locator" xlink:href="../../et-gaap-cor_2011-01-01.xsd#et-gaap_GrantsNetMethodGrantsForAcquisitionOfNonCurrentAssetsTotal" xlink:label="GrantsNetMethodGrantsForAcquisitionOfNonCurrentAssetsTotal" xlink:title="GrantsNetMethodGrantsForAcquisitionOfNonCurrentAssetsTotal"/>
    <link:definitionArc xlink:type="arc" xlink:arcrole="http://xbrl.org/int/dim/arcrole/domain-member" xlink:from="NoteGrantsNetMethodGrantsForAcquisitionOfNonCurrentAssetsAbstract" xlink:to="GrantsNetMethodGrantsForAcquisitionOfNonCurrentAssetsTotal" xlink:title="definition: NoteGrantsNetMethodGrantsForAcquisitionOfNonCurrentAssetsAbstract to GrantsNetMethodGrantsForAcquisitionOfNonCurrentAssetsTotal" use="optional" order="2.0"/>
    <link:loc xlink:type="locator" xlink:href="../../et-gaap-cor_2011-01-01.xsd#et-gaap_GrantsAllocationByNetMethodUsageHypercube" xlink:label="GrantsAllocationByNetMethodUsageHypercube" xlink:title="GrantsAllocationByNetMethodUsageHypercube"/>
    <link:definitionArc xlink:type="arc" xlink:arcrole="http://xbrl.org/int/dim/arcrole/all" xlink:from="GrantsNetMethodGrantsForAcquisitionOfNonCurrentAssetsTotal" xlink:to="GrantsAllocationByNetMethodUsageHypercube" xlink:title="definition: GrantsNetMethodGrantsForAcquisitionOfNonCurrentAssetsTotal to GrantsAllocationByNetMethodUsageHypercube" use="optional" order="1.0" p0:contextElement="scenario"/>
    <link:definitionArc xlink:type="arc" xlink:arcrole="http://xbrl.org/int/dim/arcrole/hypercube-dimension" xlink:from="GrantsAllocationByNetMethodUsageHypercube" xlink:to="GrantsAllocationByNetMethodUsageDimension" xlink:title="definition: GrantsAllocationByNetMethodUsageHypercube to GrantsAllocationByNetMethodUsageDimension" use="optional" order="1.0" p0:targetRole="http://xbrl.eesti.ee/role/et-gaap_2011-01-01/NoteGrantsWithSpecialTerms_role-829020"/>
    <link:loc xlink:type="locator" xlink:href="../../et-gaap-cor_2011-01-01.xsd#et-gaap_NoteGrantsNetMethodGrantsForOperatingExpensesAbstract" xlink:label="NoteGrantsNetMethodGrantsForOperatingExpensesAbstract" xlink:title="NoteGrantsNetMethodGrantsForOperatingExpensesAbstract"/>
    <link:definitionArc xlink:type="arc" xlink:arcrole="http://xbrl.org/int/dim/arcrole/domain-member" xlink:from="NoteGrantsNetMethodAbstract" xlink:to="NoteGrantsNetMethodGrantsForOperatingExpensesAbstract" xlink:title="definition: NoteGrantsNetMethodAbstract to NoteGrantsNetMethodGrantsForOperatingExpensesAbstract" use="optional" order="2.0"/>
    <link:loc xlink:type="locator" xlink:href="../../et-gaap-cor_2011-01-01.xsd#et-gaap_GrantsNetMethodGrantsForOperatingExpenses" xlink:label="GrantsNetMethodGrantsForOperatingExpenses" xlink:title="GrantsNetMethodGrantsForOperatingExpenses"/>
    <link:definitionArc xlink:type="arc" xlink:arcrole="http://xbrl.org/int/dim/arcrole/domain-member" xlink:from="NoteGrantsNetMethodGrantsForOperatingExpensesAbstract" xlink:to="GrantsNetMethodGrantsForOperatingExpenses" xlink:title="definition: NoteGrantsNetMethodGrantsForOperatingExpensesAbstract to GrantsNetMethodGrantsForOperatingExpenses" use="optional" order="1.0"/>
    <link:loc xlink:type="locator" xlink:href="../../et-gaap-cor_2011-01-01.xsd#et-gaap_GrantsAllocationByNetMethodUsageAndGrantsForOperatingExpensesHypercube" xlink:label="GrantsAllocationByNetMethodUsageAndGrantsForOperatingExpensesHypercube" xlink:title="GrantsAllocationByNetMethodUsageAndGrantsForOperatingExpensesHypercube"/>
    <link:definitionArc xlink:type="arc" xlink:arcrole="http://xbrl.org/int/dim/arcrole/all" xlink:from="GrantsNetMethodGrantsForOperatingExpenses" xlink:to="GrantsAllocationByNetMethodUsageAndGrantsForOperatingExpensesHypercube" xlink:title="definition: GrantsNetMethodGrantsForOperatingExpenses to GrantsAllocationByNetMethodUsageAndGrantsForOperatingExpensesHypercube" use="optional" order="1.0" p0:contextElement="scenario"/>
    <link:loc xlink:type="locator" xlink:href="../../et-gaap-cor_2011-01-01.xsd#et-gaap_GrantsNetMethodGrantsForOperatingExpensesDimension" xlink:label="GrantsNetMethodGrantsForOperatingExpensesDimension" xlink:title="GrantsNetMethodGrantsForOperatingExpensesDimension"/>
    <link:definitionArc xlink:type="arc" xlink:arcrole="http://xbrl.org/int/dim/arcrole/hypercube-dimension" xlink:from="GrantsAllocationByNetMethodUsageAndGrantsForOperatingExpensesHypercube" xlink:to="GrantsNetMethodGrantsForOperatingExpensesDimension" xlink:title="definition: GrantsAllocationByNetMethodUsageAndGrantsForOperatingExpensesHypercube to GrantsNetMethodGrantsForOperatingExpensesDimension" use="optional" order="1.0"/>
    <link:definitionArc xlink:type="arc" xlink:arcrole="http://xbrl.org/int/dim/arcrole/hypercube-dimension" xlink:from="GrantsAllocationByNetMethodUsageAndGrantsForOperatingExpensesHypercube" xlink:to="GrantsAllocationByNetMethodUsageDimension" xlink:title="definition: GrantsAllocationByNetMethodUsageAndGrantsForOperatingExpensesHypercube to GrantsAllocationByNetMethodUsageDimension" use="optional" order="2.0" p0:targetRole="http://xbrl.eesti.ee/role/et-gaap_2011-01-01/NoteGrantsWithSpecialTerms_role-829020"/>
    <link:loc xlink:type="locator" xlink:href="../../et-gaap-cor_2011-01-01.xsd#et-gaap_GrantsNetMethodGrantsForOperatingExpensesTotal" xlink:label="GrantsNetMethodGrantsForOperatingExpensesTotal" xlink:title="GrantsNetMethodGrantsForOperatingExpensesTotal"/>
    <link:definitionArc xlink:type="arc" xlink:arcrole="http://xbrl.org/int/dim/arcrole/domain-member" xlink:from="NoteGrantsNetMethodGrantsForOperatingExpensesAbstract" xlink:to="GrantsNetMethodGrantsForOperatingExpensesTotal" xlink:title="definition: NoteGrantsNetMethodGrantsForOperatingExpensesAbstract to GrantsNetMethodGrantsForOperatingExpensesTotal" use="optional" order="2.0"/>
    <link:definitionArc xlink:type="arc" xlink:arcrole="http://xbrl.org/int/dim/arcrole/all" xlink:from="GrantsNetMethodGrantsForOperatingExpensesTotal" xlink:to="GrantsAllocationByNetMethodUsageHypercube" xlink:title="definition: GrantsNetMethodGrantsForOperatingExpensesTotal to GrantsAllocationByNetMethodUsageHypercube" use="optional" order="1.0" p0:targetRole="http://xbrl.eesti.ee/role/et-gaap_2011-01-01/NoteGrantsWithSpecialTerms_role-829020" p0:contextElement="scenario"/>
    <link:loc xlink:type="locator" xlink:href="../../et-gaap-cor_2011-01-01.xsd#et-gaap_NoteGrantsWithSpecialTermsNetMethod" xlink:label="NoteGrantsWithSpecialTermsNetMethod" xlink:title="NoteGrantsWithSpecialTermsNetMethod"/>
    <link:definitionArc xlink:type="arc" xlink:arcrole="http://xbrl.org/int/dim/arcrole/domain-member" xlink:from="NoteGrantsNetMethodAbstract" xlink:to="NoteGrantsWithSpecialTermsNetMethod" xlink:title="definition: NoteGrantsNetMethodAbstract to NoteGrantsWithSpecialTermsNetMethod" use="optional" order="5.0"/>
    <link:loc xlink:type="locator" xlink:href="../../et-gaap-cor_2011-01-01.xsd#et-gaap_GrantsNetMethodTotal" xlink:label="GrantsNetMethodTotal" xlink:title="GrantsNetMethodTotal"/>
    <link:definitionArc xlink:type="arc" xlink:arcrole="http://xbrl.org/int/dim/arcrole/domain-member" xlink:from="NoteGrantsNetMethodAbstract" xlink:to="GrantsNetMethodTotal" xlink:title="definition: NoteGrantsNetMethodAbstract to GrantsNetMethodTotal" order="4.0"/>
    <link:definitionArc xlink:type="arc" xlink:arcrole="http://xbrl.org/int/dim/arcrole/all" xlink:from="GrantsNetMethodTotal" xlink:to="GrantsAllocationByNetMethodUsageHypercube" xlink:title="definition: GrantsNetMethodTotal to GrantsAllocationByNetMethodUsageHypercube" use="optional" order="1.0" p0:targetRole="http://xbrl.eesti.ee/role/et-gaap_2011-01-01/NoteGrantsWithSpecialTerms_role-829020" p0:contextElement="scenario"/>
    <link:loc xlink:type="locator" xlink:href="../../et-gaap-cor_2011-01-01.xsd#et-gaap_NoteGrantsNetMethodGrantsForAgriculturalProduceAbstract" xlink:label="NoteGrantsNetMethodGrantsForAgriculturalProduceAbstract" xlink:title="NoteGrantsNetMethodGrantsForAgriculturalProduceAbstract"/>
    <link:definitionArc xlink:type="arc" xlink:arcrole="http://xbrl.org/int/dim/arcrole/domain-member" xlink:from="NoteGrantsNetMethodAbstract" xlink:to="NoteGrantsNetMethodGrantsForAgriculturalProduceAbstract" xlink:title="definition: NoteGrantsNetMethodAbstract to NoteGrantsNetMethodGrantsForAgriculturalProduceAbstract" order="3.0"/>
    <link:loc xlink:type="locator" xlink:href="../../et-gaap-cor_2011-01-01.xsd#et-gaap_GrantsNetMethodGrantsForAgriculturalProduce" xlink:label="GrantsNetMethodGrantsForAgriculturalProduce" xlink:title="GrantsNetMethodGrantsForAgriculturalProduce"/>
    <link:definitionArc xlink:type="arc" xlink:arcrole="http://xbrl.org/int/dim/arcrole/domain-member" xlink:from="NoteGrantsNetMethodGrantsForAgriculturalProduceAbstract" xlink:to="GrantsNetMethodGrantsForAgriculturalProduce" xlink:title="definition: NoteGrantsNetMethodGrantsForAgriculturalProduceAbstract to GrantsNetMethodGrantsForAgriculturalProduce" order="1.0"/>
    <link:loc xlink:type="locator" xlink:href="../../et-gaap-cor_2011-01-01.xsd#et-gaap_GrantsAllocationByNetMethodUsageAndGrantsNetMethodGrantsForAgriculturalProduceHypercube" xlink:label="GrantsAllocationByNetMethodUsageAndGrantsNetMethodGrantsForAgriculturalProduceHypercube" xlink:title="GrantsAllocationByNetMethodUsageAndGrantsNetMethodGrantsForAgriculturalProduceHypercube"/>
    <link:definitionArc xlink:type="arc" xlink:arcrole="http://xbrl.org/int/dim/arcrole/all" xlink:from="GrantsNetMethodGrantsForAgriculturalProduce" xlink:to="GrantsAllocationByNetMethodUsageAndGrantsNetMethodGrantsForAgriculturalProduceHypercube" xlink:title="definition: GrantsNetMethodGrantsForAgriculturalProduce to GrantsAllocationByNetMethodUsageAndGrantsNetMethodGrantsForAgriculturalProduceHypercube" order="1.0" p0:contextElement="scenario"/>
    <link:loc xlink:type="locator" xlink:href="../../et-gaap-cor_2011-01-01.xsd#et-gaap_GrantsNetMethodGrantsForAgriculturalProduceDimension" xlink:label="GrantsNetMethodGrantsForAgriculturalProduceDimension" xlink:title="GrantsNetMethodGrantsForAgriculturalProduceDimension"/>
    <link:definitionArc xlink:type="arc" xlink:arcrole="http://xbrl.org/int/dim/arcrole/hypercube-dimension" xlink:from="GrantsAllocationByNetMethodUsageAndGrantsNetMethodGrantsForAgriculturalProduceHypercube" xlink:to="GrantsNetMethodGrantsForAgriculturalProduceDimension" xlink:title="definition: GrantsAllocationByNetMethodUsageAndGrantsNetMethodGrantsForAgriculturalProduceHypercube to GrantsNetMethodGrantsForAgriculturalProduceDimension" order="1.0"/>
    <link:definitionArc xlink:type="arc" xlink:arcrole="http://xbrl.org/int/dim/arcrole/hypercube-dimension" xlink:from="GrantsAllocationByNetMethodUsageAndGrantsNetMethodGrantsForAgriculturalProduceHypercube" xlink:to="GrantsAllocationByNetMethodUsageDimension" xlink:title="definition: GrantsAllocationByNetMethodUsageAndGrantsNetMethodGrantsForAgriculturalProduceHypercube to GrantsAllocationByNetMethodUsageDimension" use="optional" order="2.0"/>
    <link:loc xlink:type="locator" xlink:href="../../et-gaap-cor_2011-01-01.xsd#et-gaap_GrantsNetMethodGrantsForAgriculturalProduceTotal" xlink:label="GrantsNetMethodGrantsForAgriculturalProduceTotal" xlink:title="GrantsNetMethodGrantsForAgriculturalProduceTotal"/>
    <link:definitionArc xlink:type="arc" xlink:arcrole="http://xbrl.org/int/dim/arcrole/domain-member" xlink:from="NoteGrantsNetMethodGrantsForAgriculturalProduceAbstract" xlink:to="GrantsNetMethodGrantsForAgriculturalProduceTotal" xlink:title="definition: NoteGrantsNetMethodGrantsForAgriculturalProduceAbstract to GrantsNetMethodGrantsForAgriculturalProduceTotal" order="2.0"/>
    <link:definitionArc xlink:type="arc" xlink:arcrole="http://xbrl.org/int/dim/arcrole/all" xlink:from="GrantsNetMethodGrantsForAgriculturalProduceTotal" xlink:to="GrantsAllocationByNetMethodUsageHypercube" xlink:title="definition: GrantsNetMethodGrantsForAgriculturalProduceTotal to GrantsAllocationByNetMethodUsageHypercube" use="optional" order="1.0" p0:contextElement="scenario"/>
  </link:definitionLink>
</link:linkbase>
