<?xml version="1.0" encoding="UTF-8"?>
<!--
**************************************************************
et-gaap Taxonomy: 2011-01-01 (Final)

Copyright (C) 2010 Centre of Registers and Information Systems
**************************************************************
-->
<link:linkbase xmlns:xsi="http://www.w3.org/2001/XMLSchema-instance" xsi:schemaLocation="http://www.xbrl.org/2003/linkbase http://www.xbrl.org/2003/xbrl-linkbase-2003-12-31.xsd" xmlns:link="http://www.xbrl.org/2003/linkbase" xmlns:xbrldt="http://xbrl.org/2005/xbrldt" xmlns:xlink="http://www.w3.org/1999/xlink">
  <link:roleRef roleURI="http://xbrl.eesti.ee/role/et-gaap_2011-01-01/NoteGrantsWithSpecialTerms_role-829020" xlink:type="simple" xlink:href="role-829000.xsd#NoteGrantsWithSpecialTerms_role-829020"/>
  <link:presentationLink xlink:type="extended" xlink:role="http://xbrl.eesti.ee/role/et-gaap_2011-01-01/NoteGrantsWithSpecialTerms_role-829020">
    <link:loc xlink:type="locator" xlink:href="../../et-gaap-cor_2011-01-01.xsd#et-gaap_NoteGrantsWithSpecialTermsAbstract" xlink:label="NoteGrantsWithSpecialTermsAbstract" xlink:title="NoteGrantsWithSpecialTermsAbstract"/>
    <link:loc xlink:type="locator" xlink:href="../../et-gaap-cor_2011-01-01.xsd#et-gaap_NoteGrantsGrossMethodAbstract" xlink:label="NoteGrantsGrossMethodAbstract" xlink:title="NoteGrantsGrossMethodAbstract"/>
    <link:presentationArc xlink:type="arc" xlink:arcrole="http://www.xbrl.org/2003/arcrole/parent-child" xlink:from="NoteGrantsWithSpecialTermsAbstract" xlink:to="NoteGrantsGrossMethodAbstract" xlink:title="presentation: NoteGrantsWithSpecialTermsAbstract to NoteGrantsGrossMethodAbstract" use="optional" order="1.0"/>
    <link:loc xlink:type="locator" xlink:href="../../et-gaap-cor_2011-01-01.xsd#et-gaap_NoteGrantsGrossMethodGrantsForAcquisitionOfNonCurrentAssetsAbstract" xlink:label="NoteGrantsGrossMethodGrantsForAcquisitionOfNonCurrentAssetsAbstract" xlink:title="NoteGrantsGrossMethodGrantsForAcquisitionOfNonCurrentAssetsAbstract"/>
    <link:presentationArc xlink:type="arc" xlink:arcrole="http://www.xbrl.org/2003/arcrole/parent-child" xlink:from="NoteGrantsGrossMethodAbstract" xlink:to="NoteGrantsGrossMethodGrantsForAcquisitionOfNonCurrentAssetsAbstract" xlink:title="presentation: NoteGrantsGrossMethodAbstract to NoteGrantsGrossMethodGrantsForAcquisitionOfNonCurrentAssetsAbstract" use="optional" order="1.0"/>
    <link:loc xlink:type="locator" xlink:href="../../et-gaap-cor_2011-01-01.xsd#et-gaap_GrantsGrossMethodGrantsForAcquisitionOfNonCurrentAssets" xlink:label="GrantsGrossMethodGrantsForAcquisitionOfNonCurrentAssets" xlink:title="GrantsGrossMethodGrantsForAcquisitionOfNonCurrentAssets"/>
    <link:presentationArc xlink:type="arc" xlink:arcrole="http://www.xbrl.org/2003/arcrole/parent-child" xlink:from="NoteGrantsGrossMethodGrantsForAcquisitionOfNonCurrentAssetsAbstract" xlink:to="GrantsGrossMethodGrantsForAcquisitionOfNonCurrentAssets" xlink:title="presentation: NoteGrantsGrossMethodGrantsForAcquisitionOfNonCurrentAssetsAbstract to GrantsGrossMethodGrantsForAcquisitionOfNonCurrentAssets" use="optional" order="1.0"/>
    <link:loc xlink:type="locator" xlink:href="../../et-gaap-cor_2011-01-01.xsd#et-gaap_GrantsAllocationByGrossMethodUsageAndGrantsForAcquisitionOfNonCurrentAssetsHypercube" xlink:label="GrantsAllocationByGrossMethodUsageAndGrantsForAcquisitionOfNonCurrentAssetsHypercube" xlink:title="GrantsAllocationByGrossMethodUsageAndGrantsForAcquisitionOfNonCurrentAssetsHypercube"/>
    <link:presentationArc xlink:type="arc" xlink:arcrole="http://www.xbrl.org/2003/arcrole/parent-child" xlink:from="GrantsGrossMethodGrantsForAcquisitionOfNonCurrentAssets" xlink:to="GrantsAllocationByGrossMethodUsageAndGrantsForAcquisitionOfNonCurrentAssetsHypercube" xlink:title="presentation: GrantsGrossMethodGrantsForAcquisitionOfNonCurrentAssets to GrantsAllocationByGrossMethodUsageAndGrantsForAcquisitionOfNonCurrentAssetsHypercube" use="optional" order="1.0" xbrldt:contextElement="scenario"/>
    <link:loc xlink:type="locator" xlink:href="../../et-gaap-cor_2011-01-01.xsd#et-gaap_GrantsGrossMethodGrantsForAcquisitionOfNonCurrentAssetsDimension" xlink:label="GrantsGrossMethodGrantsForAcquisitionOfNonCurrentAssetsDimension" xlink:title="GrantsGrossMethodGrantsForAcquisitionOfNonCurrentAssetsDimension"/>
    <link:presentationArc xlink:type="arc" xlink:arcrole="http://www.xbrl.org/2003/arcrole/parent-child" xlink:from="GrantsAllocationByGrossMethodUsageAndGrantsForAcquisitionOfNonCurrentAssetsHypercube" xlink:to="GrantsGrossMethodGrantsForAcquisitionOfNonCurrentAssetsDimension" xlink:title="presentation: GrantsAllocationByGrossMethodUsageAndGrantsForAcquisitionOfNonCurrentAssetsHypercube to GrantsGrossMethodGrantsForAcquisitionOfNonCurrentAssetsDimension" use="optional" order="1.0"/>
    <link:loc xlink:type="locator" xlink:href="../../et-gaap-cor_2011-01-01.xsd#et-gaap_GrantsAllocationByGrossMethodUsageDimension" xlink:label="GrantsAllocationByGrossMethodUsageDimension" xlink:title="GrantsAllocationByGrossMethodUsageDimension"/>
    <link:presentationArc xlink:type="arc" xlink:arcrole="http://www.xbrl.org/2003/arcrole/parent-child" xlink:from="GrantsAllocationByGrossMethodUsageAndGrantsForAcquisitionOfNonCurrentAssetsHypercube" xlink:to="GrantsAllocationByGrossMethodUsageDimension" xlink:title="presentation: GrantsAllocationByGrossMethodUsageAndGrantsForAcquisitionOfNonCurrentAssetsHypercube to GrantsAllocationByGrossMethodUsageDimension" use="optional" order="2.0"/>
    <link:loc xlink:type="locator" xlink:href="../../et-gaap-cor_2011-01-01.xsd#et-gaap_GrantsAllocationByGrossMethodUsageAtEndOfPreviousPeriodAbstract" xlink:label="GrantsAllocationByGrossMethodUsageAtEndOfPreviousPeriodAbstract" xlink:title="GrantsAllocationByGrossMethodUsageAtEndOfPreviousPeriodAbstract"/>
    <link:presentationArc xlink:type="arc" xlink:arcrole="http://www.xbrl.org/2003/arcrole/parent-child" xlink:from="GrantsAllocationByGrossMethodUsageDimension" xlink:to="GrantsAllocationByGrossMethodUsageAtEndOfPreviousPeriodAbstract" xlink:title="presentation: GrantsAllocationByGrossMethodUsageDimension to GrantsAllocationByGrossMethodUsageAtEndOfPreviousPeriodAbstract" use="optional" order="1.0"/>
    <link:loc xlink:type="locator" xlink:href="../../et-gaap-cor_2011-01-01.xsd#et-gaap_GrantsAllocationByGrossMethodUsageReceivedAbstract" xlink:label="GrantsAllocationByGrossMethodUsageReceivedAbstract" xlink:title="GrantsAllocationByGrossMethodUsageReceivedAbstract"/>
    <link:presentationArc xlink:type="arc" xlink:arcrole="http://www.xbrl.org/2003/arcrole/parent-child" xlink:from="GrantsAllocationByGrossMethodUsageDimension" xlink:to="GrantsAllocationByGrossMethodUsageReceivedAbstract" xlink:title="presentation: GrantsAllocationByGrossMethodUsageDimension to GrantsAllocationByGrossMethodUsageReceivedAbstract" use="optional" order="2.0"/>
    <link:loc xlink:type="locator" xlink:href="../../et-gaap-cor_2011-01-01.xsd#et-gaap_GrantsAllocationByGrossMethodUsageRepaidAbstract" xlink:label="GrantsAllocationByGrossMethodUsageRepaidAbstract" xlink:title="GrantsAllocationByGrossMethodUsageRepaidAbstract"/>
    <link:presentationArc xlink:type="arc" xlink:arcrole="http://www.xbrl.org/2003/arcrole/parent-child" xlink:from="GrantsAllocationByGrossMethodUsageDimension" xlink:to="GrantsAllocationByGrossMethodUsageRepaidAbstract" xlink:title="presentation: GrantsAllocationByGrossMethodUsageDimension to GrantsAllocationByGrossMethodUsageRepaidAbstract" use="optional" order="3.0"/>
    <link:loc xlink:type="locator" xlink:href="../../et-gaap-cor_2011-01-01.xsd#et-gaap_GrantsAllocationByGrossMethodUsageRevenueDepreciationAbstract" xlink:label="GrantsAllocationByGrossMethodUsageRevenueDepreciationAbstract" xlink:title="GrantsAllocationByGrossMethodUsageRevenueDepreciationAbstract"/>
    <link:presentationArc xlink:type="arc" xlink:arcrole="http://www.xbrl.org/2003/arcrole/parent-child" xlink:from="GrantsAllocationByGrossMethodUsageDimension" xlink:to="GrantsAllocationByGrossMethodUsageRevenueDepreciationAbstract" xlink:title="presentation: GrantsAllocationByGrossMethodUsageDimension to GrantsAllocationByGrossMethodUsageRevenueDepreciationAbstract" use="optional" order="4.0"/>
    <link:loc xlink:type="locator" xlink:href="../../et-gaap-cor_2011-01-01.xsd#et-gaap_GrantsAllocationByGrossMethodUsageAtEndOfPeriodAbstract" xlink:label="GrantsAllocationByGrossMethodUsageAtEndOfPeriodAbstract" xlink:title="GrantsAllocationByGrossMethodUsageAtEndOfPeriodAbstract"/>
    <link:presentationArc xlink:type="arc" xlink:arcrole="http://www.xbrl.org/2003/arcrole/parent-child" xlink:from="GrantsAllocationByGrossMethodUsageDimension" xlink:to="GrantsAllocationByGrossMethodUsageAtEndOfPeriodAbstract" xlink:title="presentation: GrantsAllocationByGrossMethodUsageDimension to GrantsAllocationByGrossMethodUsageAtEndOfPeriodAbstract" use="optional" order="5.0"/>
    <link:loc xlink:type="locator" xlink:href="../../et-gaap-cor_2011-01-01.xsd#et-gaap_GrantsGrossMethodGrantsForAcquisitionOfNonCurrentAssetsTotal" xlink:label="GrantsGrossMethodGrantsForAcquisitionOfNonCurrentAssetsTotal" xlink:title="GrantsGrossMethodGrantsForAcquisitionOfNonCurrentAssetsTotal"/>
    <link:presentationArc xlink:type="arc" xlink:arcrole="http://www.xbrl.org/2003/arcrole/parent-child" xlink:from="NoteGrantsGrossMethodGrantsForAcquisitionOfNonCurrentAssetsAbstract" xlink:to="GrantsGrossMethodGrantsForAcquisitionOfNonCurrentAssetsTotal" xlink:title="presentation: NoteGrantsGrossMethodGrantsForAcquisitionOfNonCurrentAssetsAbstract to GrantsGrossMethodGrantsForAcquisitionOfNonCurrentAssetsTotal" use="optional" order="2.0"/>
    <link:loc xlink:type="locator" xlink:href="../../et-gaap-cor_2011-01-01.xsd#et-gaap_GrantsAllocationByGrossMethodUsageHypercube" xlink:label="GrantsAllocationByGrossMethodUsageHypercube" xlink:title="GrantsAllocationByGrossMethodUsageHypercube"/>
    <link:presentationArc xlink:type="arc" xlink:arcrole="http://www.xbrl.org/2003/arcrole/parent-child" xlink:from="GrantsGrossMethodGrantsForAcquisitionOfNonCurrentAssetsTotal" xlink:to="GrantsAllocationByGrossMethodUsageHypercube" xlink:title="presentation: GrantsGrossMethodGrantsForAcquisitionOfNonCurrentAssetsTotal to GrantsAllocationByGrossMethodUsageHypercube" use="optional" order="1.0" xbrldt:contextElement="scenario"/>
    <link:presentationArc xlink:type="arc" xlink:arcrole="http://www.xbrl.org/2003/arcrole/parent-child" xlink:from="GrantsAllocationByGrossMethodUsageHypercube" xlink:to="GrantsAllocationByGrossMethodUsageDimension" xlink:title="presentation: GrantsAllocationByGrossMethodUsageHypercube to GrantsAllocationByGrossMethodUsageDimension" use="optional" order="1.0" xbrldt:targetRole="http://xbrl.eesti.ee/role/et-gaap_2011-01-01/NoteGrantsWithSpecialTerms_role-829020"/>
    <link:loc xlink:type="locator" xlink:href="../../et-gaap-cor_2011-01-01.xsd#et-gaap_NoteGrantsGrossMethodGrantsForOperatingExpensesAbstract" xlink:label="NoteGrantsGrossMethodGrantsForOperatingExpensesAbstract" xlink:title="NoteGrantsGrossMethodGrantsForOperatingExpensesAbstract"/>
    <link:presentationArc xlink:type="arc" xlink:arcrole="http://www.xbrl.org/2003/arcrole/parent-child" xlink:from="NoteGrantsGrossMethodAbstract" xlink:to="NoteGrantsGrossMethodGrantsForOperatingExpensesAbstract" xlink:title="presentation: NoteGrantsGrossMethodAbstract to NoteGrantsGrossMethodGrantsForOperatingExpensesAbstract" use="optional" order="2.0"/>
    <link:loc xlink:type="locator" xlink:href="../../et-gaap-cor_2011-01-01.xsd#et-gaap_GrantsGrossMethodGrantsForOperatingExpenses" xlink:label="GrantsGrossMethodGrantsForOperatingExpenses" xlink:title="GrantsGrossMethodGrantsForOperatingExpenses"/>
    <link:presentationArc xlink:type="arc" xlink:arcrole="http://www.xbrl.org/2003/arcrole/parent-child" xlink:from="NoteGrantsGrossMethodGrantsForOperatingExpensesAbstract" xlink:to="GrantsGrossMethodGrantsForOperatingExpenses" xlink:title="presentation: NoteGrantsGrossMethodGrantsForOperatingExpensesAbstract to GrantsGrossMethodGrantsForOperatingExpenses" use="optional" order="1.0"/>
    <link:loc xlink:type="locator" xlink:href="../../et-gaap-cor_2011-01-01.xsd#et-gaap_GrantsAllocationByGrossMethodUsageAndGrantsForOperatingExpensesHypercube" xlink:label="GrantsAllocationByGrossMethodUsageAndGrantsForOperatingExpensesHypercube" xlink:title="GrantsAllocationByGrossMethodUsageAndGrantsForOperatingExpensesHypercube"/>
    <link:presentationArc xlink:type="arc" xlink:arcrole="http://www.xbrl.org/2003/arcrole/parent-child" xlink:from="GrantsGrossMethodGrantsForOperatingExpenses" xlink:to="GrantsAllocationByGrossMethodUsageAndGrantsForOperatingExpensesHypercube" xlink:title="presentation: GrantsGrossMethodGrantsForOperatingExpenses to GrantsAllocationByGrossMethodUsageAndGrantsForOperatingExpensesHypercube" use="optional" order="1.0" xbrldt:contextElement="scenario"/>
    <link:loc xlink:type="locator" xlink:href="../../et-gaap-cor_2011-01-01.xsd#et-gaap_GrantsGrossMethodGrantsForOperatingExpensesDimension" xlink:label="GrantsGrossMethodGrantsForOperatingExpensesDimension" xlink:title="GrantsGrossMethodGrantsForOperatingExpensesDimension"/>
    <link:presentationArc xlink:type="arc" xlink:arcrole="http://www.xbrl.org/2003/arcrole/parent-child" xlink:from="GrantsAllocationByGrossMethodUsageAndGrantsForOperatingExpensesHypercube" xlink:to="GrantsGrossMethodGrantsForOperatingExpensesDimension" xlink:title="presentation: GrantsAllocationByGrossMethodUsageAndGrantsForOperatingExpensesHypercube to GrantsGrossMethodGrantsForOperatingExpensesDimension" use="optional" order="1.0"/>
    <link:presentationArc xlink:type="arc" xlink:arcrole="http://www.xbrl.org/2003/arcrole/parent-child" xlink:from="GrantsAllocationByGrossMethodUsageAndGrantsForOperatingExpensesHypercube" xlink:to="GrantsAllocationByGrossMethodUsageDimension" xlink:title="presentation: GrantsAllocationByGrossMethodUsageAndGrantsForOperatingExpensesHypercube to GrantsAllocationByGrossMethodUsageDimension" use="optional" order="2.0" xbrldt:targetRole="http://xbrl.eesti.ee/role/et-gaap_2011-01-01/NoteGrantsWithSpecialTerms_role-829020"/>
    <link:loc xlink:type="locator" xlink:href="../../et-gaap-cor_2011-01-01.xsd#et-gaap_GrantsGrossMethodGrantsForOperatingExpensesTotal" xlink:label="GrantsGrossMethodGrantsForOperatingExpensesTotal" xlink:title="GrantsGrossMethodGrantsForOperatingExpensesTotal"/>
    <link:presentationArc xlink:type="arc" xlink:arcrole="http://www.xbrl.org/2003/arcrole/parent-child" xlink:from="NoteGrantsGrossMethodGrantsForOperatingExpensesAbstract" xlink:to="GrantsGrossMethodGrantsForOperatingExpensesTotal" xlink:title="presentation: NoteGrantsGrossMethodGrantsForOperatingExpensesAbstract to GrantsGrossMethodGrantsForOperatingExpensesTotal" use="optional" order="2.0"/>
    <link:presentationArc xlink:type="arc" xlink:arcrole="http://www.xbrl.org/2003/arcrole/parent-child" xlink:from="GrantsGrossMethodGrantsForOperatingExpensesTotal" xlink:to="GrantsAllocationByGrossMethodUsageHypercube" xlink:title="presentation: GrantsGrossMethodGrantsForOperatingExpensesTotal to GrantsAllocationByGrossMethodUsageHypercube" use="optional" order="1.0" xbrldt:contextElement="scenario"/>
    <link:loc xlink:type="locator" xlink:href="../../et-gaap-cor_2011-01-01.xsd#et-gaap_GrantsGrossMethodTotal" xlink:label="GrantsGrossMethodTotal" xlink:title="GrantsGrossMethodTotal"/>
    <link:presentationArc xlink:type="arc" xlink:arcrole="http://www.xbrl.org/2003/arcrole/parent-child" xlink:from="NoteGrantsGrossMethodAbstract" xlink:to="GrantsGrossMethodTotal" xlink:title="presentation: NoteGrantsGrossMethodAbstract to GrantsGrossMethodTotal" use="optional" order="4.0" preferredLabel="http://www.xbrl.org/2003/role/totalLabel"/>
    <link:presentationArc xlink:type="arc" xlink:arcrole="http://www.xbrl.org/2003/arcrole/parent-child" xlink:from="GrantsGrossMethodTotal" xlink:to="GrantsAllocationByGrossMethodUsageHypercube" xlink:title="presentation: GrantsGrossMethodTotal to GrantsAllocationByGrossMethodUsageHypercube" use="optional" order="1.0" xbrldt:contextElement="scenario" xbrldt:targetRole="http://xbrl.eesti.ee/role/et-gaap_2011-01-01/NoteGrantsWithSpecialTerms_role-829020"/>
    <link:loc xlink:type="locator" xlink:href="../../et-gaap-cor_2011-01-01.xsd#et-gaap_NoteGrantsWithSpecialTermsGrossMethod" xlink:label="NoteGrantsWithSpecialTermsGrossMethod" xlink:title="NoteGrantsWithSpecialTermsGrossMethod"/>
    <link:presentationArc xlink:type="arc" xlink:arcrole="http://www.xbrl.org/2003/arcrole/parent-child" xlink:from="NoteGrantsGrossMethodAbstract" xlink:to="NoteGrantsWithSpecialTermsGrossMethod" xlink:title="presentation: NoteGrantsGrossMethodAbstract to NoteGrantsWithSpecialTermsGrossMethod" use="optional" order="5.0"/>
    <link:loc xlink:type="locator" xlink:href="../../et-gaap-cor_2011-01-01.xsd#et-gaap_GrantsGrossMethodGrantsForAgriculturalProduceAbstract" xlink:label="GrantsGrossMethodGrantsForAgriculturalProduceAbstract" xlink:title="GrantsGrossMethodGrantsForAgriculturalProduceAbstract"/>
    <link:presentationArc xlink:type="arc" xlink:arcrole="http://www.xbrl.org/2003/arcrole/parent-child" xlink:from="NoteGrantsGrossMethodAbstract" xlink:to="GrantsGrossMethodGrantsForAgriculturalProduceAbstract" xlink:title="presentation: NoteGrantsGrossMethodAbstract to GrantsGrossMethodGrantsForAgriculturalProduceAbstract" use="optional" order="3.0"/>
    <link:loc xlink:type="locator" xlink:href="../../et-gaap-cor_2011-01-01.xsd#et-gaap_GrantsGrossMethodGrantsForAgriculturalProduce" xlink:label="GrantsGrossMethodGrantsForAgriculturalProduce" xlink:title="GrantsGrossMethodGrantsForAgriculturalProduce"/>
    <link:presentationArc xlink:type="arc" xlink:arcrole="http://www.xbrl.org/2003/arcrole/parent-child" xlink:from="GrantsGrossMethodGrantsForAgriculturalProduceAbstract" xlink:to="GrantsGrossMethodGrantsForAgriculturalProduce" xlink:title="presentation: GrantsGrossMethodGrantsForAgriculturalProduceAbstract to GrantsGrossMethodGrantsForAgriculturalProduce" use="optional" order="1.0"/>
    <link:loc xlink:type="locator" xlink:href="../../et-gaap-cor_2011-01-01.xsd#et-gaap_GrantsAllocationByGrossMethodUsageAndGrantsGrossMethodGrantsForAgriculturalProduceHypercube" xlink:label="GrantsAllocationByGrossMethodUsageAndGrantsGrossMethodGrantsForAgriculturalProduceHypercube" xlink:title="GrantsAllocationByGrossMethodUsageAndGrantsGrossMethodGrantsForAgriculturalProduceHypercube"/>
    <link:presentationArc xlink:type="arc" xlink:arcrole="http://www.xbrl.org/2003/arcrole/parent-child" xlink:from="GrantsGrossMethodGrantsForAgriculturalProduce" xlink:to="GrantsAllocationByGrossMethodUsageAndGrantsGrossMethodGrantsForAgriculturalProduceHypercube" xlink:title="presentation: GrantsGrossMethodGrantsForAgriculturalProduce to GrantsAllocationByGrossMethodUsageAndGrantsGrossMethodGrantsForAgriculturalProduceHypercube" use="optional" order="1.0" xbrldt:contextElement="scenario"/>
    <link:loc xlink:type="locator" xlink:href="../../et-gaap-cor_2011-01-01.xsd#et-gaap_GrantsGrossMethodGrantsForAgriculturalProduceDimension" xlink:label="GrantsGrossMethodGrantsForAgriculturalProduceDimension" xlink:title="GrantsGrossMethodGrantsForAgriculturalProduceDimension"/>
    <link:presentationArc xlink:type="arc" xlink:arcrole="http://www.xbrl.org/2003/arcrole/parent-child" xlink:from="GrantsAllocationByGrossMethodUsageAndGrantsGrossMethodGrantsForAgriculturalProduceHypercube" xlink:to="GrantsGrossMethodGrantsForAgriculturalProduceDimension" xlink:title="presentation: GrantsAllocationByGrossMethodUsageAndGrantsGrossMethodGrantsForAgriculturalProduceHypercube to GrantsGrossMethodGrantsForAgriculturalProduceDimension" use="optional" order="1.0"/>
    <link:presentationArc xlink:type="arc" xlink:arcrole="http://www.xbrl.org/2003/arcrole/parent-child" xlink:from="GrantsAllocationByGrossMethodUsageAndGrantsGrossMethodGrantsForAgriculturalProduceHypercube" xlink:to="GrantsAllocationByGrossMethodUsageDimension" xlink:title="presentation: GrantsAllocationByGrossMethodUsageAndGrantsGrossMethodGrantsForAgriculturalProduceHypercube to GrantsAllocationByGrossMethodUsageDimension" use="optional" order="2.0"/>
    <link:loc xlink:type="locator" xlink:href="../../et-gaap-cor_2011-01-01.xsd#et-gaap_GrantsGrossMethodGrantsForAgriculturalProduceTotal" xlink:label="GrantsGrossMethodGrantsForAgriculturalProduceTotal" xlink:title="GrantsGrossMethodGrantsForAgriculturalProduceTotal"/>
    <link:presentationArc xlink:type="arc" xlink:arcrole="http://www.xbrl.org/2003/arcrole/parent-child" xlink:from="GrantsGrossMethodGrantsForAgriculturalProduceAbstract" xlink:to="GrantsGrossMethodGrantsForAgriculturalProduceTotal" xlink:title="presentation: GrantsGrossMethodGrantsForAgriculturalProduceAbstract to GrantsGrossMethodGrantsForAgriculturalProduceTotal" use="optional" order="2.0"/>
    <link:presentationArc xlink:type="arc" xlink:arcrole="http://www.xbrl.org/2003/arcrole/parent-child" xlink:from="GrantsGrossMethodGrantsForAgriculturalProduceTotal" xlink:to="GrantsAllocationByGrossMethodUsageHypercube" xlink:title="presentation: GrantsGrossMethodGrantsForAgriculturalProduceTotal to GrantsAllocationByGrossMethodUsageHypercube" use="optional" order="1.0" xbrldt:contextElement="scenario"/>
    <link:loc xlink:type="locator" xlink:href="../../et-gaap-cor_2011-01-01.xsd#et-gaap_NoteGrantsNetMethodAbstract" xlink:label="NoteGrantsNetMethodAbstract" xlink:title="NoteGrantsNetMethodAbstract"/>
    <link:presentationArc xlink:type="arc" xlink:arcrole="http://www.xbrl.org/2003/arcrole/parent-child" xlink:from="NoteGrantsWithSpecialTermsAbstract" xlink:to="NoteGrantsNetMethodAbstract" xlink:title="presentation: NoteGrantsWithSpecialTermsAbstract to NoteGrantsNetMethodAbstract" use="optional" order="2.0"/>
    <link:loc xlink:type="locator" xlink:href="../../et-gaap-cor_2011-01-01.xsd#et-gaap_NoteGrantsNetMethodGrantsForAcquisitionOfNonCurrentAssetsAbstract" xlink:label="NoteGrantsNetMethodGrantsForAcquisitionOfNonCurrentAssetsAbstract" xlink:title="NoteGrantsNetMethodGrantsForAcquisitionOfNonCurrentAssetsAbstract"/>
    <link:presentationArc xlink:type="arc" xlink:arcrole="http://www.xbrl.org/2003/arcrole/parent-child" xlink:from="NoteGrantsNetMethodAbstract" xlink:to="NoteGrantsNetMethodGrantsForAcquisitionOfNonCurrentAssetsAbstract" xlink:title="presentation: NoteGrantsNetMethodAbstract to NoteGrantsNetMethodGrantsForAcquisitionOfNonCurrentAssetsAbstract" use="optional" order="1.0"/>
    <link:loc xlink:type="locator" xlink:href="../../et-gaap-cor_2011-01-01.xsd#et-gaap_GrantsNetMethodGrantsForAcquisitionOfNonCurrentAssets" xlink:label="GrantsNetMethodGrantsForAcquisitionOfNonCurrentAssets" xlink:title="GrantsNetMethodGrantsForAcquisitionOfNonCurrentAssets"/>
    <link:presentationArc xlink:type="arc" xlink:arcrole="http://www.xbrl.org/2003/arcrole/parent-child" xlink:from="NoteGrantsNetMethodGrantsForAcquisitionOfNonCurrentAssetsAbstract" xlink:to="GrantsNetMethodGrantsForAcquisitionOfNonCurrentAssets" xlink:title="presentation: NoteGrantsNetMethodGrantsForAcquisitionOfNonCurrentAssetsAbstract to GrantsNetMethodGrantsForAcquisitionOfNonCurrentAssets" use="optional" order="1.0"/>
    <link:loc xlink:type="locator" xlink:href="../../et-gaap-cor_2011-01-01.xsd#et-gaap_GrantsAllocationByNetMethodUsageAndGrantsForAcquisitionOfNonCurrentAssetsHypercube" xlink:label="GrantsAllocationByNetMethodUsageAndGrantsForAcquisitionOfNonCurrentAssetsHypercube" xlink:title="GrantsAllocationByNetMethodUsageAndGrantsForAcquisitionOfNonCurrentAssetsHypercube"/>
    <link:presentationArc xlink:type="arc" xlink:arcrole="http://www.xbrl.org/2003/arcrole/parent-child" xlink:from="GrantsNetMethodGrantsForAcquisitionOfNonCurrentAssets" xlink:to="GrantsAllocationByNetMethodUsageAndGrantsForAcquisitionOfNonCurrentAssetsHypercube" xlink:title="presentation: GrantsNetMethodGrantsForAcquisitionOfNonCurrentAssets to GrantsAllocationByNetMethodUsageAndGrantsForAcquisitionOfNonCurrentAssetsHypercube" use="optional" order="1.0" xbrldt:contextElement="scenario"/>
    <link:loc xlink:type="locator" xlink:href="../../et-gaap-cor_2011-01-01.xsd#et-gaap_GrantsNetMethodGrantsForAcquisitionOfNonCurrentAssetsDimension" xlink:label="GrantsNetMethodGrantsForAcquisitionOfNonCurrentAssetsDimension" xlink:title="GrantsNetMethodGrantsForAcquisitionOfNonCurrentAssetsDimension"/>
    <link:presentationArc xlink:type="arc" xlink:arcrole="http://www.xbrl.org/2003/arcrole/parent-child" xlink:from="GrantsAllocationByNetMethodUsageAndGrantsForAcquisitionOfNonCurrentAssetsHypercube" xlink:to="GrantsNetMethodGrantsForAcquisitionOfNonCurrentAssetsDimension" xlink:title="presentation: GrantsAllocationByNetMethodUsageAndGrantsForAcquisitionOfNonCurrentAssetsHypercube to GrantsNetMethodGrantsForAcquisitionOfNonCurrentAssetsDimension" use="optional" order="1.0"/>
    <link:loc xlink:type="locator" xlink:href="../../et-gaap-cor_2011-01-01.xsd#et-gaap_GrantsAllocationByNetMethodUsageDimension" xlink:label="GrantsAllocationByNetMethodUsageDimension" xlink:title="GrantsAllocationByNetMethodUsageDimension"/>
    <link:presentationArc xlink:type="arc" xlink:arcrole="http://www.xbrl.org/2003/arcrole/parent-child" xlink:from="GrantsAllocationByNetMethodUsageAndGrantsForAcquisitionOfNonCurrentAssetsHypercube" xlink:to="GrantsAllocationByNetMethodUsageDimension" xlink:title="presentation: GrantsAllocationByNetMethodUsageAndGrantsForAcquisitionOfNonCurrentAssetsHypercube to GrantsAllocationByNetMethodUsageDimension" use="optional" order="2.0" xbrldt:targetRole="http://xbrl.eesti.ee/role/et-gaap_2011-01-01/NoteGrantsWithSpecialTerms_role-829020"/>
    <link:loc xlink:type="locator" xlink:href="../../et-gaap-cor_2011-01-01.xsd#et-gaap_GrantsAllocationByNetMethodUsageReceivedAbstract" xlink:label="GrantsAllocationByNetMethodUsageReceivedAbstract" xlink:title="GrantsAllocationByNetMethodUsageReceivedAbstract"/>
    <link:presentationArc xlink:type="arc" xlink:arcrole="http://www.xbrl.org/2003/arcrole/parent-child" xlink:from="GrantsAllocationByNetMethodUsageDimension" xlink:to="GrantsAllocationByNetMethodUsageReceivedAbstract" xlink:title="presentation: GrantsAllocationByNetMethodUsageDimension to GrantsAllocationByNetMethodUsageReceivedAbstract" use="optional" order="1.0"/>
    <link:loc xlink:type="locator" xlink:href="../../et-gaap-cor_2011-01-01.xsd#et-gaap_GrantsAllocationByNetMethodUsageRepaidAbstract" xlink:label="GrantsAllocationByNetMethodUsageRepaidAbstract" xlink:title="GrantsAllocationByNetMethodUsageRepaidAbstract"/>
    <link:presentationArc xlink:type="arc" xlink:arcrole="http://www.xbrl.org/2003/arcrole/parent-child" xlink:from="GrantsAllocationByNetMethodUsageDimension" xlink:to="GrantsAllocationByNetMethodUsageRepaidAbstract" xlink:title="presentation: GrantsAllocationByNetMethodUsageDimension to GrantsAllocationByNetMethodUsageRepaidAbstract" use="optional" order="2.0"/>
    <link:loc xlink:type="locator" xlink:href="../../et-gaap-cor_2011-01-01.xsd#et-gaap_GrantsNetMethodGrantsForAcquisitionOfNonCurrentAssetsTotal" xlink:label="GrantsNetMethodGrantsForAcquisitionOfNonCurrentAssetsTotal" xlink:title="GrantsNetMethodGrantsForAcquisitionOfNonCurrentAssetsTotal"/>
    <link:presentationArc xlink:type="arc" xlink:arcrole="http://www.xbrl.org/2003/arcrole/parent-child" xlink:from="NoteGrantsNetMethodGrantsForAcquisitionOfNonCurrentAssetsAbstract" xlink:to="GrantsNetMethodGrantsForAcquisitionOfNonCurrentAssetsTotal" xlink:title="presentation: NoteGrantsNetMethodGrantsForAcquisitionOfNonCurrentAssetsAbstract to GrantsNetMethodGrantsForAcquisitionOfNonCurrentAssetsTotal" use="optional" order="2.0"/>
    <link:loc xlink:type="locator" xlink:href="../../et-gaap-cor_2011-01-01.xsd#et-gaap_GrantsAllocationByNetMethodUsageHypercube" xlink:label="GrantsAllocationByNetMethodUsageHypercube" xlink:title="GrantsAllocationByNetMethodUsageHypercube"/>
    <link:presentationArc xlink:type="arc" xlink:arcrole="http://www.xbrl.org/2003/arcrole/parent-child" xlink:from="GrantsNetMethodGrantsForAcquisitionOfNonCurrentAssetsTotal" xlink:to="GrantsAllocationByNetMethodUsageHypercube" xlink:title="presentation: GrantsNetMethodGrantsForAcquisitionOfNonCurrentAssetsTotal to GrantsAllocationByNetMethodUsageHypercube" use="optional" order="1.0" xbrldt:contextElement="scenario"/>
    <link:presentationArc xlink:type="arc" xlink:arcrole="http://www.xbrl.org/2003/arcrole/parent-child" xlink:from="GrantsAllocationByNetMethodUsageHypercube" xlink:to="GrantsAllocationByNetMethodUsageDimension" xlink:title="presentation: GrantsAllocationByNetMethodUsageHypercube to GrantsAllocationByNetMethodUsageDimension" use="optional" order="1.0" xbrldt:targetRole="http://xbrl.eesti.ee/role/et-gaap_2011-01-01/NoteGrantsWithSpecialTerms_role-829020"/>
    <link:loc xlink:type="locator" xlink:href="../../et-gaap-cor_2011-01-01.xsd#et-gaap_NoteGrantsNetMethodGrantsForOperatingExpensesAbstract" xlink:label="NoteGrantsNetMethodGrantsForOperatingExpensesAbstract" xlink:title="NoteGrantsNetMethodGrantsForOperatingExpensesAbstract"/>
    <link:presentationArc xlink:type="arc" xlink:arcrole="http://www.xbrl.org/2003/arcrole/parent-child" xlink:from="NoteGrantsNetMethodAbstract" xlink:to="NoteGrantsNetMethodGrantsForOperatingExpensesAbstract" xlink:title="presentation: NoteGrantsNetMethodAbstract to NoteGrantsNetMethodGrantsForOperatingExpensesAbstract" use="optional" order="2.0"/>
    <link:loc xlink:type="locator" xlink:href="../../et-gaap-cor_2011-01-01.xsd#et-gaap_GrantsNetMethodGrantsForOperatingExpenses" xlink:label="GrantsNetMethodGrantsForOperatingExpenses" xlink:title="GrantsNetMethodGrantsForOperatingExpenses"/>
    <link:presentationArc xlink:type="arc" xlink:arcrole="http://www.xbrl.org/2003/arcrole/parent-child" xlink:from="NoteGrantsNetMethodGrantsForOperatingExpensesAbstract" xlink:to="GrantsNetMethodGrantsForOperatingExpenses" xlink:title="presentation: NoteGrantsNetMethodGrantsForOperatingExpensesAbstract to GrantsNetMethodGrantsForOperatingExpenses" use="optional" order="1.0"/>
    <link:loc xlink:type="locator" xlink:href="../../et-gaap-cor_2011-01-01.xsd#et-gaap_GrantsAllocationByNetMethodUsageAndGrantsForOperatingExpensesHypercube" xlink:label="GrantsAllocationByNetMethodUsageAndGrantsForOperatingExpensesHypercube" xlink:title="GrantsAllocationByNetMethodUsageAndGrantsForOperatingExpensesHypercube"/>
    <link:presentationArc xlink:type="arc" xlink:arcrole="http://www.xbrl.org/2003/arcrole/parent-child" xlink:from="GrantsNetMethodGrantsForOperatingExpenses" xlink:to="GrantsAllocationByNetMethodUsageAndGrantsForOperatingExpensesHypercube" xlink:title="presentation: GrantsNetMethodGrantsForOperatingExpenses to GrantsAllocationByNetMethodUsageAndGrantsForOperatingExpensesHypercube" use="optional" order="1.0" xbrldt:contextElement="scenario"/>
    <link:loc xlink:type="locator" xlink:href="../../et-gaap-cor_2011-01-01.xsd#et-gaap_GrantsNetMethodGrantsForOperatingExpensesDimension" xlink:label="GrantsNetMethodGrantsForOperatingExpensesDimension" xlink:title="GrantsNetMethodGrantsForOperatingExpensesDimension"/>
    <link:presentationArc xlink:type="arc" xlink:arcrole="http://www.xbrl.org/2003/arcrole/parent-child" xlink:from="GrantsAllocationByNetMethodUsageAndGrantsForOperatingExpensesHypercube" xlink:to="GrantsNetMethodGrantsForOperatingExpensesDimension" xlink:title="presentation: GrantsAllocationByNetMethodUsageAndGrantsForOperatingExpensesHypercube to GrantsNetMethodGrantsForOperatingExpensesDimension" use="optional" order="1.0"/>
    <link:presentationArc xlink:type="arc" xlink:arcrole="http://www.xbrl.org/2003/arcrole/parent-child" xlink:from="GrantsAllocationByNetMethodUsageAndGrantsForOperatingExpensesHypercube" xlink:to="GrantsAllocationByNetMethodUsageDimension" xlink:title="presentation: GrantsAllocationByNetMethodUsageAndGrantsForOperatingExpensesHypercube to GrantsAllocationByNetMethodUsageDimension" use="optional" order="2.0" xbrldt:targetRole="http://xbrl.eesti.ee/role/et-gaap_2011-01-01/NoteGrantsWithSpecialTerms_role-829020"/>
    <link:loc xlink:type="locator" xlink:href="../../et-gaap-cor_2011-01-01.xsd#et-gaap_GrantsNetMethodGrantsForOperatingExpensesTotal" xlink:label="GrantsNetMethodGrantsForOperatingExpensesTotal" xlink:title="GrantsNetMethodGrantsForOperatingExpensesTotal"/>
    <link:presentationArc xlink:type="arc" xlink:arcrole="http://www.xbrl.org/2003/arcrole/parent-child" xlink:from="NoteGrantsNetMethodGrantsForOperatingExpensesAbstract" xlink:to="GrantsNetMethodGrantsForOperatingExpensesTotal" xlink:title="presentation: NoteGrantsNetMethodGrantsForOperatingExpensesAbstract to GrantsNetMethodGrantsForOperatingExpensesTotal" use="optional" order="2.0"/>
    <link:presentationArc xlink:type="arc" xlink:arcrole="http://www.xbrl.org/2003/arcrole/parent-child" xlink:from="GrantsNetMethodGrantsForOperatingExpensesTotal" xlink:to="GrantsAllocationByNetMethodUsageHypercube" xlink:title="presentation: GrantsNetMethodGrantsForOperatingExpensesTotal to GrantsAllocationByNetMethodUsageHypercube" use="optional" order="1.0" xbrldt:targetRole="http://xbrl.eesti.ee/role/et-gaap_2011-01-01/NoteGrantsWithSpecialTerms_role-829020" xbrldt:contextElement="scenario"/>
    <link:loc xlink:type="locator" xlink:href="../../et-gaap-cor_2011-01-01.xsd#et-gaap_GrantsNetMethodTotal" xlink:label="GrantsNetMethodTotal" xlink:title="GrantsNetMethodTotal"/>
    <link:presentationArc xlink:type="arc" xlink:arcrole="http://www.xbrl.org/2003/arcrole/parent-child" xlink:from="NoteGrantsNetMethodAbstract" xlink:to="GrantsNetMethodTotal" xlink:title="presentation: NoteGrantsNetMethodAbstract to GrantsNetMethodTotal" use="optional" order="4.0" preferredLabel="http://www.xbrl.org/2003/role/totalLabel"/>
    <link:presentationArc xlink:type="arc" xlink:arcrole="http://www.xbrl.org/2003/arcrole/parent-child" xlink:from="GrantsNetMethodTotal" xlink:to="GrantsAllocationByNetMethodUsageHypercube" xlink:title="presentation: GrantsNetMethodTotal to GrantsAllocationByNetMethodUsageHypercube" use="optional" order="1.0" xbrldt:targetRole="http://xbrl.eesti.ee/role/et-gaap_2011-01-01/NoteGrantsWithSpecialTerms_role-829020" xbrldt:contextElement="scenario"/>
    <link:loc xlink:type="locator" xlink:href="../../et-gaap-cor_2011-01-01.xsd#et-gaap_NoteGrantsWithSpecialTermsNetMethod" xlink:label="NoteGrantsWithSpecialTermsNetMethod" xlink:title="NoteGrantsWithSpecialTermsNetMethod"/>
    <link:presentationArc xlink:type="arc" xlink:arcrole="http://www.xbrl.org/2003/arcrole/parent-child" xlink:from="NoteGrantsNetMethodAbstract" xlink:to="NoteGrantsWithSpecialTermsNetMethod" xlink:title="presentation: NoteGrantsNetMethodAbstract to NoteGrantsWithSpecialTermsNetMethod" use="optional" order="5.0"/>
    <link:loc xlink:type="locator" xlink:href="../../et-gaap-cor_2011-01-01.xsd#et-gaap_NoteGrantsNetMethodGrantsForAgriculturalProduceAbstract" xlink:label="NoteGrantsNetMethodGrantsForAgriculturalProduceAbstract" xlink:title="NoteGrantsNetMethodGrantsForAgriculturalProduceAbstract"/>
    <link:presentationArc xlink:type="arc" xlink:arcrole="http://www.xbrl.org/2003/arcrole/parent-child" xlink:from="NoteGrantsNetMethodAbstract" xlink:to="NoteGrantsNetMethodGrantsForAgriculturalProduceAbstract" xlink:title="presentation: NoteGrantsNetMethodAbstract to NoteGrantsNetMethodGrantsForAgriculturalProduceAbstract" use="optional" order="3.0"/>
    <link:loc xlink:type="locator" xlink:href="../../et-gaap-cor_2011-01-01.xsd#et-gaap_GrantsNetMethodGrantsForAgriculturalProduce" xlink:label="GrantsNetMethodGrantsForAgriculturalProduce" xlink:title="GrantsNetMethodGrantsForAgriculturalProduce"/>
    <link:presentationArc xlink:type="arc" xlink:arcrole="http://www.xbrl.org/2003/arcrole/parent-child" xlink:from="NoteGrantsNetMethodGrantsForAgriculturalProduceAbstract" xlink:to="GrantsNetMethodGrantsForAgriculturalProduce" xlink:title="presentation: NoteGrantsNetMethodGrantsForAgriculturalProduceAbstract to GrantsNetMethodGrantsForAgriculturalProduce" use="optional" order="1.0"/>
    <link:loc xlink:type="locator" xlink:href="../../et-gaap-cor_2011-01-01.xsd#et-gaap_GrantsAllocationByNetMethodUsageAndGrantsNetMethodGrantsForAgriculturalProduceHypercube" xlink:label="GrantsAllocationByNetMethodUsageAndGrantsNetMethodGrantsForAgriculturalProduceHypercube" xlink:title="GrantsAllocationByNetMethodUsageAndGrantsNetMethodGrantsForAgriculturalProduceHypercube"/>
    <link:presentationArc xlink:type="arc" xlink:arcrole="http://www.xbrl.org/2003/arcrole/parent-child" xlink:from="GrantsNetMethodGrantsForAgriculturalProduce" xlink:to="GrantsAllocationByNetMethodUsageAndGrantsNetMethodGrantsForAgriculturalProduceHypercube" xlink:title="presentation: GrantsNetMethodGrantsForAgriculturalProduce to GrantsAllocationByNetMethodUsageAndGrantsNetMethodGrantsForAgriculturalProduceHypercube" use="optional" order="1.0" xbrldt:contextElement="scenario"/>
    <link:loc xlink:type="locator" xlink:href="../../et-gaap-cor_2011-01-01.xsd#et-gaap_GrantsNetMethodGrantsForAgriculturalProduceDimension" xlink:label="GrantsNetMethodGrantsForAgriculturalProduceDimension" xlink:title="GrantsNetMethodGrantsForAgriculturalProduceDimension"/>
    <link:presentationArc xlink:type="arc" xlink:arcrole="http://www.xbrl.org/2003/arcrole/parent-child" xlink:from="GrantsAllocationByNetMethodUsageAndGrantsNetMethodGrantsForAgriculturalProduceHypercube" xlink:to="GrantsNetMethodGrantsForAgriculturalProduceDimension" xlink:title="presentation: GrantsAllocationByNetMethodUsageAndGrantsNetMethodGrantsForAgriculturalProduceHypercube to GrantsNetMethodGrantsForAgriculturalProduceDimension" use="optional" order="1.0"/>
    <link:presentationArc xlink:type="arc" xlink:arcrole="http://www.xbrl.org/2003/arcrole/parent-child" xlink:from="GrantsAllocationByNetMethodUsageAndGrantsNetMethodGrantsForAgriculturalProduceHypercube" xlink:to="GrantsAllocationByNetMethodUsageDimension" xlink:title="presentation: GrantsAllocationByNetMethodUsageAndGrantsNetMethodGrantsForAgriculturalProduceHypercube to GrantsAllocationByNetMethodUsageDimension" use="optional" order="2.0"/>
    <link:loc xlink:type="locator" xlink:href="../../et-gaap-cor_2011-01-01.xsd#et-gaap_GrantsNetMethodGrantsForAgriculturalProduceTotal" xlink:label="GrantsNetMethodGrantsForAgriculturalProduceTotal" xlink:title="GrantsNetMethodGrantsForAgriculturalProduceTotal"/>
    <link:presentationArc xlink:type="arc" xlink:arcrole="http://www.xbrl.org/2003/arcrole/parent-child" xlink:from="NoteGrantsNetMethodGrantsForAgriculturalProduceAbstract" xlink:to="GrantsNetMethodGrantsForAgriculturalProduceTotal" xlink:title="presentation: NoteGrantsNetMethodGrantsForAgriculturalProduceAbstract to GrantsNetMethodGrantsForAgriculturalProduceTotal" use="optional" order="2.0"/>
    <link:presentationArc xlink:type="arc" xlink:arcrole="http://www.xbrl.org/2003/arcrole/parent-child" xlink:from="GrantsNetMethodGrantsForAgriculturalProduceTotal" xlink:to="GrantsAllocationByNetMethodUsageHypercube" xlink:title="presentation: GrantsNetMethodGrantsForAgriculturalProduceTotal to GrantsAllocationByNetMethodUsageHypercube" use="optional" order="1.0" xbrldt:contextElement="scenario"/>
  </link:presentationLink>
</link:linkbase>
