<?xml version="1.0" encoding="UTF-8"?>
<!--
**************************************************************
et-gaap Taxonomy: 2011-01-01 (Final)

Copyright (C) 2010 Centre of Registers and Information Systems
**************************************************************
-->
<link:linkbase xmlns:xsi="http://www.w3.org/2001/XMLSchema-instance" xsi:schemaLocation="http://www.xbrl.org/2003/linkbase http://www.xbrl.org/2003/xbrl-linkbase-2003-12-31.xsd" xmlns:link="http://www.xbrl.org/2003/linkbase" xmlns:xbrldt="http://xbrl.org/2005/xbrldt" xmlns:xlink="http://www.w3.org/1999/xlink">
  <link:roleRef roleURI="http://xbrl.eesti.ee/role/et-gaap_2011-01-01/GeneralInformation_role-101010" xlink:type="simple" xlink:href="role-101000.xsd#GeneralInformation_role-101010"/>
  <link:presentationLink xlink:type="extended" xlink:role="http://xbrl.eesti.ee/role/et-gaap_2011-01-01/GeneralInformation_role-101010">
    <link:loc xlink:type="locator" xlink:href="../../et-gaap-cor_2011-01-01.xsd#et-gaap_GeneralInformationAbstract" xlink:label="GeneralInformationAbstract" xlink:title="GeneralInformationAbstract"/>
    <link:loc xlink:type="locator" xlink:href="../../et-gaap-cor_2011-01-01.xsd#et-gaap_AnnualReportName" xlink:label="AnnualReportName" xlink:title="AnnualReportName"/>
    <link:presentationArc xlink:type="arc" xlink:arcrole="http://www.xbrl.org/2003/arcrole/parent-child" xlink:from="GeneralInformationAbstract" xlink:to="AnnualReportName" xlink:title="presentation: GeneralInformationAbstract to AnnualReportName" order="2.0"/>
    <link:loc xlink:type="locator" xlink:href="../../et-gaap-cor_2011-01-01.xsd#et-gaap_LegalAddress" xlink:label="LegalAddress" xlink:title="LegalAddress"/>
    <link:presentationArc xlink:type="arc" xlink:arcrole="http://www.xbrl.org/2003/arcrole/parent-child" xlink:from="GeneralInformationAbstract" xlink:to="LegalAddress" xlink:title="presentation: GeneralInformationAbstract to LegalAddress" order="3.0"/>
    <link:loc xlink:type="locator" xlink:href="../../et-gaap-cor_2011-01-01.xsd#et-gaap_RegistryCode" xlink:label="RegistryCode" xlink:title="RegistryCode"/>
    <link:presentationArc xlink:type="arc" xlink:arcrole="http://www.xbrl.org/2003/arcrole/parent-child" xlink:from="GeneralInformationAbstract" xlink:to="RegistryCode" xlink:title="presentation: GeneralInformationAbstract to RegistryCode" order="4.0"/>
    <link:loc xlink:type="locator" xlink:href="../../et-gaap-cor_2011-01-01.xsd#et-gaap_Telephone" xlink:label="Telephone" xlink:title="Telephone"/>
    <link:presentationArc xlink:type="arc" xlink:arcrole="http://www.xbrl.org/2003/arcrole/parent-child" xlink:from="GeneralInformationAbstract" xlink:to="Telephone" xlink:title="presentation: GeneralInformationAbstract to Telephone" order="5.0"/>
    <link:loc xlink:type="locator" xlink:href="../../et-gaap-cor_2011-01-01.xsd#et-gaap_Fax" xlink:label="Fax" xlink:title="Fax"/>
    <link:presentationArc xlink:type="arc" xlink:arcrole="http://www.xbrl.org/2003/arcrole/parent-child" xlink:from="GeneralInformationAbstract" xlink:to="Fax" xlink:title="presentation: GeneralInformationAbstract to Fax" order="6.0"/>
    <link:loc xlink:type="locator" xlink:href="../../et-gaap-cor_2011-01-01.xsd#et-gaap_EMail" xlink:label="EMail" xlink:title="EMail"/>
    <link:presentationArc xlink:type="arc" xlink:arcrole="http://www.xbrl.org/2003/arcrole/parent-child" xlink:from="GeneralInformationAbstract" xlink:to="EMail" xlink:title="presentation: GeneralInformationAbstract to EMail" order="7.0"/>
    <link:loc xlink:type="locator" xlink:href="../../et-gaap-cor_2011-01-01.xsd#et-gaap_InternetHomepage" xlink:label="InternetHomepage" xlink:title="InternetHomepage"/>
    <link:presentationArc xlink:type="arc" xlink:arcrole="http://www.xbrl.org/2003/arcrole/parent-child" xlink:from="GeneralInformationAbstract" xlink:to="InternetHomepage" xlink:title="presentation: GeneralInformationAbstract to InternetHomepage" order="8.0"/>
    <link:loc xlink:type="locator" xlink:href="../../et-gaap-cor_2011-01-01.xsd#et-gaap_Auditor" xlink:label="Auditor" xlink:title="Auditor"/>
    <link:presentationArc xlink:type="arc" xlink:arcrole="http://www.xbrl.org/2003/arcrole/parent-child" xlink:from="GeneralInformationAbstract" xlink:to="Auditor" xlink:title="presentation: GeneralInformationAbstract to Auditor" order="9.0"/>
    <link:loc xlink:type="locator" xlink:href="../../et-gaap-cor_2011-01-01.xsd#et-gaap_BeginningAndEndOfAnnualPeriod" xlink:label="BeginningAndEndOfAnnualPeriod" xlink:title="BeginningAndEndOfAnnualPeriod"/>
    <link:presentationArc xlink:type="arc" xlink:arcrole="http://www.xbrl.org/2003/arcrole/parent-child" xlink:from="GeneralInformationAbstract" xlink:to="BeginningAndEndOfAnnualPeriod" xlink:title="presentation: GeneralInformationAbstract to BeginningAndEndOfAnnualPeriod" order="10.0"/>
    <link:loc xlink:type="locator" xlink:href="../../et-gaap-cor_2011-01-01.xsd#et-gaap_NonprofitOrganisationFoundationName" xlink:label="NonprofitOrganisationFoundationName" xlink:title="NonprofitOrganisationFoundationName"/>
    <link:presentationArc xlink:type="arc" xlink:arcrole="http://www.xbrl.org/2003/arcrole/parent-child" xlink:from="GeneralInformationAbstract" xlink:to="NonprofitOrganisationFoundationName" xlink:title="presentation: GeneralInformationAbstract to NonprofitOrganisationFoundationName" order="1.0"/>
  </link:presentationLink>
</link:linkbase>
