<?xml version="1.0" encoding="UTF-8"?>
<!--
**************************************************************
et-gaap Taxonomy: 2011-01-01 (Final)

Copyright (C) 2010 Centre of Registers and Information Systems
**************************************************************
-->
<link:linkbase xmlns:xsi="http://www.w3.org/2001/XMLSchema-instance" xsi:schemaLocation="http://www.xbrl.org/2003/linkbase http://www.xbrl.org/2003/xbrl-linkbase-2003-12-31.xsd" xmlns:link="http://www.xbrl.org/2003/linkbase" xmlns:xlink="http://www.w3.org/1999/xlink" xmlns:xbrldt="http://xbrl.org/2005/xbrldt">
  <link:roleRef roleURI="http://xbrl.eesti.ee/role/et-gaap_2011-01-01/NoteOtherLongTermFinancialInvestments_role-810010" xlink:type="simple" xlink:href="role-810000.xsd#NoteOtherLongTermFinancialInvestments_role-810010"/>
  <link:calculationLink xlink:type="extended" xlink:role="http://xbrl.eesti.ee/role/et-gaap_2011-01-01/NoteOtherLongTermFinancialInvestments_role-810010">
    <link:loc xlink:type="locator" xlink:href="../../et-gaap-cor_2011-01-01.xsd#et-gaap_OtherLongTermFinancialInvestmentsAtEndOfPeriod" xlink:label="OtherLongTermFinancialInvestmentsAtEndOfPeriod" xlink:title="OtherLongTermFinancialInvestmentsAtEndOfPeriod"/>
    <link:loc xlink:type="locator" xlink:href="../../et-gaap-cor_2011-01-01.xsd#et-gaap_OtherLongTermFinancialInvestmentsCarriedAtFairValue" xlink:label="OtherLongTermFinancialInvestmentsCarriedAtFairValue" xlink:title="OtherLongTermFinancialInvestmentsCarriedAtFairValue"/>
    <link:calculationArc xlink:type="arc" xlink:arcrole="http://www.xbrl.org/2003/arcrole/summation-item" xlink:from="OtherLongTermFinancialInvestmentsAtEndOfPeriod" xlink:to="OtherLongTermFinancialInvestmentsCarriedAtFairValue" xlink:title="calculation: OtherLongTermFinancialInvestmentsAtEndOfPeriod to OtherLongTermFinancialInvestmentsCarriedAtFairValue" order="1.0" weight="1.0"/>
    <link:loc xlink:type="locator" xlink:href="../../et-gaap-cor_2011-01-01.xsd#et-gaap_OtherLongTermFinancialInvestmentsCarriedAtCost" xlink:label="OtherLongTermFinancialInvestmentsCarriedAtCost" xlink:title="OtherLongTermFinancialInvestmentsCarriedAtCost"/>
    <link:calculationArc xlink:type="arc" xlink:arcrole="http://www.xbrl.org/2003/arcrole/summation-item" xlink:from="OtherLongTermFinancialInvestmentsAtEndOfPeriod" xlink:to="OtherLongTermFinancialInvestmentsCarriedAtCost" xlink:title="calculation: OtherLongTermFinancialInvestmentsAtEndOfPeriod to OtherLongTermFinancialInvestmentsCarriedAtCost" order="2.0" weight="1.0"/>
  </link:calculationLink>
</link:linkbase>
