<?xml version="1.0" encoding="UTF-8"?>
<!--
**************************************************************
et-gaap Taxonomy: 2011-01-01 (Final)

Copyright (C) 2010 Centre of Registers and Information Systems
**************************************************************
-->
<link:linkbase xmlns:xsi="http://www.w3.org/2001/XMLSchema-instance" xsi:schemaLocation="http://www.xbrl.org/2003/linkbase http://www.xbrl.org/2003/xbrl-linkbase-2003-12-31.xsd" xmlns:link="http://www.xbrl.org/2003/linkbase" xmlns:xlink="http://www.w3.org/1999/xlink" xmlns:xbrldt="http://xbrl.org/2005/xbrldt">
  <link:roleRef roleURI="http://xbrl.eesti.ee/role/et-gaap_2011-01-01/NoteOtherLongTermFinancialInvestments_role-810000" xlink:type="simple" xlink:href="role-810000.xsd#NoteOtherLongTermFinancialInvestments_role-810000"/>
  <link:calculationLink xlink:type="extended" xlink:role="http://xbrl.eesti.ee/role/et-gaap_2011-01-01/NoteOtherLongTermFinancialInvestments_role-810000">
    <link:loc xlink:type="locator" xlink:href="../../et-gaap-cor_2011-01-01.xsd#et-gaap_OtherLongTermFinancialInvestmentsAtEndOfPeriod" xlink:label="OtherLongTermFinancialInvestmentsAtEndOfPeriod" xlink:title="OtherLongTermFinancialInvestmentsAtEndOfPeriod"/>
    <link:loc xlink:type="locator" xlink:href="../../et-gaap-cor_2011-01-01.xsd#et-gaap_OtherLongTermFinancialInvestmentsAtEndOfPreviousPeriod" xlink:label="OtherLongTermFinancialInvestmentsAtEndOfPreviousPeriod" xlink:title="OtherLongTermFinancialInvestmentsAtEndOfPreviousPeriod"/>
    <link:calculationArc xlink:type="arc" xlink:arcrole="http://www.xbrl.org/2003/arcrole/summation-item" xlink:from="OtherLongTermFinancialInvestmentsAtEndOfPeriod" xlink:to="OtherLongTermFinancialInvestmentsAtEndOfPreviousPeriod" xlink:title="calculation: OtherLongTermFinancialInvestmentsAtEndOfPeriod to OtherLongTermFinancialInvestmentsAtEndOfPreviousPeriod" order="1.0" weight="1.0"/>
    <link:loc xlink:type="locator" xlink:href="../../et-gaap-cor_2011-01-01.xsd#et-gaap_OtherLongTermFinancialInvestmentsProfitLossFromDisposalAndRevaluation" xlink:label="OtherLongTermFinancialInvestmentsProfitLossFromDisposalAndRevaluation" xlink:title="OtherLongTermFinancialInvestmentsProfitLossFromDisposalAndRevaluation"/>
    <link:calculationArc xlink:type="arc" xlink:arcrole="http://www.xbrl.org/2003/arcrole/summation-item" xlink:from="OtherLongTermFinancialInvestmentsAtEndOfPeriod" xlink:to="OtherLongTermFinancialInvestmentsProfitLossFromDisposalAndRevaluation" xlink:title="calculation: OtherLongTermFinancialInvestmentsAtEndOfPeriod to OtherLongTermFinancialInvestmentsProfitLossFromDisposalAndRevaluation" order="2.0" weight="1.0"/>
    <link:loc xlink:type="locator" xlink:href="../../et-gaap-cor_2011-01-01.xsd#et-gaap_OtherLongTermFinancialInvestmentsDisposalAtSellingPriceOrRedemption" xlink:label="OtherLongTermFinancialInvestmentsDisposalAtSellingPriceOrRedemption" xlink:title="OtherLongTermFinancialInvestmentsDisposalAtSellingPriceOrRedemption"/>
    <link:calculationArc xlink:type="arc" xlink:arcrole="http://www.xbrl.org/2003/arcrole/summation-item" xlink:from="OtherLongTermFinancialInvestmentsAtEndOfPeriod" xlink:to="OtherLongTermFinancialInvestmentsDisposalAtSellingPriceOrRedemption" xlink:title="calculation: OtherLongTermFinancialInvestmentsAtEndOfPeriod to OtherLongTermFinancialInvestmentsDisposalAtSellingPriceOrRedemption" order="3.0" weight="1.0"/>
    <link:loc xlink:type="locator" xlink:href="../../et-gaap-cor_2011-01-01.xsd#et-gaap_OtherLongTermFinancialInvestmentsOther" xlink:label="OtherLongTermFinancialInvestmentsOther" xlink:title="OtherLongTermFinancialInvestmentsOther"/>
    <link:calculationArc xlink:type="arc" xlink:arcrole="http://www.xbrl.org/2003/arcrole/summation-item" xlink:from="OtherLongTermFinancialInvestmentsAtEndOfPeriod" xlink:to="OtherLongTermFinancialInvestmentsOther" xlink:title="calculation: OtherLongTermFinancialInvestmentsAtEndOfPeriod to OtherLongTermFinancialInvestmentsOther" order="4.0" weight="1.0"/>
    <link:loc xlink:type="locator" xlink:href="../../et-gaap-cor_2011-01-01.xsd#et-gaap_OtherLongTermFinancialInvestmentsAcquisition" xlink:label="OtherLongTermFinancialInvestmentsAcquisition" xlink:title="OtherLongTermFinancialInvestmentsAcquisition"/>
    <link:calculationArc xlink:type="arc" xlink:arcrole="http://www.xbrl.org/2003/arcrole/summation-item" xlink:from="OtherLongTermFinancialInvestmentsAtEndOfPeriod" xlink:to="OtherLongTermFinancialInvestmentsAcquisition" xlink:title="calculation: OtherLongTermFinancialInvestmentsAtEndOfPeriod to OtherLongTermFinancialInvestmentsAcquisition" order="5.0" weight="1.0"/>
  </link:calculationLink>
</link:linkbase>
