<?xml version="1.0" encoding="UTF-8"?>
<!--
**************************************************************
et-gaap Taxonomy: 2011-01-01 (Final)

Copyright (C) 2010 Centre of Registers and Information Systems
**************************************************************
-->
<link:linkbase xmlns:xsi="http://www.w3.org/2001/XMLSchema-instance" xsi:schemaLocation="http://www.xbrl.org/2003/linkbase http://www.xbrl.org/2003/xbrl-linkbase-2003-12-31.xsd" xmlns:link="http://www.xbrl.org/2003/linkbase" xmlns:xlink="http://www.w3.org/1999/xlink" xmlns:xbrldt="http://xbrl.org/2005/xbrldt">
  <link:roleRef roleURI="http://xbrl.eesti.ee/role/et-gaap_2011-01-01/NoteTradePayables_role-823000" xlink:type="simple" xlink:href="role-823000.xsd#NoteTradePayables_role-823000"/>
  <link:presentationLink xlink:type="extended" xlink:role="http://xbrl.eesti.ee/role/et-gaap_2011-01-01/NoteTradePayables_role-823000">
    <link:loc xlink:type="locator" xlink:href="../../et-gaap-cor_2011-01-01.xsd#et-gaap_NoteTradePayablesAbstract" xlink:label="NoteTradePayablesAbstract" xlink:title="NoteTradePayablesAbstract"/>
    <link:loc xlink:type="locator" xlink:href="../../et-gaap-cor_2011-01-01.xsd#et-gaap_TradePayablesTuple" xlink:label="TradePayablesTuple" xlink:title="TradePayablesTuple"/>
    <link:presentationArc xlink:type="arc" xlink:arcrole="http://www.xbrl.org/2003/arcrole/parent-child" xlink:from="NoteTradePayablesAbstract" xlink:to="TradePayablesTuple" xlink:title="presentation: NoteTradePayablesAbstract to TradePayablesTuple" order="2.0"/>
    <link:loc xlink:type="locator" xlink:href="../../et-gaap-cor_2011-01-01.xsd#et-gaap_TradePayablesName" xlink:label="TradePayablesName" xlink:title="TradePayablesName"/>
    <link:presentationArc xlink:type="arc" xlink:arcrole="http://www.xbrl.org/2003/arcrole/parent-child" xlink:from="TradePayablesTuple" xlink:to="TradePayablesName" xlink:title="presentation: TradePayablesTuple to TradePayablesName" order="1.0"/>
    <link:loc xlink:type="locator" xlink:href="../../et-gaap-cor_2011-01-01.xsd#et-gaap_TradePayablesValue" xlink:label="TradePayablesValue" xlink:title="TradePayablesValue"/>
    <link:presentationArc xlink:type="arc" xlink:arcrole="http://www.xbrl.org/2003/arcrole/parent-child" xlink:from="TradePayablesTuple" xlink:to="TradePayablesValue" xlink:title="presentation: TradePayablesTuple to TradePayablesValue" order="2.0"/>
    <link:loc xlink:type="locator" xlink:href="../../et-gaap-cor_2011-01-01.xsd#et-gaap_TradePayablesTotal" xlink:label="TradePayablesTotal" xlink:title="TradePayablesTotal"/>
    <link:presentationArc xlink:type="arc" xlink:arcrole="http://www.xbrl.org/2003/arcrole/parent-child" xlink:from="NoteTradePayablesAbstract" xlink:to="TradePayablesTotal" xlink:title="presentation: NoteTradePayablesAbstract to TradePayablesTotal" use="optional" order="3.0"/>
    <link:loc xlink:type="locator" xlink:href="../../et-gaap-cor_2011-01-01.xsd#et-gaap_NoteTradePayables" xlink:label="NoteTradePayables" xlink:title="NoteTradePayables"/>
    <link:presentationArc xlink:type="arc" xlink:arcrole="http://www.xbrl.org/2003/arcrole/parent-child" xlink:from="NoteTradePayablesAbstract" xlink:to="NoteTradePayables" xlink:title="presentation: NoteTradePayablesAbstract to NoteTradePayables" use="optional" order="4.0"/>
  </link:presentationLink>
</link:linkbase>
