<?xml version="1.0" encoding="UTF-8"?>
<!--
**************************************************************
et-gaap Taxonomy: 2011-01-01 (Final)

Copyright (C) 2010 Centre of Registers and Information Systems
**************************************************************
-->
<link:linkbase xmlns:xsi="http://www.w3.org/2001/XMLSchema-instance" xsi:schemaLocation="http://www.xbrl.org/2003/linkbase http://www.xbrl.org/2003/xbrl-linkbase-2003-12-31.xsd" xmlns:link="http://www.xbrl.org/2003/linkbase" xmlns:xlink="http://www.w3.org/1999/xlink" xmlns:p0="http://xbrl.org/2005/xbrldt">
  <link:roleRef roleURI="http://xbrl.eesti.ee/role/et-gaap_2011-01-01/NoteLoanCommitments_role-821000" xlink:type="simple" xlink:href="role-821000.xsd#NoteLoanCommitments_role-821000"/>
  <link:roleRef roleURI="http://xbrl.eesti.ee/role/et-gaap_2011-01-01/AdditionalDimensionalAllocationByInterestRateBaseCurrenciesAndDueDate_role-903000" xlink:type="simple" xlink:href="../role-903000/role-903000.xsd#AdditionalDimensionalAllocationByInterestRateBaseCurrenciesAndDueDate_role-903000"/>
  <link:roleRef roleURI="http://xbrl.eesti.ee/role/et-gaap_2011-01-01/AllocationByRemainingMaturity_role-901000" xlink:type="simple" xlink:href="../role-901000/role-901000.xsd#AllocationByRemainingMaturity_role-901000"/>
  <link:roleRef roleURI="http://xbrl.eesti.ee/role/et-gaap_2011-01-01/NoteLoanCommitmentsExcludedElementsOfWithin1To5YearsAndOver5Years_role-821100" xlink:type="simple" xlink:href="role-821000.xsd#NoteLoanCommitmentsExcludedElementsOfWithin1To5YearsAndOver5Years_role-821100"/>
  <link:roleRef roleURI="http://xbrl.eesti.ee/role/et-gaap_2011-01-01/NoteFinanceLease_role-819000" xlink:type="simple" xlink:href="../role-819000/role-819000.xsd#NoteFinanceLease_role-819000"/>
  <link:arcroleRef arcroleURI="http://xbrl.org/int/dim/arcrole/all" xlink:type="simple" xlink:href="http://www.xbrl.org/2005/xbrldt-2005.xsd#all"/>
  <link:arcroleRef arcroleURI="http://xbrl.org/int/dim/arcrole/domain-member" xlink:type="simple" xlink:href="http://www.xbrl.org/2005/xbrldt-2005.xsd#domain-member"/>
  <link:arcroleRef arcroleURI="http://xbrl.org/int/dim/arcrole/hypercube-dimension" xlink:type="simple" xlink:href="http://www.xbrl.org/2005/xbrldt-2005.xsd#hypercube-dimension"/>
  <link:arcroleRef arcroleURI="http://xbrl.org/int/dim/arcrole/notAll" xlink:type="simple" xlink:href="http://www.xbrl.org/2005/xbrldt-2005.xsd#notAll"/>
  <link:definitionLink xlink:type="extended" xlink:role="http://xbrl.eesti.ee/role/et-gaap_2011-01-01/NoteLoanCommitments_role-821000">
    <link:loc xlink:type="locator" xlink:href="../../et-gaap-cor_2011-01-01.xsd#et-gaap_AllocationByRemainingMaturityHypercube" xlink:label="AllocationByRemainingMaturityHypercube" xlink:title="AllocationByRemainingMaturityHypercube"/>
    <link:loc xlink:type="locator" xlink:href="../../et-gaap-cor_2011-01-01.xsd#et-gaap_AllocationByRemainingMaturityDimension" xlink:label="AllocationByRemainingMaturityDimension" xlink:title="AllocationByRemainingMaturityDimension"/>
    <link:definitionArc xlink:type="arc" xlink:arcrole="http://xbrl.org/int/dim/arcrole/hypercube-dimension" xlink:from="AllocationByRemainingMaturityHypercube" xlink:to="AllocationByRemainingMaturityDimension" xlink:title="definition: AllocationByRemainingMaturityHypercube to AllocationByRemainingMaturityDimension" order="1.0" p0:targetRole="http://xbrl.eesti.ee/role/et-gaap_2011-01-01/AllocationByRemainingMaturity_role-901000"/>
    <link:loc xlink:type="locator" xlink:href="../../et-gaap-cor_2011-01-01.xsd#et-gaap_FinanceLeaseObligationsTotal" xlink:label="FinanceLeaseObligationsTotal" xlink:title="FinanceLeaseObligationsTotal"/>
    <link:definitionArc xlink:type="arc" xlink:arcrole="http://xbrl.org/int/dim/arcrole/all" xlink:from="FinanceLeaseObligationsTotal" xlink:to="AllocationByRemainingMaturityHypercube" xlink:title="definition: FinanceLeaseObligationsTotal to AllocationByRemainingMaturityHypercube" order="1.0" p0:targetRole="http://xbrl.eesti.ee/role/et-gaap_2011-01-01/NoteFinanceLease_role-819000" p0:contextElement="scenario" p0:closed="true"/>
    <link:loc xlink:type="locator" xlink:href="../../et-gaap-cor_2011-01-01.xsd#et-gaap_NoteLoanCommitmentsAbstract" xlink:label="NoteLoanCommitmentsAbstract" xlink:title="NoteLoanCommitmentsAbstract"/>
    <link:loc xlink:type="locator" xlink:href="../../et-gaap-cor_2011-01-01.xsd#et-gaap_LoanCommitmentsAbstract" xlink:label="LoanCommitmentsAbstract" xlink:title="LoanCommitmentsAbstract"/>
    <link:definitionArc xlink:type="arc" xlink:arcrole="http://xbrl.org/int/dim/arcrole/domain-member" xlink:from="NoteLoanCommitmentsAbstract" xlink:to="LoanCommitmentsAbstract" xlink:title="definition: NoteLoanCommitmentsAbstract to LoanCommitmentsAbstract" order="1.0"/>
    <link:loc xlink:type="locator" xlink:href="../../et-gaap-cor_2011-01-01.xsd#et-gaap_CurrentLoans" xlink:label="CurrentLoans" xlink:title="CurrentLoans"/>
    <link:definitionArc xlink:type="arc" xlink:arcrole="http://xbrl.org/int/dim/arcrole/domain-member" xlink:from="LoanCommitmentsAbstract" xlink:to="CurrentLoans" xlink:title="definition: LoanCommitmentsAbstract to CurrentLoans" use="optional" order="1.0"/>
    <link:loc xlink:type="locator" xlink:href="../../et-gaap-cor_2011-01-01.xsd#et-gaap_AllocationByRemainingMaturityAndCurrentLoansTypeHypercube" xlink:label="AllocationByRemainingMaturityAndCurrentLoansTypeHypercube" xlink:title="AllocationByRemainingMaturityAndCurrentLoansTypeHypercube"/>
    <link:definitionArc xlink:type="arc" xlink:arcrole="http://xbrl.org/int/dim/arcrole/all" xlink:from="CurrentLoans" xlink:to="AllocationByRemainingMaturityAndCurrentLoansTypeHypercube" xlink:title="definition: CurrentLoans to AllocationByRemainingMaturityAndCurrentLoansTypeHypercube" order="1.0" p0:contextElement="scenario"/>
    <link:loc xlink:type="locator" xlink:href="../../et-gaap-cor_2011-01-01.xsd#et-gaap_CurrentLoansDimension" xlink:label="CurrentLoansDimension" xlink:title="CurrentLoansDimension"/>
    <link:definitionArc xlink:type="arc" xlink:arcrole="http://xbrl.org/int/dim/arcrole/hypercube-dimension" xlink:from="AllocationByRemainingMaturityAndCurrentLoansTypeHypercube" xlink:to="CurrentLoansDimension" xlink:title="definition: AllocationByRemainingMaturityAndCurrentLoansTypeHypercube to CurrentLoansDimension" order="1.0"/>
    <link:definitionArc xlink:type="arc" xlink:arcrole="http://xbrl.org/int/dim/arcrole/hypercube-dimension" xlink:from="AllocationByRemainingMaturityAndCurrentLoansTypeHypercube" xlink:to="AllocationByRemainingMaturityDimension" xlink:title="definition: AllocationByRemainingMaturityAndCurrentLoansTypeHypercube to AllocationByRemainingMaturityDimension" order="2.0" p0:targetRole="http://xbrl.eesti.ee/role/et-gaap_2011-01-01/AllocationByRemainingMaturity_role-901000"/>
    <link:loc xlink:type="locator" xlink:href="../../et-gaap-cor_2011-01-01.xsd#et-gaap_AllocationByRemainingMaturityHypercubeExcludedElementsOfWithin1To5YearAndOver5Years" xlink:label="AllocationByRemainingMaturityHypercubeExcludedElementsOfWithin1To5YearAndOver5Years" xlink:title="AllocationByRemainingMaturityHypercubeExcludedElementsOfWithin1To5YearAndOver5Years"/>
    <link:definitionArc xlink:type="arc" xlink:arcrole="http://xbrl.org/int/dim/arcrole/notAll" xlink:from="CurrentLoans" xlink:to="AllocationByRemainingMaturityHypercubeExcludedElementsOfWithin1To5YearAndOver5Years" xlink:title="definition: CurrentLoans to AllocationByRemainingMaturityHypercubeExcludedElementsOfWithin1To5YearAndOver5Years" order="2.0" p0:targetRole="http://xbrl.eesti.ee/role/et-gaap_2011-01-01/NoteLoanCommitmentsExcludedElementsOfWithin1To5YearsAndOver5Years_role-821100" p0:contextElement="scenario"/>
    <link:loc xlink:type="locator" xlink:href="../../et-gaap-cor_2011-01-01.xsd#et-gaap_CurrentLoansTotal" xlink:label="CurrentLoansTotal" xlink:title="CurrentLoansTotal"/>
    <link:definitionArc xlink:type="arc" xlink:arcrole="http://xbrl.org/int/dim/arcrole/domain-member" xlink:from="LoanCommitmentsAbstract" xlink:to="CurrentLoansTotal" xlink:title="definition: LoanCommitmentsAbstract to CurrentLoansTotal" use="optional" order="3.0"/>
    <link:definitionArc xlink:type="arc" xlink:arcrole="http://xbrl.org/int/dim/arcrole/all" xlink:from="CurrentLoansTotal" xlink:to="AllocationByRemainingMaturityHypercube" xlink:title="definition: CurrentLoansTotal to AllocationByRemainingMaturityHypercube" order="1.0" p0:contextElement="scenario" p0:closed="true"/>
    <link:definitionArc xlink:type="arc" xlink:arcrole="http://xbrl.org/int/dim/arcrole/notAll" xlink:from="CurrentLoansTotal" xlink:to="AllocationByRemainingMaturityHypercubeExcludedElementsOfWithin1To5YearAndOver5Years" xlink:title="definition: CurrentLoansTotal to AllocationByRemainingMaturityHypercubeExcludedElementsOfWithin1To5YearAndOver5Years" order="2.0" p0:targetRole="http://xbrl.eesti.ee/role/et-gaap_2011-01-01/NoteLoanCommitmentsExcludedElementsOfWithin1To5YearsAndOver5Years_role-821100" p0:contextElement="scenario"/>
    <link:loc xlink:type="locator" xlink:href="../../et-gaap-cor_2011-01-01.xsd#et-gaap_CurrentBonds" xlink:label="CurrentBonds" xlink:title="CurrentBonds"/>
    <link:definitionArc xlink:type="arc" xlink:arcrole="http://xbrl.org/int/dim/arcrole/domain-member" xlink:from="LoanCommitmentsAbstract" xlink:to="CurrentBonds" xlink:title="definition: LoanCommitmentsAbstract to CurrentBonds" use="optional" order="4.0"/>
    <link:loc xlink:type="locator" xlink:href="../../et-gaap-cor_2011-01-01.xsd#et-gaap_AllocationByRemainingMaturityAndCurrentBondsTypeHypercube" xlink:label="AllocationByRemainingMaturityAndCurrentBondsTypeHypercube" xlink:title="AllocationByRemainingMaturityAndCurrentBondsTypeHypercube"/>
    <link:definitionArc xlink:type="arc" xlink:arcrole="http://xbrl.org/int/dim/arcrole/all" xlink:from="CurrentBonds" xlink:to="AllocationByRemainingMaturityAndCurrentBondsTypeHypercube" xlink:title="definition: CurrentBonds to AllocationByRemainingMaturityAndCurrentBondsTypeHypercube" order="1.0" p0:contextElement="scenario"/>
    <link:loc xlink:type="locator" xlink:href="../../et-gaap-cor_2011-01-01.xsd#et-gaap_CurrentBondsDimension" xlink:label="CurrentBondsDimension" xlink:title="CurrentBondsDimension"/>
    <link:definitionArc xlink:type="arc" xlink:arcrole="http://xbrl.org/int/dim/arcrole/hypercube-dimension" xlink:from="AllocationByRemainingMaturityAndCurrentBondsTypeHypercube" xlink:to="CurrentBondsDimension" xlink:title="definition: AllocationByRemainingMaturityAndCurrentBondsTypeHypercube to CurrentBondsDimension" order="1.0"/>
    <link:definitionArc xlink:type="arc" xlink:arcrole="http://xbrl.org/int/dim/arcrole/hypercube-dimension" xlink:from="AllocationByRemainingMaturityAndCurrentBondsTypeHypercube" xlink:to="AllocationByRemainingMaturityDimension" xlink:title="definition: AllocationByRemainingMaturityAndCurrentBondsTypeHypercube to AllocationByRemainingMaturityDimension" order="2.0" p0:targetRole="http://xbrl.eesti.ee/role/et-gaap_2011-01-01/AllocationByRemainingMaturity_role-901000"/>
    <link:definitionArc xlink:type="arc" xlink:arcrole="http://xbrl.org/int/dim/arcrole/notAll" xlink:from="CurrentBonds" xlink:to="AllocationByRemainingMaturityHypercubeExcludedElementsOfWithin1To5YearAndOver5Years" xlink:title="definition: CurrentBonds to AllocationByRemainingMaturityHypercubeExcludedElementsOfWithin1To5YearAndOver5Years" order="2.0" p0:targetRole="http://xbrl.eesti.ee/role/et-gaap_2011-01-01/NoteLoanCommitmentsExcludedElementsOfWithin1To5YearsAndOver5Years_role-821100" p0:contextElement="scenario"/>
    <link:loc xlink:type="locator" xlink:href="../../et-gaap-cor_2011-01-01.xsd#et-gaap_CurrentBondsTotal" xlink:label="CurrentBondsTotal" xlink:title="CurrentBondsTotal"/>
    <link:definitionArc xlink:type="arc" xlink:arcrole="http://xbrl.org/int/dim/arcrole/domain-member" xlink:from="LoanCommitmentsAbstract" xlink:to="CurrentBondsTotal" xlink:title="definition: LoanCommitmentsAbstract to CurrentBondsTotal" use="optional" order="6.0"/>
    <link:definitionArc xlink:type="arc" xlink:arcrole="http://xbrl.org/int/dim/arcrole/all" xlink:from="CurrentBondsTotal" xlink:to="AllocationByRemainingMaturityHypercube" xlink:title="definition: CurrentBondsTotal to AllocationByRemainingMaturityHypercube" order="1.0" p0:contextElement="scenario" p0:closed="true"/>
    <link:definitionArc xlink:type="arc" xlink:arcrole="http://xbrl.org/int/dim/arcrole/notAll" xlink:from="CurrentBondsTotal" xlink:to="AllocationByRemainingMaturityHypercubeExcludedElementsOfWithin1To5YearAndOver5Years" xlink:title="definition: CurrentBondsTotal to AllocationByRemainingMaturityHypercubeExcludedElementsOfWithin1To5YearAndOver5Years" order="2.0" p0:targetRole="http://xbrl.eesti.ee/role/et-gaap_2011-01-01/NoteLoanCommitmentsExcludedElementsOfWithin1To5YearsAndOver5Years_role-821100" p0:contextElement="scenario"/>
    <link:loc xlink:type="locator" xlink:href="../../et-gaap-cor_2011-01-01.xsd#et-gaap_NonCurrentLoans" xlink:label="NonCurrentLoans" xlink:title="NonCurrentLoans"/>
    <link:definitionArc xlink:type="arc" xlink:arcrole="http://xbrl.org/int/dim/arcrole/domain-member" xlink:from="LoanCommitmentsAbstract" xlink:to="NonCurrentLoans" xlink:title="definition: LoanCommitmentsAbstract to NonCurrentLoans" use="optional" order="7.0"/>
    <link:loc xlink:type="locator" xlink:href="../../et-gaap-cor_2011-01-01.xsd#et-gaap_AllocationByRemainingMaturityAndNonCurrentLoansTypeHypercube" xlink:label="AllocationByRemainingMaturityAndNonCurrentLoansTypeHypercube" xlink:title="AllocationByRemainingMaturityAndNonCurrentLoansTypeHypercube"/>
    <link:definitionArc xlink:type="arc" xlink:arcrole="http://xbrl.org/int/dim/arcrole/all" xlink:from="NonCurrentLoans" xlink:to="AllocationByRemainingMaturityAndNonCurrentLoansTypeHypercube" xlink:title="definition: NonCurrentLoans to AllocationByRemainingMaturityAndNonCurrentLoansTypeHypercube" order="1.0" p0:contextElement="scenario"/>
    <link:loc xlink:type="locator" xlink:href="../../et-gaap-cor_2011-01-01.xsd#et-gaap_NonCurrentLoansDimension" xlink:label="NonCurrentLoansDimension" xlink:title="NonCurrentLoansDimension"/>
    <link:definitionArc xlink:type="arc" xlink:arcrole="http://xbrl.org/int/dim/arcrole/hypercube-dimension" xlink:from="AllocationByRemainingMaturityAndNonCurrentLoansTypeHypercube" xlink:to="NonCurrentLoansDimension" xlink:title="definition: AllocationByRemainingMaturityAndNonCurrentLoansTypeHypercube to NonCurrentLoansDimension" order="1.0"/>
    <link:definitionArc xlink:type="arc" xlink:arcrole="http://xbrl.org/int/dim/arcrole/hypercube-dimension" xlink:from="AllocationByRemainingMaturityAndNonCurrentLoansTypeHypercube" xlink:to="AllocationByRemainingMaturityDimension" xlink:title="definition: AllocationByRemainingMaturityAndNonCurrentLoansTypeHypercube to AllocationByRemainingMaturityDimension" order="2.0" p0:targetRole="http://xbrl.eesti.ee/role/et-gaap_2011-01-01/AllocationByRemainingMaturity_role-901000"/>
    <link:loc xlink:type="locator" xlink:href="../../et-gaap-cor_2011-01-01.xsd#et-gaap_NonCurrentLoansTotal" xlink:label="NonCurrentLoansTotal" xlink:title="NonCurrentLoansTotal"/>
    <link:definitionArc xlink:type="arc" xlink:arcrole="http://xbrl.org/int/dim/arcrole/domain-member" xlink:from="LoanCommitmentsAbstract" xlink:to="NonCurrentLoansTotal" xlink:title="definition: LoanCommitmentsAbstract to NonCurrentLoansTotal" use="optional" order="9.0"/>
    <link:definitionArc xlink:type="arc" xlink:arcrole="http://xbrl.org/int/dim/arcrole/all" xlink:from="NonCurrentLoansTotal" xlink:to="AllocationByRemainingMaturityHypercube" xlink:title="definition: NonCurrentLoansTotal to AllocationByRemainingMaturityHypercube" order="1.0" p0:contextElement="scenario" p0:closed="true"/>
    <link:loc xlink:type="locator" xlink:href="../../et-gaap-cor_2011-01-01.xsd#et-gaap_NonCurrentBonds" xlink:label="NonCurrentBonds" xlink:title="NonCurrentBonds"/>
    <link:definitionArc xlink:type="arc" xlink:arcrole="http://xbrl.org/int/dim/arcrole/domain-member" xlink:from="LoanCommitmentsAbstract" xlink:to="NonCurrentBonds" xlink:title="definition: LoanCommitmentsAbstract to NonCurrentBonds" use="optional" order="10.0"/>
    <link:loc xlink:type="locator" xlink:href="../../et-gaap-cor_2011-01-01.xsd#et-gaap_AllocationByRemainingMaturityAndNonCurrentBondsTypeHypercube" xlink:label="AllocationByRemainingMaturityAndNonCurrentBondsTypeHypercube" xlink:title="AllocationByRemainingMaturityAndNonCurrentBondsTypeHypercube"/>
    <link:definitionArc xlink:type="arc" xlink:arcrole="http://xbrl.org/int/dim/arcrole/all" xlink:from="NonCurrentBonds" xlink:to="AllocationByRemainingMaturityAndNonCurrentBondsTypeHypercube" xlink:title="definition: NonCurrentBonds to AllocationByRemainingMaturityAndNonCurrentBondsTypeHypercube" order="1.0" p0:contextElement="scenario"/>
    <link:loc xlink:type="locator" xlink:href="../../et-gaap-cor_2011-01-01.xsd#et-gaap_NonCurrentBondsDimension" xlink:label="NonCurrentBondsDimension" xlink:title="NonCurrentBondsDimension"/>
    <link:definitionArc xlink:type="arc" xlink:arcrole="http://xbrl.org/int/dim/arcrole/hypercube-dimension" xlink:from="AllocationByRemainingMaturityAndNonCurrentBondsTypeHypercube" xlink:to="NonCurrentBondsDimension" xlink:title="definition: AllocationByRemainingMaturityAndNonCurrentBondsTypeHypercube to NonCurrentBondsDimension" order="1.0"/>
    <link:definitionArc xlink:type="arc" xlink:arcrole="http://xbrl.org/int/dim/arcrole/hypercube-dimension" xlink:from="AllocationByRemainingMaturityAndNonCurrentBondsTypeHypercube" xlink:to="AllocationByRemainingMaturityDimension" xlink:title="definition: AllocationByRemainingMaturityAndNonCurrentBondsTypeHypercube to AllocationByRemainingMaturityDimension" order="2.0" p0:targetRole="http://xbrl.eesti.ee/role/et-gaap_2011-01-01/AllocationByRemainingMaturity_role-901000"/>
    <link:loc xlink:type="locator" xlink:href="../../et-gaap-cor_2011-01-01.xsd#et-gaap_NonCurrentBondsTotal" xlink:label="NonCurrentBondsTotal" xlink:title="NonCurrentBondsTotal"/>
    <link:definitionArc xlink:type="arc" xlink:arcrole="http://xbrl.org/int/dim/arcrole/domain-member" xlink:from="LoanCommitmentsAbstract" xlink:to="NonCurrentBondsTotal" xlink:title="definition: LoanCommitmentsAbstract to NonCurrentBondsTotal" use="optional" order="12.0"/>
    <link:definitionArc xlink:type="arc" xlink:arcrole="http://xbrl.org/int/dim/arcrole/all" xlink:from="NonCurrentBondsTotal" xlink:to="AllocationByRemainingMaturityHypercube" xlink:title="definition: NonCurrentBondsTotal to AllocationByRemainingMaturityHypercube" order="1.0" p0:contextElement="scenario" p0:closed="true"/>
    <link:definitionArc xlink:type="arc" xlink:arcrole="http://xbrl.org/int/dim/arcrole/domain-member" xlink:from="LoanCommitmentsAbstract" xlink:to="FinanceLeaseObligationsTotal" xlink:title="definition: LoanCommitmentsAbstract to FinanceLeaseObligationsTotal" use="optional" order="13.0"/>
    <link:loc xlink:type="locator" xlink:href="../../et-gaap-cor_2011-01-01.xsd#et-gaap_OtherLoanCommitments" xlink:label="OtherLoanCommitments" xlink:title="OtherLoanCommitments"/>
    <link:definitionArc xlink:type="arc" xlink:arcrole="http://xbrl.org/int/dim/arcrole/domain-member" xlink:from="LoanCommitmentsAbstract" xlink:to="OtherLoanCommitments" xlink:title="definition: LoanCommitmentsAbstract to OtherLoanCommitments" use="optional" order="14.0"/>
    <link:loc xlink:type="locator" xlink:href="../../et-gaap-cor_2011-01-01.xsd#et-gaap_AllocationByRemainingMaturityAndOtherLoanCommitmentsTypeHypercube" xlink:label="AllocationByRemainingMaturityAndOtherLoanCommitmentsTypeHypercube" xlink:title="AllocationByRemainingMaturityAndOtherLoanCommitmentsTypeHypercube"/>
    <link:definitionArc xlink:type="arc" xlink:arcrole="http://xbrl.org/int/dim/arcrole/all" xlink:from="OtherLoanCommitments" xlink:to="AllocationByRemainingMaturityAndOtherLoanCommitmentsTypeHypercube" xlink:title="definition: OtherLoanCommitments to AllocationByRemainingMaturityAndOtherLoanCommitmentsTypeHypercube" order="1.0" p0:contextElement="scenario"/>
    <link:loc xlink:type="locator" xlink:href="../../et-gaap-cor_2011-01-01.xsd#et-gaap_OtherLoanCommitmentsDimension" xlink:label="OtherLoanCommitmentsDimension" xlink:title="OtherLoanCommitmentsDimension"/>
    <link:definitionArc xlink:type="arc" xlink:arcrole="http://xbrl.org/int/dim/arcrole/hypercube-dimension" xlink:from="AllocationByRemainingMaturityAndOtherLoanCommitmentsTypeHypercube" xlink:to="OtherLoanCommitmentsDimension" xlink:title="definition: AllocationByRemainingMaturityAndOtherLoanCommitmentsTypeHypercube to OtherLoanCommitmentsDimension" order="1.0"/>
    <link:definitionArc xlink:type="arc" xlink:arcrole="http://xbrl.org/int/dim/arcrole/hypercube-dimension" xlink:from="AllocationByRemainingMaturityAndOtherLoanCommitmentsTypeHypercube" xlink:to="AllocationByRemainingMaturityDimension" xlink:title="definition: AllocationByRemainingMaturityAndOtherLoanCommitmentsTypeHypercube to AllocationByRemainingMaturityDimension" order="2.0" p0:targetRole="http://xbrl.eesti.ee/role/et-gaap_2011-01-01/AllocationByRemainingMaturity_role-901000"/>
    <link:loc xlink:type="locator" xlink:href="../../et-gaap-cor_2011-01-01.xsd#et-gaap_OtherLoanCommitmentsTotal" xlink:label="OtherLoanCommitmentsTotal" xlink:title="OtherLoanCommitmentsTotal"/>
    <link:definitionArc xlink:type="arc" xlink:arcrole="http://xbrl.org/int/dim/arcrole/domain-member" xlink:from="LoanCommitmentsAbstract" xlink:to="OtherLoanCommitmentsTotal" xlink:title="definition: LoanCommitmentsAbstract to OtherLoanCommitmentsTotal" use="optional" order="16.0"/>
    <link:definitionArc xlink:type="arc" xlink:arcrole="http://xbrl.org/int/dim/arcrole/all" xlink:from="OtherLoanCommitmentsTotal" xlink:to="AllocationByRemainingMaturityHypercube" xlink:title="definition: OtherLoanCommitmentsTotal to AllocationByRemainingMaturityHypercube" order="1.0" p0:contextElement="scenario" p0:closed="true"/>
    <link:loc xlink:type="locator" xlink:href="../../et-gaap-cor_2011-01-01.xsd#et-gaap_LoanCommitmentsTotal" xlink:label="LoanCommitmentsTotal" xlink:title="LoanCommitmentsTotal"/>
    <link:definitionArc xlink:type="arc" xlink:arcrole="http://xbrl.org/int/dim/arcrole/domain-member" xlink:from="LoanCommitmentsAbstract" xlink:to="LoanCommitmentsTotal" xlink:title="definition: LoanCommitmentsAbstract to LoanCommitmentsTotal" use="optional" order="17.0"/>
    <link:definitionArc xlink:type="arc" xlink:arcrole="http://xbrl.org/int/dim/arcrole/all" xlink:from="LoanCommitmentsTotal" xlink:to="AllocationByRemainingMaturityHypercube" xlink:title="definition: LoanCommitmentsTotal to AllocationByRemainingMaturityHypercube" order="1.0" p0:contextElement="scenario" p0:closed="true"/>
    <link:loc xlink:type="locator" xlink:href="../../et-gaap-cor_2011-01-01.xsd#et-gaap_CurrentLoansForAdditionalDimensionalAllocation" xlink:label="CurrentLoansForAdditionalDimensionalAllocation" xlink:title="CurrentLoansForAdditionalDimensionalAllocation"/>
    <link:definitionArc xlink:type="arc" xlink:arcrole="http://xbrl.org/int/dim/arcrole/domain-member" xlink:from="LoanCommitmentsAbstract" xlink:to="CurrentLoansForAdditionalDimensionalAllocation" xlink:title="definition: LoanCommitmentsAbstract to CurrentLoansForAdditionalDimensionalAllocation" order="2.0"/>
    <link:loc xlink:type="locator" xlink:href="../../et-gaap-cor_2011-01-01.xsd#et-gaap_AdditionalDimensionalAllocationCurrentLoansTypeHypercube" xlink:label="AdditionalDimensionalAllocationCurrentLoansTypeHypercube" xlink:title="AdditionalDimensionalAllocationCurrentLoansTypeHypercube"/>
    <link:definitionArc xlink:type="arc" xlink:arcrole="http://xbrl.org/int/dim/arcrole/all" xlink:from="CurrentLoansForAdditionalDimensionalAllocation" xlink:to="AdditionalDimensionalAllocationCurrentLoansTypeHypercube" xlink:title="definition: CurrentLoansForAdditionalDimensionalAllocation to AdditionalDimensionalAllocationCurrentLoansTypeHypercube" order="1.0" p0:contextElement="scenario"/>
    <link:definitionArc xlink:type="arc" xlink:arcrole="http://xbrl.org/int/dim/arcrole/hypercube-dimension" xlink:from="AdditionalDimensionalAllocationCurrentLoansTypeHypercube" xlink:to="CurrentLoansDimension" xlink:title="definition: AdditionalDimensionalAllocationCurrentLoansTypeHypercube to CurrentLoansDimension" order="1.0"/>
    <link:loc xlink:type="locator" xlink:href="../../et-gaap-cor_2011-01-01.xsd#et-gaap_AdditionalDimensionalAllocationByInterestRateBaseCurrenciesAndDueDateDimension" xlink:label="AdditionalDimensionalAllocationByInterestRateBaseCurrenciesAndDueDateDimension" xlink:title="AdditionalDimensionalAllocationByInterestRateBaseCurrenciesAndDueDateDimension"/>
    <link:definitionArc xlink:type="arc" xlink:arcrole="http://xbrl.org/int/dim/arcrole/hypercube-dimension" xlink:from="AdditionalDimensionalAllocationCurrentLoansTypeHypercube" xlink:to="AdditionalDimensionalAllocationByInterestRateBaseCurrenciesAndDueDateDimension" xlink:title="definition: AdditionalDimensionalAllocationCurrentLoansTypeHypercube to AdditionalDimensionalAllocationByInterestRateBaseCurrenciesAndDueDateDimension" order="2.0" p0:targetRole="http://xbrl.eesti.ee/role/et-gaap_2011-01-01/AdditionalDimensionalAllocationByInterestRateBaseCurrenciesAndDueDate_role-903000"/>
    <link:loc xlink:type="locator" xlink:href="../../et-gaap-cor_2011-01-01.xsd#et-gaap_CurrentBondsForAdditionalDimensionalAllocation" xlink:label="CurrentBondsForAdditionalDimensionalAllocation" xlink:title="CurrentBondsForAdditionalDimensionalAllocation"/>
    <link:definitionArc xlink:type="arc" xlink:arcrole="http://xbrl.org/int/dim/arcrole/domain-member" xlink:from="LoanCommitmentsAbstract" xlink:to="CurrentBondsForAdditionalDimensionalAllocation" xlink:title="definition: LoanCommitmentsAbstract to CurrentBondsForAdditionalDimensionalAllocation" order="5.0"/>
    <link:loc xlink:type="locator" xlink:href="../../et-gaap-cor_2011-01-01.xsd#et-gaap_AdditionalDimensionalAllocationCurrentBondsTypeHypercube" xlink:label="AdditionalDimensionalAllocationCurrentBondsTypeHypercube" xlink:title="AdditionalDimensionalAllocationCurrentBondsTypeHypercube"/>
    <link:definitionArc xlink:type="arc" xlink:arcrole="http://xbrl.org/int/dim/arcrole/all" xlink:from="CurrentBondsForAdditionalDimensionalAllocation" xlink:to="AdditionalDimensionalAllocationCurrentBondsTypeHypercube" xlink:title="definition: CurrentBondsForAdditionalDimensionalAllocation to AdditionalDimensionalAllocationCurrentBondsTypeHypercube" order="1.0" p0:contextElement="scenario"/>
    <link:definitionArc xlink:type="arc" xlink:arcrole="http://xbrl.org/int/dim/arcrole/hypercube-dimension" xlink:from="AdditionalDimensionalAllocationCurrentBondsTypeHypercube" xlink:to="CurrentBondsDimension" xlink:title="definition: AdditionalDimensionalAllocationCurrentBondsTypeHypercube to CurrentBondsDimension" order="1.0"/>
    <link:definitionArc xlink:type="arc" xlink:arcrole="http://xbrl.org/int/dim/arcrole/hypercube-dimension" xlink:from="AdditionalDimensionalAllocationCurrentBondsTypeHypercube" xlink:to="AdditionalDimensionalAllocationByInterestRateBaseCurrenciesAndDueDateDimension" xlink:title="definition: AdditionalDimensionalAllocationCurrentBondsTypeHypercube to AdditionalDimensionalAllocationByInterestRateBaseCurrenciesAndDueDateDimension" order="2.0" p0:targetRole="http://xbrl.eesti.ee/role/et-gaap_2011-01-01/AdditionalDimensionalAllocationByInterestRateBaseCurrenciesAndDueDate_role-903000"/>
    <link:loc xlink:type="locator" xlink:href="../../et-gaap-cor_2011-01-01.xsd#et-gaap_NonCurrentLoansForAdditionalDimensionalAllocation" xlink:label="NonCurrentLoansForAdditionalDimensionalAllocation" xlink:title="NonCurrentLoansForAdditionalDimensionalAllocation"/>
    <link:definitionArc xlink:type="arc" xlink:arcrole="http://xbrl.org/int/dim/arcrole/domain-member" xlink:from="LoanCommitmentsAbstract" xlink:to="NonCurrentLoansForAdditionalDimensionalAllocation" xlink:title="definition: LoanCommitmentsAbstract to NonCurrentLoansForAdditionalDimensionalAllocation" order="8.0"/>
    <link:loc xlink:type="locator" xlink:href="../../et-gaap-cor_2011-01-01.xsd#et-gaap_AdditionalDimensionalAllocationNonCurrentLoansTypeHypercube" xlink:label="AdditionalDimensionalAllocationNonCurrentLoansTypeHypercube" xlink:title="AdditionalDimensionalAllocationNonCurrentLoansTypeHypercube"/>
    <link:definitionArc xlink:type="arc" xlink:arcrole="http://xbrl.org/int/dim/arcrole/all" xlink:from="NonCurrentLoansForAdditionalDimensionalAllocation" xlink:to="AdditionalDimensionalAllocationNonCurrentLoansTypeHypercube" xlink:title="definition: NonCurrentLoansForAdditionalDimensionalAllocation to AdditionalDimensionalAllocationNonCurrentLoansTypeHypercube" order="1.0" p0:contextElement="scenario"/>
    <link:definitionArc xlink:type="arc" xlink:arcrole="http://xbrl.org/int/dim/arcrole/hypercube-dimension" xlink:from="AdditionalDimensionalAllocationNonCurrentLoansTypeHypercube" xlink:to="NonCurrentLoansDimension" xlink:title="definition: AdditionalDimensionalAllocationNonCurrentLoansTypeHypercube to NonCurrentLoansDimension" order="1.0"/>
    <link:definitionArc xlink:type="arc" xlink:arcrole="http://xbrl.org/int/dim/arcrole/hypercube-dimension" xlink:from="AdditionalDimensionalAllocationNonCurrentLoansTypeHypercube" xlink:to="AdditionalDimensionalAllocationByInterestRateBaseCurrenciesAndDueDateDimension" xlink:title="definition: AdditionalDimensionalAllocationNonCurrentLoansTypeHypercube to AdditionalDimensionalAllocationByInterestRateBaseCurrenciesAndDueDateDimension" order="2.0" p0:targetRole="http://xbrl.eesti.ee/role/et-gaap_2011-01-01/AdditionalDimensionalAllocationByInterestRateBaseCurrenciesAndDueDate_role-903000"/>
    <link:loc xlink:type="locator" xlink:href="../../et-gaap-cor_2011-01-01.xsd#et-gaap_NonCurrentBondsForAdditionalDimensionalAllocation" xlink:label="NonCurrentBondsForAdditionalDimensionalAllocation" xlink:title="NonCurrentBondsForAdditionalDimensionalAllocation"/>
    <link:definitionArc xlink:type="arc" xlink:arcrole="http://xbrl.org/int/dim/arcrole/domain-member" xlink:from="LoanCommitmentsAbstract" xlink:to="NonCurrentBondsForAdditionalDimensionalAllocation" xlink:title="definition: LoanCommitmentsAbstract to NonCurrentBondsForAdditionalDimensionalAllocation" order="11.0"/>
    <link:loc xlink:type="locator" xlink:href="../../et-gaap-cor_2011-01-01.xsd#et-gaap_AdditionalDimensionalAllocationNonCurrentBondsTypeHypercube" xlink:label="AdditionalDimensionalAllocationNonCurrentBondsTypeHypercube" xlink:title="AdditionalDimensionalAllocationNonCurrentBondsTypeHypercube"/>
    <link:definitionArc xlink:type="arc" xlink:arcrole="http://xbrl.org/int/dim/arcrole/all" xlink:from="NonCurrentBondsForAdditionalDimensionalAllocation" xlink:to="AdditionalDimensionalAllocationNonCurrentBondsTypeHypercube" xlink:title="definition: NonCurrentBondsForAdditionalDimensionalAllocation to AdditionalDimensionalAllocationNonCurrentBondsTypeHypercube" order="1.0" p0:contextElement="scenario"/>
    <link:definitionArc xlink:type="arc" xlink:arcrole="http://xbrl.org/int/dim/arcrole/hypercube-dimension" xlink:from="AdditionalDimensionalAllocationNonCurrentBondsTypeHypercube" xlink:to="NonCurrentBondsDimension" xlink:title="definition: AdditionalDimensionalAllocationNonCurrentBondsTypeHypercube to NonCurrentBondsDimension" order="1.0"/>
    <link:definitionArc xlink:type="arc" xlink:arcrole="http://xbrl.org/int/dim/arcrole/hypercube-dimension" xlink:from="AdditionalDimensionalAllocationNonCurrentBondsTypeHypercube" xlink:to="AdditionalDimensionalAllocationByInterestRateBaseCurrenciesAndDueDateDimension" xlink:title="definition: AdditionalDimensionalAllocationNonCurrentBondsTypeHypercube to AdditionalDimensionalAllocationByInterestRateBaseCurrenciesAndDueDateDimension" order="2.0" p0:targetRole="http://xbrl.eesti.ee/role/et-gaap_2011-01-01/AdditionalDimensionalAllocationByInterestRateBaseCurrenciesAndDueDate_role-903000"/>
    <link:loc xlink:type="locator" xlink:href="../../et-gaap-cor_2011-01-01.xsd#et-gaap_OtherLoanCommitmentsForAdditionalDimensionalAllocation" xlink:label="OtherLoanCommitmentsForAdditionalDimensionalAllocation" xlink:title="OtherLoanCommitmentsForAdditionalDimensionalAllocation"/>
    <link:definitionArc xlink:type="arc" xlink:arcrole="http://xbrl.org/int/dim/arcrole/domain-member" xlink:from="LoanCommitmentsAbstract" xlink:to="OtherLoanCommitmentsForAdditionalDimensionalAllocation" xlink:title="definition: LoanCommitmentsAbstract to OtherLoanCommitmentsForAdditionalDimensionalAllocation" order="15.0"/>
    <link:loc xlink:type="locator" xlink:href="../../et-gaap-cor_2011-01-01.xsd#et-gaap_AdditionalDimensionalAllocationOtherLoanCommitmentsTypeHypercube" xlink:label="AdditionalDimensionalAllocationOtherLoanCommitmentsTypeHypercube" xlink:title="AdditionalDimensionalAllocationOtherLoanCommitmentsTypeHypercube"/>
    <link:definitionArc xlink:type="arc" xlink:arcrole="http://xbrl.org/int/dim/arcrole/all" xlink:from="OtherLoanCommitmentsForAdditionalDimensionalAllocation" xlink:to="AdditionalDimensionalAllocationOtherLoanCommitmentsTypeHypercube" xlink:title="definition: OtherLoanCommitmentsForAdditionalDimensionalAllocation to AdditionalDimensionalAllocationOtherLoanCommitmentsTypeHypercube" order="1.0" p0:contextElement="scenario"/>
    <link:definitionArc xlink:type="arc" xlink:arcrole="http://xbrl.org/int/dim/arcrole/hypercube-dimension" xlink:from="AdditionalDimensionalAllocationOtherLoanCommitmentsTypeHypercube" xlink:to="OtherLoanCommitmentsDimension" xlink:title="definition: AdditionalDimensionalAllocationOtherLoanCommitmentsTypeHypercube to OtherLoanCommitmentsDimension" order="1.0"/>
    <link:definitionArc xlink:type="arc" xlink:arcrole="http://xbrl.org/int/dim/arcrole/hypercube-dimension" xlink:from="AdditionalDimensionalAllocationOtherLoanCommitmentsTypeHypercube" xlink:to="AdditionalDimensionalAllocationByInterestRateBaseCurrenciesAndDueDateDimension" xlink:title="definition: AdditionalDimensionalAllocationOtherLoanCommitmentsTypeHypercube to AdditionalDimensionalAllocationByInterestRateBaseCurrenciesAndDueDateDimension" order="2.0" p0:targetRole="http://xbrl.eesti.ee/role/et-gaap_2011-01-01/AdditionalDimensionalAllocationByInterestRateBaseCurrenciesAndDueDate_role-903000"/>
    <link:loc xlink:type="locator" xlink:href="../../et-gaap-cor_2011-01-01.xsd#et-gaap_CarryingAmountOfCollateralAssetsAbstract" xlink:label="CarryingAmountOfCollateralAssetsAbstract" xlink:title="CarryingAmountOfCollateralAssetsAbstract"/>
    <link:definitionArc xlink:type="arc" xlink:arcrole="http://xbrl.org/int/dim/arcrole/domain-member" xlink:from="NoteLoanCommitmentsAbstract" xlink:to="CarryingAmountOfCollateralAssetsAbstract" xlink:title="definition: NoteLoanCommitmentsAbstract to CarryingAmountOfCollateralAssetsAbstract" order="2.0"/>
    <link:loc xlink:type="locator" xlink:href="../../et-gaap-cor_2011-01-01.xsd#et-gaap_CarryingAmountOfCollateralAssetsLand" xlink:label="CarryingAmountOfCollateralAssetsLand" xlink:title="CarryingAmountOfCollateralAssetsLand"/>
    <link:definitionArc xlink:type="arc" xlink:arcrole="http://xbrl.org/int/dim/arcrole/domain-member" xlink:from="CarryingAmountOfCollateralAssetsAbstract" xlink:to="CarryingAmountOfCollateralAssetsLand" xlink:title="definition: CarryingAmountOfCollateralAssetsAbstract to CarryingAmountOfCollateralAssetsLand" order="1.0"/>
    <link:loc xlink:type="locator" xlink:href="../../et-gaap-cor_2011-01-01.xsd#et-gaap_CarryingAmountOfCollateralAssetsBuildings" xlink:label="CarryingAmountOfCollateralAssetsBuildings" xlink:title="CarryingAmountOfCollateralAssetsBuildings"/>
    <link:definitionArc xlink:type="arc" xlink:arcrole="http://xbrl.org/int/dim/arcrole/domain-member" xlink:from="CarryingAmountOfCollateralAssetsAbstract" xlink:to="CarryingAmountOfCollateralAssetsBuildings" xlink:title="definition: CarryingAmountOfCollateralAssetsAbstract to CarryingAmountOfCollateralAssetsBuildings" order="2.0"/>
    <link:loc xlink:type="locator" xlink:href="../../et-gaap-cor_2011-01-01.xsd#et-gaap_CarryingAmountOfCollateralAssetsMachineryAndEquipment" xlink:label="CarryingAmountOfCollateralAssetsMachineryAndEquipment" xlink:title="CarryingAmountOfCollateralAssetsMachineryAndEquipment"/>
    <link:definitionArc xlink:type="arc" xlink:arcrole="http://xbrl.org/int/dim/arcrole/domain-member" xlink:from="CarryingAmountOfCollateralAssetsAbstract" xlink:to="CarryingAmountOfCollateralAssetsMachineryAndEquipment" xlink:title="definition: CarryingAmountOfCollateralAssetsAbstract to CarryingAmountOfCollateralAssetsMachineryAndEquipment" order="3.0"/>
    <link:loc xlink:type="locator" xlink:href="../../et-gaap-cor_2011-01-01.xsd#et-gaap_CarryingAmountOfCollateralAssetsOtherPropertyPlantAndEquipment" xlink:label="CarryingAmountOfCollateralAssetsOtherPropertyPlantAndEquipment" xlink:title="CarryingAmountOfCollateralAssetsOtherPropertyPlantAndEquipment"/>
    <link:definitionArc xlink:type="arc" xlink:arcrole="http://xbrl.org/int/dim/arcrole/domain-member" xlink:from="CarryingAmountOfCollateralAssetsAbstract" xlink:to="CarryingAmountOfCollateralAssetsOtherPropertyPlantAndEquipment" xlink:title="definition: CarryingAmountOfCollateralAssetsAbstract to CarryingAmountOfCollateralAssetsOtherPropertyPlantAndEquipment" order="4.0"/>
    <link:loc xlink:type="locator" xlink:href="../../et-gaap-cor_2011-01-01.xsd#et-gaap_CarryingAmountOfCollateralAssetsOtherAssets" xlink:label="CarryingAmountOfCollateralAssetsOtherAssets" xlink:title="CarryingAmountOfCollateralAssetsOtherAssets"/>
    <link:definitionArc xlink:type="arc" xlink:arcrole="http://xbrl.org/int/dim/arcrole/domain-member" xlink:from="CarryingAmountOfCollateralAssetsAbstract" xlink:to="CarryingAmountOfCollateralAssetsOtherAssets" xlink:title="definition: CarryingAmountOfCollateralAssetsAbstract to CarryingAmountOfCollateralAssetsOtherAssets" order="5.0"/>
    <link:loc xlink:type="locator" xlink:href="../../et-gaap-cor_2011-01-01.xsd#et-gaap_CarryingAmountOfCollateralAssetsTotal" xlink:label="CarryingAmountOfCollateralAssetsTotal" xlink:title="CarryingAmountOfCollateralAssetsTotal"/>
    <link:definitionArc xlink:type="arc" xlink:arcrole="http://xbrl.org/int/dim/arcrole/domain-member" xlink:from="CarryingAmountOfCollateralAssetsAbstract" xlink:to="CarryingAmountOfCollateralAssetsTotal" xlink:title="definition: CarryingAmountOfCollateralAssetsAbstract to CarryingAmountOfCollateralAssetsTotal" order="6.0"/>
    <link:loc xlink:type="locator" xlink:href="../../et-gaap-cor_2011-01-01.xsd#et-gaap_NoteLoanCommitments" xlink:label="NoteLoanCommitments" xlink:title="NoteLoanCommitments"/>
    <link:definitionArc xlink:type="arc" xlink:arcrole="http://xbrl.org/int/dim/arcrole/domain-member" xlink:from="NoteLoanCommitmentsAbstract" xlink:to="NoteLoanCommitments" xlink:title="definition: NoteLoanCommitmentsAbstract to NoteLoanCommitments" order="3.0"/>
  </link:definitionLink>
</link:linkbase>
