<?xml version="1.0" encoding="UTF-8"?>
<!--
**************************************************************
et-gaap Taxonomy: 2011-01-01 (Final)

Copyright (C) 2010 Centre of Registers and Information Systems
**************************************************************
-->
<link:linkbase xmlns:xsi="http://www.w3.org/2001/XMLSchema-instance" xsi:schemaLocation="http://www.xbrl.org/2003/linkbase http://www.xbrl.org/2003/xbrl-linkbase-2003-12-31.xsd" xmlns:link="http://www.xbrl.org/2003/linkbase" xmlns:xlink="http://www.w3.org/1999/xlink">
  <link:roleRef roleURI="http://xbrl.eesti.ee/role/et-gaap_2011-01-01/StatementOfCashFlowsIndirectMethod_role-401010" xlink:type="simple" xlink:href="role-401000.xsd#StatementOfCashFlowsIndirectMethod_role-401010"/>
  <link:calculationLink xlink:type="extended" xlink:role="http://xbrl.eesti.ee/role/et-gaap_2011-01-01/StatementOfCashFlowsIndirectMethod_role-401010">
    <link:loc xlink:type="locator" xlink:href="../../et-gaap-cor_2011-01-01.xsd#et-gaap_CashFlows" xlink:label="CashFlows" xlink:title="CashFlows"/>
    <link:loc xlink:type="locator" xlink:href="../../et-gaap-cor_2011-01-01.xsd#et-gaap_CashFlowsFromFinancingActivities" xlink:label="CashFlowsFromFinancingActivities" xlink:title="CashFlowsFromFinancingActivities"/>
    <link:calculationArc xlink:type="arc" xlink:arcrole="http://www.xbrl.org/2003/arcrole/summation-item" xlink:from="CashFlows" xlink:to="CashFlowsFromFinancingActivities" xlink:title="calculation: CashFlows to CashFlowsFromFinancingActivities" order="3.0" weight="1.0"/>
    <link:loc xlink:type="locator" xlink:href="../../et-gaap-cor_2011-01-01.xsd#et-gaap_FinancingActivitiesLoansReceived" xlink:label="FinancingActivitiesLoansReceived" xlink:title="FinancingActivitiesLoansReceived"/>
    <link:calculationArc xlink:type="arc" xlink:arcrole="http://www.xbrl.org/2003/arcrole/summation-item" xlink:from="CashFlowsFromFinancingActivities" xlink:to="FinancingActivitiesLoansReceived" xlink:title="calculation: CashFlowsFromFinancingActivities to FinancingActivitiesLoansReceived" order="1.0" weight="1.0"/>
    <link:loc xlink:type="locator" xlink:href="../../et-gaap-cor_2011-01-01.xsd#et-gaap_FinancingActivitiesRepaymentsOfLoansReceived" xlink:label="FinancingActivitiesRepaymentsOfLoansReceived" xlink:title="FinancingActivitiesRepaymentsOfLoansReceived"/>
    <link:calculationArc xlink:type="arc" xlink:arcrole="http://www.xbrl.org/2003/arcrole/summation-item" xlink:from="CashFlowsFromFinancingActivities" xlink:to="FinancingActivitiesRepaymentsOfLoansReceived" xlink:title="calculation: CashFlowsFromFinancingActivities to FinancingActivitiesRepaymentsOfLoansReceived" order="2.0" weight="1.0"/>
    <link:loc xlink:type="locator" xlink:href="../../et-gaap-cor_2011-01-01.xsd#et-gaap_FinancingActivitiesProceedsFromOverdraft" xlink:label="FinancingActivitiesProceedsFromOverdraft" xlink:title="FinancingActivitiesProceedsFromOverdraft"/>
    <link:calculationArc xlink:type="arc" xlink:arcrole="http://www.xbrl.org/2003/arcrole/summation-item" xlink:from="CashFlowsFromFinancingActivities" xlink:to="FinancingActivitiesProceedsFromOverdraft" xlink:title="calculation: CashFlowsFromFinancingActivities to FinancingActivitiesProceedsFromOverdraft" order="3.0" weight="1.0"/>
    <link:loc xlink:type="locator" xlink:href="../../et-gaap-cor_2011-01-01.xsd#et-gaap_FinancingActivitiesProceedsFromFinanceLease" xlink:label="FinancingActivitiesProceedsFromFinanceLease" xlink:title="FinancingActivitiesProceedsFromFinanceLease"/>
    <link:calculationArc xlink:type="arc" xlink:arcrole="http://www.xbrl.org/2003/arcrole/summation-item" xlink:from="CashFlowsFromFinancingActivities" xlink:to="FinancingActivitiesProceedsFromFinanceLease" xlink:title="calculation: CashFlowsFromFinancingActivities to FinancingActivitiesProceedsFromFinanceLease" order="4.0" weight="1.0"/>
    <link:loc xlink:type="locator" xlink:href="../../et-gaap-cor_2011-01-01.xsd#et-gaap_FinancingActivitiesIntrestPaid" xlink:label="FinancingActivitiesIntrestPaid" xlink:title="FinancingActivitiesIntrestPaid"/>
    <link:calculationArc xlink:type="arc" xlink:arcrole="http://www.xbrl.org/2003/arcrole/summation-item" xlink:from="CashFlowsFromFinancingActivities" xlink:to="FinancingActivitiesIntrestPaid" xlink:title="calculation: CashFlowsFromFinancingActivities to FinancingActivitiesIntrestPaid" order="5.0" weight="1.0"/>
    <link:loc xlink:type="locator" xlink:href="../../et-gaap-cor_2011-01-01.xsd#et-gaap_FinancingActivitiesProceedsFromGovernmentGrants" xlink:label="FinancingActivitiesProceedsFromGovernmentGrants" xlink:title="FinancingActivitiesProceedsFromGovernmentGrants"/>
    <link:calculationArc xlink:type="arc" xlink:arcrole="http://www.xbrl.org/2003/arcrole/summation-item" xlink:from="CashFlowsFromFinancingActivities" xlink:to="FinancingActivitiesProceedsFromGovernmentGrants" xlink:title="calculation: CashFlowsFromFinancingActivities to FinancingActivitiesProceedsFromGovernmentGrants" order="6.0" weight="1.0"/>
    <link:loc xlink:type="locator" xlink:href="../../et-gaap-cor_2011-01-01.xsd#et-gaap_FinancingActivitiesProceedsFromIssuingShares" xlink:label="FinancingActivitiesProceedsFromIssuingShares" xlink:title="FinancingActivitiesProceedsFromIssuingShares"/>
    <link:calculationArc xlink:type="arc" xlink:arcrole="http://www.xbrl.org/2003/arcrole/summation-item" xlink:from="CashFlowsFromFinancingActivities" xlink:to="FinancingActivitiesProceedsFromIssuingShares" xlink:title="calculation: CashFlowsFromFinancingActivities to FinancingActivitiesProceedsFromIssuingShares" order="7.0" weight="1.0"/>
    <link:loc xlink:type="locator" xlink:href="../../et-gaap-cor_2011-01-01.xsd#et-gaap_FinancingActivitiesProceedsFromRepurchasedTreasuryShares" xlink:label="FinancingActivitiesProceedsFromRepurchasedTreasuryShares" xlink:title="FinancingActivitiesProceedsFromRepurchasedTreasuryShares"/>
    <link:calculationArc xlink:type="arc" xlink:arcrole="http://www.xbrl.org/2003/arcrole/summation-item" xlink:from="CashFlowsFromFinancingActivities" xlink:to="FinancingActivitiesProceedsFromRepurchasedTreasuryShares" xlink:title="calculation: CashFlowsFromFinancingActivities to FinancingActivitiesProceedsFromRepurchasedTreasuryShares" order="9.0" weight="1.0"/>
    <link:loc xlink:type="locator" xlink:href="../../et-gaap-cor_2011-01-01.xsd#et-gaap_FinancingActivitiesDividendsPaid" xlink:label="FinancingActivitiesDividendsPaid" xlink:title="FinancingActivitiesDividendsPaid"/>
    <link:calculationArc xlink:type="arc" xlink:arcrole="http://www.xbrl.org/2003/arcrole/summation-item" xlink:from="CashFlowsFromFinancingActivities" xlink:to="FinancingActivitiesDividendsPaid" xlink:title="calculation: CashFlowsFromFinancingActivities to FinancingActivitiesDividendsPaid" order="10.0" weight="1.0"/>
    <link:loc xlink:type="locator" xlink:href="../../et-gaap-cor_2011-01-01.xsd#et-gaap_FinancingActivitiesIncomeTaxRefundPaid" xlink:label="FinancingActivitiesIncomeTaxRefundPaid" xlink:title="FinancingActivitiesIncomeTaxRefundPaid"/>
    <link:calculationArc xlink:type="arc" xlink:arcrole="http://www.xbrl.org/2003/arcrole/summation-item" xlink:from="CashFlowsFromFinancingActivities" xlink:to="FinancingActivitiesIncomeTaxRefundPaid" xlink:title="calculation: CashFlowsFromFinancingActivities to FinancingActivitiesIncomeTaxRefundPaid" order="11.0" weight="1.0"/>
    <link:loc xlink:type="locator" xlink:href="../../et-gaap-cor_2011-01-01.xsd#et-gaap_OtherCashInflowsFromFinancingActivities" xlink:label="OtherCashInflowsFromFinancingActivities" xlink:title="OtherCashInflowsFromFinancingActivities"/>
    <link:calculationArc xlink:type="arc" xlink:arcrole="http://www.xbrl.org/2003/arcrole/summation-item" xlink:from="CashFlowsFromFinancingActivities" xlink:to="OtherCashInflowsFromFinancingActivities" xlink:title="calculation: CashFlowsFromFinancingActivities to OtherCashInflowsFromFinancingActivities" order="12.0" weight="1.0"/>
    <link:loc xlink:type="locator" xlink:href="../../et-gaap-cor_2011-01-01.xsd#et-gaap_OtherCashOutflowsFromFinancingActivities" xlink:label="OtherCashOutflowsFromFinancingActivities" xlink:title="OtherCashOutflowsFromFinancingActivities"/>
    <link:calculationArc xlink:type="arc" xlink:arcrole="http://www.xbrl.org/2003/arcrole/summation-item" xlink:from="CashFlowsFromFinancingActivities" xlink:to="OtherCashOutflowsFromFinancingActivities" xlink:title="calculation: CashFlowsFromFinancingActivities to OtherCashOutflowsFromFinancingActivities" order="13.0" weight="1.0"/>
    <link:loc xlink:type="locator" xlink:href="../../et-gaap-cor_2011-01-01.xsd#et-gaap_FinancingActivitiesProceedsFromSalesOfTresuryShares" xlink:label="FinancingActivitiesProceedsFromSalesOfTresuryShares" xlink:title="FinancingActivitiesProceedsFromSalesOfTresuryShares"/>
    <link:calculationArc xlink:type="arc" xlink:arcrole="http://www.xbrl.org/2003/arcrole/summation-item" xlink:from="CashFlowsFromFinancingActivities" xlink:to="FinancingActivitiesProceedsFromSalesOfTresuryShares" xlink:title="calculation: CashFlowsFromFinancingActivities to FinancingActivitiesProceedsFromSalesOfTresuryShares" order="8.0" weight="1.0"/>
    <link:loc xlink:type="locator" xlink:href="../../et-gaap-cor_2011-01-01.xsd#et-gaap_CashFlowsFromInvestingActivities" xlink:label="CashFlowsFromInvestingActivities" xlink:title="CashFlowsFromInvestingActivities"/>
    <link:calculationArc xlink:type="arc" xlink:arcrole="http://www.xbrl.org/2003/arcrole/summation-item" xlink:from="CashFlows" xlink:to="CashFlowsFromInvestingActivities" xlink:title="calculation: CashFlows to CashFlowsFromInvestingActivities" order="2.0" weight="1.0"/>
    <link:loc xlink:type="locator" xlink:href="../../et-gaap-cor_2011-01-01.xsd#et-gaap_InvestingActivitiesPurchaseOfPropertyPlantAndEquipmentAndIntangibleAssets" xlink:label="InvestingActivitiesPurchaseOfPropertyPlantAndEquipmentAndIntangibleAssets" xlink:title="InvestingActivitiesPurchaseOfPropertyPlantAndEquipmentAndIntangibleAssets"/>
    <link:calculationArc xlink:type="arc" xlink:arcrole="http://www.xbrl.org/2003/arcrole/summation-item" xlink:from="CashFlowsFromInvestingActivities" xlink:to="InvestingActivitiesPurchaseOfPropertyPlantAndEquipmentAndIntangibleAssets" xlink:title="calculation: CashFlowsFromInvestingActivities to InvestingActivitiesPurchaseOfPropertyPlantAndEquipmentAndIntangibleAssets" order="1.0" weight="1.0"/>
    <link:loc xlink:type="locator" xlink:href="../../et-gaap-cor_2011-01-01.xsd#et-gaap_InvestingActivitiesProceedsFromSalesOfPropertyPlantAndEquipmentAndIntangibleAssets" xlink:label="InvestingActivitiesProceedsFromSalesOfPropertyPlantAndEquipmentAndIntangibleAssets" xlink:title="InvestingActivitiesProceedsFromSalesOfPropertyPlantAndEquipmentAndIntangibleAssets"/>
    <link:calculationArc xlink:type="arc" xlink:arcrole="http://www.xbrl.org/2003/arcrole/summation-item" xlink:from="CashFlowsFromInvestingActivities" xlink:to="InvestingActivitiesProceedsFromSalesOfPropertyPlantAndEquipmentAndIntangibleAssets" xlink:title="calculation: CashFlowsFromInvestingActivities to InvestingActivitiesProceedsFromSalesOfPropertyPlantAndEquipmentAndIntangibleAssets" order="2.0" weight="1.0"/>
    <link:loc xlink:type="locator" xlink:href="../../et-gaap-cor_2011-01-01.xsd#et-gaap_InvestingActivitiesPurchaseOfInvestmentProperty" xlink:label="InvestingActivitiesPurchaseOfInvestmentProperty" xlink:title="InvestingActivitiesPurchaseOfInvestmentProperty"/>
    <link:calculationArc xlink:type="arc" xlink:arcrole="http://www.xbrl.org/2003/arcrole/summation-item" xlink:from="CashFlowsFromInvestingActivities" xlink:to="InvestingActivitiesPurchaseOfInvestmentProperty" xlink:title="calculation: CashFlowsFromInvestingActivities to InvestingActivitiesPurchaseOfInvestmentProperty" order="5.0" weight="1.0"/>
    <link:loc xlink:type="locator" xlink:href="../../et-gaap-cor_2011-01-01.xsd#et-gaap_InvestingActivitiesProceedsFromSalesOfInvestmentProperty" xlink:label="InvestingActivitiesProceedsFromSalesOfInvestmentProperty" xlink:title="InvestingActivitiesProceedsFromSalesOfInvestmentProperty"/>
    <link:calculationArc xlink:type="arc" xlink:arcrole="http://www.xbrl.org/2003/arcrole/summation-item" xlink:from="CashFlowsFromInvestingActivities" xlink:to="InvestingActivitiesProceedsFromSalesOfInvestmentProperty" xlink:title="calculation: CashFlowsFromInvestingActivities to InvestingActivitiesProceedsFromSalesOfInvestmentProperty" order="6.0" weight="1.0"/>
    <link:loc xlink:type="locator" xlink:href="../../et-gaap-cor_2011-01-01.xsd#et-gaap_InvestingActivitiesProceedsFromGovernmentGrants" xlink:label="InvestingActivitiesProceedsFromGovernmentGrants" xlink:title="InvestingActivitiesProceedsFromGovernmentGrants"/>
    <link:calculationArc xlink:type="arc" xlink:arcrole="http://www.xbrl.org/2003/arcrole/summation-item" xlink:from="CashFlowsFromInvestingActivities" xlink:to="InvestingActivitiesProceedsFromGovernmentGrants" xlink:title="calculation: CashFlowsFromInvestingActivities to InvestingActivitiesProceedsFromGovernmentGrants" order="7.0" weight="1.0"/>
    <link:loc xlink:type="locator" xlink:href="../../et-gaap-cor_2011-01-01.xsd#et-gaap_InvestingActivitiesOtherCashPaymentsToAcquireSubsidiaries" xlink:label="InvestingActivitiesOtherCashPaymentsToAcquireSubsidiaries" xlink:title="InvestingActivitiesOtherCashPaymentsToAcquireSubsidiaries"/>
    <link:calculationArc xlink:type="arc" xlink:arcrole="http://www.xbrl.org/2003/arcrole/summation-item" xlink:from="CashFlowsFromInvestingActivities" xlink:to="InvestingActivitiesOtherCashPaymentsToAcquireSubsidiaries" xlink:title="calculation: CashFlowsFromInvestingActivities to InvestingActivitiesOtherCashPaymentsToAcquireSubsidiaries" order="8.0" weight="1.0"/>
    <link:loc xlink:type="locator" xlink:href="../../et-gaap-cor_2011-01-01.xsd#et-gaap_InvestingActivitiesOtherCashReceiptsFromSalesOfSubsidiaries" xlink:label="InvestingActivitiesOtherCashReceiptsFromSalesOfSubsidiaries" xlink:title="InvestingActivitiesOtherCashReceiptsFromSalesOfSubsidiaries"/>
    <link:calculationArc xlink:type="arc" xlink:arcrole="http://www.xbrl.org/2003/arcrole/summation-item" xlink:from="CashFlowsFromInvestingActivities" xlink:to="InvestingActivitiesOtherCashReceiptsFromSalesOfSubsidiaries" xlink:title="calculation: CashFlowsFromInvestingActivities to InvestingActivitiesOtherCashReceiptsFromSalesOfSubsidiaries" order="9.0" weight="1.0"/>
    <link:loc xlink:type="locator" xlink:href="../../et-gaap-cor_2011-01-01.xsd#et-gaap_InvestingActivitiesOtherCashPaymentsToAcquireAssociates" xlink:label="InvestingActivitiesOtherCashPaymentsToAcquireAssociates" xlink:title="InvestingActivitiesOtherCashPaymentsToAcquireAssociates"/>
    <link:calculationArc xlink:type="arc" xlink:arcrole="http://www.xbrl.org/2003/arcrole/summation-item" xlink:from="CashFlowsFromInvestingActivities" xlink:to="InvestingActivitiesOtherCashPaymentsToAcquireAssociates" xlink:title="calculation: CashFlowsFromInvestingActivities to InvestingActivitiesOtherCashPaymentsToAcquireAssociates" order="10.0" weight="1.0"/>
    <link:loc xlink:type="locator" xlink:href="../../et-gaap-cor_2011-01-01.xsd#et-gaap_InvestingActivitiesOtherCashReceiptsFromSalesOfAssociates" xlink:label="InvestingActivitiesOtherCashReceiptsFromSalesOfAssociates" xlink:title="InvestingActivitiesOtherCashReceiptsFromSalesOfAssociates"/>
    <link:calculationArc xlink:type="arc" xlink:arcrole="http://www.xbrl.org/2003/arcrole/summation-item" xlink:from="CashFlowsFromInvestingActivities" xlink:to="InvestingActivitiesOtherCashReceiptsFromSalesOfAssociates" xlink:title="calculation: CashFlowsFromInvestingActivities to InvestingActivitiesOtherCashReceiptsFromSalesOfAssociates" order="11.0" weight="1.0"/>
    <link:loc xlink:type="locator" xlink:href="../../et-gaap-cor_2011-01-01.xsd#et-gaap_InvestingActivitiesOtherCashPaymentsToAcquireOtherFinancialInvestments" xlink:label="InvestingActivitiesOtherCashPaymentsToAcquireOtherFinancialInvestments" xlink:title="InvestingActivitiesOtherCashPaymentsToAcquireOtherFinancialInvestments"/>
    <link:calculationArc xlink:type="arc" xlink:arcrole="http://www.xbrl.org/2003/arcrole/summation-item" xlink:from="CashFlowsFromInvestingActivities" xlink:to="InvestingActivitiesOtherCashPaymentsToAcquireOtherFinancialInvestments" xlink:title="calculation: CashFlowsFromInvestingActivities to InvestingActivitiesOtherCashPaymentsToAcquireOtherFinancialInvestments" order="12.0" weight="1.0"/>
    <link:loc xlink:type="locator" xlink:href="../../et-gaap-cor_2011-01-01.xsd#et-gaap_InvestingActivitiesOtherCashReceiptsFromSalesOfOtherFinancialInvestments" xlink:label="InvestingActivitiesOtherCashReceiptsFromSalesOfOtherFinancialInvestments" xlink:title="InvestingActivitiesOtherCashReceiptsFromSalesOfOtherFinancialInvestments"/>
    <link:calculationArc xlink:type="arc" xlink:arcrole="http://www.xbrl.org/2003/arcrole/summation-item" xlink:from="CashFlowsFromInvestingActivities" xlink:to="InvestingActivitiesOtherCashReceiptsFromSalesOfOtherFinancialInvestments" xlink:title="calculation: CashFlowsFromInvestingActivities to InvestingActivitiesOtherCashReceiptsFromSalesOfOtherFinancialInvestments" order="13.0" weight="1.0"/>
    <link:loc xlink:type="locator" xlink:href="../../et-gaap-cor_2011-01-01.xsd#et-gaap_InvestingActivitiesLoansGiven" xlink:label="InvestingActivitiesLoansGiven" xlink:title="InvestingActivitiesLoansGiven"/>
    <link:calculationArc xlink:type="arc" xlink:arcrole="http://www.xbrl.org/2003/arcrole/summation-item" xlink:from="CashFlowsFromInvestingActivities" xlink:to="InvestingActivitiesLoansGiven" xlink:title="calculation: CashFlowsFromInvestingActivities to InvestingActivitiesLoansGiven" order="14.0" weight="1.0"/>
    <link:loc xlink:type="locator" xlink:href="../../et-gaap-cor_2011-01-01.xsd#et-gaap_InvestingActivitiesRepaymentsOfLoansGiven" xlink:label="InvestingActivitiesRepaymentsOfLoansGiven" xlink:title="InvestingActivitiesRepaymentsOfLoansGiven"/>
    <link:calculationArc xlink:type="arc" xlink:arcrole="http://www.xbrl.org/2003/arcrole/summation-item" xlink:from="CashFlowsFromInvestingActivities" xlink:to="InvestingActivitiesRepaymentsOfLoansGiven" xlink:title="calculation: CashFlowsFromInvestingActivities to InvestingActivitiesRepaymentsOfLoansGiven" order="15.0" weight="1.0"/>
    <link:loc xlink:type="locator" xlink:href="../../et-gaap-cor_2011-01-01.xsd#et-gaap_InvestingActivitiesIntrestReceived" xlink:label="InvestingActivitiesIntrestReceived" xlink:title="InvestingActivitiesIntrestReceived"/>
    <link:calculationArc xlink:type="arc" xlink:arcrole="http://www.xbrl.org/2003/arcrole/summation-item" xlink:from="CashFlowsFromInvestingActivities" xlink:to="InvestingActivitiesIntrestReceived" xlink:title="calculation: CashFlowsFromInvestingActivities to InvestingActivitiesIntrestReceived" order="16.0" weight="1.0"/>
    <link:loc xlink:type="locator" xlink:href="../../et-gaap-cor_2011-01-01.xsd#et-gaap_InvestingActivitiesDividendsReceived" xlink:label="InvestingActivitiesDividendsReceived" xlink:title="InvestingActivitiesDividendsReceived"/>
    <link:calculationArc xlink:type="arc" xlink:arcrole="http://www.xbrl.org/2003/arcrole/summation-item" xlink:from="CashFlowsFromInvestingActivities" xlink:to="InvestingActivitiesDividendsReceived" xlink:title="calculation: CashFlowsFromInvestingActivities to InvestingActivitiesDividendsReceived" order="17.0" weight="1.0"/>
    <link:loc xlink:type="locator" xlink:href="../../et-gaap-cor_2011-01-01.xsd#et-gaap_OtherCashOutflowsFromInvestingActivities" xlink:label="OtherCashOutflowsFromInvestingActivities" xlink:title="OtherCashOutflowsFromInvestingActivities"/>
    <link:calculationArc xlink:type="arc" xlink:arcrole="http://www.xbrl.org/2003/arcrole/summation-item" xlink:from="CashFlowsFromInvestingActivities" xlink:to="OtherCashOutflowsFromInvestingActivities" xlink:title="calculation: CashFlowsFromInvestingActivities to OtherCashOutflowsFromInvestingActivities" order="18.0" weight="1.0"/>
    <link:loc xlink:type="locator" xlink:href="../../et-gaap-cor_2011-01-01.xsd#et-gaap_OtherCashInflowsFromInvestingActivities" xlink:label="OtherCashInflowsFromInvestingActivities" xlink:title="OtherCashInflowsFromInvestingActivities"/>
    <link:calculationArc xlink:type="arc" xlink:arcrole="http://www.xbrl.org/2003/arcrole/summation-item" xlink:from="CashFlowsFromInvestingActivities" xlink:to="OtherCashInflowsFromInvestingActivities" xlink:title="calculation: CashFlowsFromInvestingActivities to OtherCashInflowsFromInvestingActivities" order="19.0" weight="1.0"/>
    <link:loc xlink:type="locator" xlink:href="../../et-gaap-cor_2011-01-01.xsd#et-gaap_InvestingActivitiesPurchaseOfBiologicalAssets" xlink:label="InvestingActivitiesPurchaseOfBiologicalAssets" xlink:title="InvestingActivitiesPurchaseOfBiologicalAssets"/>
    <link:calculationArc xlink:type="arc" xlink:arcrole="http://www.xbrl.org/2003/arcrole/summation-item" xlink:from="CashFlowsFromInvestingActivities" xlink:to="InvestingActivitiesPurchaseOfBiologicalAssets" xlink:title="calculation: CashFlowsFromInvestingActivities to InvestingActivitiesPurchaseOfBiologicalAssets" order="3.0" weight="1.0"/>
    <link:loc xlink:type="locator" xlink:href="../../et-gaap-cor_2011-01-01.xsd#et-gaap_InvestingActivitiesProceedsFromSalesOfBiologicalAssets" xlink:label="InvestingActivitiesProceedsFromSalesOfBiologicalAssets" xlink:title="InvestingActivitiesProceedsFromSalesOfBiologicalAssets"/>
    <link:calculationArc xlink:type="arc" xlink:arcrole="http://www.xbrl.org/2003/arcrole/summation-item" xlink:from="CashFlowsFromInvestingActivities" xlink:to="InvestingActivitiesProceedsFromSalesOfBiologicalAssets" xlink:title="calculation: CashFlowsFromInvestingActivities to InvestingActivitiesProceedsFromSalesOfBiologicalAssets" order="4.0" weight="1.0"/>
    <link:loc xlink:type="locator" xlink:href="../../et-gaap-cor_2011-01-01.xsd#et-gaap_CashFlowsFromOperatingActivities" xlink:label="CashFlowsFromOperatingActivities" xlink:title="CashFlowsFromOperatingActivities"/>
    <link:calculationArc xlink:type="arc" xlink:arcrole="http://www.xbrl.org/2003/arcrole/summation-item" xlink:from="CashFlows" xlink:to="CashFlowsFromOperatingActivities" xlink:title="calculation: CashFlows to CashFlowsFromOperatingActivities" order="1.0" weight="1.0"/>
    <link:loc xlink:type="locator" xlink:href="../../et-gaap-cor_2011-01-01.xsd#et-gaap_OperatingActivitiesIntrestReceived" xlink:label="OperatingActivitiesIntrestReceived" xlink:title="OperatingActivitiesIntrestReceived"/>
    <link:calculationArc xlink:type="arc" xlink:arcrole="http://www.xbrl.org/2003/arcrole/summation-item" xlink:from="CashFlowsFromOperatingActivities" xlink:to="OperatingActivitiesIntrestReceived" xlink:title="calculation: CashFlowsFromOperatingActivities to OperatingActivitiesIntrestReceived" order="6.0" weight="1.0"/>
    <link:loc xlink:type="locator" xlink:href="../../et-gaap-cor_2011-01-01.xsd#et-gaap_OperatingActivitiesIntrestPaid" xlink:label="OperatingActivitiesIntrestPaid" xlink:title="OperatingActivitiesIntrestPaid"/>
    <link:calculationArc xlink:type="arc" xlink:arcrole="http://www.xbrl.org/2003/arcrole/summation-item" xlink:from="CashFlowsFromOperatingActivities" xlink:to="OperatingActivitiesIntrestPaid" xlink:title="calculation: CashFlowsFromOperatingActivities to OperatingActivitiesIntrestPaid" order="7.0" weight="1.0"/>
    <link:loc xlink:type="locator" xlink:href="../../et-gaap-cor_2011-01-01.xsd#et-gaap_OperatingActivitiesIncomeTaxRefundPaid" xlink:label="OperatingActivitiesIncomeTaxRefundPaid" xlink:title="OperatingActivitiesIncomeTaxRefundPaid"/>
    <link:calculationArc xlink:type="arc" xlink:arcrole="http://www.xbrl.org/2003/arcrole/summation-item" xlink:from="CashFlowsFromOperatingActivities" xlink:to="OperatingActivitiesIncomeTaxRefundPaid" xlink:title="calculation: CashFlowsFromOperatingActivities to OperatingActivitiesIncomeTaxRefundPaid" order="8.0" weight="1.0"/>
    <link:loc xlink:type="locator" xlink:href="../../et-gaap-cor_2011-01-01.xsd#et-gaap_OtherCashFlowsFromOperatingActivities" xlink:label="OtherCashFlowsFromOperatingActivities" xlink:title="OtherCashFlowsFromOperatingActivities"/>
    <link:calculationArc xlink:type="arc" xlink:arcrole="http://www.xbrl.org/2003/arcrole/summation-item" xlink:from="CashFlowsFromOperatingActivities" xlink:to="OtherCashFlowsFromOperatingActivities" xlink:title="calculation: CashFlowsFromOperatingActivities to OtherCashFlowsFromOperatingActivities" order="10.0" weight="1.0"/>
    <link:loc xlink:type="locator" xlink:href="../../et-gaap-cor_2011-01-01.xsd#et-gaap_OperatingActivitiesProceedsFromGovernmentGrants" xlink:label="OperatingActivitiesProceedsFromGovernmentGrants" xlink:title="OperatingActivitiesProceedsFromGovernmentGrants"/>
    <link:calculationArc xlink:type="arc" xlink:arcrole="http://www.xbrl.org/2003/arcrole/summation-item" xlink:from="CashFlowsFromOperatingActivities" xlink:to="OperatingActivitiesProceedsFromGovernmentGrants" xlink:title="calculation: CashFlowsFromOperatingActivities to OperatingActivitiesProceedsFromGovernmentGrants" order="9.0" weight="1.0"/>
    <link:loc xlink:type="locator" xlink:href="../../et-gaap-cor_2011-01-01.xsd#et-gaap_Adjustments" xlink:label="Adjustments" xlink:title="Adjustments"/>
    <link:calculationArc xlink:type="arc" xlink:arcrole="http://www.xbrl.org/2003/arcrole/summation-item" xlink:from="CashFlowsFromOperatingActivities" xlink:to="Adjustments" xlink:title="calculation: CashFlowsFromOperatingActivities to Adjustments" order="2.0" weight="1.0"/>
    <link:loc xlink:type="locator" xlink:href="../../et-gaap-cor_2011-01-01.xsd#et-gaap_OtherAdjustments" xlink:label="OtherAdjustments" xlink:title="OtherAdjustments"/>
    <link:calculationArc xlink:type="arc" xlink:arcrole="http://www.xbrl.org/2003/arcrole/summation-item" xlink:from="Adjustments" xlink:to="OtherAdjustments" xlink:title="calculation: Adjustments to OtherAdjustments" order="3.0" weight="1.0"/>
    <link:loc xlink:type="locator" xlink:href="../../et-gaap-cor_2011-01-01.xsd#et-gaap_ProfitLossFromSaleOfNonCurrentAssets" xlink:label="ProfitLossFromSaleOfNonCurrentAssets" xlink:title="ProfitLossFromSaleOfNonCurrentAssets"/>
    <link:calculationArc xlink:type="arc" xlink:arcrole="http://www.xbrl.org/2003/arcrole/summation-item" xlink:from="Adjustments" xlink:to="ProfitLossFromSaleOfNonCurrentAssets" xlink:title="calculation: Adjustments to ProfitLossFromSaleOfNonCurrentAssets" order="2.0" weight="1.0"/>
    <link:loc xlink:type="locator" xlink:href="../../et-gaap-cor_2011-01-01.xsd#et-gaap_DepreciationAndImpairmentLossReversalNeg" xlink:label="DepreciationAndImpairmentLossReversalNeg" xlink:title="DepreciationAndImpairmentLossReversalNeg"/>
    <link:calculationArc xlink:type="arc" xlink:arcrole="http://www.xbrl.org/2003/arcrole/summation-item" xlink:from="Adjustments" xlink:to="DepreciationAndImpairmentLossReversalNeg" xlink:title="calculation: Adjustments to DepreciationAndImpairmentLossReversalNeg" order="1.0" weight="1.0"/>
    <link:loc xlink:type="locator" xlink:href="../../et-gaap-cor_2011-01-01.xsd#et-gaap_ChangesInReceivablesAndPrepaymentsRelatedToOperatingActivities" xlink:label="ChangesInReceivablesAndPrepaymentsRelatedToOperatingActivities" xlink:title="ChangesInReceivablesAndPrepaymentsRelatedToOperatingActivities"/>
    <link:calculationArc xlink:type="arc" xlink:arcrole="http://www.xbrl.org/2003/arcrole/summation-item" xlink:from="CashFlowsFromOperatingActivities" xlink:to="ChangesInReceivablesAndPrepaymentsRelatedToOperatingActivities" xlink:title="calculation: CashFlowsFromOperatingActivities to ChangesInReceivablesAndPrepaymentsRelatedToOperatingActivities" order="3.0" weight="1.0"/>
    <link:loc xlink:type="locator" xlink:href="../../et-gaap-cor_2011-01-01.xsd#et-gaap_OperatingActivitiesChangesInInventories" xlink:label="OperatingActivitiesChangesInInventories" xlink:title="OperatingActivitiesChangesInInventories"/>
    <link:calculationArc xlink:type="arc" xlink:arcrole="http://www.xbrl.org/2003/arcrole/summation-item" xlink:from="CashFlowsFromOperatingActivities" xlink:to="OperatingActivitiesChangesInInventories" xlink:title="calculation: CashFlowsFromOperatingActivities to OperatingActivitiesChangesInInventories" order="4.0" weight="1.0"/>
    <link:loc xlink:type="locator" xlink:href="../../et-gaap-cor_2011-01-01.xsd#et-gaap_ChangesInPayablesAndPrepaymentsRelatedToOperatingActivities" xlink:label="ChangesInPayablesAndPrepaymentsRelatedToOperatingActivities" xlink:title="ChangesInPayablesAndPrepaymentsRelatedToOperatingActivities"/>
    <link:calculationArc xlink:type="arc" xlink:arcrole="http://www.xbrl.org/2003/arcrole/summation-item" xlink:from="CashFlowsFromOperatingActivities" xlink:to="ChangesInPayablesAndPrepaymentsRelatedToOperatingActivities" xlink:title="calculation: CashFlowsFromOperatingActivities to ChangesInPayablesAndPrepaymentsRelatedToOperatingActivities" order="5.0" weight="1.0"/>
    <link:loc xlink:type="locator" xlink:href="../../et-gaap-cor_2011-01-01.xsd#et-gaap_TotalProfitLoss" xlink:label="TotalProfitLoss" xlink:title="TotalProfitLoss"/>
    <link:calculationArc xlink:type="arc" xlink:arcrole="http://www.xbrl.org/2003/arcrole/summation-item" xlink:from="CashFlowsFromOperatingActivities" xlink:to="TotalProfitLoss" xlink:title="calculation: CashFlowsFromOperatingActivities to TotalProfitLoss" order="1.0" weight="1.0"/>
    <link:loc xlink:type="locator" xlink:href="../../et-gaap-cor_2011-01-01.xsd#et-gaap_ChangeInCashAndCashEquivalents" xlink:label="ChangeInCashAndCashEquivalents" xlink:title="ChangeInCashAndCashEquivalents"/>
    <link:loc xlink:type="locator" xlink:href="../../et-gaap-cor_2011-01-01.xsd#et-gaap_CashAndCashEquivalentsAtEndOfPeriod" xlink:label="CashAndCashEquivalentsAtEndOfPeriod" xlink:title="CashAndCashEquivalentsAtEndOfPeriod"/>
    <link:calculationArc xlink:type="arc" xlink:arcrole="http://www.xbrl.org/2003/arcrole/summation-item" xlink:from="ChangeInCashAndCashEquivalents" xlink:to="CashAndCashEquivalentsAtEndOfPeriod" xlink:title="calculation: ChangeInCashAndCashEquivalents to CashAndCashEquivalentsAtEndOfPeriod" use="optional" order="1.0" weight="1.0"/>
    <link:loc xlink:type="locator" xlink:href="../../et-gaap-cor_2011-01-01.xsd#et-gaap_CashAndCashEquivalentsAtBeginningOfPeriod" xlink:label="CashAndCashEquivalentsAtBeginningOfPeriod" xlink:title="CashAndCashEquivalentsAtBeginningOfPeriod"/>
    <link:calculationArc xlink:type="arc" xlink:arcrole="http://www.xbrl.org/2003/arcrole/summation-item" xlink:from="ChangeInCashAndCashEquivalents" xlink:to="CashAndCashEquivalentsAtBeginningOfPeriod" xlink:title="calculation: ChangeInCashAndCashEquivalents to CashAndCashEquivalentsAtBeginningOfPeriod" use="optional" order="2.0" weight="-1.0"/>
    <link:loc xlink:type="locator" xlink:href="../../et-gaap-cor_2011-01-01.xsd#et-gaap_EffectOnExchangeRateChangesOnCashAndCashEquivalents" xlink:label="EffectOnExchangeRateChangesOnCashAndCashEquivalents" xlink:title="EffectOnExchangeRateChangesOnCashAndCashEquivalents"/>
    <link:calculationArc xlink:type="arc" xlink:arcrole="http://www.xbrl.org/2003/arcrole/summation-item" xlink:from="ChangeInCashAndCashEquivalents" xlink:to="EffectOnExchangeRateChangesOnCashAndCashEquivalents" xlink:title="calculation: ChangeInCashAndCashEquivalents to EffectOnExchangeRateChangesOnCashAndCashEquivalents" use="optional" order="3.0" weight="-1.0"/>
  </link:calculationLink>
</link:linkbase>
