<?xml version="1.0" encoding="UTF-8"?>
<!--
**************************************************************
et-gaap Taxonomy: 2011-01-01 (Final)

Copyright (C) 2010 Centre of Registers and Information Systems
**************************************************************
-->
<link:linkbase xmlns:xsi="http://www.w3.org/2001/XMLSchema-instance" xsi:schemaLocation="http://www.xbrl.org/2003/linkbase http://www.xbrl.org/2003/xbrl-linkbase-2003-12-31.xsd" xmlns:link="http://www.xbrl.org/2003/linkbase" xmlns:xlink="http://www.w3.org/1999/xlink">
  <link:roleRef roleURI="http://xbrl.eesti.ee/role/et-gaap_2011-01-01/StatementOfCashFlowsDirectMethod_role-401040" xlink:type="simple" xlink:href="role-401000.xsd#StatementOfCashFlowsDirectMethod_role-401040"/>
  <link:calculationLink xlink:type="extended" xlink:role="http://xbrl.eesti.ee/role/et-gaap_2011-01-01/StatementOfCashFlowsDirectMethod_role-401040">
    <link:loc xlink:type="locator" xlink:href="../../et-gaap-cor_2011-01-01.xsd#et-gaap_CashFlows" xlink:label="CashFlows" xlink:title="CashFlows"/>
    <link:loc xlink:type="locator" xlink:href="../../et-gaap-cor_2011-01-01.xsd#et-gaap_CashFlowsFromFinancingActivities" xlink:label="CashFlowsFromFinancingActivities" xlink:title="CashFlowsFromFinancingActivities"/>
    <link:calculationArc xlink:type="arc" xlink:arcrole="http://www.xbrl.org/2003/arcrole/summation-item" xlink:from="CashFlows" xlink:to="CashFlowsFromFinancingActivities" xlink:title="calculation: CashFlows to CashFlowsFromFinancingActivities" use="optional" order="3.0" weight="1.0"/>
    <link:loc xlink:type="locator" xlink:href="../../et-gaap-cor_2011-01-01.xsd#et-gaap_FinancingActivitiesLoansReceived" xlink:label="FinancingActivitiesLoansReceived" xlink:title="FinancingActivitiesLoansReceived"/>
    <link:calculationArc xlink:type="arc" xlink:arcrole="http://www.xbrl.org/2003/arcrole/summation-item" xlink:from="CashFlowsFromFinancingActivities" xlink:to="FinancingActivitiesLoansReceived" xlink:title="calculation: CashFlowsFromFinancingActivities to FinancingActivitiesLoansReceived" use="optional" order="1.0" weight="1.0"/>
    <link:loc xlink:type="locator" xlink:href="../../et-gaap-cor_2011-01-01.xsd#et-gaap_FinancingActivitiesRepaymentsOfLoansReceived" xlink:label="FinancingActivitiesRepaymentsOfLoansReceived" xlink:title="FinancingActivitiesRepaymentsOfLoansReceived"/>
    <link:calculationArc xlink:type="arc" xlink:arcrole="http://www.xbrl.org/2003/arcrole/summation-item" xlink:from="CashFlowsFromFinancingActivities" xlink:to="FinancingActivitiesRepaymentsOfLoansReceived" xlink:title="calculation: CashFlowsFromFinancingActivities to FinancingActivitiesRepaymentsOfLoansReceived" use="optional" order="2.0" weight="1.0"/>
    <link:loc xlink:type="locator" xlink:href="../../et-gaap-cor_2011-01-01.xsd#et-gaap_FinancingActivitiesProceedsFromOverdraft" xlink:label="FinancingActivitiesProceedsFromOverdraft" xlink:title="FinancingActivitiesProceedsFromOverdraft"/>
    <link:calculationArc xlink:type="arc" xlink:arcrole="http://www.xbrl.org/2003/arcrole/summation-item" xlink:from="CashFlowsFromFinancingActivities" xlink:to="FinancingActivitiesProceedsFromOverdraft" xlink:title="calculation: CashFlowsFromFinancingActivities to FinancingActivitiesProceedsFromOverdraft" use="optional" order="3.0" weight="1.0"/>
    <link:loc xlink:type="locator" xlink:href="../../et-gaap-cor_2011-01-01.xsd#et-gaap_FinancingActivitiesProceedsFromFinanceLease" xlink:label="FinancingActivitiesProceedsFromFinanceLease" xlink:title="FinancingActivitiesProceedsFromFinanceLease"/>
    <link:calculationArc xlink:type="arc" xlink:arcrole="http://www.xbrl.org/2003/arcrole/summation-item" xlink:from="CashFlowsFromFinancingActivities" xlink:to="FinancingActivitiesProceedsFromFinanceLease" xlink:title="calculation: CashFlowsFromFinancingActivities to FinancingActivitiesProceedsFromFinanceLease" use="optional" order="4.0" weight="1.0"/>
    <link:loc xlink:type="locator" xlink:href="../../et-gaap-cor_2011-01-01.xsd#et-gaap_FinancingActivitiesIntrestPaid" xlink:label="FinancingActivitiesIntrestPaid" xlink:title="FinancingActivitiesIntrestPaid"/>
    <link:calculationArc xlink:type="arc" xlink:arcrole="http://www.xbrl.org/2003/arcrole/summation-item" xlink:from="CashFlowsFromFinancingActivities" xlink:to="FinancingActivitiesIntrestPaid" xlink:title="calculation: CashFlowsFromFinancingActivities to FinancingActivitiesIntrestPaid" use="optional" order="5.0" weight="1.0"/>
    <link:loc xlink:type="locator" xlink:href="../../et-gaap-cor_2011-01-01.xsd#et-gaap_OtherCashInflowsFromFinancingActivities" xlink:label="OtherCashInflowsFromFinancingActivities" xlink:title="OtherCashInflowsFromFinancingActivities"/>
    <link:calculationArc xlink:type="arc" xlink:arcrole="http://www.xbrl.org/2003/arcrole/summation-item" xlink:from="CashFlowsFromFinancingActivities" xlink:to="OtherCashInflowsFromFinancingActivities" xlink:title="calculation: CashFlowsFromFinancingActivities to OtherCashInflowsFromFinancingActivities" use="optional" order="9.0" weight="1.0"/>
    <link:loc xlink:type="locator" xlink:href="../../et-gaap-cor_2011-01-01.xsd#et-gaap_OtherCashOutflowsFromFinancingActivities" xlink:label="OtherCashOutflowsFromFinancingActivities" xlink:title="OtherCashOutflowsFromFinancingActivities"/>
    <link:calculationArc xlink:type="arc" xlink:arcrole="http://www.xbrl.org/2003/arcrole/summation-item" xlink:from="CashFlowsFromFinancingActivities" xlink:to="OtherCashOutflowsFromFinancingActivities" xlink:title="calculation: CashFlowsFromFinancingActivities to OtherCashOutflowsFromFinancingActivities" use="optional" order="10.0" weight="1.0"/>
    <link:loc xlink:type="locator" xlink:href="../../et-gaap-cor_2011-01-01.xsd#et-gaap_FinancingActivitiesProceedsFromGrantsWithSpecialTerms" xlink:label="FinancingActivitiesProceedsFromGrantsWithSpecialTerms" xlink:title="FinancingActivitiesProceedsFromGrantsWithSpecialTerms"/>
    <link:calculationArc xlink:type="arc" xlink:arcrole="http://www.xbrl.org/2003/arcrole/summation-item" xlink:from="CashFlowsFromFinancingActivities" xlink:to="FinancingActivitiesProceedsFromGrantsWithSpecialTerms" xlink:title="calculation: CashFlowsFromFinancingActivities to FinancingActivitiesProceedsFromGrantsWithSpecialTerms" use="optional" order="6.0" weight="1.0"/>
    <link:loc xlink:type="locator" xlink:href="../../et-gaap-cor_2011-01-01.xsd#et-gaap_FinancingActivitiesPaymentsToFoundationCapital" xlink:label="FinancingActivitiesPaymentsToFoundationCapital" xlink:title="FinancingActivitiesPaymentsToFoundationCapital"/>
    <link:calculationArc xlink:type="arc" xlink:arcrole="http://www.xbrl.org/2003/arcrole/summation-item" xlink:from="CashFlowsFromFinancingActivities" xlink:to="FinancingActivitiesPaymentsToFoundationCapital" xlink:title="calculation: CashFlowsFromFinancingActivities to FinancingActivitiesPaymentsToFoundationCapital" use="optional" order="7.0" weight="1.0"/>
    <link:loc xlink:type="locator" xlink:href="../../et-gaap-cor_2011-01-01.xsd#et-gaap_FinancingActivitiesPaymentsTolssuedCapital" xlink:label="FinancingActivitiesPaymentsTolssuedCapital" xlink:title="FinancingActivitiesPaymentsTolssuedCapital"/>
    <link:calculationArc xlink:type="arc" xlink:arcrole="http://www.xbrl.org/2003/arcrole/summation-item" xlink:from="CashFlowsFromFinancingActivities" xlink:to="FinancingActivitiesPaymentsTolssuedCapital" xlink:title="calculation: CashFlowsFromFinancingActivities to FinancingActivitiesPaymentsTolssuedCapital" order="8.0" weight="1.0"/>
    <link:loc xlink:type="locator" xlink:href="../../et-gaap-cor_2011-01-01.xsd#et-gaap_CashFlowsFromInvestingActivities" xlink:label="CashFlowsFromInvestingActivities" xlink:title="CashFlowsFromInvestingActivities"/>
    <link:calculationArc xlink:type="arc" xlink:arcrole="http://www.xbrl.org/2003/arcrole/summation-item" xlink:from="CashFlows" xlink:to="CashFlowsFromInvestingActivities" xlink:title="calculation: CashFlows to CashFlowsFromInvestingActivities" use="optional" order="2.0" weight="1.0"/>
    <link:loc xlink:type="locator" xlink:href="../../et-gaap-cor_2011-01-01.xsd#et-gaap_InvestingActivitiesPurchaseOfPropertyPlantAndEquipmentAndIntangibleAssets" xlink:label="InvestingActivitiesPurchaseOfPropertyPlantAndEquipmentAndIntangibleAssets" xlink:title="InvestingActivitiesPurchaseOfPropertyPlantAndEquipmentAndIntangibleAssets"/>
    <link:calculationArc xlink:type="arc" xlink:arcrole="http://www.xbrl.org/2003/arcrole/summation-item" xlink:from="CashFlowsFromInvestingActivities" xlink:to="InvestingActivitiesPurchaseOfPropertyPlantAndEquipmentAndIntangibleAssets" xlink:title="calculation: CashFlowsFromInvestingActivities to InvestingActivitiesPurchaseOfPropertyPlantAndEquipmentAndIntangibleAssets" use="optional" order="1.0" weight="1.0"/>
    <link:loc xlink:type="locator" xlink:href="../../et-gaap-cor_2011-01-01.xsd#et-gaap_InvestingActivitiesProceedsFromSalesOfPropertyPlantAndEquipmentAndIntangibleAssets" xlink:label="InvestingActivitiesProceedsFromSalesOfPropertyPlantAndEquipmentAndIntangibleAssets" xlink:title="InvestingActivitiesProceedsFromSalesOfPropertyPlantAndEquipmentAndIntangibleAssets"/>
    <link:calculationArc xlink:type="arc" xlink:arcrole="http://www.xbrl.org/2003/arcrole/summation-item" xlink:from="CashFlowsFromInvestingActivities" xlink:to="InvestingActivitiesProceedsFromSalesOfPropertyPlantAndEquipmentAndIntangibleAssets" xlink:title="calculation: CashFlowsFromInvestingActivities to InvestingActivitiesProceedsFromSalesOfPropertyPlantAndEquipmentAndIntangibleAssets" use="optional" order="2.0" weight="1.0"/>
    <link:loc xlink:type="locator" xlink:href="../../et-gaap-cor_2011-01-01.xsd#et-gaap_InvestingActivitiesPurchaseOfInvestmentProperty" xlink:label="InvestingActivitiesPurchaseOfInvestmentProperty" xlink:title="InvestingActivitiesPurchaseOfInvestmentProperty"/>
    <link:calculationArc xlink:type="arc" xlink:arcrole="http://www.xbrl.org/2003/arcrole/summation-item" xlink:from="CashFlowsFromInvestingActivities" xlink:to="InvestingActivitiesPurchaseOfInvestmentProperty" xlink:title="calculation: CashFlowsFromInvestingActivities to InvestingActivitiesPurchaseOfInvestmentProperty" use="optional" order="5.0" weight="1.0"/>
    <link:loc xlink:type="locator" xlink:href="../../et-gaap-cor_2011-01-01.xsd#et-gaap_InvestingActivitiesProceedsFromSalesOfInvestmentProperty" xlink:label="InvestingActivitiesProceedsFromSalesOfInvestmentProperty" xlink:title="InvestingActivitiesProceedsFromSalesOfInvestmentProperty"/>
    <link:calculationArc xlink:type="arc" xlink:arcrole="http://www.xbrl.org/2003/arcrole/summation-item" xlink:from="CashFlowsFromInvestingActivities" xlink:to="InvestingActivitiesProceedsFromSalesOfInvestmentProperty" xlink:title="calculation: CashFlowsFromInvestingActivities to InvestingActivitiesProceedsFromSalesOfInvestmentProperty" use="optional" order="6.0" weight="1.0"/>
    <link:loc xlink:type="locator" xlink:href="../../et-gaap-cor_2011-01-01.xsd#et-gaap_InvestingActivitiesOtherCashPaymentsToAcquireSubsidiaries" xlink:label="InvestingActivitiesOtherCashPaymentsToAcquireSubsidiaries" xlink:title="InvestingActivitiesOtherCashPaymentsToAcquireSubsidiaries"/>
    <link:calculationArc xlink:type="arc" xlink:arcrole="http://www.xbrl.org/2003/arcrole/summation-item" xlink:from="CashFlowsFromInvestingActivities" xlink:to="InvestingActivitiesOtherCashPaymentsToAcquireSubsidiaries" xlink:title="calculation: CashFlowsFromInvestingActivities to InvestingActivitiesOtherCashPaymentsToAcquireSubsidiaries" use="optional" order="8.0" weight="1.0"/>
    <link:loc xlink:type="locator" xlink:href="../../et-gaap-cor_2011-01-01.xsd#et-gaap_InvestingActivitiesOtherCashReceiptsFromSalesOfSubsidiaries" xlink:label="InvestingActivitiesOtherCashReceiptsFromSalesOfSubsidiaries" xlink:title="InvestingActivitiesOtherCashReceiptsFromSalesOfSubsidiaries"/>
    <link:calculationArc xlink:type="arc" xlink:arcrole="http://www.xbrl.org/2003/arcrole/summation-item" xlink:from="CashFlowsFromInvestingActivities" xlink:to="InvestingActivitiesOtherCashReceiptsFromSalesOfSubsidiaries" xlink:title="calculation: CashFlowsFromInvestingActivities to InvestingActivitiesOtherCashReceiptsFromSalesOfSubsidiaries" use="optional" order="9.0" weight="1.0"/>
    <link:loc xlink:type="locator" xlink:href="../../et-gaap-cor_2011-01-01.xsd#et-gaap_InvestingActivitiesOtherCashPaymentsToAcquireAssociates" xlink:label="InvestingActivitiesOtherCashPaymentsToAcquireAssociates" xlink:title="InvestingActivitiesOtherCashPaymentsToAcquireAssociates"/>
    <link:calculationArc xlink:type="arc" xlink:arcrole="http://www.xbrl.org/2003/arcrole/summation-item" xlink:from="CashFlowsFromInvestingActivities" xlink:to="InvestingActivitiesOtherCashPaymentsToAcquireAssociates" xlink:title="calculation: CashFlowsFromInvestingActivities to InvestingActivitiesOtherCashPaymentsToAcquireAssociates" use="optional" order="10.0" weight="1.0"/>
    <link:loc xlink:type="locator" xlink:href="../../et-gaap-cor_2011-01-01.xsd#et-gaap_InvestingActivitiesOtherCashReceiptsFromSalesOfAssociates" xlink:label="InvestingActivitiesOtherCashReceiptsFromSalesOfAssociates" xlink:title="InvestingActivitiesOtherCashReceiptsFromSalesOfAssociates"/>
    <link:calculationArc xlink:type="arc" xlink:arcrole="http://www.xbrl.org/2003/arcrole/summation-item" xlink:from="CashFlowsFromInvestingActivities" xlink:to="InvestingActivitiesOtherCashReceiptsFromSalesOfAssociates" xlink:title="calculation: CashFlowsFromInvestingActivities to InvestingActivitiesOtherCashReceiptsFromSalesOfAssociates" use="optional" order="11.0" weight="1.0"/>
    <link:loc xlink:type="locator" xlink:href="../../et-gaap-cor_2011-01-01.xsd#et-gaap_InvestingActivitiesOtherCashPaymentsToAcquireOtherFinancialInvestments" xlink:label="InvestingActivitiesOtherCashPaymentsToAcquireOtherFinancialInvestments" xlink:title="InvestingActivitiesOtherCashPaymentsToAcquireOtherFinancialInvestments"/>
    <link:calculationArc xlink:type="arc" xlink:arcrole="http://www.xbrl.org/2003/arcrole/summation-item" xlink:from="CashFlowsFromInvestingActivities" xlink:to="InvestingActivitiesOtherCashPaymentsToAcquireOtherFinancialInvestments" xlink:title="calculation: CashFlowsFromInvestingActivities to InvestingActivitiesOtherCashPaymentsToAcquireOtherFinancialInvestments" use="optional" order="12.0" weight="1.0"/>
    <link:loc xlink:type="locator" xlink:href="../../et-gaap-cor_2011-01-01.xsd#et-gaap_InvestingActivitiesOtherCashReceiptsFromSalesOfOtherFinancialInvestments" xlink:label="InvestingActivitiesOtherCashReceiptsFromSalesOfOtherFinancialInvestments" xlink:title="InvestingActivitiesOtherCashReceiptsFromSalesOfOtherFinancialInvestments"/>
    <link:calculationArc xlink:type="arc" xlink:arcrole="http://www.xbrl.org/2003/arcrole/summation-item" xlink:from="CashFlowsFromInvestingActivities" xlink:to="InvestingActivitiesOtherCashReceiptsFromSalesOfOtherFinancialInvestments" xlink:title="calculation: CashFlowsFromInvestingActivities to InvestingActivitiesOtherCashReceiptsFromSalesOfOtherFinancialInvestments" use="optional" order="13.0" weight="1.0"/>
    <link:loc xlink:type="locator" xlink:href="../../et-gaap-cor_2011-01-01.xsd#et-gaap_InvestingActivitiesLoansGiven" xlink:label="InvestingActivitiesLoansGiven" xlink:title="InvestingActivitiesLoansGiven"/>
    <link:calculationArc xlink:type="arc" xlink:arcrole="http://www.xbrl.org/2003/arcrole/summation-item" xlink:from="CashFlowsFromInvestingActivities" xlink:to="InvestingActivitiesLoansGiven" xlink:title="calculation: CashFlowsFromInvestingActivities to InvestingActivitiesLoansGiven" use="optional" order="14.0" weight="1.0"/>
    <link:loc xlink:type="locator" xlink:href="../../et-gaap-cor_2011-01-01.xsd#et-gaap_InvestingActivitiesRepaymentsOfLoansGiven" xlink:label="InvestingActivitiesRepaymentsOfLoansGiven" xlink:title="InvestingActivitiesRepaymentsOfLoansGiven"/>
    <link:calculationArc xlink:type="arc" xlink:arcrole="http://www.xbrl.org/2003/arcrole/summation-item" xlink:from="CashFlowsFromInvestingActivities" xlink:to="InvestingActivitiesRepaymentsOfLoansGiven" xlink:title="calculation: CashFlowsFromInvestingActivities to InvestingActivitiesRepaymentsOfLoansGiven" use="optional" order="15.0" weight="1.0"/>
    <link:loc xlink:type="locator" xlink:href="../../et-gaap-cor_2011-01-01.xsd#et-gaap_InvestingActivitiesIntrestReceived" xlink:label="InvestingActivitiesIntrestReceived" xlink:title="InvestingActivitiesIntrestReceived"/>
    <link:calculationArc xlink:type="arc" xlink:arcrole="http://www.xbrl.org/2003/arcrole/summation-item" xlink:from="CashFlowsFromInvestingActivities" xlink:to="InvestingActivitiesIntrestReceived" xlink:title="calculation: CashFlowsFromInvestingActivities to InvestingActivitiesIntrestReceived" use="optional" order="16.0" weight="1.0"/>
    <link:loc xlink:type="locator" xlink:href="../../et-gaap-cor_2011-01-01.xsd#et-gaap_InvestingActivitiesDividendsReceived" xlink:label="InvestingActivitiesDividendsReceived" xlink:title="InvestingActivitiesDividendsReceived"/>
    <link:calculationArc xlink:type="arc" xlink:arcrole="http://www.xbrl.org/2003/arcrole/summation-item" xlink:from="CashFlowsFromInvestingActivities" xlink:to="InvestingActivitiesDividendsReceived" xlink:title="calculation: CashFlowsFromInvestingActivities to InvestingActivitiesDividendsReceived" use="optional" order="17.0" weight="1.0"/>
    <link:loc xlink:type="locator" xlink:href="../../et-gaap-cor_2011-01-01.xsd#et-gaap_OtherCashOutflowsFromInvestingActivities" xlink:label="OtherCashOutflowsFromInvestingActivities" xlink:title="OtherCashOutflowsFromInvestingActivities"/>
    <link:calculationArc xlink:type="arc" xlink:arcrole="http://www.xbrl.org/2003/arcrole/summation-item" xlink:from="CashFlowsFromInvestingActivities" xlink:to="OtherCashOutflowsFromInvestingActivities" xlink:title="calculation: CashFlowsFromInvestingActivities to OtherCashOutflowsFromInvestingActivities" use="optional" order="18.0" weight="1.0"/>
    <link:loc xlink:type="locator" xlink:href="../../et-gaap-cor_2011-01-01.xsd#et-gaap_OtherCashInflowsFromInvestingActivities" xlink:label="OtherCashInflowsFromInvestingActivities" xlink:title="OtherCashInflowsFromInvestingActivities"/>
    <link:calculationArc xlink:type="arc" xlink:arcrole="http://www.xbrl.org/2003/arcrole/summation-item" xlink:from="CashFlowsFromInvestingActivities" xlink:to="OtherCashInflowsFromInvestingActivities" xlink:title="calculation: CashFlowsFromInvestingActivities to OtherCashInflowsFromInvestingActivities" use="optional" order="19.0" weight="1.0"/>
    <link:loc xlink:type="locator" xlink:href="../../et-gaap-cor_2011-01-01.xsd#et-gaap_InvestingActivitiesProceedsFromGrantsWithSpecialTerms" xlink:label="InvestingActivitiesProceedsFromGrantsWithSpecialTerms" xlink:title="InvestingActivitiesProceedsFromGrantsWithSpecialTerms"/>
    <link:calculationArc xlink:type="arc" xlink:arcrole="http://www.xbrl.org/2003/arcrole/summation-item" xlink:from="CashFlowsFromInvestingActivities" xlink:to="InvestingActivitiesProceedsFromGrantsWithSpecialTerms" xlink:title="calculation: CashFlowsFromInvestingActivities to InvestingActivitiesProceedsFromGrantsWithSpecialTerms" use="optional" order="7.0" weight="1.0"/>
    <link:loc xlink:type="locator" xlink:href="../../et-gaap-cor_2011-01-01.xsd#et-gaap_InvestingActivitiesPurchaseOfBiologicalAssets" xlink:label="InvestingActivitiesPurchaseOfBiologicalAssets" xlink:title="InvestingActivitiesPurchaseOfBiologicalAssets"/>
    <link:calculationArc xlink:type="arc" xlink:arcrole="http://www.xbrl.org/2003/arcrole/summation-item" xlink:from="CashFlowsFromInvestingActivities" xlink:to="InvestingActivitiesPurchaseOfBiologicalAssets" xlink:title="calculation: CashFlowsFromInvestingActivities to InvestingActivitiesPurchaseOfBiologicalAssets" order="3.0" weight="1.0"/>
    <link:loc xlink:type="locator" xlink:href="../../et-gaap-cor_2011-01-01.xsd#et-gaap_InvestingActivitiesProceedsFromSalesOfBiologicalAssets" xlink:label="InvestingActivitiesProceedsFromSalesOfBiologicalAssets" xlink:title="InvestingActivitiesProceedsFromSalesOfBiologicalAssets"/>
    <link:calculationArc xlink:type="arc" xlink:arcrole="http://www.xbrl.org/2003/arcrole/summation-item" xlink:from="CashFlowsFromInvestingActivities" xlink:to="InvestingActivitiesProceedsFromSalesOfBiologicalAssets" xlink:title="calculation: CashFlowsFromInvestingActivities to InvestingActivitiesProceedsFromSalesOfBiologicalAssets" order="4.0" weight="1.0"/>
    <link:loc xlink:type="locator" xlink:href="../../et-gaap-cor_2011-01-01.xsd#et-gaap_TotalCashFlowsFromOperatingActivitiesNPO" xlink:label="TotalCashFlowsFromOperatingActivitiesNPO" xlink:title="TotalCashFlowsFromOperatingActivitiesNPO"/>
    <link:calculationArc xlink:type="arc" xlink:arcrole="http://www.xbrl.org/2003/arcrole/summation-item" xlink:from="CashFlows" xlink:to="TotalCashFlowsFromOperatingActivitiesNPO" xlink:title="calculation: CashFlows to TotalCashFlowsFromOperatingActivitiesNPO" use="optional" order="1.0" weight="1.0"/>
    <link:loc xlink:type="locator" xlink:href="../../et-gaap-cor_2011-01-01.xsd#et-gaap_ReceiptsFromMembers" xlink:label="ReceiptsFromMembers" xlink:title="ReceiptsFromMembers"/>
    <link:calculationArc xlink:type="arc" xlink:arcrole="http://www.xbrl.org/2003/arcrole/summation-item" xlink:from="TotalCashFlowsFromOperatingActivitiesNPO" xlink:to="ReceiptsFromMembers" xlink:title="calculation: TotalCashFlowsFromOperatingActivitiesNPO to ReceiptsFromMembers" use="optional" order="1.0" weight="1.0"/>
    <link:loc xlink:type="locator" xlink:href="../../et-gaap-cor_2011-01-01.xsd#et-gaap_ReceiptsFromGrantsAndDonations" xlink:label="ReceiptsFromGrantsAndDonantions" xlink:title="ReceiptsFromGrantsAndDonantions"/>
    <link:calculationArc xlink:type="arc" xlink:arcrole="http://www.xbrl.org/2003/arcrole/summation-item" xlink:from="TotalCashFlowsFromOperatingActivitiesNPO" xlink:to="ReceiptsFromGrantsAndDonantions" xlink:title="calculation: TotalCashFlowsFromOperatingActivitiesNPO to ReceiptsFromGrantsAndDonantions" use="optional" order="2.0" weight="1.0"/>
    <link:loc xlink:type="locator" xlink:href="../../et-gaap-cor_2011-01-01.xsd#et-gaap_ReceiptsOfSalesOfGoodsAndRenderingOfServices" xlink:label="ReceiptsOfSalesOfGoodsAndRenderingOfServices" xlink:title="ReceiptsOfSalesOfGoodsAndRenderingOfServices"/>
    <link:calculationArc xlink:type="arc" xlink:arcrole="http://www.xbrl.org/2003/arcrole/summation-item" xlink:from="TotalCashFlowsFromOperatingActivitiesNPO" xlink:to="ReceiptsOfSalesOfGoodsAndRenderingOfServices" xlink:title="calculation: TotalCashFlowsFromOperatingActivitiesNPO to ReceiptsOfSalesOfGoodsAndRenderingOfServices" use="optional" order="3.0" weight="1.0"/>
    <link:loc xlink:type="locator" xlink:href="../../et-gaap-cor_2011-01-01.xsd#et-gaap_ReceiptsFromOtherOperatingRevenue" xlink:label="ReceiptsFromOtherOperatingRevenue" xlink:title="ReceiptsFromOtherOperatingRevenue"/>
    <link:calculationArc xlink:type="arc" xlink:arcrole="http://www.xbrl.org/2003/arcrole/summation-item" xlink:from="TotalCashFlowsFromOperatingActivitiesNPO" xlink:to="ReceiptsFromOtherOperatingRevenue" xlink:title="calculation: TotalCashFlowsFromOperatingActivitiesNPO to ReceiptsFromOtherOperatingRevenue" use="optional" order="4.0" weight="1.0"/>
    <link:loc xlink:type="locator" xlink:href="../../et-gaap-cor_2011-01-01.xsd#et-gaap_PaymentsOfGrantsAndDonations" xlink:label="PaymentsOfGrantsAndDonantions" xlink:title="PaymentsOfGrantsAndDonantions"/>
    <link:calculationArc xlink:type="arc" xlink:arcrole="http://www.xbrl.org/2003/arcrole/summation-item" xlink:from="TotalCashFlowsFromOperatingActivitiesNPO" xlink:to="PaymentsOfGrantsAndDonantions" xlink:title="calculation: TotalCashFlowsFromOperatingActivitiesNPO to PaymentsOfGrantsAndDonantions" use="optional" order="5.0" weight="1.0"/>
    <link:loc xlink:type="locator" xlink:href="../../et-gaap-cor_2011-01-01.xsd#et-gaap_PaymentsToSuppliersForGoodsAndServices" xlink:label="PaymentsToSuppliersForGoodsAndServices" xlink:title="PaymentsToSuppliersForGoodsAndServices"/>
    <link:calculationArc xlink:type="arc" xlink:arcrole="http://www.xbrl.org/2003/arcrole/summation-item" xlink:from="TotalCashFlowsFromOperatingActivitiesNPO" xlink:to="PaymentsToSuppliersForGoodsAndServices" xlink:title="calculation: TotalCashFlowsFromOperatingActivitiesNPO to PaymentsToSuppliersForGoodsAndServices" use="optional" order="6.0" weight="1.0"/>
    <link:loc xlink:type="locator" xlink:href="../../et-gaap-cor_2011-01-01.xsd#et-gaap_PaymentsToEmployees" xlink:label="PaymentsToEmployees" xlink:title="PaymentsToEmployees"/>
    <link:calculationArc xlink:type="arc" xlink:arcrole="http://www.xbrl.org/2003/arcrole/summation-item" xlink:from="TotalCashFlowsFromOperatingActivitiesNPO" xlink:to="PaymentsToEmployees" xlink:title="calculation: TotalCashFlowsFromOperatingActivitiesNPO to PaymentsToEmployees" use="optional" order="7.0" weight="1.0"/>
    <link:loc xlink:type="locator" xlink:href="../../et-gaap-cor_2011-01-01.xsd#et-gaap_OperatingActivitiesIntrestReceived" xlink:label="OperatingActivitiesIntrestReceived" xlink:title="OperatingActivitiesIntrestReceived"/>
    <link:calculationArc xlink:type="arc" xlink:arcrole="http://www.xbrl.org/2003/arcrole/summation-item" xlink:from="TotalCashFlowsFromOperatingActivitiesNPO" xlink:to="OperatingActivitiesIntrestReceived" xlink:title="calculation: TotalCashFlowsFromOperatingActivitiesNPO to OperatingActivitiesIntrestReceived" use="optional" order="8.0" weight="1.0"/>
    <link:loc xlink:type="locator" xlink:href="../../et-gaap-cor_2011-01-01.xsd#et-gaap_OperatingActivitiesIntrestPaid" xlink:label="OperatingActivitiesIntrestPaid" xlink:title="OperatingActivitiesIntrestPaid"/>
    <link:calculationArc xlink:type="arc" xlink:arcrole="http://www.xbrl.org/2003/arcrole/summation-item" xlink:from="TotalCashFlowsFromOperatingActivitiesNPO" xlink:to="OperatingActivitiesIntrestPaid" xlink:title="calculation: TotalCashFlowsFromOperatingActivitiesNPO to OperatingActivitiesIntrestPaid" use="optional" order="9.0" weight="1.0"/>
    <link:loc xlink:type="locator" xlink:href="../../et-gaap-cor_2011-01-01.xsd#et-gaap_OtherCashFlowsFromOperatingActivitiesNPO" xlink:label="OtherCashFlowsFromOperatingActivitiesNPO" xlink:title="OtherCashFlowsFromOperatingActivitiesNPO"/>
    <link:calculationArc xlink:type="arc" xlink:arcrole="http://www.xbrl.org/2003/arcrole/summation-item" xlink:from="TotalCashFlowsFromOperatingActivitiesNPO" xlink:to="OtherCashFlowsFromOperatingActivitiesNPO" xlink:title="calculation: TotalCashFlowsFromOperatingActivitiesNPO to OtherCashFlowsFromOperatingActivitiesNPO" use="optional" order="10.0" weight="1.0"/>
    <link:loc xlink:type="locator" xlink:href="../../et-gaap-cor_2011-01-01.xsd#et-gaap_ChangeInCashAndCashEquivalents" xlink:label="ChangeInCashAndCashEquivalents" xlink:title="ChangeInCashAndCashEquivalents"/>
    <link:loc xlink:type="locator" xlink:href="../../et-gaap-cor_2011-01-01.xsd#et-gaap_CashAndCashEquivalentsAtEndOfPeriod" xlink:label="CashAndCashEquivalentsAtEndOfPeriod" xlink:title="CashAndCashEquivalentsAtEndOfPeriod"/>
    <link:calculationArc xlink:type="arc" xlink:arcrole="http://www.xbrl.org/2003/arcrole/summation-item" xlink:from="ChangeInCashAndCashEquivalents" xlink:to="CashAndCashEquivalentsAtEndOfPeriod" xlink:title="calculation: ChangeInCashAndCashEquivalents to CashAndCashEquivalentsAtEndOfPeriod" order="1.0" weight="1.0"/>
    <link:loc xlink:type="locator" xlink:href="../../et-gaap-cor_2011-01-01.xsd#et-gaap_CashAndCashEquivalentsAtBeginningOfPeriod" xlink:label="CashAndCashEquivalentsAtBeginningOfPeriod" xlink:title="CashAndCashEquivalentsAtBeginningOfPeriod"/>
    <link:calculationArc xlink:type="arc" xlink:arcrole="http://www.xbrl.org/2003/arcrole/summation-item" xlink:from="ChangeInCashAndCashEquivalents" xlink:to="CashAndCashEquivalentsAtBeginningOfPeriod" xlink:title="calculation: ChangeInCashAndCashEquivalents to CashAndCashEquivalentsAtBeginningOfPeriod" order="2.0" weight="-1.0"/>
    <link:loc xlink:type="locator" xlink:href="../../et-gaap-cor_2011-01-01.xsd#et-gaap_EffectOnExchangeRateChangesOnCashAndCashEquivalents" xlink:label="EffectOnExchangeRateChangesOnCashAndCashEquivalents" xlink:title="EffectOnExchangeRateChangesOnCashAndCashEquivalents"/>
    <link:calculationArc xlink:type="arc" xlink:arcrole="http://www.xbrl.org/2003/arcrole/summation-item" xlink:from="ChangeInCashAndCashEquivalents" xlink:to="EffectOnExchangeRateChangesOnCashAndCashEquivalents" xlink:title="calculation: ChangeInCashAndCashEquivalents to EffectOnExchangeRateChangesOnCashAndCashEquivalents" order="3.0" weight="-1.0"/>
  </link:calculationLink>
</link:linkbase>
