<?xml version="1.0" encoding="UTF-8"?>
<!--
**************************************************************
et-gaap Taxonomy: 2011-01-01 (Final)

Copyright (C) 2010 Centre of Registers and Information Systems
**************************************************************
-->
<link:linkbase xmlns:xsi="http://www.w3.org/2001/XMLSchema-instance" xsi:schemaLocation="http://www.xbrl.org/2003/linkbase http://www.xbrl.org/2003/xbrl-linkbase-2003-12-31.xsd" xmlns:link="http://www.xbrl.org/2003/linkbase" xmlns:xlink="http://www.w3.org/1999/xlink">
  <link:roleRef roleURI="http://xbrl.eesti.ee/role/et-gaap_2011-01-01/StatementOfCashFlowsIndirectMethod_role-401030" xlink:type="simple" xlink:href="role-401000.xsd#StatementOfCashFlowsIndirectMethod_role-401030"/>
  <link:arcroleRef arcroleURI="http://xbrl.org/int/dim/arcrole/domain-member" xlink:type="simple" xlink:href="http://www.xbrl.org/2005/xbrldt-2005.xsd#domain-member"/>
  <link:definitionLink xlink:type="extended" xlink:role="http://xbrl.eesti.ee/role/et-gaap_2011-01-01/StatementOfCashFlowsIndirectMethod_role-401030">
    <link:loc xlink:type="locator" xlink:href="../../et-gaap-cor_2011-01-01.xsd#et-gaap_CashFlowsFromOperatingActivitiesNPOAbstract" xlink:label="CashFlowsFromOperatingActivitiesNPOAbstract" xlink:title="CashFlowsFromOperatingActivitiesNPOAbstract"/>
    <link:loc xlink:type="locator" xlink:href="../../et-gaap-cor_2011-01-01.xsd#et-gaap_OperatingActivitiesIntrestReceived" xlink:label="OperatingActivitiesIntrestReceived" xlink:title="OperatingActivitiesIntrestReceived"/>
    <link:definitionArc xlink:type="arc" xlink:arcrole="http://xbrl.org/int/dim/arcrole/domain-member" xlink:from="CashFlowsFromOperatingActivitiesNPOAbstract" xlink:to="OperatingActivitiesIntrestReceived" xlink:title="definition: CashFlowsFromOperatingActivitiesNPOAbstract to OperatingActivitiesIntrestReceived" use="optional" order="6.0"/>
    <link:loc xlink:type="locator" xlink:href="../../et-gaap-cor_2011-01-01.xsd#et-gaap_OperatingActivitiesIntrestPaid" xlink:label="OperatingActivitiesIntrestPaid" xlink:title="OperatingActivitiesIntrestPaid"/>
    <link:definitionArc xlink:type="arc" xlink:arcrole="http://xbrl.org/int/dim/arcrole/domain-member" xlink:from="CashFlowsFromOperatingActivitiesNPOAbstract" xlink:to="OperatingActivitiesIntrestPaid" xlink:title="definition: CashFlowsFromOperatingActivitiesNPOAbstract to OperatingActivitiesIntrestPaid" use="optional" order="7.0"/>
    <link:loc xlink:type="locator" xlink:href="../../et-gaap-cor_2011-01-01.xsd#et-gaap_OtherCashFlowsFromOperatingActivitiesNPO" xlink:label="OtherCashFlowsFromOperatingActivitiesNPO" xlink:title="OtherCashFlowsFromOperatingActivitiesNPO"/>
    <link:definitionArc xlink:type="arc" xlink:arcrole="http://xbrl.org/int/dim/arcrole/domain-member" xlink:from="CashFlowsFromOperatingActivitiesNPOAbstract" xlink:to="OtherCashFlowsFromOperatingActivitiesNPO" xlink:title="definition: CashFlowsFromOperatingActivitiesNPOAbstract to OtherCashFlowsFromOperatingActivitiesNPO" order="9.0"/>
    <link:loc xlink:type="locator" xlink:href="../../et-gaap-cor_2011-01-01.xsd#et-gaap_TotalCashFlowsFromOperatingActivitiesNPO" xlink:label="TotalCashFlowsFromOperatingActivitiesNPO" xlink:title="TotalCashFlowsFromOperatingActivitiesNPO"/>
    <link:definitionArc xlink:type="arc" xlink:arcrole="http://xbrl.org/int/dim/arcrole/domain-member" xlink:from="CashFlowsFromOperatingActivitiesNPOAbstract" xlink:to="TotalCashFlowsFromOperatingActivitiesNPO" xlink:title="definition: CashFlowsFromOperatingActivitiesNPOAbstract to TotalCashFlowsFromOperatingActivitiesNPO" order="10.0"/>
    <link:loc xlink:type="locator" xlink:href="../../et-gaap-cor_2011-01-01.xsd#et-gaap_SurplusDeficitFromOperatingActivities" xlink:label="SurplusDeficitFromOperatingActivities" xlink:title="SurplusDeficitFromOperatingActivities"/>
    <link:definitionArc xlink:type="arc" xlink:arcrole="http://xbrl.org/int/dim/arcrole/domain-member" xlink:from="CashFlowsFromOperatingActivitiesNPOAbstract" xlink:to="SurplusDeficitFromOperatingActivities" xlink:title="definition: CashFlowsFromOperatingActivitiesNPOAbstract to SurplusDeficitFromOperatingActivities" order="1.0"/>
    <link:loc xlink:type="locator" xlink:href="../../et-gaap-cor_2011-01-01.xsd#et-gaap_AdjustmentsAbstract" xlink:label="AdjustmentsAbstract" xlink:title="AdjustmentsAbstract"/>
    <link:definitionArc xlink:type="arc" xlink:arcrole="http://xbrl.org/int/dim/arcrole/domain-member" xlink:from="CashFlowsFromOperatingActivitiesNPOAbstract" xlink:to="AdjustmentsAbstract" xlink:title="definition: CashFlowsFromOperatingActivitiesNPOAbstract to AdjustmentsAbstract" use="optional" order="2.0"/>
    <link:loc xlink:type="locator" xlink:href="../../et-gaap-cor_2011-01-01.xsd#et-gaap_OtherAdjustments" xlink:label="OtherAdjustments" xlink:title="OtherAdjustments"/>
    <link:definitionArc xlink:type="arc" xlink:arcrole="http://xbrl.org/int/dim/arcrole/domain-member" xlink:from="AdjustmentsAbstract" xlink:to="OtherAdjustments" xlink:title="definition: AdjustmentsAbstract to OtherAdjustments" use="optional" order="3.0"/>
    <link:loc xlink:type="locator" xlink:href="../../et-gaap-cor_2011-01-01.xsd#et-gaap_Adjustments" xlink:label="Adjustments" xlink:title="Adjustments"/>
    <link:definitionArc xlink:type="arc" xlink:arcrole="http://xbrl.org/int/dim/arcrole/domain-member" xlink:from="AdjustmentsAbstract" xlink:to="Adjustments" xlink:title="definition: AdjustmentsAbstract to Adjustments" use="optional" order="4.0"/>
    <link:loc xlink:type="locator" xlink:href="../../et-gaap-cor_2011-01-01.xsd#et-gaap_ProfitLossFromSaleOfNonCurrentAssets" xlink:label="ProfitLossFromSaleOfNonCurrentAssets" xlink:title="ProfitLossFromSaleOfNonCurrentAssets"/>
    <link:definitionArc xlink:type="arc" xlink:arcrole="http://xbrl.org/int/dim/arcrole/domain-member" xlink:from="AdjustmentsAbstract" xlink:to="ProfitLossFromSaleOfNonCurrentAssets" xlink:title="definition: AdjustmentsAbstract to ProfitLossFromSaleOfNonCurrentAssets" order="2.0"/>
    <link:loc xlink:type="locator" xlink:href="../../et-gaap-cor_2011-01-01.xsd#et-gaap_DepreciationAndImpairmentLossReversalNeg" xlink:label="DepreciationAndImpairmentLossReversalNeg" xlink:title="DepreciationAndImpairmentLossReversalNeg"/>
    <link:definitionArc xlink:type="arc" xlink:arcrole="http://xbrl.org/int/dim/arcrole/domain-member" xlink:from="AdjustmentsAbstract" xlink:to="DepreciationAndImpairmentLossReversalNeg" xlink:title="definition: AdjustmentsAbstract to DepreciationAndImpairmentLossReversalNeg" order="1.0"/>
    <link:loc xlink:type="locator" xlink:href="../../et-gaap-cor_2011-01-01.xsd#et-gaap_AdjustmentsForOperatingReceivablesAndPrepayments" xlink:label="AdjustmentsForOperatingReceivablesAndPrepayments" xlink:title="AdjustmentsForOperatingReceivablesAndPrepayments"/>
    <link:definitionArc xlink:type="arc" xlink:arcrole="http://xbrl.org/int/dim/arcrole/domain-member" xlink:from="CashFlowsFromOperatingActivitiesNPOAbstract" xlink:to="AdjustmentsForOperatingReceivablesAndPrepayments" xlink:title="definition: CashFlowsFromOperatingActivitiesNPOAbstract to AdjustmentsForOperatingReceivablesAndPrepayments" order="3.0"/>
    <link:loc xlink:type="locator" xlink:href="../../et-gaap-cor_2011-01-01.xsd#et-gaap_OperatingActivitiesChangesInInventories" xlink:label="OperatingActivitiesChangesInInventories" xlink:title="OperatingActivitiesChangesInInventories"/>
    <link:definitionArc xlink:type="arc" xlink:arcrole="http://xbrl.org/int/dim/arcrole/domain-member" xlink:from="CashFlowsFromOperatingActivitiesNPOAbstract" xlink:to="OperatingActivitiesChangesInInventories" xlink:title="definition: CashFlowsFromOperatingActivitiesNPOAbstract to OperatingActivitiesChangesInInventories" use="optional" order="4.0"/>
    <link:loc xlink:type="locator" xlink:href="../../et-gaap-cor_2011-01-01.xsd#et-gaap_AdjustmentsForOperatingLiabilitiesAndPrepayments" xlink:label="AdjustmentsForOperatingLiabilitiesAndPrepayments" xlink:title="AdjustmentsForOperatingLiabilitiesAndPrepayments"/>
    <link:definitionArc xlink:type="arc" xlink:arcrole="http://xbrl.org/int/dim/arcrole/domain-member" xlink:from="CashFlowsFromOperatingActivitiesNPOAbstract" xlink:to="AdjustmentsForOperatingLiabilitiesAndPrepayments" xlink:title="definition: CashFlowsFromOperatingActivitiesNPOAbstract to AdjustmentsForOperatingLiabilitiesAndPrepayments" order="5.0"/>
    <link:loc xlink:type="locator" xlink:href="../../et-gaap-cor_2011-01-01.xsd#et-gaap_OperatingActivitiesProceedsFromGrantsWithSpecialTerms" xlink:label="OperatingActivitiesProceedsFromGrantsWithSpecialTerms" xlink:title="OperatingActivitiesProceedsFromGrantsWithSpecialTerms"/>
    <link:definitionArc xlink:type="arc" xlink:arcrole="http://xbrl.org/int/dim/arcrole/domain-member" xlink:from="CashFlowsFromOperatingActivitiesNPOAbstract" xlink:to="OperatingActivitiesProceedsFromGrantsWithSpecialTerms" xlink:title="definition: CashFlowsFromOperatingActivitiesNPOAbstract to OperatingActivitiesProceedsFromGrantsWithSpecialTerms" order="8.0"/>
    <link:loc xlink:type="locator" xlink:href="../../et-gaap-cor_2011-01-01.xsd#et-gaap_CashFlowsFromInvestingActivitiesAbstract" xlink:label="CashFlowsFromInvestingActivitiesAbstract" xlink:title="CashFlowsFromInvestingActivitiesAbstract"/>
    <link:loc xlink:type="locator" xlink:href="../../et-gaap-cor_2011-01-01.xsd#et-gaap_InvestingActivitiesPurchaseOfPropertyPlantAndEquipmentAndIntangibleAssets" xlink:label="InvestingActivitiesPurchaseOfPropertyPlantAndEquipmentAndIntangibleAssets" xlink:title="InvestingActivitiesPurchaseOfPropertyPlantAndEquipmentAndIntangibleAssets"/>
    <link:definitionArc xlink:type="arc" xlink:arcrole="http://xbrl.org/int/dim/arcrole/domain-member" xlink:from="CashFlowsFromInvestingActivitiesAbstract" xlink:to="InvestingActivitiesPurchaseOfPropertyPlantAndEquipmentAndIntangibleAssets" xlink:title="definition: CashFlowsFromInvestingActivitiesAbstract to InvestingActivitiesPurchaseOfPropertyPlantAndEquipmentAndIntangibleAssets" use="optional" order="1.0"/>
    <link:loc xlink:type="locator" xlink:href="../../et-gaap-cor_2011-01-01.xsd#et-gaap_InvestingActivitiesProceedsFromSalesOfPropertyPlantAndEquipmentAndIntangibleAssets" xlink:label="InvestingActivitiesProceedsFromSalesOfPropertyPlantAndEquipmentAndIntangibleAssets" xlink:title="InvestingActivitiesProceedsFromSalesOfPropertyPlantAndEquipmentAndIntangibleAssets"/>
    <link:definitionArc xlink:type="arc" xlink:arcrole="http://xbrl.org/int/dim/arcrole/domain-member" xlink:from="CashFlowsFromInvestingActivitiesAbstract" xlink:to="InvestingActivitiesProceedsFromSalesOfPropertyPlantAndEquipmentAndIntangibleAssets" xlink:title="definition: CashFlowsFromInvestingActivitiesAbstract to InvestingActivitiesProceedsFromSalesOfPropertyPlantAndEquipmentAndIntangibleAssets" use="optional" order="2.0"/>
    <link:loc xlink:type="locator" xlink:href="../../et-gaap-cor_2011-01-01.xsd#et-gaap_InvestingActivitiesPurchaseOfInvestmentProperty" xlink:label="InvestingActivitiesPurchaseOfInvestmentProperty" xlink:title="InvestingActivitiesPurchaseOfInvestmentProperty"/>
    <link:definitionArc xlink:type="arc" xlink:arcrole="http://xbrl.org/int/dim/arcrole/domain-member" xlink:from="CashFlowsFromInvestingActivitiesAbstract" xlink:to="InvestingActivitiesPurchaseOfInvestmentProperty" xlink:title="definition: CashFlowsFromInvestingActivitiesAbstract to InvestingActivitiesPurchaseOfInvestmentProperty" use="optional" order="5.0"/>
    <link:loc xlink:type="locator" xlink:href="../../et-gaap-cor_2011-01-01.xsd#et-gaap_InvestingActivitiesProceedsFromSalesOfInvestmentProperty" xlink:label="InvestingActivitiesProceedsFromSalesOfInvestmentProperty" xlink:title="InvestingActivitiesProceedsFromSalesOfInvestmentProperty"/>
    <link:definitionArc xlink:type="arc" xlink:arcrole="http://xbrl.org/int/dim/arcrole/domain-member" xlink:from="CashFlowsFromInvestingActivitiesAbstract" xlink:to="InvestingActivitiesProceedsFromSalesOfInvestmentProperty" xlink:title="definition: CashFlowsFromInvestingActivitiesAbstract to InvestingActivitiesProceedsFromSalesOfInvestmentProperty" use="optional" order="6.0"/>
    <link:loc xlink:type="locator" xlink:href="../../et-gaap-cor_2011-01-01.xsd#et-gaap_InvestingActivitiesOtherCashPaymentsToAcquireSubsidiaries" xlink:label="InvestingActivitiesOtherCashPaymentsToAcquireSubsidiaries" xlink:title="InvestingActivitiesOtherCashPaymentsToAcquireSubsidiaries"/>
    <link:definitionArc xlink:type="arc" xlink:arcrole="http://xbrl.org/int/dim/arcrole/domain-member" xlink:from="CashFlowsFromInvestingActivitiesAbstract" xlink:to="InvestingActivitiesOtherCashPaymentsToAcquireSubsidiaries" xlink:title="definition: CashFlowsFromInvestingActivitiesAbstract to InvestingActivitiesOtherCashPaymentsToAcquireSubsidiaries" use="optional" order="8.0"/>
    <link:loc xlink:type="locator" xlink:href="../../et-gaap-cor_2011-01-01.xsd#et-gaap_InvestingActivitiesOtherCashReceiptsFromSalesOfSubsidiaries" xlink:label="InvestingActivitiesOtherCashReceiptsFromSalesOfSubsidiaries" xlink:title="InvestingActivitiesOtherCashReceiptsFromSalesOfSubsidiaries"/>
    <link:definitionArc xlink:type="arc" xlink:arcrole="http://xbrl.org/int/dim/arcrole/domain-member" xlink:from="CashFlowsFromInvestingActivitiesAbstract" xlink:to="InvestingActivitiesOtherCashReceiptsFromSalesOfSubsidiaries" xlink:title="definition: CashFlowsFromInvestingActivitiesAbstract to InvestingActivitiesOtherCashReceiptsFromSalesOfSubsidiaries" use="optional" order="9.0"/>
    <link:loc xlink:type="locator" xlink:href="../../et-gaap-cor_2011-01-01.xsd#et-gaap_InvestingActivitiesOtherCashPaymentsToAcquireAssociates" xlink:label="InvestingActivitiesOtherCashPaymentsToAcquireAssociates" xlink:title="InvestingActivitiesOtherCashPaymentsToAcquireAssociates"/>
    <link:definitionArc xlink:type="arc" xlink:arcrole="http://xbrl.org/int/dim/arcrole/domain-member" xlink:from="CashFlowsFromInvestingActivitiesAbstract" xlink:to="InvestingActivitiesOtherCashPaymentsToAcquireAssociates" xlink:title="definition: CashFlowsFromInvestingActivitiesAbstract to InvestingActivitiesOtherCashPaymentsToAcquireAssociates" use="optional" order="10.0"/>
    <link:loc xlink:type="locator" xlink:href="../../et-gaap-cor_2011-01-01.xsd#et-gaap_InvestingActivitiesOtherCashReceiptsFromSalesOfAssociates" xlink:label="InvestingActivitiesOtherCashReceiptsFromSalesOfAssociates" xlink:title="InvestingActivitiesOtherCashReceiptsFromSalesOfAssociates"/>
    <link:definitionArc xlink:type="arc" xlink:arcrole="http://xbrl.org/int/dim/arcrole/domain-member" xlink:from="CashFlowsFromInvestingActivitiesAbstract" xlink:to="InvestingActivitiesOtherCashReceiptsFromSalesOfAssociates" xlink:title="definition: CashFlowsFromInvestingActivitiesAbstract to InvestingActivitiesOtherCashReceiptsFromSalesOfAssociates" use="optional" order="11.0"/>
    <link:loc xlink:type="locator" xlink:href="../../et-gaap-cor_2011-01-01.xsd#et-gaap_InvestingActivitiesOtherCashPaymentsToAcquireOtherFinancialInvestments" xlink:label="InvestingActivitiesOtherCashPaymentsToAcquireOtherFinancialInvestments" xlink:title="InvestingActivitiesOtherCashPaymentsToAcquireOtherFinancialInvestments"/>
    <link:definitionArc xlink:type="arc" xlink:arcrole="http://xbrl.org/int/dim/arcrole/domain-member" xlink:from="CashFlowsFromInvestingActivitiesAbstract" xlink:to="InvestingActivitiesOtherCashPaymentsToAcquireOtherFinancialInvestments" xlink:title="definition: CashFlowsFromInvestingActivitiesAbstract to InvestingActivitiesOtherCashPaymentsToAcquireOtherFinancialInvestments" use="optional" order="12.0"/>
    <link:loc xlink:type="locator" xlink:href="../../et-gaap-cor_2011-01-01.xsd#et-gaap_InvestingActivitiesOtherCashReceiptsFromSalesOfOtherFinancialInvestments" xlink:label="InvestingActivitiesOtherCashReceiptsFromSalesOfOtherFinancialInvestments" xlink:title="InvestingActivitiesOtherCashReceiptsFromSalesOfOtherFinancialInvestments"/>
    <link:definitionArc xlink:type="arc" xlink:arcrole="http://xbrl.org/int/dim/arcrole/domain-member" xlink:from="CashFlowsFromInvestingActivitiesAbstract" xlink:to="InvestingActivitiesOtherCashReceiptsFromSalesOfOtherFinancialInvestments" xlink:title="definition: CashFlowsFromInvestingActivitiesAbstract to InvestingActivitiesOtherCashReceiptsFromSalesOfOtherFinancialInvestments" use="optional" order="13.0"/>
    <link:loc xlink:type="locator" xlink:href="../../et-gaap-cor_2011-01-01.xsd#et-gaap_InvestingActivitiesLoansGiven" xlink:label="InvestingActivitiesLoansGiven" xlink:title="InvestingActivitiesLoansGiven"/>
    <link:definitionArc xlink:type="arc" xlink:arcrole="http://xbrl.org/int/dim/arcrole/domain-member" xlink:from="CashFlowsFromInvestingActivitiesAbstract" xlink:to="InvestingActivitiesLoansGiven" xlink:title="definition: CashFlowsFromInvestingActivitiesAbstract to InvestingActivitiesLoansGiven" use="optional" order="14.0"/>
    <link:loc xlink:type="locator" xlink:href="../../et-gaap-cor_2011-01-01.xsd#et-gaap_InvestingActivitiesRepaymentsOfLoansGiven" xlink:label="InvestingActivitiesRepaymentsOfLoansGiven" xlink:title="InvestingActivitiesRepaymentsOfLoansGiven"/>
    <link:definitionArc xlink:type="arc" xlink:arcrole="http://xbrl.org/int/dim/arcrole/domain-member" xlink:from="CashFlowsFromInvestingActivitiesAbstract" xlink:to="InvestingActivitiesRepaymentsOfLoansGiven" xlink:title="definition: CashFlowsFromInvestingActivitiesAbstract to InvestingActivitiesRepaymentsOfLoansGiven" use="optional" order="15.0"/>
    <link:loc xlink:type="locator" xlink:href="../../et-gaap-cor_2011-01-01.xsd#et-gaap_InvestingActivitiesIntrestReceived" xlink:label="InvestingActivitiesIntrestReceived" xlink:title="InvestingActivitiesIntrestReceived"/>
    <link:definitionArc xlink:type="arc" xlink:arcrole="http://xbrl.org/int/dim/arcrole/domain-member" xlink:from="CashFlowsFromInvestingActivitiesAbstract" xlink:to="InvestingActivitiesIntrestReceived" xlink:title="definition: CashFlowsFromInvestingActivitiesAbstract to InvestingActivitiesIntrestReceived" use="optional" order="16.0"/>
    <link:loc xlink:type="locator" xlink:href="../../et-gaap-cor_2011-01-01.xsd#et-gaap_InvestingActivitiesDividendsReceived" xlink:label="InvestingActivitiesDividendsReceived" xlink:title="InvestingActivitiesDividendsReceived"/>
    <link:definitionArc xlink:type="arc" xlink:arcrole="http://xbrl.org/int/dim/arcrole/domain-member" xlink:from="CashFlowsFromInvestingActivitiesAbstract" xlink:to="InvestingActivitiesDividendsReceived" xlink:title="definition: CashFlowsFromInvestingActivitiesAbstract to InvestingActivitiesDividendsReceived" use="optional" order="17.0"/>
    <link:loc xlink:type="locator" xlink:href="../../et-gaap-cor_2011-01-01.xsd#et-gaap_OtherCashOutflowsFromInvestingActivities" xlink:label="OtherCashOutflowsFromInvestingActivities" xlink:title="OtherCashOutflowsFromInvestingActivities"/>
    <link:definitionArc xlink:type="arc" xlink:arcrole="http://xbrl.org/int/dim/arcrole/domain-member" xlink:from="CashFlowsFromInvestingActivitiesAbstract" xlink:to="OtherCashOutflowsFromInvestingActivities" xlink:title="definition: CashFlowsFromInvestingActivitiesAbstract to OtherCashOutflowsFromInvestingActivities" use="optional" order="18.0"/>
    <link:loc xlink:type="locator" xlink:href="../../et-gaap-cor_2011-01-01.xsd#et-gaap_OtherCashInflowsFromInvestingActivities" xlink:label="OtherCashInflowsFromInvestingActivities" xlink:title="OtherCashInflowsFromInvestingActivities"/>
    <link:definitionArc xlink:type="arc" xlink:arcrole="http://xbrl.org/int/dim/arcrole/domain-member" xlink:from="CashFlowsFromInvestingActivitiesAbstract" xlink:to="OtherCashInflowsFromInvestingActivities" xlink:title="definition: CashFlowsFromInvestingActivitiesAbstract to OtherCashInflowsFromInvestingActivities" use="optional" order="19.0"/>
    <link:loc xlink:type="locator" xlink:href="../../et-gaap-cor_2011-01-01.xsd#et-gaap_CashFlowsFromInvestingActivities" xlink:label="CashFlowsFromInvestingActivities" xlink:title="CashFlowsFromInvestingActivities"/>
    <link:definitionArc xlink:type="arc" xlink:arcrole="http://xbrl.org/int/dim/arcrole/domain-member" xlink:from="CashFlowsFromInvestingActivitiesAbstract" xlink:to="CashFlowsFromInvestingActivities" xlink:title="definition: CashFlowsFromInvestingActivitiesAbstract to CashFlowsFromInvestingActivities" use="optional" order="20.0"/>
    <link:loc xlink:type="locator" xlink:href="../../et-gaap-cor_2011-01-01.xsd#et-gaap_InvestingActivitiesProceedsFromGrantsWithSpecialTerms" xlink:label="InvestingActivitiesProceedsFromGrantsWithSpecialTerms" xlink:title="InvestingActivitiesProceedsFromGrantsWithSpecialTerms"/>
    <link:definitionArc xlink:type="arc" xlink:arcrole="http://xbrl.org/int/dim/arcrole/domain-member" xlink:from="CashFlowsFromInvestingActivitiesAbstract" xlink:to="InvestingActivitiesProceedsFromGrantsWithSpecialTerms" xlink:title="definition: CashFlowsFromInvestingActivitiesAbstract to InvestingActivitiesProceedsFromGrantsWithSpecialTerms" order="7.0"/>
    <link:loc xlink:type="locator" xlink:href="../../et-gaap-cor_2011-01-01.xsd#et-gaap_InvestingActivitiesPurchaseOfBiologicalAssets" xlink:label="InvestingActivitiesPurchaseOfBiologicalAssets" xlink:title="InvestingActivitiesPurchaseOfBiologicalAssets"/>
    <link:definitionArc xlink:type="arc" xlink:arcrole="http://xbrl.org/int/dim/arcrole/domain-member" xlink:from="CashFlowsFromInvestingActivitiesAbstract" xlink:to="InvestingActivitiesPurchaseOfBiologicalAssets" xlink:title="definition: CashFlowsFromInvestingActivitiesAbstract to InvestingActivitiesPurchaseOfBiologicalAssets" order="3.0"/>
    <link:loc xlink:type="locator" xlink:href="../../et-gaap-cor_2011-01-01.xsd#et-gaap_InvestingActivitiesProceedsFromSalesOfBiologicalAssets" xlink:label="InvestingActivitiesProceedsFromSalesOfBiologicalAssets" xlink:title="InvestingActivitiesProceedsFromSalesOfBiologicalAssets"/>
    <link:definitionArc xlink:type="arc" xlink:arcrole="http://xbrl.org/int/dim/arcrole/domain-member" xlink:from="CashFlowsFromInvestingActivitiesAbstract" xlink:to="InvestingActivitiesProceedsFromSalesOfBiologicalAssets" xlink:title="definition: CashFlowsFromInvestingActivitiesAbstract to InvestingActivitiesProceedsFromSalesOfBiologicalAssets" order="4.0"/>
    <link:loc xlink:type="locator" xlink:href="../../et-gaap-cor_2011-01-01.xsd#et-gaap_CashFlowsFromFinancingActivitiesAbstract" xlink:label="CashFlowsFromFinancingActivitiesAbstract" xlink:title="CashFlowsFromFinancingActivitiesAbstract"/>
    <link:loc xlink:type="locator" xlink:href="../../et-gaap-cor_2011-01-01.xsd#et-gaap_FinancingActivitiesLoansReceived" xlink:label="FinancingActivitiesLoansReceived" xlink:title="FinancingActivitiesLoansReceived"/>
    <link:definitionArc xlink:type="arc" xlink:arcrole="http://xbrl.org/int/dim/arcrole/domain-member" xlink:from="CashFlowsFromFinancingActivitiesAbstract" xlink:to="FinancingActivitiesLoansReceived" xlink:title="definition: CashFlowsFromFinancingActivitiesAbstract to FinancingActivitiesLoansReceived" use="optional" order="1.0"/>
    <link:loc xlink:type="locator" xlink:href="../../et-gaap-cor_2011-01-01.xsd#et-gaap_FinancingActivitiesRepaymentsOfLoansReceived" xlink:label="FinancingActivitiesRepaymentsOfLoansReceived" xlink:title="FinancingActivitiesRepaymentsOfLoansReceived"/>
    <link:definitionArc xlink:type="arc" xlink:arcrole="http://xbrl.org/int/dim/arcrole/domain-member" xlink:from="CashFlowsFromFinancingActivitiesAbstract" xlink:to="FinancingActivitiesRepaymentsOfLoansReceived" xlink:title="definition: CashFlowsFromFinancingActivitiesAbstract to FinancingActivitiesRepaymentsOfLoansReceived" use="optional" order="2.0"/>
    <link:loc xlink:type="locator" xlink:href="../../et-gaap-cor_2011-01-01.xsd#et-gaap_FinancingActivitiesProceedsFromOverdraft" xlink:label="FinancingActivitiesProceedsFromOverdraft" xlink:title="FinancingActivitiesProceedsFromOverdraft"/>
    <link:definitionArc xlink:type="arc" xlink:arcrole="http://xbrl.org/int/dim/arcrole/domain-member" xlink:from="CashFlowsFromFinancingActivitiesAbstract" xlink:to="FinancingActivitiesProceedsFromOverdraft" xlink:title="definition: CashFlowsFromFinancingActivitiesAbstract to FinancingActivitiesProceedsFromOverdraft" use="optional" order="3.0"/>
    <link:loc xlink:type="locator" xlink:href="../../et-gaap-cor_2011-01-01.xsd#et-gaap_FinancingActivitiesProceedsFromFinanceLease" xlink:label="FinancingActivitiesProceedsFromFinanceLease" xlink:title="FinancingActivitiesProceedsFromFinanceLease"/>
    <link:definitionArc xlink:type="arc" xlink:arcrole="http://xbrl.org/int/dim/arcrole/domain-member" xlink:from="CashFlowsFromFinancingActivitiesAbstract" xlink:to="FinancingActivitiesProceedsFromFinanceLease" xlink:title="definition: CashFlowsFromFinancingActivitiesAbstract to FinancingActivitiesProceedsFromFinanceLease" use="optional" order="4.0"/>
    <link:loc xlink:type="locator" xlink:href="../../et-gaap-cor_2011-01-01.xsd#et-gaap_FinancingActivitiesIntrestPaid" xlink:label="FinancingActivitiesIntrestPaid" xlink:title="FinancingActivitiesIntrestPaid"/>
    <link:definitionArc xlink:type="arc" xlink:arcrole="http://xbrl.org/int/dim/arcrole/domain-member" xlink:from="CashFlowsFromFinancingActivitiesAbstract" xlink:to="FinancingActivitiesIntrestPaid" xlink:title="definition: CashFlowsFromFinancingActivitiesAbstract to FinancingActivitiesIntrestPaid" use="optional" order="5.0"/>
    <link:loc xlink:type="locator" xlink:href="../../et-gaap-cor_2011-01-01.xsd#et-gaap_OtherCashInflowsFromFinancingActivities" xlink:label="OtherCashInflowsFromFinancingActivities" xlink:title="OtherCashInflowsFromFinancingActivities"/>
    <link:definitionArc xlink:type="arc" xlink:arcrole="http://xbrl.org/int/dim/arcrole/domain-member" xlink:from="CashFlowsFromFinancingActivitiesAbstract" xlink:to="OtherCashInflowsFromFinancingActivities" xlink:title="definition: CashFlowsFromFinancingActivitiesAbstract to OtherCashInflowsFromFinancingActivities" use="optional" order="9.0"/>
    <link:loc xlink:type="locator" xlink:href="../../et-gaap-cor_2011-01-01.xsd#et-gaap_OtherCashOutflowsFromFinancingActivities" xlink:label="OtherCashOutflowsFromFinancingActivities" xlink:title="OtherCashOutflowsFromFinancingActivities"/>
    <link:definitionArc xlink:type="arc" xlink:arcrole="http://xbrl.org/int/dim/arcrole/domain-member" xlink:from="CashFlowsFromFinancingActivitiesAbstract" xlink:to="OtherCashOutflowsFromFinancingActivities" xlink:title="definition: CashFlowsFromFinancingActivitiesAbstract to OtherCashOutflowsFromFinancingActivities" use="optional" order="10.0"/>
    <link:loc xlink:type="locator" xlink:href="../../et-gaap-cor_2011-01-01.xsd#et-gaap_CashFlowsFromFinancingActivities" xlink:label="CashFlowsFromFinancingActivities" xlink:title="CashFlowsFromFinancingActivities"/>
    <link:definitionArc xlink:type="arc" xlink:arcrole="http://xbrl.org/int/dim/arcrole/domain-member" xlink:from="CashFlowsFromFinancingActivitiesAbstract" xlink:to="CashFlowsFromFinancingActivities" xlink:title="definition: CashFlowsFromFinancingActivitiesAbstract to CashFlowsFromFinancingActivities" use="optional" order="11.0"/>
    <link:loc xlink:type="locator" xlink:href="../../et-gaap-cor_2011-01-01.xsd#et-gaap_FinancingActivitiesProceedsFromGrantsWithSpecialTerms" xlink:label="FinancingActivitiesProceedsFromGrantsWithSpecialTerms" xlink:title="FinancingActivitiesProceedsFromGrantsWithSpecialTerms"/>
    <link:definitionArc xlink:type="arc" xlink:arcrole="http://xbrl.org/int/dim/arcrole/domain-member" xlink:from="CashFlowsFromFinancingActivitiesAbstract" xlink:to="FinancingActivitiesProceedsFromGrantsWithSpecialTerms" xlink:title="definition: CashFlowsFromFinancingActivitiesAbstract to FinancingActivitiesProceedsFromGrantsWithSpecialTerms" order="6.0"/>
    <link:loc xlink:type="locator" xlink:href="../../et-gaap-cor_2011-01-01.xsd#et-gaap_FinancingActivitiesPaymentsToFoundationCapital" xlink:label="FinancingActivitiesPaymentsToFoundationCapital" xlink:title="FinancingActivitiesPaymentsToFoundationCapital"/>
    <link:definitionArc xlink:type="arc" xlink:arcrole="http://xbrl.org/int/dim/arcrole/domain-member" xlink:from="CashFlowsFromFinancingActivitiesAbstract" xlink:to="FinancingActivitiesPaymentsToFoundationCapital" xlink:title="definition: CashFlowsFromFinancingActivitiesAbstract to FinancingActivitiesPaymentsToFoundationCapital" order="7.0"/>
    <link:loc xlink:type="locator" xlink:href="../../et-gaap-cor_2011-01-01.xsd#et-gaap_FinancingActivitiesPaymentsTolssuedCapital" xlink:label="FinancingActivitiesPaymentsTolssuedCapital" xlink:title="FinancingActivitiesPaymentsTolssuedCapital"/>
    <link:definitionArc xlink:type="arc" xlink:arcrole="http://xbrl.org/int/dim/arcrole/domain-member" xlink:from="CashFlowsFromFinancingActivitiesAbstract" xlink:to="FinancingActivitiesPaymentsTolssuedCapital" xlink:title="definition: CashFlowsFromFinancingActivitiesAbstract to FinancingActivitiesPaymentsTolssuedCapital" order="8.0"/>
    <link:loc xlink:type="locator" xlink:href="../../et-gaap-cor_2011-01-01.xsd#et-gaap_StatementOfCashFlowsIndirectMethodAbstract" xlink:label="StatementOfCashFlowsIndirectMethodAbstract" xlink:title="StatementOfCashFlowsIndirectMethodAbstract"/>
    <link:definitionArc xlink:type="arc" xlink:arcrole="http://xbrl.org/int/dim/arcrole/domain-member" xlink:from="StatementOfCashFlowsIndirectMethodAbstract" xlink:to="CashFlowsFromInvestingActivitiesAbstract" xlink:title="definition: StatementOfCashFlowsIndirectMethodAbstract to CashFlowsFromInvestingActivitiesAbstract" use="optional" order="2.0"/>
    <link:definitionArc xlink:type="arc" xlink:arcrole="http://xbrl.org/int/dim/arcrole/domain-member" xlink:from="StatementOfCashFlowsIndirectMethodAbstract" xlink:to="CashFlowsFromFinancingActivitiesAbstract" xlink:title="definition: StatementOfCashFlowsIndirectMethodAbstract to CashFlowsFromFinancingActivitiesAbstract" use="optional" order="3.0"/>
    <link:loc xlink:type="locator" xlink:href="../../et-gaap-cor_2011-01-01.xsd#et-gaap_CashFlows" xlink:label="CashFlows" xlink:title="CashFlows"/>
    <link:definitionArc xlink:type="arc" xlink:arcrole="http://xbrl.org/int/dim/arcrole/domain-member" xlink:from="StatementOfCashFlowsIndirectMethodAbstract" xlink:to="CashFlows" xlink:title="definition: StatementOfCashFlowsIndirectMethodAbstract to CashFlows" use="optional" order="4.0"/>
    <link:loc xlink:type="locator" xlink:href="../../et-gaap-cor_2011-01-01.xsd#et-gaap_CashAndCashEquivalentsAtBeginningOfPeriod" xlink:label="CashAndCashEquivalentsAtBeginningOfPeriod" xlink:title="CashAndCashEquivalentsAtBeginningOfPeriod"/>
    <link:definitionArc xlink:type="arc" xlink:arcrole="http://xbrl.org/int/dim/arcrole/domain-member" xlink:from="StatementOfCashFlowsIndirectMethodAbstract" xlink:to="CashAndCashEquivalentsAtBeginningOfPeriod" xlink:title="definition: StatementOfCashFlowsIndirectMethodAbstract to CashAndCashEquivalentsAtBeginningOfPeriod" use="optional" order="6.0"/>
    <link:loc xlink:type="locator" xlink:href="../../et-gaap-cor_2011-01-01.xsd#et-gaap_ChangeInCashAndCashEquivalents" xlink:label="ChangeInCashAndCashEquivalents" xlink:title="ChangeInCashAndCashEquivalents"/>
    <link:definitionArc xlink:type="arc" xlink:arcrole="http://xbrl.org/int/dim/arcrole/domain-member" xlink:from="StatementOfCashFlowsIndirectMethodAbstract" xlink:to="ChangeInCashAndCashEquivalents" xlink:title="definition: StatementOfCashFlowsIndirectMethodAbstract to ChangeInCashAndCashEquivalents" use="optional" order="7.0"/>
    <link:loc xlink:type="locator" xlink:href="../../et-gaap-cor_2011-01-01.xsd#et-gaap_EffectOnExchangeRateChangesOnCashAndCashEquivalents" xlink:label="EffectOnExchangeRateChangesOnCashAndCashEquivalents" xlink:title="EffectOnExchangeRateChangesOnCashAndCashEquivalents"/>
    <link:definitionArc xlink:type="arc" xlink:arcrole="http://xbrl.org/int/dim/arcrole/domain-member" xlink:from="StatementOfCashFlowsIndirectMethodAbstract" xlink:to="EffectOnExchangeRateChangesOnCashAndCashEquivalents" xlink:title="definition: StatementOfCashFlowsIndirectMethodAbstract to EffectOnExchangeRateChangesOnCashAndCashEquivalents" use="optional" order="8.0"/>
    <link:loc xlink:type="locator" xlink:href="../../et-gaap-cor_2011-01-01.xsd#et-gaap_CashAndCashEquivalentsAtEndOfPeriod" xlink:label="CashAndCashEquivalentsAtEndOfPeriod" xlink:title="CashAndCashEquivalentsAtEndOfPeriod"/>
    <link:definitionArc xlink:type="arc" xlink:arcrole="http://xbrl.org/int/dim/arcrole/domain-member" xlink:from="StatementOfCashFlowsIndirectMethodAbstract" xlink:to="CashAndCashEquivalentsAtEndOfPeriod" xlink:title="definition: StatementOfCashFlowsIndirectMethodAbstract to CashAndCashEquivalentsAtEndOfPeriod" use="optional" order="9.0"/>
    <link:definitionArc xlink:type="arc" xlink:arcrole="http://xbrl.org/int/dim/arcrole/domain-member" xlink:from="StatementOfCashFlowsIndirectMethodAbstract" xlink:to="CashFlowsFromOperatingActivitiesNPOAbstract" xlink:title="definition: StatementOfCashFlowsIndirectMethodAbstract to CashFlowsFromOperatingActivitiesNPOAbstract" order="1.0"/>
    <link:loc xlink:type="locator" xlink:href="../../et-gaap-cor_2011-01-01.xsd#et-gaap_StructureDurationAbstract" xlink:label="StructureDurationAbstract" xlink:title="StructureDurationAbstract"/>
    <link:definitionArc xlink:type="arc" xlink:arcrole="http://xbrl.org/int/dim/arcrole/domain-member" xlink:from="StatementOfCashFlowsIndirectMethodAbstract" xlink:to="StructureDurationAbstract" xlink:title="definition: StatementOfCashFlowsIndirectMethodAbstract to StructureDurationAbstract" order="5.0"/>
  </link:definitionLink>
</link:linkbase>
