<?xml version="1.0" encoding="UTF-8"?>
<!--
**************************************************************
et-gaap Taxonomy: 2011-01-01 (Final)

Copyright (C) 2010 Centre of Registers and Information Systems
**************************************************************
-->
<link:linkbase xmlns:xsi="http://www.w3.org/2001/XMLSchema-instance" xsi:schemaLocation="http://www.xbrl.org/2003/linkbase http://www.xbrl.org/2003/xbrl-linkbase-2003-12-31.xsd" xmlns:link="http://www.xbrl.org/2003/linkbase" xmlns:xlink="http://www.w3.org/1999/xlink">
  <link:roleRef roleURI="http://xbrl.eesti.ee/role/et-gaap_2011-01-01/StatementOfCashFlowsIndirectMethod_role-401010" xlink:type="simple" xlink:href="role-401000.xsd#StatementOfCashFlowsIndirectMethod_role-401010"/>
  <link:presentationLink xlink:type="extended" xlink:role="http://xbrl.eesti.ee/role/et-gaap_2011-01-01/StatementOfCashFlowsIndirectMethod_role-401010">
    <link:loc xlink:type="locator" xlink:href="../../et-gaap-cor_2011-01-01.xsd#et-gaap_CashFlowsFromOperatingActivitiesAbstract" xlink:label="CashFlowsFromOperatingActivitiesAbstract" xlink:title="CashFlowsFromOperatingActivitiesAbstract"/>
    <link:loc xlink:type="locator" xlink:href="../../et-gaap-cor_2011-01-01.xsd#et-gaap_OperatingActivitiesIntrestReceived" xlink:label="OperatingActivitiesIntrestReceived" xlink:title="OperatingActivitiesIntrestReceived"/>
    <link:presentationArc xlink:type="arc" xlink:arcrole="http://www.xbrl.org/2003/arcrole/parent-child" xlink:from="CashFlowsFromOperatingActivitiesAbstract" xlink:to="OperatingActivitiesIntrestReceived" xlink:title="presentation: CashFlowsFromOperatingActivitiesAbstract to OperatingActivitiesIntrestReceived" order="6.0"/>
    <link:loc xlink:type="locator" xlink:href="../../et-gaap-cor_2011-01-01.xsd#et-gaap_OperatingActivitiesIntrestPaid" xlink:label="OperatingActivitiesIntrestPaid" xlink:title="OperatingActivitiesIntrestPaid"/>
    <link:presentationArc xlink:type="arc" xlink:arcrole="http://www.xbrl.org/2003/arcrole/parent-child" xlink:from="CashFlowsFromOperatingActivitiesAbstract" xlink:to="OperatingActivitiesIntrestPaid" xlink:title="presentation: CashFlowsFromOperatingActivitiesAbstract to OperatingActivitiesIntrestPaid" order="7.0"/>
    <link:loc xlink:type="locator" xlink:href="../../et-gaap-cor_2011-01-01.xsd#et-gaap_OperatingActivitiesIncomeTaxRefundPaid" xlink:label="OperatingActivitiesIncomeTaxRefundPaid" xlink:title="OperatingActivitiesIncomeTaxRefundPaid"/>
    <link:presentationArc xlink:type="arc" xlink:arcrole="http://www.xbrl.org/2003/arcrole/parent-child" xlink:from="CashFlowsFromOperatingActivitiesAbstract" xlink:to="OperatingActivitiesIncomeTaxRefundPaid" xlink:title="presentation: CashFlowsFromOperatingActivitiesAbstract to OperatingActivitiesIncomeTaxRefundPaid" order="8.0"/>
    <link:loc xlink:type="locator" xlink:href="../../et-gaap-cor_2011-01-01.xsd#et-gaap_OtherCashFlowsFromOperatingActivities" xlink:label="OtherCashFlowsFromOperatingActivities" xlink:title="OtherCashFlowsFromOperatingActivities"/>
    <link:presentationArc xlink:type="arc" xlink:arcrole="http://www.xbrl.org/2003/arcrole/parent-child" xlink:from="CashFlowsFromOperatingActivitiesAbstract" xlink:to="OtherCashFlowsFromOperatingActivities" xlink:title="presentation: CashFlowsFromOperatingActivitiesAbstract to OtherCashFlowsFromOperatingActivities" order="10.0"/>
    <link:loc xlink:type="locator" xlink:href="../../et-gaap-cor_2011-01-01.xsd#et-gaap_CashFlowsFromOperatingActivities" xlink:label="CashFlowsFromOperatingActivities" xlink:title="CashFlowsFromOperatingActivities"/>
    <link:presentationArc xlink:type="arc" xlink:arcrole="http://www.xbrl.org/2003/arcrole/parent-child" xlink:from="CashFlowsFromOperatingActivitiesAbstract" xlink:to="CashFlowsFromOperatingActivities" xlink:title="presentation: CashFlowsFromOperatingActivitiesAbstract to CashFlowsFromOperatingActivities" order="11.0" preferredLabel="http://www.xbrl.org/2003/role/totalLabel"/>
    <link:loc xlink:type="locator" xlink:href="../../et-gaap-cor_2011-01-01.xsd#et-gaap_OperatingActivitiesProceedsFromGovernmentGrants" xlink:label="OperatingActivitiesProceedsFromGovernmentGrants" xlink:title="OperatingActivitiesProceedsFromGovernmentGrants"/>
    <link:presentationArc xlink:type="arc" xlink:arcrole="http://www.xbrl.org/2003/arcrole/parent-child" xlink:from="CashFlowsFromOperatingActivitiesAbstract" xlink:to="OperatingActivitiesProceedsFromGovernmentGrants" xlink:title="presentation: CashFlowsFromOperatingActivitiesAbstract to OperatingActivitiesProceedsFromGovernmentGrants" order="9.0"/>
    <link:loc xlink:type="locator" xlink:href="../../et-gaap-cor_2011-01-01.xsd#et-gaap_AdjustmentsAbstract" xlink:label="AdjustmentsAbstract" xlink:title="AdjustmentsAbstract"/>
    <link:presentationArc xlink:type="arc" xlink:arcrole="http://www.xbrl.org/2003/arcrole/parent-child" xlink:from="CashFlowsFromOperatingActivitiesAbstract" xlink:to="AdjustmentsAbstract" xlink:title="presentation: CashFlowsFromOperatingActivitiesAbstract to AdjustmentsAbstract" order="2.0"/>
    <link:loc xlink:type="locator" xlink:href="../../et-gaap-cor_2011-01-01.xsd#et-gaap_OtherAdjustments" xlink:label="OtherAdjustments" xlink:title="OtherAdjustments"/>
    <link:presentationArc xlink:type="arc" xlink:arcrole="http://www.xbrl.org/2003/arcrole/parent-child" xlink:from="AdjustmentsAbstract" xlink:to="OtherAdjustments" xlink:title="presentation: AdjustmentsAbstract to OtherAdjustments" order="3.0"/>
    <link:loc xlink:type="locator" xlink:href="../../et-gaap-cor_2011-01-01.xsd#et-gaap_Adjustments" xlink:label="Adjustments" xlink:title="Adjustments"/>
    <link:presentationArc xlink:type="arc" xlink:arcrole="http://www.xbrl.org/2003/arcrole/parent-child" xlink:from="AdjustmentsAbstract" xlink:to="Adjustments" xlink:title="presentation: AdjustmentsAbstract to Adjustments" order="4.0" preferredLabel="http://www.xbrl.org/2003/role/totalLabel"/>
    <link:loc xlink:type="locator" xlink:href="../../et-gaap-cor_2011-01-01.xsd#et-gaap_ProfitLossFromSaleOfNonCurrentAssets" xlink:label="ProfitLossFromSaleOfNonCurrentAssets" xlink:title="ProfitLossFromSaleOfNonCurrentAssets"/>
    <link:presentationArc xlink:type="arc" xlink:arcrole="http://www.xbrl.org/2003/arcrole/parent-child" xlink:from="AdjustmentsAbstract" xlink:to="ProfitLossFromSaleOfNonCurrentAssets" xlink:title="presentation: AdjustmentsAbstract to ProfitLossFromSaleOfNonCurrentAssets" order="2.0"/>
    <link:loc xlink:type="locator" xlink:href="../../et-gaap-cor_2011-01-01.xsd#et-gaap_DepreciationAndImpairmentLossReversalNeg" xlink:label="DepreciationAndImpairmentLossReversalNeg" xlink:title="DepreciationAndImpairmentLossReversalNeg"/>
    <link:presentationArc xlink:type="arc" xlink:arcrole="http://www.xbrl.org/2003/arcrole/parent-child" xlink:from="AdjustmentsAbstract" xlink:to="DepreciationAndImpairmentLossReversalNeg" xlink:title="presentation: AdjustmentsAbstract to DepreciationAndImpairmentLossReversalNeg" order="1.0"/>
    <link:loc xlink:type="locator" xlink:href="../../et-gaap-cor_2011-01-01.xsd#et-gaap_ChangesInReceivablesAndPrepaymentsRelatedToOperatingActivities" xlink:label="ChangesInReceivablesAndPrepaymentsRelatedToOperatingActivities" xlink:title="ChangesInReceivablesAndPrepaymentsRelatedToOperatingActivities"/>
    <link:presentationArc xlink:type="arc" xlink:arcrole="http://www.xbrl.org/2003/arcrole/parent-child" xlink:from="CashFlowsFromOperatingActivitiesAbstract" xlink:to="ChangesInReceivablesAndPrepaymentsRelatedToOperatingActivities" xlink:title="presentation: CashFlowsFromOperatingActivitiesAbstract to ChangesInReceivablesAndPrepaymentsRelatedToOperatingActivities" order="3.0"/>
    <link:loc xlink:type="locator" xlink:href="../../et-gaap-cor_2011-01-01.xsd#et-gaap_OperatingActivitiesChangesInInventories" xlink:label="OperatingActivitiesChangesInInventories" xlink:title="OperatingActivitiesChangesInInventories"/>
    <link:presentationArc xlink:type="arc" xlink:arcrole="http://www.xbrl.org/2003/arcrole/parent-child" xlink:from="CashFlowsFromOperatingActivitiesAbstract" xlink:to="OperatingActivitiesChangesInInventories" xlink:title="presentation: CashFlowsFromOperatingActivitiesAbstract to OperatingActivitiesChangesInInventories" order="4.0"/>
    <link:loc xlink:type="locator" xlink:href="../../et-gaap-cor_2011-01-01.xsd#et-gaap_ChangesInPayablesAndPrepaymentsRelatedToOperatingActivities" xlink:label="ChangesInPayablesAndPrepaymentsRelatedToOperatingActivities" xlink:title="ChangesInPayablesAndPrepaymentsRelatedToOperatingActivities"/>
    <link:presentationArc xlink:type="arc" xlink:arcrole="http://www.xbrl.org/2003/arcrole/parent-child" xlink:from="CashFlowsFromOperatingActivitiesAbstract" xlink:to="ChangesInPayablesAndPrepaymentsRelatedToOperatingActivities" xlink:title="presentation: CashFlowsFromOperatingActivitiesAbstract to ChangesInPayablesAndPrepaymentsRelatedToOperatingActivities" order="5.0"/>
    <link:loc xlink:type="locator" xlink:href="../../et-gaap-cor_2011-01-01.xsd#et-gaap_TotalProfitLoss" xlink:label="TotalProfitLoss" xlink:title="TotalProfitLoss"/>
    <link:presentationArc xlink:type="arc" xlink:arcrole="http://www.xbrl.org/2003/arcrole/parent-child" xlink:from="CashFlowsFromOperatingActivitiesAbstract" xlink:to="TotalProfitLoss" xlink:title="presentation: CashFlowsFromOperatingActivitiesAbstract to TotalProfitLoss" order="1.0"/>
    <link:loc xlink:type="locator" xlink:href="../../et-gaap-cor_2011-01-01.xsd#et-gaap_CashFlowsFromInvestingActivitiesAbstract" xlink:label="CashFlowsFromInvestingActivitiesAbstract" xlink:title="CashFlowsFromInvestingActivitiesAbstract"/>
    <link:loc xlink:type="locator" xlink:href="../../et-gaap-cor_2011-01-01.xsd#et-gaap_InvestingActivitiesPurchaseOfPropertyPlantAndEquipmentAndIntangibleAssets" xlink:label="InvestingActivitiesPurchaseOfPropertyPlantAndEquipmentAndIntangibleAssets" xlink:title="InvestingActivitiesPurchaseOfPropertyPlantAndEquipmentAndIntangibleAssets"/>
    <link:presentationArc xlink:type="arc" xlink:arcrole="http://www.xbrl.org/2003/arcrole/parent-child" xlink:from="CashFlowsFromInvestingActivitiesAbstract" xlink:to="InvestingActivitiesPurchaseOfPropertyPlantAndEquipmentAndIntangibleAssets" xlink:title="presentation: CashFlowsFromInvestingActivitiesAbstract to InvestingActivitiesPurchaseOfPropertyPlantAndEquipmentAndIntangibleAssets" order="1.0"/>
    <link:loc xlink:type="locator" xlink:href="../../et-gaap-cor_2011-01-01.xsd#et-gaap_InvestingActivitiesProceedsFromSalesOfPropertyPlantAndEquipmentAndIntangibleAssets" xlink:label="InvestingActivitiesProceedsFromSalesOfPropertyPlantAndEquipmentAndIntangibleAssets" xlink:title="InvestingActivitiesProceedsFromSalesOfPropertyPlantAndEquipmentAndIntangibleAssets"/>
    <link:presentationArc xlink:type="arc" xlink:arcrole="http://www.xbrl.org/2003/arcrole/parent-child" xlink:from="CashFlowsFromInvestingActivitiesAbstract" xlink:to="InvestingActivitiesProceedsFromSalesOfPropertyPlantAndEquipmentAndIntangibleAssets" xlink:title="presentation: CashFlowsFromInvestingActivitiesAbstract to InvestingActivitiesProceedsFromSalesOfPropertyPlantAndEquipmentAndIntangibleAssets" order="2.0"/>
    <link:loc xlink:type="locator" xlink:href="../../et-gaap-cor_2011-01-01.xsd#et-gaap_InvestingActivitiesPurchaseOfInvestmentProperty" xlink:label="InvestingActivitiesPurchaseOfInvestmentProperty" xlink:title="InvestingActivitiesPurchaseOfInvestmentProperty"/>
    <link:presentationArc xlink:type="arc" xlink:arcrole="http://www.xbrl.org/2003/arcrole/parent-child" xlink:from="CashFlowsFromInvestingActivitiesAbstract" xlink:to="InvestingActivitiesPurchaseOfInvestmentProperty" xlink:title="presentation: CashFlowsFromInvestingActivitiesAbstract to InvestingActivitiesPurchaseOfInvestmentProperty" order="5.0"/>
    <link:loc xlink:type="locator" xlink:href="../../et-gaap-cor_2011-01-01.xsd#et-gaap_InvestingActivitiesProceedsFromSalesOfInvestmentProperty" xlink:label="InvestingActivitiesProceedsFromSalesOfInvestmentProperty" xlink:title="InvestingActivitiesProceedsFromSalesOfInvestmentProperty"/>
    <link:presentationArc xlink:type="arc" xlink:arcrole="http://www.xbrl.org/2003/arcrole/parent-child" xlink:from="CashFlowsFromInvestingActivitiesAbstract" xlink:to="InvestingActivitiesProceedsFromSalesOfInvestmentProperty" xlink:title="presentation: CashFlowsFromInvestingActivitiesAbstract to InvestingActivitiesProceedsFromSalesOfInvestmentProperty" order="6.0"/>
    <link:loc xlink:type="locator" xlink:href="../../et-gaap-cor_2011-01-01.xsd#et-gaap_InvestingActivitiesProceedsFromGovernmentGrants" xlink:label="InvestingActivitiesProceedsFromGovernmentGrants" xlink:title="InvestingActivitiesProceedsFromGovernmentGrants"/>
    <link:presentationArc xlink:type="arc" xlink:arcrole="http://www.xbrl.org/2003/arcrole/parent-child" xlink:from="CashFlowsFromInvestingActivitiesAbstract" xlink:to="InvestingActivitiesProceedsFromGovernmentGrants" xlink:title="presentation: CashFlowsFromInvestingActivitiesAbstract to InvestingActivitiesProceedsFromGovernmentGrants" order="7.0"/>
    <link:loc xlink:type="locator" xlink:href="../../et-gaap-cor_2011-01-01.xsd#et-gaap_InvestingActivitiesOtherCashPaymentsToAcquireSubsidiaries" xlink:label="InvestingActivitiesOtherCashPaymentsToAcquireSubsidiaries" xlink:title="InvestingActivitiesOtherCashPaymentsToAcquireSubsidiaries"/>
    <link:presentationArc xlink:type="arc" xlink:arcrole="http://www.xbrl.org/2003/arcrole/parent-child" xlink:from="CashFlowsFromInvestingActivitiesAbstract" xlink:to="InvestingActivitiesOtherCashPaymentsToAcquireSubsidiaries" xlink:title="presentation: CashFlowsFromInvestingActivitiesAbstract to InvestingActivitiesOtherCashPaymentsToAcquireSubsidiaries" order="8.0"/>
    <link:loc xlink:type="locator" xlink:href="../../et-gaap-cor_2011-01-01.xsd#et-gaap_InvestingActivitiesOtherCashReceiptsFromSalesOfSubsidiaries" xlink:label="InvestingActivitiesOtherCashReceiptsFromSalesOfSubsidiaries" xlink:title="InvestingActivitiesOtherCashReceiptsFromSalesOfSubsidiaries"/>
    <link:presentationArc xlink:type="arc" xlink:arcrole="http://www.xbrl.org/2003/arcrole/parent-child" xlink:from="CashFlowsFromInvestingActivitiesAbstract" xlink:to="InvestingActivitiesOtherCashReceiptsFromSalesOfSubsidiaries" xlink:title="presentation: CashFlowsFromInvestingActivitiesAbstract to InvestingActivitiesOtherCashReceiptsFromSalesOfSubsidiaries" order="9.0"/>
    <link:loc xlink:type="locator" xlink:href="../../et-gaap-cor_2011-01-01.xsd#et-gaap_InvestingActivitiesOtherCashPaymentsToAcquireAssociates" xlink:label="InvestingActivitiesOtherCashPaymentsToAcquireAssociates" xlink:title="InvestingActivitiesOtherCashPaymentsToAcquireAssociates"/>
    <link:presentationArc xlink:type="arc" xlink:arcrole="http://www.xbrl.org/2003/arcrole/parent-child" xlink:from="CashFlowsFromInvestingActivitiesAbstract" xlink:to="InvestingActivitiesOtherCashPaymentsToAcquireAssociates" xlink:title="presentation: CashFlowsFromInvestingActivitiesAbstract to InvestingActivitiesOtherCashPaymentsToAcquireAssociates" order="10.0"/>
    <link:loc xlink:type="locator" xlink:href="../../et-gaap-cor_2011-01-01.xsd#et-gaap_InvestingActivitiesOtherCashReceiptsFromSalesOfAssociates" xlink:label="InvestingActivitiesOtherCashReceiptsFromSalesOfAssociates" xlink:title="InvestingActivitiesOtherCashReceiptsFromSalesOfAssociates"/>
    <link:presentationArc xlink:type="arc" xlink:arcrole="http://www.xbrl.org/2003/arcrole/parent-child" xlink:from="CashFlowsFromInvestingActivitiesAbstract" xlink:to="InvestingActivitiesOtherCashReceiptsFromSalesOfAssociates" xlink:title="presentation: CashFlowsFromInvestingActivitiesAbstract to InvestingActivitiesOtherCashReceiptsFromSalesOfAssociates" order="11.0"/>
    <link:loc xlink:type="locator" xlink:href="../../et-gaap-cor_2011-01-01.xsd#et-gaap_InvestingActivitiesOtherCashPaymentsToAcquireOtherFinancialInvestments" xlink:label="InvestingActivitiesOtherCashPaymentsToAcquireOtherFinancialInvestments" xlink:title="InvestingActivitiesOtherCashPaymentsToAcquireOtherFinancialInvestments"/>
    <link:presentationArc xlink:type="arc" xlink:arcrole="http://www.xbrl.org/2003/arcrole/parent-child" xlink:from="CashFlowsFromInvestingActivitiesAbstract" xlink:to="InvestingActivitiesOtherCashPaymentsToAcquireOtherFinancialInvestments" xlink:title="presentation: CashFlowsFromInvestingActivitiesAbstract to InvestingActivitiesOtherCashPaymentsToAcquireOtherFinancialInvestments" order="12.0"/>
    <link:loc xlink:type="locator" xlink:href="../../et-gaap-cor_2011-01-01.xsd#et-gaap_InvestingActivitiesOtherCashReceiptsFromSalesOfOtherFinancialInvestments" xlink:label="InvestingActivitiesOtherCashReceiptsFromSalesOfOtherFinancialInvestments" xlink:title="InvestingActivitiesOtherCashReceiptsFromSalesOfOtherFinancialInvestments"/>
    <link:presentationArc xlink:type="arc" xlink:arcrole="http://www.xbrl.org/2003/arcrole/parent-child" xlink:from="CashFlowsFromInvestingActivitiesAbstract" xlink:to="InvestingActivitiesOtherCashReceiptsFromSalesOfOtherFinancialInvestments" xlink:title="presentation: CashFlowsFromInvestingActivitiesAbstract to InvestingActivitiesOtherCashReceiptsFromSalesOfOtherFinancialInvestments" order="13.0"/>
    <link:loc xlink:type="locator" xlink:href="../../et-gaap-cor_2011-01-01.xsd#et-gaap_InvestingActivitiesLoansGiven" xlink:label="InvestingActivitiesLoansGiven" xlink:title="InvestingActivitiesLoansGiven"/>
    <link:presentationArc xlink:type="arc" xlink:arcrole="http://www.xbrl.org/2003/arcrole/parent-child" xlink:from="CashFlowsFromInvestingActivitiesAbstract" xlink:to="InvestingActivitiesLoansGiven" xlink:title="presentation: CashFlowsFromInvestingActivitiesAbstract to InvestingActivitiesLoansGiven" order="14.0"/>
    <link:loc xlink:type="locator" xlink:href="../../et-gaap-cor_2011-01-01.xsd#et-gaap_InvestingActivitiesRepaymentsOfLoansGiven" xlink:label="InvestingActivitiesRepaymentsOfLoansGiven" xlink:title="InvestingActivitiesRepaymentsOfLoansGiven"/>
    <link:presentationArc xlink:type="arc" xlink:arcrole="http://www.xbrl.org/2003/arcrole/parent-child" xlink:from="CashFlowsFromInvestingActivitiesAbstract" xlink:to="InvestingActivitiesRepaymentsOfLoansGiven" xlink:title="presentation: CashFlowsFromInvestingActivitiesAbstract to InvestingActivitiesRepaymentsOfLoansGiven" order="15.0"/>
    <link:loc xlink:type="locator" xlink:href="../../et-gaap-cor_2011-01-01.xsd#et-gaap_InvestingActivitiesIntrestReceived" xlink:label="InvestingActivitiesIntrestReceived" xlink:title="InvestingActivitiesIntrestReceived"/>
    <link:presentationArc xlink:type="arc" xlink:arcrole="http://www.xbrl.org/2003/arcrole/parent-child" xlink:from="CashFlowsFromInvestingActivitiesAbstract" xlink:to="InvestingActivitiesIntrestReceived" xlink:title="presentation: CashFlowsFromInvestingActivitiesAbstract to InvestingActivitiesIntrestReceived" order="16.0"/>
    <link:loc xlink:type="locator" xlink:href="../../et-gaap-cor_2011-01-01.xsd#et-gaap_InvestingActivitiesDividendsReceived" xlink:label="InvestingActivitiesDividendsReceived" xlink:title="InvestingActivitiesDividendsReceived"/>
    <link:presentationArc xlink:type="arc" xlink:arcrole="http://www.xbrl.org/2003/arcrole/parent-child" xlink:from="CashFlowsFromInvestingActivitiesAbstract" xlink:to="InvestingActivitiesDividendsReceived" xlink:title="presentation: CashFlowsFromInvestingActivitiesAbstract to InvestingActivitiesDividendsReceived" order="17.0"/>
    <link:loc xlink:type="locator" xlink:href="../../et-gaap-cor_2011-01-01.xsd#et-gaap_OtherCashOutflowsFromInvestingActivities" xlink:label="OtherCashOutflowsFromInvestingActivities" xlink:title="OtherCashOutflowsFromInvestingActivities"/>
    <link:presentationArc xlink:type="arc" xlink:arcrole="http://www.xbrl.org/2003/arcrole/parent-child" xlink:from="CashFlowsFromInvestingActivitiesAbstract" xlink:to="OtherCashOutflowsFromInvestingActivities" xlink:title="presentation: CashFlowsFromInvestingActivitiesAbstract to OtherCashOutflowsFromInvestingActivities" order="18.0"/>
    <link:loc xlink:type="locator" xlink:href="../../et-gaap-cor_2011-01-01.xsd#et-gaap_OtherCashInflowsFromInvestingActivities" xlink:label="OtherCashInflowsFromInvestingActivities" xlink:title="OtherCashInflowsFromInvestingActivities"/>
    <link:presentationArc xlink:type="arc" xlink:arcrole="http://www.xbrl.org/2003/arcrole/parent-child" xlink:from="CashFlowsFromInvestingActivitiesAbstract" xlink:to="OtherCashInflowsFromInvestingActivities" xlink:title="presentation: CashFlowsFromInvestingActivitiesAbstract to OtherCashInflowsFromInvestingActivities" order="19.0"/>
    <link:loc xlink:type="locator" xlink:href="../../et-gaap-cor_2011-01-01.xsd#et-gaap_CashFlowsFromInvestingActivities" xlink:label="CashFlowsFromInvestingActivities" xlink:title="CashFlowsFromInvestingActivities"/>
    <link:presentationArc xlink:type="arc" xlink:arcrole="http://www.xbrl.org/2003/arcrole/parent-child" xlink:from="CashFlowsFromInvestingActivitiesAbstract" xlink:to="CashFlowsFromInvestingActivities" xlink:title="presentation: CashFlowsFromInvestingActivitiesAbstract to CashFlowsFromInvestingActivities" order="20.0" preferredLabel="http://www.xbrl.org/2003/role/totalLabel"/>
    <link:loc xlink:type="locator" xlink:href="../../et-gaap-cor_2011-01-01.xsd#et-gaap_InvestingActivitiesPurchaseOfBiologicalAssets" xlink:label="InvestingActivitiesPurchaseOfBiologicalAssets" xlink:title="InvestingActivitiesPurchaseOfBiologicalAssets"/>
    <link:presentationArc xlink:type="arc" xlink:arcrole="http://www.xbrl.org/2003/arcrole/parent-child" xlink:from="CashFlowsFromInvestingActivitiesAbstract" xlink:to="InvestingActivitiesPurchaseOfBiologicalAssets" xlink:title="presentation: CashFlowsFromInvestingActivitiesAbstract to InvestingActivitiesPurchaseOfBiologicalAssets" order="3.0"/>
    <link:loc xlink:type="locator" xlink:href="../../et-gaap-cor_2011-01-01.xsd#et-gaap_InvestingActivitiesProceedsFromSalesOfBiologicalAssets" xlink:label="InvestingActivitiesProceedsFromSalesOfBiologicalAssets" xlink:title="InvestingActivitiesProceedsFromSalesOfBiologicalAssets"/>
    <link:presentationArc xlink:type="arc" xlink:arcrole="http://www.xbrl.org/2003/arcrole/parent-child" xlink:from="CashFlowsFromInvestingActivitiesAbstract" xlink:to="InvestingActivitiesProceedsFromSalesOfBiologicalAssets" xlink:title="presentation: CashFlowsFromInvestingActivitiesAbstract to InvestingActivitiesProceedsFromSalesOfBiologicalAssets" order="4.0"/>
    <link:loc xlink:type="locator" xlink:href="../../et-gaap-cor_2011-01-01.xsd#et-gaap_CashFlowsFromFinancingActivitiesAbstract" xlink:label="CashFlowsFromFinancingActivitiesAbstract" xlink:title="CashFlowsFromFinancingActivitiesAbstract"/>
    <link:loc xlink:type="locator" xlink:href="../../et-gaap-cor_2011-01-01.xsd#et-gaap_FinancingActivitiesLoansReceived" xlink:label="FinancingActivitiesLoansReceived" xlink:title="FinancingActivitiesLoansReceived"/>
    <link:presentationArc xlink:type="arc" xlink:arcrole="http://www.xbrl.org/2003/arcrole/parent-child" xlink:from="CashFlowsFromFinancingActivitiesAbstract" xlink:to="FinancingActivitiesLoansReceived" xlink:title="presentation: CashFlowsFromFinancingActivitiesAbstract to FinancingActivitiesLoansReceived" order="1.0"/>
    <link:loc xlink:type="locator" xlink:href="../../et-gaap-cor_2011-01-01.xsd#et-gaap_FinancingActivitiesRepaymentsOfLoansReceived" xlink:label="FinancingActivitiesRepaymentsOfLoansReceived" xlink:title="FinancingActivitiesRepaymentsOfLoansReceived"/>
    <link:presentationArc xlink:type="arc" xlink:arcrole="http://www.xbrl.org/2003/arcrole/parent-child" xlink:from="CashFlowsFromFinancingActivitiesAbstract" xlink:to="FinancingActivitiesRepaymentsOfLoansReceived" xlink:title="presentation: CashFlowsFromFinancingActivitiesAbstract to FinancingActivitiesRepaymentsOfLoansReceived" order="2.0"/>
    <link:loc xlink:type="locator" xlink:href="../../et-gaap-cor_2011-01-01.xsd#et-gaap_FinancingActivitiesProceedsFromOverdraft" xlink:label="FinancingActivitiesProceedsFromOverdraft" xlink:title="FinancingActivitiesProceedsFromOverdraft"/>
    <link:presentationArc xlink:type="arc" xlink:arcrole="http://www.xbrl.org/2003/arcrole/parent-child" xlink:from="CashFlowsFromFinancingActivitiesAbstract" xlink:to="FinancingActivitiesProceedsFromOverdraft" xlink:title="presentation: CashFlowsFromFinancingActivitiesAbstract to FinancingActivitiesProceedsFromOverdraft" order="3.0"/>
    <link:loc xlink:type="locator" xlink:href="../../et-gaap-cor_2011-01-01.xsd#et-gaap_FinancingActivitiesProceedsFromFinanceLease" xlink:label="FinancingActivitiesProceedsFromFinanceLease" xlink:title="FinancingActivitiesProceedsFromFinanceLease"/>
    <link:presentationArc xlink:type="arc" xlink:arcrole="http://www.xbrl.org/2003/arcrole/parent-child" xlink:from="CashFlowsFromFinancingActivitiesAbstract" xlink:to="FinancingActivitiesProceedsFromFinanceLease" xlink:title="presentation: CashFlowsFromFinancingActivitiesAbstract to FinancingActivitiesProceedsFromFinanceLease" order="4.0"/>
    <link:loc xlink:type="locator" xlink:href="../../et-gaap-cor_2011-01-01.xsd#et-gaap_FinancingActivitiesIntrestPaid" xlink:label="FinancingActivitiesIntrestPaid" xlink:title="FinancingActivitiesIntrestPaid"/>
    <link:presentationArc xlink:type="arc" xlink:arcrole="http://www.xbrl.org/2003/arcrole/parent-child" xlink:from="CashFlowsFromFinancingActivitiesAbstract" xlink:to="FinancingActivitiesIntrestPaid" xlink:title="presentation: CashFlowsFromFinancingActivitiesAbstract to FinancingActivitiesIntrestPaid" order="5.0"/>
    <link:loc xlink:type="locator" xlink:href="../../et-gaap-cor_2011-01-01.xsd#et-gaap_FinancingActivitiesProceedsFromIssuingShares" xlink:label="FinancingActivitiesProceedsFromIssuingShares" xlink:title="FinancingActivitiesProceedsFromIssuingShares"/>
    <link:presentationArc xlink:type="arc" xlink:arcrole="http://www.xbrl.org/2003/arcrole/parent-child" xlink:from="CashFlowsFromFinancingActivitiesAbstract" xlink:to="FinancingActivitiesProceedsFromIssuingShares" xlink:title="presentation: CashFlowsFromFinancingActivitiesAbstract to FinancingActivitiesProceedsFromIssuingShares" order="7.0"/>
    <link:loc xlink:type="locator" xlink:href="../../et-gaap-cor_2011-01-01.xsd#et-gaap_FinancingActivitiesProceedsFromRepurchasedTreasuryShares" xlink:label="FinancingActivitiesProceedsFromRepurchasedTreasuryShares" xlink:title="FinancingActivitiesProceedsFromRepurchasedTreasuryShares"/>
    <link:presentationArc xlink:type="arc" xlink:arcrole="http://www.xbrl.org/2003/arcrole/parent-child" xlink:from="CashFlowsFromFinancingActivitiesAbstract" xlink:to="FinancingActivitiesProceedsFromRepurchasedTreasuryShares" xlink:title="presentation: CashFlowsFromFinancingActivitiesAbstract to FinancingActivitiesProceedsFromRepurchasedTreasuryShares" order="9.0"/>
    <link:loc xlink:type="locator" xlink:href="../../et-gaap-cor_2011-01-01.xsd#et-gaap_FinancingActivitiesDividendsPaid" xlink:label="FinancingActivitiesDividendsPaid" xlink:title="FinancingActivitiesDividendsPaid"/>
    <link:presentationArc xlink:type="arc" xlink:arcrole="http://www.xbrl.org/2003/arcrole/parent-child" xlink:from="CashFlowsFromFinancingActivitiesAbstract" xlink:to="FinancingActivitiesDividendsPaid" xlink:title="presentation: CashFlowsFromFinancingActivitiesAbstract to FinancingActivitiesDividendsPaid" order="10.0"/>
    <link:loc xlink:type="locator" xlink:href="../../et-gaap-cor_2011-01-01.xsd#et-gaap_FinancingActivitiesIncomeTaxRefundPaid" xlink:label="FinancingActivitiesIncomeTaxRefundPaid" xlink:title="FinancingActivitiesIncomeTaxRefundPaid"/>
    <link:presentationArc xlink:type="arc" xlink:arcrole="http://www.xbrl.org/2003/arcrole/parent-child" xlink:from="CashFlowsFromFinancingActivitiesAbstract" xlink:to="FinancingActivitiesIncomeTaxRefundPaid" xlink:title="presentation: CashFlowsFromFinancingActivitiesAbstract to FinancingActivitiesIncomeTaxRefundPaid" order="11.0"/>
    <link:loc xlink:type="locator" xlink:href="../../et-gaap-cor_2011-01-01.xsd#et-gaap_OtherCashInflowsFromFinancingActivities" xlink:label="OtherCashInflowsFromFinancingActivities" xlink:title="OtherCashInflowsFromFinancingActivities"/>
    <link:presentationArc xlink:type="arc" xlink:arcrole="http://www.xbrl.org/2003/arcrole/parent-child" xlink:from="CashFlowsFromFinancingActivitiesAbstract" xlink:to="OtherCashInflowsFromFinancingActivities" xlink:title="presentation: CashFlowsFromFinancingActivitiesAbstract to OtherCashInflowsFromFinancingActivities" order="12.0"/>
    <link:loc xlink:type="locator" xlink:href="../../et-gaap-cor_2011-01-01.xsd#et-gaap_OtherCashOutflowsFromFinancingActivities" xlink:label="OtherCashOutflowsFromFinancingActivities" xlink:title="OtherCashOutflowsFromFinancingActivities"/>
    <link:presentationArc xlink:type="arc" xlink:arcrole="http://www.xbrl.org/2003/arcrole/parent-child" xlink:from="CashFlowsFromFinancingActivitiesAbstract" xlink:to="OtherCashOutflowsFromFinancingActivities" xlink:title="presentation: CashFlowsFromFinancingActivitiesAbstract to OtherCashOutflowsFromFinancingActivities" order="13.0"/>
    <link:loc xlink:type="locator" xlink:href="../../et-gaap-cor_2011-01-01.xsd#et-gaap_CashFlowsFromFinancingActivities" xlink:label="CashFlowsFromFinancingActivities" xlink:title="CashFlowsFromFinancingActivities"/>
    <link:presentationArc xlink:type="arc" xlink:arcrole="http://www.xbrl.org/2003/arcrole/parent-child" xlink:from="CashFlowsFromFinancingActivitiesAbstract" xlink:to="CashFlowsFromFinancingActivities" xlink:title="presentation: CashFlowsFromFinancingActivitiesAbstract to CashFlowsFromFinancingActivities" order="14.0" preferredLabel="http://www.xbrl.org/2003/role/totalLabel"/>
    <link:loc xlink:type="locator" xlink:href="../../et-gaap-cor_2011-01-01.xsd#et-gaap_FinancingActivitiesProceedsFromGovernmentGrants" xlink:label="FinancingActivitiesProceedsFromGovernmentGrants" xlink:title="FinancingActivitiesProceedsFromGovernmentGrants"/>
    <link:presentationArc xlink:type="arc" xlink:arcrole="http://www.xbrl.org/2003/arcrole/parent-child" xlink:from="CashFlowsFromFinancingActivitiesAbstract" xlink:to="FinancingActivitiesProceedsFromGovernmentGrants" xlink:title="presentation: CashFlowsFromFinancingActivitiesAbstract to FinancingActivitiesProceedsFromGovernmentGrants" use="optional" order="6.0"/>
    <link:loc xlink:type="locator" xlink:href="../../et-gaap-cor_2011-01-01.xsd#et-gaap_FinancingActivitiesProceedsFromSalesOfTresuryShares" xlink:label="FinancingActivitiesProceedsFromSalesOfTresuryShares" xlink:title="FinancingActivitiesProceedsFromSalesOfTresuryShares"/>
    <link:presentationArc xlink:type="arc" xlink:arcrole="http://www.xbrl.org/2003/arcrole/parent-child" xlink:from="CashFlowsFromFinancingActivitiesAbstract" xlink:to="FinancingActivitiesProceedsFromSalesOfTresuryShares" xlink:title="presentation: CashFlowsFromFinancingActivitiesAbstract to FinancingActivitiesProceedsFromSalesOfTresuryShares" order="8.0"/>
    <link:loc xlink:type="locator" xlink:href="../../et-gaap-cor_2011-01-01.xsd#et-gaap_StatementOfCashFlowsIndirectMethodAbstract" xlink:label="StatementOfCashFlowsIndirectMethodAbstract" xlink:title="StatementOfCashFlowsIndirectMethodAbstract"/>
    <link:presentationArc xlink:type="arc" xlink:arcrole="http://www.xbrl.org/2003/arcrole/parent-child" xlink:from="StatementOfCashFlowsIndirectMethodAbstract" xlink:to="CashFlowsFromOperatingActivitiesAbstract" xlink:title="presentation: StatementOfCashFlowsIndirectMethodAbstract to CashFlowsFromOperatingActivitiesAbstract" use="optional" order="2.0"/>
    <link:presentationArc xlink:type="arc" xlink:arcrole="http://www.xbrl.org/2003/arcrole/parent-child" xlink:from="StatementOfCashFlowsIndirectMethodAbstract" xlink:to="CashFlowsFromInvestingActivitiesAbstract" xlink:title="presentation: StatementOfCashFlowsIndirectMethodAbstract to CashFlowsFromInvestingActivitiesAbstract" use="optional" order="3.0"/>
    <link:presentationArc xlink:type="arc" xlink:arcrole="http://www.xbrl.org/2003/arcrole/parent-child" xlink:from="StatementOfCashFlowsIndirectMethodAbstract" xlink:to="CashFlowsFromFinancingActivitiesAbstract" xlink:title="presentation: StatementOfCashFlowsIndirectMethodAbstract to CashFlowsFromFinancingActivitiesAbstract" use="optional" order="4.0"/>
    <link:loc xlink:type="locator" xlink:href="../../et-gaap-cor_2011-01-01.xsd#et-gaap_CashFlows" xlink:label="CashFlows" xlink:title="CashFlows"/>
    <link:presentationArc xlink:type="arc" xlink:arcrole="http://www.xbrl.org/2003/arcrole/parent-child" xlink:from="StatementOfCashFlowsIndirectMethodAbstract" xlink:to="CashFlows" xlink:title="presentation: StatementOfCashFlowsIndirectMethodAbstract to CashFlows" use="optional" order="5.0" preferredLabel="http://www.xbrl.org/2003/role/totalLabel"/>
    <link:loc xlink:type="locator" xlink:href="../../et-gaap-cor_2011-01-01.xsd#et-gaap_CashAndCashEquivalentsAtBeginningOfPeriod" xlink:label="CashAndCashEquivalentsAtBeginningOfPeriod" xlink:title="CashAndCashEquivalentsAtBeginningOfPeriod"/>
    <link:presentationArc xlink:type="arc" xlink:arcrole="http://www.xbrl.org/2003/arcrole/parent-child" xlink:from="StatementOfCashFlowsIndirectMethodAbstract" xlink:to="CashAndCashEquivalentsAtBeginningOfPeriod" xlink:title="presentation: StatementOfCashFlowsIndirectMethodAbstract to CashAndCashEquivalentsAtBeginningOfPeriod" use="optional" order="7.0"/>
    <link:loc xlink:type="locator" xlink:href="../../et-gaap-cor_2011-01-01.xsd#et-gaap_ChangeInCashAndCashEquivalents" xlink:label="ChangeInCashAndCashEquivalents" xlink:title="ChangeInCashAndCashEquivalents"/>
    <link:presentationArc xlink:type="arc" xlink:arcrole="http://www.xbrl.org/2003/arcrole/parent-child" xlink:from="StatementOfCashFlowsIndirectMethodAbstract" xlink:to="ChangeInCashAndCashEquivalents" xlink:title="presentation: StatementOfCashFlowsIndirectMethodAbstract to ChangeInCashAndCashEquivalents" use="optional" order="8.0"/>
    <link:loc xlink:type="locator" xlink:href="../../et-gaap-cor_2011-01-01.xsd#et-gaap_EffectOnExchangeRateChangesOnCashAndCashEquivalents" xlink:label="EffectOnExchangeRateChangesOnCashAndCashEquivalents" xlink:title="EffectOnExchangeRateChangesOnCashAndCashEquivalents"/>
    <link:presentationArc xlink:type="arc" xlink:arcrole="http://www.xbrl.org/2003/arcrole/parent-child" xlink:from="StatementOfCashFlowsIndirectMethodAbstract" xlink:to="EffectOnExchangeRateChangesOnCashAndCashEquivalents" xlink:title="presentation: StatementOfCashFlowsIndirectMethodAbstract to EffectOnExchangeRateChangesOnCashAndCashEquivalents" use="optional" order="9.0"/>
    <link:loc xlink:type="locator" xlink:href="../../et-gaap-cor_2011-01-01.xsd#et-gaap_CashAndCashEquivalentsAtEndOfPeriod" xlink:label="CashAndCashEquivalentsAtEndOfPeriod" xlink:title="CashAndCashEquivalentsAtEndOfPeriod"/>
    <link:presentationArc xlink:type="arc" xlink:arcrole="http://www.xbrl.org/2003/arcrole/parent-child" xlink:from="StatementOfCashFlowsIndirectMethodAbstract" xlink:to="CashAndCashEquivalentsAtEndOfPeriod" xlink:title="presentation: StatementOfCashFlowsIndirectMethodAbstract to CashAndCashEquivalentsAtEndOfPeriod" use="optional" order="10.0"/>
    <link:loc xlink:type="locator" xlink:href="../../et-gaap-cor_2011-01-01.xsd#et-gaap_StructureDurationAbstract" xlink:label="StructureDurationAbstract" xlink:title="StructureDurationAbstract"/>
    <link:presentationArc xlink:type="arc" xlink:arcrole="http://www.xbrl.org/2003/arcrole/parent-child" xlink:from="StatementOfCashFlowsIndirectMethodAbstract" xlink:to="StructureDurationAbstract" xlink:title="presentation: StatementOfCashFlowsIndirectMethodAbstract to StructureDurationAbstract" order="6.0"/>
  </link:presentationLink>
</link:linkbase>
