<?xml version="1.0" encoding="UTF-8"?>
<!--
**************************************************************
et-gaap Taxonomy: 2011-01-01 (Final)

Copyright (C) 2010 Centre of Registers and Information Systems
**************************************************************
-->
<link:linkbase xmlns:xsi="http://www.w3.org/2001/XMLSchema-instance" xsi:schemaLocation="http://www.xbrl.org/2003/linkbase http://www.xbrl.org/2003/xbrl-linkbase-2003-12-31.xsd" xmlns:link="http://www.xbrl.org/2003/linkbase" xmlns:xlink="http://www.w3.org/1999/xlink">
  <link:roleRef roleURI="http://xbrl.eesti.ee/role/et-gaap_2011-01-01/StatementOfCashFlowsDirectMethod_role-401040" xlink:type="simple" xlink:href="role-401000.xsd#StatementOfCashFlowsDirectMethod_role-401040"/>
  <link:presentationLink xlink:type="extended" xlink:role="http://xbrl.eesti.ee/role/et-gaap_2011-01-01/StatementOfCashFlowsDirectMethod_role-401040">
    <link:loc xlink:type="locator" xlink:href="../../et-gaap-cor_2011-01-01.xsd#et-gaap_StatementOfCashFlowsDirectMethod" xlink:label="StatementOfCashFlowsDirectMethod" xlink:title="StatementOfCashFlowsDirectMethod"/>
    <link:loc xlink:type="locator" xlink:href="../../et-gaap-cor_2011-01-01.xsd#et-gaap_CashFlowsFromOperatingActivitiesNPOAbstract" xlink:label="CashFlowsFromOperatingActivitiesNPOAbstract" xlink:title="CashFlowsFromOperatingActivitiesNPOAbstract"/>
    <link:presentationArc xlink:type="arc" xlink:arcrole="http://www.xbrl.org/2003/arcrole/parent-child" xlink:from="StatementOfCashFlowsDirectMethod" xlink:to="CashFlowsFromOperatingActivitiesNPOAbstract" xlink:title="presentation: StatementOfCashFlowsDirectMethod to CashFlowsFromOperatingActivitiesNPOAbstract" use="optional" order="1.0"/>
    <link:loc xlink:type="locator" xlink:href="../../et-gaap-cor_2011-01-01.xsd#et-gaap_ReceiptsFromMembers" xlink:label="ReceiptsFromMembers" xlink:title="ReceiptsFromMembers"/>
    <link:presentationArc xlink:type="arc" xlink:arcrole="http://www.xbrl.org/2003/arcrole/parent-child" xlink:from="CashFlowsFromOperatingActivitiesNPOAbstract" xlink:to="ReceiptsFromMembers" xlink:title="presentation: CashFlowsFromOperatingActivitiesNPOAbstract to ReceiptsFromMembers" use="optional" order="1.0"/>
    <link:loc xlink:type="locator" xlink:href="../../et-gaap-cor_2011-01-01.xsd#et-gaap_ReceiptsFromGrantsAndDonations" xlink:label="ReceiptsFromGrantsAndDonantions" xlink:title="ReceiptsFromGrantsAndDonantions"/>
    <link:presentationArc xlink:type="arc" xlink:arcrole="http://www.xbrl.org/2003/arcrole/parent-child" xlink:from="CashFlowsFromOperatingActivitiesNPOAbstract" xlink:to="ReceiptsFromGrantsAndDonantions" xlink:title="presentation: CashFlowsFromOperatingActivitiesNPOAbstract to ReceiptsFromGrantsAndDonantions" use="optional" order="2.0"/>
    <link:loc xlink:type="locator" xlink:href="../../et-gaap-cor_2011-01-01.xsd#et-gaap_ReceiptsOfSalesOfGoodsAndRenderingOfServices" xlink:label="ReceiptsOfSalesOfGoodsAndRenderingOfServices" xlink:title="ReceiptsOfSalesOfGoodsAndRenderingOfServices"/>
    <link:presentationArc xlink:type="arc" xlink:arcrole="http://www.xbrl.org/2003/arcrole/parent-child" xlink:from="CashFlowsFromOperatingActivitiesNPOAbstract" xlink:to="ReceiptsOfSalesOfGoodsAndRenderingOfServices" xlink:title="presentation: CashFlowsFromOperatingActivitiesNPOAbstract to ReceiptsOfSalesOfGoodsAndRenderingOfServices" use="optional" order="3.0"/>
    <link:loc xlink:type="locator" xlink:href="../../et-gaap-cor_2011-01-01.xsd#et-gaap_ReceiptsFromOtherOperatingRevenue" xlink:label="ReceiptsFromOtherOperatingRevenue" xlink:title="ReceiptsFromOtherOperatingRevenue"/>
    <link:presentationArc xlink:type="arc" xlink:arcrole="http://www.xbrl.org/2003/arcrole/parent-child" xlink:from="CashFlowsFromOperatingActivitiesNPOAbstract" xlink:to="ReceiptsFromOtherOperatingRevenue" xlink:title="presentation: CashFlowsFromOperatingActivitiesNPOAbstract to ReceiptsFromOtherOperatingRevenue" use="optional" order="4.0"/>
    <link:loc xlink:type="locator" xlink:href="../../et-gaap-cor_2011-01-01.xsd#et-gaap_PaymentsOfGrantsAndDonations" xlink:label="PaymentsOfGrantsAndDonantions" xlink:title="PaymentsOfGrantsAndDonantions"/>
    <link:presentationArc xlink:type="arc" xlink:arcrole="http://www.xbrl.org/2003/arcrole/parent-child" xlink:from="CashFlowsFromOperatingActivitiesNPOAbstract" xlink:to="PaymentsOfGrantsAndDonantions" xlink:title="presentation: CashFlowsFromOperatingActivitiesNPOAbstract to PaymentsOfGrantsAndDonantions" use="optional" order="5.0"/>
    <link:loc xlink:type="locator" xlink:href="../../et-gaap-cor_2011-01-01.xsd#et-gaap_PaymentsToSuppliersForGoodsAndServices" xlink:label="PaymentsToSuppliersForGoodsAndServices" xlink:title="PaymentsToSuppliersForGoodsAndServices"/>
    <link:presentationArc xlink:type="arc" xlink:arcrole="http://www.xbrl.org/2003/arcrole/parent-child" xlink:from="CashFlowsFromOperatingActivitiesNPOAbstract" xlink:to="PaymentsToSuppliersForGoodsAndServices" xlink:title="presentation: CashFlowsFromOperatingActivitiesNPOAbstract to PaymentsToSuppliersForGoodsAndServices" use="optional" order="6.0"/>
    <link:loc xlink:type="locator" xlink:href="../../et-gaap-cor_2011-01-01.xsd#et-gaap_PaymentsToEmployees" xlink:label="PaymentsToEmployees" xlink:title="PaymentsToEmployees"/>
    <link:presentationArc xlink:type="arc" xlink:arcrole="http://www.xbrl.org/2003/arcrole/parent-child" xlink:from="CashFlowsFromOperatingActivitiesNPOAbstract" xlink:to="PaymentsToEmployees" xlink:title="presentation: CashFlowsFromOperatingActivitiesNPOAbstract to PaymentsToEmployees" use="optional" order="7.0"/>
    <link:loc xlink:type="locator" xlink:href="../../et-gaap-cor_2011-01-01.xsd#et-gaap_OperatingActivitiesIntrestReceived" xlink:label="OperatingActivitiesIntrestReceived" xlink:title="OperatingActivitiesIntrestReceived"/>
    <link:presentationArc xlink:type="arc" xlink:arcrole="http://www.xbrl.org/2003/arcrole/parent-child" xlink:from="CashFlowsFromOperatingActivitiesNPOAbstract" xlink:to="OperatingActivitiesIntrestReceived" xlink:title="presentation: CashFlowsFromOperatingActivitiesNPOAbstract to OperatingActivitiesIntrestReceived" use="optional" order="8.0"/>
    <link:loc xlink:type="locator" xlink:href="../../et-gaap-cor_2011-01-01.xsd#et-gaap_OperatingActivitiesIntrestPaid" xlink:label="OperatingActivitiesIntrestPaid" xlink:title="OperatingActivitiesIntrestPaid"/>
    <link:presentationArc xlink:type="arc" xlink:arcrole="http://www.xbrl.org/2003/arcrole/parent-child" xlink:from="CashFlowsFromOperatingActivitiesNPOAbstract" xlink:to="OperatingActivitiesIntrestPaid" xlink:title="presentation: CashFlowsFromOperatingActivitiesNPOAbstract to OperatingActivitiesIntrestPaid" use="optional" order="9.0"/>
    <link:loc xlink:type="locator" xlink:href="../../et-gaap-cor_2011-01-01.xsd#et-gaap_OtherCashFlowsFromOperatingActivitiesNPO" xlink:label="OtherCashFlowsFromOperatingActivitiesNPO" xlink:title="OtherCashFlowsFromOperatingActivitiesNPO"/>
    <link:presentationArc xlink:type="arc" xlink:arcrole="http://www.xbrl.org/2003/arcrole/parent-child" xlink:from="CashFlowsFromOperatingActivitiesNPOAbstract" xlink:to="OtherCashFlowsFromOperatingActivitiesNPO" xlink:title="presentation: CashFlowsFromOperatingActivitiesNPOAbstract to OtherCashFlowsFromOperatingActivitiesNPO" use="optional" order="10.0"/>
    <link:loc xlink:type="locator" xlink:href="../../et-gaap-cor_2011-01-01.xsd#et-gaap_TotalCashFlowsFromOperatingActivitiesNPO" xlink:label="TotalCashFlowsFromOperatingActivitiesNPO" xlink:title="TotalCashFlowsFromOperatingActivitiesNPO"/>
    <link:presentationArc xlink:type="arc" xlink:arcrole="http://www.xbrl.org/2003/arcrole/parent-child" xlink:from="CashFlowsFromOperatingActivitiesNPOAbstract" xlink:to="TotalCashFlowsFromOperatingActivitiesNPO" xlink:title="presentation: CashFlowsFromOperatingActivitiesNPOAbstract to TotalCashFlowsFromOperatingActivitiesNPO" use="optional" order="11.0" preferredLabel="http://www.xbrl.org/2003/role/totalLabel"/>
    <link:loc xlink:type="locator" xlink:href="../../et-gaap-cor_2011-01-01.xsd#et-gaap_CashFlowsFromInvestingActivitiesAbstract" xlink:label="CashFlowsFromInvestingActivitiesAbstract" xlink:title="CashFlowsFromInvestingActivitiesAbstract"/>
    <link:presentationArc xlink:type="arc" xlink:arcrole="http://www.xbrl.org/2003/arcrole/parent-child" xlink:from="StatementOfCashFlowsDirectMethod" xlink:to="CashFlowsFromInvestingActivitiesAbstract" xlink:title="presentation: StatementOfCashFlowsDirectMethod to CashFlowsFromInvestingActivitiesAbstract" use="optional" order="2.0"/>
    <link:loc xlink:type="locator" xlink:href="../../et-gaap-cor_2011-01-01.xsd#et-gaap_InvestingActivitiesPurchaseOfPropertyPlantAndEquipmentAndIntangibleAssets" xlink:label="InvestingActivitiesPurchaseOfPropertyPlantAndEquipmentAndIntangibleAssets" xlink:title="InvestingActivitiesPurchaseOfPropertyPlantAndEquipmentAndIntangibleAssets"/>
    <link:presentationArc xlink:type="arc" xlink:arcrole="http://www.xbrl.org/2003/arcrole/parent-child" xlink:from="CashFlowsFromInvestingActivitiesAbstract" xlink:to="InvestingActivitiesPurchaseOfPropertyPlantAndEquipmentAndIntangibleAssets" xlink:title="presentation: CashFlowsFromInvestingActivitiesAbstract to InvestingActivitiesPurchaseOfPropertyPlantAndEquipmentAndIntangibleAssets" use="optional" order="1.0"/>
    <link:loc xlink:type="locator" xlink:href="../../et-gaap-cor_2011-01-01.xsd#et-gaap_InvestingActivitiesProceedsFromSalesOfPropertyPlantAndEquipmentAndIntangibleAssets" xlink:label="InvestingActivitiesProceedsFromSalesOfPropertyPlantAndEquipmentAndIntangibleAssets" xlink:title="InvestingActivitiesProceedsFromSalesOfPropertyPlantAndEquipmentAndIntangibleAssets"/>
    <link:presentationArc xlink:type="arc" xlink:arcrole="http://www.xbrl.org/2003/arcrole/parent-child" xlink:from="CashFlowsFromInvestingActivitiesAbstract" xlink:to="InvestingActivitiesProceedsFromSalesOfPropertyPlantAndEquipmentAndIntangibleAssets" xlink:title="presentation: CashFlowsFromInvestingActivitiesAbstract to InvestingActivitiesProceedsFromSalesOfPropertyPlantAndEquipmentAndIntangibleAssets" use="optional" order="2.0"/>
    <link:loc xlink:type="locator" xlink:href="../../et-gaap-cor_2011-01-01.xsd#et-gaap_InvestingActivitiesPurchaseOfInvestmentProperty" xlink:label="InvestingActivitiesPurchaseOfInvestmentProperty" xlink:title="InvestingActivitiesPurchaseOfInvestmentProperty"/>
    <link:presentationArc xlink:type="arc" xlink:arcrole="http://www.xbrl.org/2003/arcrole/parent-child" xlink:from="CashFlowsFromInvestingActivitiesAbstract" xlink:to="InvestingActivitiesPurchaseOfInvestmentProperty" xlink:title="presentation: CashFlowsFromInvestingActivitiesAbstract to InvestingActivitiesPurchaseOfInvestmentProperty" use="optional" order="5.0"/>
    <link:loc xlink:type="locator" xlink:href="../../et-gaap-cor_2011-01-01.xsd#et-gaap_InvestingActivitiesProceedsFromSalesOfInvestmentProperty" xlink:label="InvestingActivitiesProceedsFromSalesOfInvestmentProperty" xlink:title="InvestingActivitiesProceedsFromSalesOfInvestmentProperty"/>
    <link:presentationArc xlink:type="arc" xlink:arcrole="http://www.xbrl.org/2003/arcrole/parent-child" xlink:from="CashFlowsFromInvestingActivitiesAbstract" xlink:to="InvestingActivitiesProceedsFromSalesOfInvestmentProperty" xlink:title="presentation: CashFlowsFromInvestingActivitiesAbstract to InvestingActivitiesProceedsFromSalesOfInvestmentProperty" use="optional" order="6.0"/>
    <link:loc xlink:type="locator" xlink:href="../../et-gaap-cor_2011-01-01.xsd#et-gaap_InvestingActivitiesOtherCashPaymentsToAcquireSubsidiaries" xlink:label="InvestingActivitiesOtherCashPaymentsToAcquireSubsidiaries" xlink:title="InvestingActivitiesOtherCashPaymentsToAcquireSubsidiaries"/>
    <link:presentationArc xlink:type="arc" xlink:arcrole="http://www.xbrl.org/2003/arcrole/parent-child" xlink:from="CashFlowsFromInvestingActivitiesAbstract" xlink:to="InvestingActivitiesOtherCashPaymentsToAcquireSubsidiaries" xlink:title="presentation: CashFlowsFromInvestingActivitiesAbstract to InvestingActivitiesOtherCashPaymentsToAcquireSubsidiaries" use="optional" order="8.0"/>
    <link:loc xlink:type="locator" xlink:href="../../et-gaap-cor_2011-01-01.xsd#et-gaap_InvestingActivitiesOtherCashReceiptsFromSalesOfSubsidiaries" xlink:label="InvestingActivitiesOtherCashReceiptsFromSalesOfSubsidiaries" xlink:title="InvestingActivitiesOtherCashReceiptsFromSalesOfSubsidiaries"/>
    <link:presentationArc xlink:type="arc" xlink:arcrole="http://www.xbrl.org/2003/arcrole/parent-child" xlink:from="CashFlowsFromInvestingActivitiesAbstract" xlink:to="InvestingActivitiesOtherCashReceiptsFromSalesOfSubsidiaries" xlink:title="presentation: CashFlowsFromInvestingActivitiesAbstract to InvestingActivitiesOtherCashReceiptsFromSalesOfSubsidiaries" use="optional" order="9.0"/>
    <link:loc xlink:type="locator" xlink:href="../../et-gaap-cor_2011-01-01.xsd#et-gaap_InvestingActivitiesOtherCashPaymentsToAcquireAssociates" xlink:label="InvestingActivitiesOtherCashPaymentsToAcquireAssociates" xlink:title="InvestingActivitiesOtherCashPaymentsToAcquireAssociates"/>
    <link:presentationArc xlink:type="arc" xlink:arcrole="http://www.xbrl.org/2003/arcrole/parent-child" xlink:from="CashFlowsFromInvestingActivitiesAbstract" xlink:to="InvestingActivitiesOtherCashPaymentsToAcquireAssociates" xlink:title="presentation: CashFlowsFromInvestingActivitiesAbstract to InvestingActivitiesOtherCashPaymentsToAcquireAssociates" use="optional" order="10.0"/>
    <link:loc xlink:type="locator" xlink:href="../../et-gaap-cor_2011-01-01.xsd#et-gaap_InvestingActivitiesOtherCashReceiptsFromSalesOfAssociates" xlink:label="InvestingActivitiesOtherCashReceiptsFromSalesOfAssociates" xlink:title="InvestingActivitiesOtherCashReceiptsFromSalesOfAssociates"/>
    <link:presentationArc xlink:type="arc" xlink:arcrole="http://www.xbrl.org/2003/arcrole/parent-child" xlink:from="CashFlowsFromInvestingActivitiesAbstract" xlink:to="InvestingActivitiesOtherCashReceiptsFromSalesOfAssociates" xlink:title="presentation: CashFlowsFromInvestingActivitiesAbstract to InvestingActivitiesOtherCashReceiptsFromSalesOfAssociates" use="optional" order="11.0"/>
    <link:loc xlink:type="locator" xlink:href="../../et-gaap-cor_2011-01-01.xsd#et-gaap_InvestingActivitiesOtherCashPaymentsToAcquireOtherFinancialInvestments" xlink:label="InvestingActivitiesOtherCashPaymentsToAcquireOtherFinancialInvestments" xlink:title="InvestingActivitiesOtherCashPaymentsToAcquireOtherFinancialInvestments"/>
    <link:presentationArc xlink:type="arc" xlink:arcrole="http://www.xbrl.org/2003/arcrole/parent-child" xlink:from="CashFlowsFromInvestingActivitiesAbstract" xlink:to="InvestingActivitiesOtherCashPaymentsToAcquireOtherFinancialInvestments" xlink:title="presentation: CashFlowsFromInvestingActivitiesAbstract to InvestingActivitiesOtherCashPaymentsToAcquireOtherFinancialInvestments" use="optional" order="12.0"/>
    <link:loc xlink:type="locator" xlink:href="../../et-gaap-cor_2011-01-01.xsd#et-gaap_InvestingActivitiesOtherCashReceiptsFromSalesOfOtherFinancialInvestments" xlink:label="InvestingActivitiesOtherCashReceiptsFromSalesOfOtherFinancialInvestments" xlink:title="InvestingActivitiesOtherCashReceiptsFromSalesOfOtherFinancialInvestments"/>
    <link:presentationArc xlink:type="arc" xlink:arcrole="http://www.xbrl.org/2003/arcrole/parent-child" xlink:from="CashFlowsFromInvestingActivitiesAbstract" xlink:to="InvestingActivitiesOtherCashReceiptsFromSalesOfOtherFinancialInvestments" xlink:title="presentation: CashFlowsFromInvestingActivitiesAbstract to InvestingActivitiesOtherCashReceiptsFromSalesOfOtherFinancialInvestments" use="optional" order="13.0"/>
    <link:loc xlink:type="locator" xlink:href="../../et-gaap-cor_2011-01-01.xsd#et-gaap_InvestingActivitiesLoansGiven" xlink:label="InvestingActivitiesLoansGiven" xlink:title="InvestingActivitiesLoansGiven"/>
    <link:presentationArc xlink:type="arc" xlink:arcrole="http://www.xbrl.org/2003/arcrole/parent-child" xlink:from="CashFlowsFromInvestingActivitiesAbstract" xlink:to="InvestingActivitiesLoansGiven" xlink:title="presentation: CashFlowsFromInvestingActivitiesAbstract to InvestingActivitiesLoansGiven" use="optional" order="14.0"/>
    <link:loc xlink:type="locator" xlink:href="../../et-gaap-cor_2011-01-01.xsd#et-gaap_InvestingActivitiesRepaymentsOfLoansGiven" xlink:label="InvestingActivitiesRepaymentsOfLoansGiven" xlink:title="InvestingActivitiesRepaymentsOfLoansGiven"/>
    <link:presentationArc xlink:type="arc" xlink:arcrole="http://www.xbrl.org/2003/arcrole/parent-child" xlink:from="CashFlowsFromInvestingActivitiesAbstract" xlink:to="InvestingActivitiesRepaymentsOfLoansGiven" xlink:title="presentation: CashFlowsFromInvestingActivitiesAbstract to InvestingActivitiesRepaymentsOfLoansGiven" use="optional" order="15.0"/>
    <link:loc xlink:type="locator" xlink:href="../../et-gaap-cor_2011-01-01.xsd#et-gaap_InvestingActivitiesIntrestReceived" xlink:label="InvestingActivitiesIntrestReceived" xlink:title="InvestingActivitiesIntrestReceived"/>
    <link:presentationArc xlink:type="arc" xlink:arcrole="http://www.xbrl.org/2003/arcrole/parent-child" xlink:from="CashFlowsFromInvestingActivitiesAbstract" xlink:to="InvestingActivitiesIntrestReceived" xlink:title="presentation: CashFlowsFromInvestingActivitiesAbstract to InvestingActivitiesIntrestReceived" use="optional" order="16.0"/>
    <link:loc xlink:type="locator" xlink:href="../../et-gaap-cor_2011-01-01.xsd#et-gaap_InvestingActivitiesDividendsReceived" xlink:label="InvestingActivitiesDividendsReceived" xlink:title="InvestingActivitiesDividendsReceived"/>
    <link:presentationArc xlink:type="arc" xlink:arcrole="http://www.xbrl.org/2003/arcrole/parent-child" xlink:from="CashFlowsFromInvestingActivitiesAbstract" xlink:to="InvestingActivitiesDividendsReceived" xlink:title="presentation: CashFlowsFromInvestingActivitiesAbstract to InvestingActivitiesDividendsReceived" use="optional" order="17.0"/>
    <link:loc xlink:type="locator" xlink:href="../../et-gaap-cor_2011-01-01.xsd#et-gaap_OtherCashOutflowsFromInvestingActivities" xlink:label="OtherCashOutflowsFromInvestingActivities" xlink:title="OtherCashOutflowsFromInvestingActivities"/>
    <link:presentationArc xlink:type="arc" xlink:arcrole="http://www.xbrl.org/2003/arcrole/parent-child" xlink:from="CashFlowsFromInvestingActivitiesAbstract" xlink:to="OtherCashOutflowsFromInvestingActivities" xlink:title="presentation: CashFlowsFromInvestingActivitiesAbstract to OtherCashOutflowsFromInvestingActivities" use="optional" order="18.0"/>
    <link:loc xlink:type="locator" xlink:href="../../et-gaap-cor_2011-01-01.xsd#et-gaap_OtherCashInflowsFromInvestingActivities" xlink:label="OtherCashInflowsFromInvestingActivities" xlink:title="OtherCashInflowsFromInvestingActivities"/>
    <link:presentationArc xlink:type="arc" xlink:arcrole="http://www.xbrl.org/2003/arcrole/parent-child" xlink:from="CashFlowsFromInvestingActivitiesAbstract" xlink:to="OtherCashInflowsFromInvestingActivities" xlink:title="presentation: CashFlowsFromInvestingActivitiesAbstract to OtherCashInflowsFromInvestingActivities" use="optional" order="19.0"/>
    <link:loc xlink:type="locator" xlink:href="../../et-gaap-cor_2011-01-01.xsd#et-gaap_CashFlowsFromInvestingActivities" xlink:label="CashFlowsFromInvestingActivities" xlink:title="CashFlowsFromInvestingActivities"/>
    <link:presentationArc xlink:type="arc" xlink:arcrole="http://www.xbrl.org/2003/arcrole/parent-child" xlink:from="CashFlowsFromInvestingActivitiesAbstract" xlink:to="CashFlowsFromInvestingActivities" xlink:title="presentation: CashFlowsFromInvestingActivitiesAbstract to CashFlowsFromInvestingActivities" use="optional" order="20.0" preferredLabel="http://www.xbrl.org/2003/role/totalLabel"/>
    <link:loc xlink:type="locator" xlink:href="../../et-gaap-cor_2011-01-01.xsd#et-gaap_InvestingActivitiesProceedsFromGrantsWithSpecialTerms" xlink:label="InvestingActivitiesProceedsFromGrantsWithSpecialTerms" xlink:title="InvestingActivitiesProceedsFromGrantsWithSpecialTerms"/>
    <link:presentationArc xlink:type="arc" xlink:arcrole="http://www.xbrl.org/2003/arcrole/parent-child" xlink:from="CashFlowsFromInvestingActivitiesAbstract" xlink:to="InvestingActivitiesProceedsFromGrantsWithSpecialTerms" xlink:title="presentation: CashFlowsFromInvestingActivitiesAbstract to InvestingActivitiesProceedsFromGrantsWithSpecialTerms" use="optional" order="7.0"/>
    <link:loc xlink:type="locator" xlink:href="../../et-gaap-cor_2011-01-01.xsd#et-gaap_InvestingActivitiesPurchaseOfBiologicalAssets" xlink:label="InvestingActivitiesPurchaseOfBiologicalAssets" xlink:title="InvestingActivitiesPurchaseOfBiologicalAssets"/>
    <link:presentationArc xlink:type="arc" xlink:arcrole="http://www.xbrl.org/2003/arcrole/parent-child" xlink:from="CashFlowsFromInvestingActivitiesAbstract" xlink:to="InvestingActivitiesPurchaseOfBiologicalAssets" xlink:title="presentation: CashFlowsFromInvestingActivitiesAbstract to InvestingActivitiesPurchaseOfBiologicalAssets" order="3.0"/>
    <link:loc xlink:type="locator" xlink:href="../../et-gaap-cor_2011-01-01.xsd#et-gaap_InvestingActivitiesProceedsFromSalesOfBiologicalAssets" xlink:label="InvestingActivitiesProceedsFromSalesOfBiologicalAssets" xlink:title="InvestingActivitiesProceedsFromSalesOfBiologicalAssets"/>
    <link:presentationArc xlink:type="arc" xlink:arcrole="http://www.xbrl.org/2003/arcrole/parent-child" xlink:from="CashFlowsFromInvestingActivitiesAbstract" xlink:to="InvestingActivitiesProceedsFromSalesOfBiologicalAssets" xlink:title="presentation: CashFlowsFromInvestingActivitiesAbstract to InvestingActivitiesProceedsFromSalesOfBiologicalAssets" order="4.0"/>
    <link:loc xlink:type="locator" xlink:href="../../et-gaap-cor_2011-01-01.xsd#et-gaap_CashFlowsFromFinancingActivitiesAbstract" xlink:label="CashFlowsFromFinancingActivitiesAbstract" xlink:title="CashFlowsFromFinancingActivitiesAbstract"/>
    <link:presentationArc xlink:type="arc" xlink:arcrole="http://www.xbrl.org/2003/arcrole/parent-child" xlink:from="StatementOfCashFlowsDirectMethod" xlink:to="CashFlowsFromFinancingActivitiesAbstract" xlink:title="presentation: StatementOfCashFlowsDirectMethod to CashFlowsFromFinancingActivitiesAbstract" use="optional" order="3.0"/>
    <link:loc xlink:type="locator" xlink:href="../../et-gaap-cor_2011-01-01.xsd#et-gaap_FinancingActivitiesLoansReceived" xlink:label="FinancingActivitiesLoansReceived" xlink:title="FinancingActivitiesLoansReceived"/>
    <link:presentationArc xlink:type="arc" xlink:arcrole="http://www.xbrl.org/2003/arcrole/parent-child" xlink:from="CashFlowsFromFinancingActivitiesAbstract" xlink:to="FinancingActivitiesLoansReceived" xlink:title="presentation: CashFlowsFromFinancingActivitiesAbstract to FinancingActivitiesLoansReceived" use="optional" order="1.0"/>
    <link:loc xlink:type="locator" xlink:href="../../et-gaap-cor_2011-01-01.xsd#et-gaap_FinancingActivitiesRepaymentsOfLoansReceived" xlink:label="FinancingActivitiesRepaymentsOfLoansReceived" xlink:title="FinancingActivitiesRepaymentsOfLoansReceived"/>
    <link:presentationArc xlink:type="arc" xlink:arcrole="http://www.xbrl.org/2003/arcrole/parent-child" xlink:from="CashFlowsFromFinancingActivitiesAbstract" xlink:to="FinancingActivitiesRepaymentsOfLoansReceived" xlink:title="presentation: CashFlowsFromFinancingActivitiesAbstract to FinancingActivitiesRepaymentsOfLoansReceived" use="optional" order="2.0"/>
    <link:loc xlink:type="locator" xlink:href="../../et-gaap-cor_2011-01-01.xsd#et-gaap_FinancingActivitiesProceedsFromOverdraft" xlink:label="FinancingActivitiesProceedsFromOverdraft" xlink:title="FinancingActivitiesProceedsFromOverdraft"/>
    <link:presentationArc xlink:type="arc" xlink:arcrole="http://www.xbrl.org/2003/arcrole/parent-child" xlink:from="CashFlowsFromFinancingActivitiesAbstract" xlink:to="FinancingActivitiesProceedsFromOverdraft" xlink:title="presentation: CashFlowsFromFinancingActivitiesAbstract to FinancingActivitiesProceedsFromOverdraft" use="optional" order="3.0"/>
    <link:loc xlink:type="locator" xlink:href="../../et-gaap-cor_2011-01-01.xsd#et-gaap_FinancingActivitiesProceedsFromFinanceLease" xlink:label="FinancingActivitiesProceedsFromFinanceLease" xlink:title="FinancingActivitiesProceedsFromFinanceLease"/>
    <link:presentationArc xlink:type="arc" xlink:arcrole="http://www.xbrl.org/2003/arcrole/parent-child" xlink:from="CashFlowsFromFinancingActivitiesAbstract" xlink:to="FinancingActivitiesProceedsFromFinanceLease" xlink:title="presentation: CashFlowsFromFinancingActivitiesAbstract to FinancingActivitiesProceedsFromFinanceLease" use="optional" order="4.0"/>
    <link:loc xlink:type="locator" xlink:href="../../et-gaap-cor_2011-01-01.xsd#et-gaap_FinancingActivitiesIntrestPaid" xlink:label="FinancingActivitiesIntrestPaid" xlink:title="FinancingActivitiesIntrestPaid"/>
    <link:presentationArc xlink:type="arc" xlink:arcrole="http://www.xbrl.org/2003/arcrole/parent-child" xlink:from="CashFlowsFromFinancingActivitiesAbstract" xlink:to="FinancingActivitiesIntrestPaid" xlink:title="presentation: CashFlowsFromFinancingActivitiesAbstract to FinancingActivitiesIntrestPaid" use="optional" order="5.0"/>
    <link:loc xlink:type="locator" xlink:href="../../et-gaap-cor_2011-01-01.xsd#et-gaap_OtherCashInflowsFromFinancingActivities" xlink:label="OtherCashInflowsFromFinancingActivities" xlink:title="OtherCashInflowsFromFinancingActivities"/>
    <link:presentationArc xlink:type="arc" xlink:arcrole="http://www.xbrl.org/2003/arcrole/parent-child" xlink:from="CashFlowsFromFinancingActivitiesAbstract" xlink:to="OtherCashInflowsFromFinancingActivities" xlink:title="presentation: CashFlowsFromFinancingActivitiesAbstract to OtherCashInflowsFromFinancingActivities" use="optional" order="9.0"/>
    <link:loc xlink:type="locator" xlink:href="../../et-gaap-cor_2011-01-01.xsd#et-gaap_OtherCashOutflowsFromFinancingActivities" xlink:label="OtherCashOutflowsFromFinancingActivities" xlink:title="OtherCashOutflowsFromFinancingActivities"/>
    <link:presentationArc xlink:type="arc" xlink:arcrole="http://www.xbrl.org/2003/arcrole/parent-child" xlink:from="CashFlowsFromFinancingActivitiesAbstract" xlink:to="OtherCashOutflowsFromFinancingActivities" xlink:title="presentation: CashFlowsFromFinancingActivitiesAbstract to OtherCashOutflowsFromFinancingActivities" use="optional" order="10.0"/>
    <link:loc xlink:type="locator" xlink:href="../../et-gaap-cor_2011-01-01.xsd#et-gaap_CashFlowsFromFinancingActivities" xlink:label="CashFlowsFromFinancingActivities" xlink:title="CashFlowsFromFinancingActivities"/>
    <link:presentationArc xlink:type="arc" xlink:arcrole="http://www.xbrl.org/2003/arcrole/parent-child" xlink:from="CashFlowsFromFinancingActivitiesAbstract" xlink:to="CashFlowsFromFinancingActivities" xlink:title="presentation: CashFlowsFromFinancingActivitiesAbstract to CashFlowsFromFinancingActivities" use="optional" order="11.0" preferredLabel="http://www.xbrl.org/2003/role/totalLabel"/>
    <link:loc xlink:type="locator" xlink:href="../../et-gaap-cor_2011-01-01.xsd#et-gaap_FinancingActivitiesProceedsFromGrantsWithSpecialTerms" xlink:label="FinancingActivitiesProceedsFromGrantsWithSpecialTerms" xlink:title="FinancingActivitiesProceedsFromGrantsWithSpecialTerms"/>
    <link:presentationArc xlink:type="arc" xlink:arcrole="http://www.xbrl.org/2003/arcrole/parent-child" xlink:from="CashFlowsFromFinancingActivitiesAbstract" xlink:to="FinancingActivitiesProceedsFromGrantsWithSpecialTerms" xlink:title="presentation: CashFlowsFromFinancingActivitiesAbstract to FinancingActivitiesProceedsFromGrantsWithSpecialTerms" use="optional" order="6.0"/>
    <link:loc xlink:type="locator" xlink:href="../../et-gaap-cor_2011-01-01.xsd#et-gaap_FinancingActivitiesPaymentsToFoundationCapital" xlink:label="FinancingActivitiesPaymentsToFoundationCapital" xlink:title="FinancingActivitiesPaymentsToFoundationCapital"/>
    <link:presentationArc xlink:type="arc" xlink:arcrole="http://www.xbrl.org/2003/arcrole/parent-child" xlink:from="CashFlowsFromFinancingActivitiesAbstract" xlink:to="FinancingActivitiesPaymentsToFoundationCapital" xlink:title="presentation: CashFlowsFromFinancingActivitiesAbstract to FinancingActivitiesPaymentsToFoundationCapital" use="optional" order="7.0"/>
    <link:loc xlink:type="locator" xlink:href="../../et-gaap-cor_2011-01-01.xsd#et-gaap_FinancingActivitiesPaymentsTolssuedCapital" xlink:label="FinancingActivitiesPaymentsTolssuedCapital" xlink:title="FinancingActivitiesPaymentsTolssuedCapital"/>
    <link:presentationArc xlink:type="arc" xlink:arcrole="http://www.xbrl.org/2003/arcrole/parent-child" xlink:from="CashFlowsFromFinancingActivitiesAbstract" xlink:to="FinancingActivitiesPaymentsTolssuedCapital" xlink:title="presentation: CashFlowsFromFinancingActivitiesAbstract to FinancingActivitiesPaymentsTolssuedCapital" order="8.0"/>
    <link:loc xlink:type="locator" xlink:href="../../et-gaap-cor_2011-01-01.xsd#et-gaap_CashFlows" xlink:label="CashFlows" xlink:title="CashFlows"/>
    <link:presentationArc xlink:type="arc" xlink:arcrole="http://www.xbrl.org/2003/arcrole/parent-child" xlink:from="StatementOfCashFlowsDirectMethod" xlink:to="CashFlows" xlink:title="presentation: StatementOfCashFlowsDirectMethod to CashFlows" use="optional" order="4.0" preferredLabel="http://www.xbrl.org/2003/role/totalLabel"/>
    <link:loc xlink:type="locator" xlink:href="../../et-gaap-cor_2011-01-01.xsd#et-gaap_CashAndCashEquivalentsAtBeginningOfPeriod" xlink:label="CashAndCashEquivalentsAtBeginningOfPeriod" xlink:title="CashAndCashEquivalentsAtBeginningOfPeriod"/>
    <link:presentationArc xlink:type="arc" xlink:arcrole="http://www.xbrl.org/2003/arcrole/parent-child" xlink:from="StatementOfCashFlowsDirectMethod" xlink:to="CashAndCashEquivalentsAtBeginningOfPeriod" xlink:title="presentation: StatementOfCashFlowsDirectMethod to CashAndCashEquivalentsAtBeginningOfPeriod" use="optional" order="6.0"/>
    <link:loc xlink:type="locator" xlink:href="../../et-gaap-cor_2011-01-01.xsd#et-gaap_ChangeInCashAndCashEquivalents" xlink:label="ChangeInCashAndCashEquivalents" xlink:title="ChangeInCashAndCashEquivalents"/>
    <link:presentationArc xlink:type="arc" xlink:arcrole="http://www.xbrl.org/2003/arcrole/parent-child" xlink:from="StatementOfCashFlowsDirectMethod" xlink:to="ChangeInCashAndCashEquivalents" xlink:title="presentation: StatementOfCashFlowsDirectMethod to ChangeInCashAndCashEquivalents" use="optional" order="7.0"/>
    <link:loc xlink:type="locator" xlink:href="../../et-gaap-cor_2011-01-01.xsd#et-gaap_EffectOnExchangeRateChangesOnCashAndCashEquivalents" xlink:label="EffectOnExchangeRateChangesOnCashAndCashEquivalents" xlink:title="EffectOnExchangeRateChangesOnCashAndCashEquivalents"/>
    <link:presentationArc xlink:type="arc" xlink:arcrole="http://www.xbrl.org/2003/arcrole/parent-child" xlink:from="StatementOfCashFlowsDirectMethod" xlink:to="EffectOnExchangeRateChangesOnCashAndCashEquivalents" xlink:title="presentation: StatementOfCashFlowsDirectMethod to EffectOnExchangeRateChangesOnCashAndCashEquivalents" use="optional" order="8.0"/>
    <link:loc xlink:type="locator" xlink:href="../../et-gaap-cor_2011-01-01.xsd#et-gaap_CashAndCashEquivalentsAtEndOfPeriod" xlink:label="CashAndCashEquivalentsAtEndOfPeriod" xlink:title="CashAndCashEquivalentsAtEndOfPeriod"/>
    <link:presentationArc xlink:type="arc" xlink:arcrole="http://www.xbrl.org/2003/arcrole/parent-child" xlink:from="StatementOfCashFlowsDirectMethod" xlink:to="CashAndCashEquivalentsAtEndOfPeriod" xlink:title="presentation: StatementOfCashFlowsDirectMethod to CashAndCashEquivalentsAtEndOfPeriod" use="optional" order="9.0"/>
    <link:loc xlink:type="locator" xlink:href="../../et-gaap-cor_2011-01-01.xsd#et-gaap_StructureDurationAbstract" xlink:label="StructureDurationAbstract" xlink:title="StructureDurationAbstract"/>
    <link:presentationArc xlink:type="arc" xlink:arcrole="http://www.xbrl.org/2003/arcrole/parent-child" xlink:from="StatementOfCashFlowsDirectMethod" xlink:to="StructureDurationAbstract" xlink:title="presentation: StatementOfCashFlowsDirectMethod to StructureDurationAbstract" order="5.0"/>
  </link:presentationLink>
</link:linkbase>
