<?xml version="1.0" encoding="UTF-8"?>
<!--
**************************************************************
et-gaap Taxonomy: 2011-01-01 (Final)

Copyright (C) 2010 Centre of Registers and Information Systems
**************************************************************
-->
<link:linkbase xmlns:xsi="http://www.w3.org/2001/XMLSchema-instance" xsi:schemaLocation="http://www.xbrl.org/2003/linkbase http://www.xbrl.org/2003/xbrl-linkbase-2003-12-31.xsd" xmlns:link="http://www.xbrl.org/2003/linkbase" xmlns:xlink="http://www.w3.org/1999/xlink">
  <link:roleRef roleURI="http://xbrl.eesti.ee/role/et-gaap_2011-01-01/NoteOtherPayables_role-825000" xlink:type="simple" xlink:href="role-825000.xsd#NoteOtherPayables_role-825000"/>
  <link:calculationLink xlink:type="extended" xlink:role="http://xbrl.eesti.ee/role/et-gaap_2011-01-01/NoteOtherPayables_role-825000">
    <link:loc xlink:type="locator" xlink:href="../../et-gaap-cor_2011-01-01.xsd#et-gaap_OtherPayablesTotal" xlink:label="OtherPayablesTotal" xlink:title="OtherPayablesTotal"/>
    <link:loc xlink:type="locator" xlink:href="../../et-gaap-cor_2011-01-01.xsd#et-gaap_InterestPayables" xlink:label="InterestPayables" xlink:title="InterestPayables"/>
    <link:calculationArc xlink:type="arc" xlink:arcrole="http://www.xbrl.org/2003/arcrole/summation-item" xlink:from="OtherPayablesTotal" xlink:to="InterestPayables" xlink:title="calculation: OtherPayablesTotal to InterestPayables" order="1.0" weight="1.0"/>
    <link:loc xlink:type="locator" xlink:href="../../et-gaap-cor_2011-01-01.xsd#et-gaap_OtherAccruedExpenses" xlink:label="OtherAccruedExpenses" xlink:title="OtherAccruedExpenses"/>
    <link:calculationArc xlink:type="arc" xlink:arcrole="http://www.xbrl.org/2003/arcrole/summation-item" xlink:from="OtherPayablesTotal" xlink:to="OtherAccruedExpenses" xlink:title="calculation: OtherPayablesTotal to OtherAccruedExpenses" order="3.0" weight="1.0"/>
    <link:loc xlink:type="locator" xlink:href="../../et-gaap-cor_2011-01-01.xsd#et-gaap_DividendPayables" xlink:label="DividendPayables" xlink:title="DividendPayables"/>
    <link:calculationArc xlink:type="arc" xlink:arcrole="http://www.xbrl.org/2003/arcrole/summation-item" xlink:from="OtherPayablesTotal" xlink:to="DividendPayables" xlink:title="calculation: OtherPayablesTotal to DividendPayables" order="2.0" weight="1.0"/>
    <link:loc xlink:type="locator" xlink:href="../../et-gaap-cor_2011-01-01.xsd#et-gaap_OtherPayables" xlink:label="OtherPayables" xlink:title="OtherPayables"/>
    <link:calculationArc xlink:type="arc" xlink:arcrole="http://www.xbrl.org/2003/arcrole/summation-item" xlink:from="OtherPayablesTotal" xlink:to="OtherPayables" xlink:title="calculation: OtherPayablesTotal to OtherPayables" order="4.0" weight="1.0"/>
  </link:calculationLink>
</link:linkbase>
