<?xml version="1.0" encoding="UTF-8"?>
<!--
**************************************************************
et-gaap Taxonomy: 2011-01-01 (Final)

Copyright (C) 2010 Centre of Registers and Information Systems
**************************************************************
-->
<link:linkbase xmlns:xsi="http://www.w3.org/2001/XMLSchema-instance" xsi:schemaLocation="http://www.xbrl.org/2003/linkbase http://www.xbrl.org/2003/xbrl-linkbase-2003-12-31.xsd" xmlns:link="http://www.xbrl.org/2003/linkbase" xmlns:xlink="http://www.w3.org/1999/xlink" xmlns:xbrldt="http://xbrl.org/2005/xbrldt">
  <link:roleRef roleURI="http://xbrl.eesti.ee/role/et-gaap_2011-01-01/NoteOtherPayables_role-825000" xlink:type="simple" xlink:href="role-825000.xsd#NoteOtherPayables_role-825000"/>
  <link:presentationLink xlink:type="extended" xlink:role="http://xbrl.eesti.ee/role/et-gaap_2011-01-01/NoteOtherPayables_role-825000">
    <link:loc xlink:type="locator" xlink:href="../../et-gaap-cor_2011-01-01.xsd#et-gaap_AllocationByRemainingMaturityHypercube" xlink:label="AllocationByRemainingMaturityHypercube" xlink:title="AllocationByRemainingMaturityHypercube"/>
    <link:loc xlink:type="locator" xlink:href="../../et-gaap-cor_2011-01-01.xsd#et-gaap_AllocationByRemainingMaturityDimension" xlink:label="AllocationByRemainingMaturityDimension" xlink:title="AllocationByRemainingMaturityDimension"/>
    <link:presentationArc xlink:type="arc" xlink:arcrole="http://www.xbrl.org/2003/arcrole/parent-child" xlink:from="AllocationByRemainingMaturityHypercube" xlink:to="AllocationByRemainingMaturityDimension" xlink:title="presentation: AllocationByRemainingMaturityHypercube to AllocationByRemainingMaturityDimension" use="optional" order="1.0" xbrldt:targetRole="http://www.eesti.ee/xbrl/et-gaap_2011-01-01/role/AllocationByRemainingMaturity"/>
    <link:loc xlink:type="locator" xlink:href="../../et-gaap-cor_2011-01-01.xsd#et-gaap_NoteOtherPayablesAbstract" xlink:label="NoteOtherPayablesAbstract" xlink:title="NoteOtherPayablesAbstract"/>
    <link:loc xlink:type="locator" xlink:href="../../et-gaap-cor_2011-01-01.xsd#et-gaap_OtherPayablesAbstract" xlink:label="OtherPayablesAbstract" xlink:title="OtherPayablesAbstract"/>
    <link:presentationArc xlink:type="arc" xlink:arcrole="http://www.xbrl.org/2003/arcrole/parent-child" xlink:from="NoteOtherPayablesAbstract" xlink:to="OtherPayablesAbstract" xlink:title="presentation: NoteOtherPayablesAbstract to OtherPayablesAbstract" use="optional" order="1.0"/>
    <link:loc xlink:type="locator" xlink:href="../../et-gaap-cor_2011-01-01.xsd#et-gaap_InterestPayables" xlink:label="InterestPayables" xlink:title="InterestPayables"/>
    <link:presentationArc xlink:type="arc" xlink:arcrole="http://www.xbrl.org/2003/arcrole/parent-child" xlink:from="OtherPayablesAbstract" xlink:to="InterestPayables" xlink:title="presentation: OtherPayablesAbstract to InterestPayables" use="optional" order="1.0"/>
    <link:loc xlink:type="locator" xlink:href="../../et-gaap-cor_2011-01-01.xsd#et-gaap_OtherAccruedExpenses" xlink:label="OtherAccruedExpenses" xlink:title="OtherAccruedExpenses"/>
    <link:presentationArc xlink:type="arc" xlink:arcrole="http://www.xbrl.org/2003/arcrole/parent-child" xlink:from="OtherPayablesAbstract" xlink:to="OtherAccruedExpenses" xlink:title="presentation: OtherPayablesAbstract to OtherAccruedExpenses" use="optional" order="3.0"/>
    <link:loc xlink:type="locator" xlink:href="../../et-gaap-cor_2011-01-01.xsd#et-gaap_OtherPayables" xlink:label="OtherPayables" xlink:title="OtherPayables"/>
    <link:presentationArc xlink:type="arc" xlink:arcrole="http://www.xbrl.org/2003/arcrole/parent-child" xlink:from="OtherPayablesAbstract" xlink:to="OtherPayables" xlink:title="presentation: OtherPayablesAbstract to OtherPayables" use="optional" order="4.0"/>
    <link:loc xlink:type="locator" xlink:href="../../et-gaap-cor_2011-01-01.xsd#et-gaap_OtherPayablesTotal" xlink:label="OtherPayablesTotal" xlink:title="OtherPayablesTotal"/>
    <link:presentationArc xlink:type="arc" xlink:arcrole="http://www.xbrl.org/2003/arcrole/parent-child" xlink:from="OtherPayablesAbstract" xlink:to="OtherPayablesTotal" xlink:title="presentation: OtherPayablesAbstract to OtherPayablesTotal" use="optional" order="5.0"/>
    <link:presentationArc xlink:type="arc" xlink:arcrole="http://www.xbrl.org/2003/arcrole/parent-child" xlink:from="OtherPayablesAbstract" xlink:to="AllocationByRemainingMaturityHypercube" xlink:title="presentation: OtherPayablesAbstract to AllocationByRemainingMaturityHypercube" use="optional" order="6.0" xbrldt:contextElement="scenario"/>
    <link:loc xlink:type="locator" xlink:href="../../et-gaap-cor_2011-01-01.xsd#et-gaap_DividendPayables" xlink:label="DividendPayables" xlink:title="DividendPayables"/>
    <link:presentationArc xlink:type="arc" xlink:arcrole="http://www.xbrl.org/2003/arcrole/parent-child" xlink:from="OtherPayablesAbstract" xlink:to="DividendPayables" xlink:title="presentation: OtherPayablesAbstract to DividendPayables" order="2.0"/>
    <link:loc xlink:type="locator" xlink:href="../../et-gaap-cor_2011-01-01.xsd#et-gaap_NoteOtherPayables" xlink:label="NoteOtherPayables" xlink:title="NoteOtherPayables"/>
    <link:presentationArc xlink:type="arc" xlink:arcrole="http://www.xbrl.org/2003/arcrole/parent-child" xlink:from="NoteOtherPayablesAbstract" xlink:to="NoteOtherPayables" xlink:title="presentation: NoteOtherPayablesAbstract to NoteOtherPayables" use="optional" order="2.0"/>
  </link:presentationLink>
</link:linkbase>
