<?xml version="1.0" encoding="UTF-8"?>
<!--
**************************************************************
et-gaap Taxonomy: 2011-01-01 (Final)

Copyright (C) 2010 Centre of Registers and Information Systems
**************************************************************
-->
<link:linkbase xmlns:xsi="http://www.w3.org/2001/XMLSchema-instance" xsi:schemaLocation="http://www.xbrl.org/2003/linkbase http://www.xbrl.org/2003/xbrl-linkbase-2003-12-31.xsd" xmlns:link="http://www.xbrl.org/2003/linkbase" xmlns:et-gaap="http://xbrl.eesti.ee/role/et-gaap_2011-01-01/" xmlns:xlink="http://www.w3.org/1999/xlink" xmlns:xbrli="http://www.xbrl.org/2003/instance">
  <link:roleRef roleURI="http://xbrl.eesti.ee/role/et-gaap_2011-01-01/NoteSharesOfAssociatesCalculation_role-809100" xlink:type="simple" xlink:href="role-809000.xsd#NoteSharesOfAssociatesCalculation_role-809100"/>
  <link:calculationLink xlink:type="extended" xlink:role="http://xbrl.eesti.ee/role/et-gaap_2011-01-01/NoteSharesOfAssociatesCalculation_role-809100">
    <link:loc xlink:type="locator" xlink:href="../../et-gaap-cor_2011-01-01.xsd#et-gaap_TotalSharesOfAssociatesAtEndOfPeriod" xlink:label="TotalSharesOfAssociatesAtEndOfPeriod" xlink:title="TotalSharesOfAssociatesAtEndOfPeriod"/>
    <link:loc xlink:type="locator" xlink:href="../../et-gaap-cor_2011-01-01.xsd#et-gaap_TotalSharesOfAssociatesAcquisition" xlink:label="TotalSharesOfAssociatesAcquisition" xlink:title="TotalSharesOfAssociatesAcquisition"/>
    <link:calculationArc xlink:type="arc" xlink:arcrole="http://www.xbrl.org/2003/arcrole/summation-item" xlink:from="TotalSharesOfAssociatesAtEndOfPeriod" xlink:to="TotalSharesOfAssociatesAcquisition" xlink:title="calculation: TotalSharesOfAssociatesAtEndOfPeriod to TotalSharesOfAssociatesAcquisition" order="1.0" weight="1.0"/>
    <link:loc xlink:type="locator" xlink:href="../../et-gaap-cor_2011-01-01.xsd#et-gaap_SharesOfAssociatesAcquisition" xlink:label="SharesOfAssociatesAcquisition" xlink:title="SharesOfAssociatesAcquisition"/>
    <link:calculationArc xlink:type="arc" xlink:arcrole="http://www.xbrl.org/2003/arcrole/summation-item" xlink:from="TotalSharesOfAssociatesAcquisition" xlink:to="SharesOfAssociatesAcquisition" xlink:title="calculation: TotalSharesOfAssociatesAcquisition to SharesOfAssociatesAcquisition" order="1.0" weight="1.0"/>
    <link:loc xlink:type="locator" xlink:href="../../et-gaap-cor_2011-01-01.xsd#et-gaap_TotalSharesOfAssociatesDisposal" xlink:label="TotalSharesOfAssociatesDisposal" xlink:title="TotalSharesOfAssociatesDisposal"/>
    <link:calculationArc xlink:type="arc" xlink:arcrole="http://www.xbrl.org/2003/arcrole/summation-item" xlink:from="TotalSharesOfAssociatesAtEndOfPeriod" xlink:to="TotalSharesOfAssociatesDisposal" xlink:title="calculation: TotalSharesOfAssociatesAtEndOfPeriod to TotalSharesOfAssociatesDisposal" order="2.0" weight="1.0"/>
    <link:loc xlink:type="locator" xlink:href="../../et-gaap-cor_2011-01-01.xsd#et-gaap_SharesOfAssociatesDisposal" xlink:label="SharesOfAssociatesDisposal" xlink:title="SharesOfAssociatesDisposal"/>
    <link:calculationArc xlink:type="arc" xlink:arcrole="http://www.xbrl.org/2003/arcrole/summation-item" xlink:from="TotalSharesOfAssociatesDisposal" xlink:to="SharesOfAssociatesDisposal" xlink:title="calculation: TotalSharesOfAssociatesDisposal to SharesOfAssociatesDisposal" order="1.0" weight="1.0"/>
    <link:loc xlink:type="locator" xlink:href="../../et-gaap-cor_2011-01-01.xsd#et-gaap_TotalSharesOfAssociatesDividends" xlink:label="TotalSharesOfAssociatesDividends" xlink:title="TotalSharesOfAssociatesDividends"/>
    <link:calculationArc xlink:type="arc" xlink:arcrole="http://www.xbrl.org/2003/arcrole/summation-item" xlink:from="TotalSharesOfAssociatesAtEndOfPeriod" xlink:to="TotalSharesOfAssociatesDividends" xlink:title="calculation: TotalSharesOfAssociatesAtEndOfPeriod to TotalSharesOfAssociatesDividends" order="3.0" weight="1.0"/>
    <link:loc xlink:type="locator" xlink:href="../../et-gaap-cor_2011-01-01.xsd#et-gaap_SharesOfAssociatesDividends" xlink:label="SharesOfAssociatesDividends" xlink:title="SharesOfAssociatesDividends"/>
    <link:calculationArc xlink:type="arc" xlink:arcrole="http://www.xbrl.org/2003/arcrole/summation-item" xlink:from="TotalSharesOfAssociatesDividends" xlink:to="SharesOfAssociatesDividends" xlink:title="calculation: TotalSharesOfAssociatesDividends to SharesOfAssociatesDividends" order="1.0" weight="1.0"/>
    <link:loc xlink:type="locator" xlink:href="../../et-gaap-cor_2011-01-01.xsd#et-gaap_TotalSharesOfAssociatesProfitLossByEquityMethod" xlink:label="TotalSharesOfAssociatesProfitLossByEquityMethod" xlink:title="TotalSharesOfAssociatesProfitLossByEquityMethod"/>
    <link:calculationArc xlink:type="arc" xlink:arcrole="http://www.xbrl.org/2003/arcrole/summation-item" xlink:from="TotalSharesOfAssociatesAtEndOfPeriod" xlink:to="TotalSharesOfAssociatesProfitLossByEquityMethod" xlink:title="calculation: TotalSharesOfAssociatesAtEndOfPeriod to TotalSharesOfAssociatesProfitLossByEquityMethod" order="4.0" weight="1.0"/>
    <link:loc xlink:type="locator" xlink:href="../../et-gaap-cor_2011-01-01.xsd#et-gaap_SharesOfAssociatesProfitLossByEquityMethod" xlink:label="SharesOfAssociatesProfitLossByEquityMethod" xlink:title="SharesOfAssociatesProfitLossByEquityMethod"/>
    <link:calculationArc xlink:type="arc" xlink:arcrole="http://www.xbrl.org/2003/arcrole/summation-item" xlink:from="TotalSharesOfAssociatesProfitLossByEquityMethod" xlink:to="SharesOfAssociatesProfitLossByEquityMethod" xlink:title="calculation: TotalSharesOfAssociatesProfitLossByEquityMethod to SharesOfAssociatesProfitLossByEquityMethod" order="1.0" weight="1.0"/>
    <link:loc xlink:type="locator" xlink:href="../../et-gaap-cor_2011-01-01.xsd#et-gaap_TotalSharesOfAssociatesOtherChanges" xlink:label="TotalSharesOfAssociatesOtherChanges" xlink:title="TotalSharesOfAssociatesOtherChanges"/>
    <link:calculationArc xlink:type="arc" xlink:arcrole="http://www.xbrl.org/2003/arcrole/summation-item" xlink:from="TotalSharesOfAssociatesAtEndOfPeriod" xlink:to="TotalSharesOfAssociatesOtherChanges" xlink:title="calculation: TotalSharesOfAssociatesAtEndOfPeriod to TotalSharesOfAssociatesOtherChanges" order="5.0" weight="1.0"/>
    <link:loc xlink:type="locator" xlink:href="../../et-gaap-cor_2011-01-01.xsd#et-gaap_SharesOfAssociatesOtherChanges" xlink:label="SharesOfAssociatesOtherChanges" xlink:title="SharesOfAssociatesOtherChanges"/>
    <link:calculationArc xlink:type="arc" xlink:arcrole="http://www.xbrl.org/2003/arcrole/summation-item" xlink:from="TotalSharesOfAssociatesOtherChanges" xlink:to="SharesOfAssociatesOtherChanges" xlink:title="calculation: TotalSharesOfAssociatesOtherChanges to SharesOfAssociatesOtherChanges" order="1.0" weight="1.0"/>
    <link:loc xlink:type="locator" xlink:href="../../et-gaap-cor_2011-01-01.xsd#et-gaap_TotalSharesOfAssociatesAtEndOfPreviousPeriod" xlink:label="TotalSharesOfAssociatesAtEndOfPreviousPeriod" xlink:title="TotalSharesOfAssociatesAtEndOfPreviousPeriod"/>
    <link:calculationArc xlink:type="arc" xlink:arcrole="http://www.xbrl.org/2003/arcrole/summation-item" xlink:from="TotalSharesOfAssociatesAtEndOfPeriod" xlink:to="TotalSharesOfAssociatesAtEndOfPreviousPeriod" xlink:title="calculation: TotalSharesOfAssociatesAtEndOfPeriod to TotalSharesOfAssociatesAtEndOfPreviousPeriod" order="6.0" weight="1.0"/>
    <link:loc xlink:type="locator" xlink:href="../../et-gaap-cor_2011-01-01.xsd#et-gaap_SharesOfAssociatesAtEndOfPreviousPeriod" xlink:label="SharesOfAssociatesAtEndOfPreviousPeriod" xlink:title="SharesOfAssociatesAtEndOfPreviousPeriod"/>
    <link:calculationArc xlink:type="arc" xlink:arcrole="http://www.xbrl.org/2003/arcrole/summation-item" xlink:from="TotalSharesOfAssociatesAtEndOfPreviousPeriod" xlink:to="SharesOfAssociatesAtEndOfPreviousPeriod" xlink:title="calculation: TotalSharesOfAssociatesAtEndOfPreviousPeriod to SharesOfAssociatesAtEndOfPreviousPeriod" order="1.0" weight="1.0"/>
  </link:calculationLink>
</link:linkbase>
