<?xml version="1.0" encoding="UTF-8"?>
<!--
**************************************************************
et-gaap Taxonomy: 2011-01-01 (Final)

Copyright (C) 2010 Centre of Registers and Information Systems
**************************************************************
-->
<link:linkbase xmlns:xsi="http://www.w3.org/2001/XMLSchema-instance" xsi:schemaLocation="http://www.xbrl.org/2003/linkbase http://www.xbrl.org/2003/xbrl-linkbase-2003-12-31.xsd" xmlns:link="http://www.xbrl.org/2003/linkbase" xmlns:xlink="http://www.w3.org/1999/xlink" xmlns:xbrldt="http://xbrl.org/2005/xbrldt">
  <link:roleRef roleURI="http://xbrl.eesti.ee/role/et-gaap_2011-01-01/NoteSharesOfAssociate_role-809000" xlink:type="simple" xlink:href="role-809000.xsd#NoteSharesOfAssociate_role-809000"/>
  <link:presentationLink xlink:type="extended" xlink:role="http://xbrl.eesti.ee/role/et-gaap_2011-01-01/NoteSharesOfAssociate_role-809000">
    <link:loc xlink:type="locator" xlink:href="../../et-gaap-cor_2011-01-01.xsd#et-gaap_OwnershipInterestAbstract" xlink:label="OwnershipInterestAbstract" xlink:title="OwnershipInterestAbstract"/>
    <link:loc xlink:type="locator" xlink:href="../../et-gaap-cor_2011-01-01.xsd#et-gaap_OwnershipInterestAtEndOfPreviousPeriod" xlink:label="OwnershipInterestAtEndOfPreviousPeriod" xlink:title="OwnershipInterestAtEndOfPreviousPeriod"/>
    <link:presentationArc xlink:type="arc" xlink:arcrole="http://www.xbrl.org/2003/arcrole/parent-child" xlink:from="OwnershipInterestAbstract" xlink:to="OwnershipInterestAtEndOfPreviousPeriod" xlink:title="presentation: OwnershipInterestAbstract to OwnershipInterestAtEndOfPreviousPeriod" use="optional" order="1.0"/>
    <link:loc xlink:type="locator" xlink:href="../../et-gaap-cor_2011-01-01.xsd#et-gaap_OwnershipInterestAtEndOfPeriod" xlink:label="OwnershipInterestAtEndOfPeriod" xlink:title="OwnershipInterestAtEndOfPeriod"/>
    <link:presentationArc xlink:type="arc" xlink:arcrole="http://www.xbrl.org/2003/arcrole/parent-child" xlink:from="OwnershipInterestAbstract" xlink:to="OwnershipInterestAtEndOfPeriod" xlink:title="presentation: OwnershipInterestAbstract to OwnershipInterestAtEndOfPeriod" use="optional" order="2.0"/>
    <link:loc xlink:type="locator" xlink:href="../../et-gaap-cor_2011-01-01.xsd#et-gaap_NoteSharesOfAssociateAbstract" xlink:label="NoteSharesOfAssociateAbstract" xlink:title="NoteSharesOfAssociateAbstract"/>
    <link:loc xlink:type="locator" xlink:href="../../et-gaap-cor_2011-01-01.xsd#et-gaap_SharesOfAssociatesGeneralInformationTuple" xlink:label="SharesOfAssociatesGeneralInformationTuple" xlink:title="SharesOfAssociatesGeneralInformationTuple"/>
    <link:presentationArc xlink:type="arc" xlink:arcrole="http://www.xbrl.org/2003/arcrole/parent-child" xlink:from="NoteSharesOfAssociateAbstract" xlink:to="SharesOfAssociatesGeneralInformationTuple" xlink:title="presentation: NoteSharesOfAssociateAbstract to SharesOfAssociatesGeneralInformationTuple" order="1.0"/>
    <link:loc xlink:type="locator" xlink:href="../../et-gaap-cor_2011-01-01.xsd#et-gaap_NameOfAssociate" xlink:label="NameOfAssociate" xlink:title="NameOfAssociate"/>
    <link:presentationArc xlink:type="arc" xlink:arcrole="http://www.xbrl.org/2003/arcrole/parent-child" xlink:from="SharesOfAssociatesGeneralInformationTuple" xlink:to="NameOfAssociate" xlink:title="presentation: SharesOfAssociatesGeneralInformationTuple to NameOfAssociate" order="1.0"/>
    <link:loc xlink:type="locator" xlink:href="../../et-gaap-cor_2011-01-01.xsd#et-gaap_CountryOfIncorporation" xlink:label="CountryOfIncorporation" xlink:title="CountryOfIncorporation"/>
    <link:presentationArc xlink:type="arc" xlink:arcrole="http://www.xbrl.org/2003/arcrole/parent-child" xlink:from="SharesOfAssociatesGeneralInformationTuple" xlink:to="CountryOfIncorporation" xlink:title="presentation: SharesOfAssociatesGeneralInformationTuple to CountryOfIncorporation" use="optional" order="2.0"/>
    <link:loc xlink:type="locator" xlink:href="../../et-gaap-cor_2011-01-01.xsd#et-gaap_PricipalActivity" xlink:label="PricipalActivity" xlink:title="PricipalActivity"/>
    <link:presentationArc xlink:type="arc" xlink:arcrole="http://www.xbrl.org/2003/arcrole/parent-child" xlink:from="SharesOfAssociatesGeneralInformationTuple" xlink:to="PricipalActivity" xlink:title="presentation: SharesOfAssociatesGeneralInformationTuple to PricipalActivity" use="optional" order="3.0"/>
    <link:presentationArc xlink:type="arc" xlink:arcrole="http://www.xbrl.org/2003/arcrole/parent-child" xlink:from="SharesOfAssociatesGeneralInformationTuple" xlink:to="OwnershipInterestAbstract" xlink:title="presentation: SharesOfAssociatesGeneralInformationTuple to OwnershipInterestAbstract" use="optional" order="4.0"/>
    <link:loc xlink:type="locator" xlink:href="../../et-gaap-cor_2011-01-01.xsd#et-gaap_SharesOfAssociatesDetailedInformationAbstract" xlink:label="SharesOfAssociatesDetailedInformationAbstract" xlink:title="SharesOfAssociatesDetailedInformationAbstract"/>
    <link:presentationArc xlink:type="arc" xlink:arcrole="http://www.xbrl.org/2003/arcrole/parent-child" xlink:from="NoteSharesOfAssociateAbstract" xlink:to="SharesOfAssociatesDetailedInformationAbstract" xlink:title="presentation: NoteSharesOfAssociateAbstract to SharesOfAssociatesDetailedInformationAbstract" order="2.0"/>
    <link:loc xlink:type="locator" xlink:href="../../et-gaap-cor_2011-01-01.xsd#et-gaap_SharesOfAssociatesDetailedInformationTuple" xlink:label="SharesOfAssociatesDetailedInformationTuple" xlink:title="SharesOfAssociatesDetailedInformationTuple"/>
    <link:presentationArc xlink:type="arc" xlink:arcrole="http://www.xbrl.org/2003/arcrole/parent-child" xlink:from="SharesOfAssociatesDetailedInformationAbstract" xlink:to="SharesOfAssociatesDetailedInformationTuple" xlink:title="presentation: SharesOfAssociatesDetailedInformationAbstract to SharesOfAssociatesDetailedInformationTuple" order="1.0"/>
    <link:presentationArc xlink:type="arc" xlink:arcrole="http://www.xbrl.org/2003/arcrole/parent-child" xlink:from="SharesOfAssociatesDetailedInformationTuple" xlink:to="NameOfAssociate" xlink:title="presentation: SharesOfAssociatesDetailedInformationTuple to NameOfAssociate" order="1.0"/>
    <link:loc xlink:type="locator" xlink:href="../../et-gaap-cor_2011-01-01.xsd#et-gaap_SharesOfAssociatesAtEndOfPreviousPeriod" xlink:label="SharesOfAssociatesAtEndOfPreviousPeriod" xlink:title="SharesOfAssociatesAtEndOfPreviousPeriod"/>
    <link:presentationArc xlink:type="arc" xlink:arcrole="http://www.xbrl.org/2003/arcrole/parent-child" xlink:from="SharesOfAssociatesDetailedInformationTuple" xlink:to="SharesOfAssociatesAtEndOfPreviousPeriod" xlink:title="presentation: SharesOfAssociatesDetailedInformationTuple to SharesOfAssociatesAtEndOfPreviousPeriod" order="2.0"/>
    <link:loc xlink:type="locator" xlink:href="../../et-gaap-cor_2011-01-01.xsd#et-gaap_SharesOfAssociatesAcquisition" xlink:label="SharesOfAssociatesAcquisition" xlink:title="SharesOfAssociatesAcquisition"/>
    <link:presentationArc xlink:type="arc" xlink:arcrole="http://www.xbrl.org/2003/arcrole/parent-child" xlink:from="SharesOfAssociatesDetailedInformationTuple" xlink:to="SharesOfAssociatesAcquisition" xlink:title="presentation: SharesOfAssociatesDetailedInformationTuple to SharesOfAssociatesAcquisition" order="3.0"/>
    <link:loc xlink:type="locator" xlink:href="../../et-gaap-cor_2011-01-01.xsd#et-gaap_SharesOfAssociatesDisposal" xlink:label="SharesOfAssociatesDisposal" xlink:title="SharesOfAssociatesDisposal"/>
    <link:presentationArc xlink:type="arc" xlink:arcrole="http://www.xbrl.org/2003/arcrole/parent-child" xlink:from="SharesOfAssociatesDetailedInformationTuple" xlink:to="SharesOfAssociatesDisposal" xlink:title="presentation: SharesOfAssociatesDetailedInformationTuple to SharesOfAssociatesDisposal" order="4.0"/>
    <link:loc xlink:type="locator" xlink:href="../../et-gaap-cor_2011-01-01.xsd#et-gaap_SharesOfAssociatesDividends" xlink:label="SharesOfAssociatesDividends" xlink:title="SharesOfAssociatesDividends"/>
    <link:presentationArc xlink:type="arc" xlink:arcrole="http://www.xbrl.org/2003/arcrole/parent-child" xlink:from="SharesOfAssociatesDetailedInformationTuple" xlink:to="SharesOfAssociatesDividends" xlink:title="presentation: SharesOfAssociatesDetailedInformationTuple to SharesOfAssociatesDividends" order="5.0"/>
    <link:loc xlink:type="locator" xlink:href="../../et-gaap-cor_2011-01-01.xsd#et-gaap_SharesOfAssociatesProfitLossByEquityMethod" xlink:label="SharesOfAssociatesProfitLossByEquityMethod" xlink:title="SharesOfAssociatesProfitLossByEquityMethod"/>
    <link:presentationArc xlink:type="arc" xlink:arcrole="http://www.xbrl.org/2003/arcrole/parent-child" xlink:from="SharesOfAssociatesDetailedInformationTuple" xlink:to="SharesOfAssociatesProfitLossByEquityMethod" xlink:title="presentation: SharesOfAssociatesDetailedInformationTuple to SharesOfAssociatesProfitLossByEquityMethod" order="6.0"/>
    <link:loc xlink:type="locator" xlink:href="../../et-gaap-cor_2011-01-01.xsd#et-gaap_SharesOfAssociatesOtherChanges" xlink:label="SharesOfAssociatesOtherChanges" xlink:title="SharesOfAssociatesOtherChanges"/>
    <link:presentationArc xlink:type="arc" xlink:arcrole="http://www.xbrl.org/2003/arcrole/parent-child" xlink:from="SharesOfAssociatesDetailedInformationTuple" xlink:to="SharesOfAssociatesOtherChanges" xlink:title="presentation: SharesOfAssociatesDetailedInformationTuple to SharesOfAssociatesOtherChanges" order="7.0"/>
    <link:loc xlink:type="locator" xlink:href="../../et-gaap-cor_2011-01-01.xsd#et-gaap_SharesOfAssociatesAtEndOfPeriod" xlink:label="SharesOfAssociatesAtEndOfPeriod" xlink:title="SharesOfAssociatesAtEndOfPeriod"/>
    <link:presentationArc xlink:type="arc" xlink:arcrole="http://www.xbrl.org/2003/arcrole/parent-child" xlink:from="SharesOfAssociatesDetailedInformationTuple" xlink:to="SharesOfAssociatesAtEndOfPeriod" xlink:title="presentation: SharesOfAssociatesDetailedInformationTuple to SharesOfAssociatesAtEndOfPeriod" order="8.0"/>
    <link:loc xlink:type="locator" xlink:href="../../et-gaap-cor_2011-01-01.xsd#et-gaap_TotalSharesOfAssociatesAtEndOfPreviousPeriod" xlink:label="TotalSharesOfAssociatesAtEndOfPreviousPeriod" xlink:title="TotalSharesOfAssociatesAtEndOfPreviousPeriod"/>
    <link:presentationArc xlink:type="arc" xlink:arcrole="http://www.xbrl.org/2003/arcrole/parent-child" xlink:from="SharesOfAssociatesDetailedInformationAbstract" xlink:to="TotalSharesOfAssociatesAtEndOfPreviousPeriod" xlink:title="presentation: SharesOfAssociatesDetailedInformationAbstract to TotalSharesOfAssociatesAtEndOfPreviousPeriod" order="2.0"/>
    <link:loc xlink:type="locator" xlink:href="../../et-gaap-cor_2011-01-01.xsd#et-gaap_TotalSharesOfAssociatesAcquisition" xlink:label="TotalSharesOfAssociatesAcquisition" xlink:title="TotalSharesOfAssociatesAcquisition"/>
    <link:presentationArc xlink:type="arc" xlink:arcrole="http://www.xbrl.org/2003/arcrole/parent-child" xlink:from="SharesOfAssociatesDetailedInformationAbstract" xlink:to="TotalSharesOfAssociatesAcquisition" xlink:title="presentation: SharesOfAssociatesDetailedInformationAbstract to TotalSharesOfAssociatesAcquisition" order="3.0"/>
    <link:loc xlink:type="locator" xlink:href="../../et-gaap-cor_2011-01-01.xsd#et-gaap_TotalSharesOfAssociatesDisposal" xlink:label="TotalSharesOfAssociatesDisposal" xlink:title="TotalSharesOfAssociatesDisposal"/>
    <link:presentationArc xlink:type="arc" xlink:arcrole="http://www.xbrl.org/2003/arcrole/parent-child" xlink:from="SharesOfAssociatesDetailedInformationAbstract" xlink:to="TotalSharesOfAssociatesDisposal" xlink:title="presentation: SharesOfAssociatesDetailedInformationAbstract to TotalSharesOfAssociatesDisposal" order="4.0"/>
    <link:loc xlink:type="locator" xlink:href="../../et-gaap-cor_2011-01-01.xsd#et-gaap_TotalSharesOfAssociatesDividends" xlink:label="TotalSharesOfAssociatesDividends" xlink:title="TotalSharesOfAssociatesDividends"/>
    <link:presentationArc xlink:type="arc" xlink:arcrole="http://www.xbrl.org/2003/arcrole/parent-child" xlink:from="SharesOfAssociatesDetailedInformationAbstract" xlink:to="TotalSharesOfAssociatesDividends" xlink:title="presentation: SharesOfAssociatesDetailedInformationAbstract to TotalSharesOfAssociatesDividends" order="5.0"/>
    <link:loc xlink:type="locator" xlink:href="../../et-gaap-cor_2011-01-01.xsd#et-gaap_TotalSharesOfAssociatesProfitLossByEquityMethod" xlink:label="TotalSharesOfAssociatesProfitLossByEquityMethod" xlink:title="TotalSharesOfAssociatesProfitLossByEquityMethod"/>
    <link:presentationArc xlink:type="arc" xlink:arcrole="http://www.xbrl.org/2003/arcrole/parent-child" xlink:from="SharesOfAssociatesDetailedInformationAbstract" xlink:to="TotalSharesOfAssociatesProfitLossByEquityMethod" xlink:title="presentation: SharesOfAssociatesDetailedInformationAbstract to TotalSharesOfAssociatesProfitLossByEquityMethod" order="6.0"/>
    <link:loc xlink:type="locator" xlink:href="../../et-gaap-cor_2011-01-01.xsd#et-gaap_TotalSharesOfAssociatesOtherChanges" xlink:label="TotalSharesOfAssociatesOtherChanges" xlink:title="TotalSharesOfAssociatesOtherChanges"/>
    <link:presentationArc xlink:type="arc" xlink:arcrole="http://www.xbrl.org/2003/arcrole/parent-child" xlink:from="SharesOfAssociatesDetailedInformationAbstract" xlink:to="TotalSharesOfAssociatesOtherChanges" xlink:title="presentation: SharesOfAssociatesDetailedInformationAbstract to TotalSharesOfAssociatesOtherChanges" order="7.0"/>
    <link:loc xlink:type="locator" xlink:href="../../et-gaap-cor_2011-01-01.xsd#et-gaap_TotalSharesOfAssociatesAtEndOfPeriod" xlink:label="TotalSharesOfAssociatesAtEndOfPeriod" xlink:title="TotalSharesOfAssociatesAtEndOfPeriod"/>
    <link:presentationArc xlink:type="arc" xlink:arcrole="http://www.xbrl.org/2003/arcrole/parent-child" xlink:from="SharesOfAssociatesDetailedInformationAbstract" xlink:to="TotalSharesOfAssociatesAtEndOfPeriod" xlink:title="presentation: SharesOfAssociatesDetailedInformationAbstract to TotalSharesOfAssociatesAtEndOfPeriod" order="8.0"/>
    <link:loc xlink:type="locator" xlink:href="../../et-gaap-cor_2011-01-01.xsd#et-gaap_SharesOfAssociatesAcquiredOwnershipInterestsAbstract" xlink:label="SharesOfAssociatesAcquiredOwnershipInterestsAbstract" xlink:title="SharesOfAssociatesAcquiredOwnershipInterestsAbstract"/>
    <link:presentationArc xlink:type="arc" xlink:arcrole="http://www.xbrl.org/2003/arcrole/parent-child" xlink:from="NoteSharesOfAssociateAbstract" xlink:to="SharesOfAssociatesAcquiredOwnershipInterestsAbstract" xlink:title="presentation: NoteSharesOfAssociateAbstract to SharesOfAssociatesAcquiredOwnershipInterestsAbstract" order="3.0"/>
    <link:loc xlink:type="locator" xlink:href="../../et-gaap-cor_2011-01-01.xsd#et-gaap_SharesOfAssociatesAcquiredOwnershipInterestsTuple" xlink:label="SharesOfAssociatesAcquiredOwnershipInterestsTuple" xlink:title="SharesOfAssociatesAcquiredOwnershipInterestsTuple"/>
    <link:presentationArc xlink:type="arc" xlink:arcrole="http://www.xbrl.org/2003/arcrole/parent-child" xlink:from="SharesOfAssociatesAcquiredOwnershipInterestsAbstract" xlink:to="SharesOfAssociatesAcquiredOwnershipInterestsTuple" xlink:title="presentation: SharesOfAssociatesAcquiredOwnershipInterestsAbstract to SharesOfAssociatesAcquiredOwnershipInterestsTuple" order="1.0"/>
    <link:loc xlink:type="locator" xlink:href="../../et-gaap-cor_2011-01-01.xsd#et-gaap_SharesOfAssociatesAcquiredOwnershipInterest" xlink:label="SharesOfAssociatesAcquiredOwnershipInterest" xlink:title="SharesOfAssociatesAcquiredOwnershipInterest"/>
    <link:presentationArc xlink:type="arc" xlink:arcrole="http://www.xbrl.org/2003/arcrole/parent-child" xlink:from="SharesOfAssociatesAcquiredOwnershipInterestsTuple" xlink:to="SharesOfAssociatesAcquiredOwnershipInterest" xlink:title="presentation: SharesOfAssociatesAcquiredOwnershipInterestsTuple to SharesOfAssociatesAcquiredOwnershipInterest" order="2.0"/>
    <link:loc xlink:type="locator" xlink:href="../../et-gaap-cor_2011-01-01.xsd#et-gaap_SharesOfAssociatesAcquisitionDate" xlink:label="SharesOfAssociatesAcquisitionDate" xlink:title="SharesOfAssociatesAcquisitionDate"/>
    <link:presentationArc xlink:type="arc" xlink:arcrole="http://www.xbrl.org/2003/arcrole/parent-child" xlink:from="SharesOfAssociatesAcquiredOwnershipInterestsTuple" xlink:to="SharesOfAssociatesAcquisitionDate" xlink:title="presentation: SharesOfAssociatesAcquiredOwnershipInterestsTuple to SharesOfAssociatesAcquisitionDate" order="3.0"/>
    <link:loc xlink:type="locator" xlink:href="../../et-gaap-cor_2011-01-01.xsd#et-gaap_SharesOfAssociatesCostOfAcquiredOwnershipInterest" xlink:label="SharesOfAssociatesCostOfAcquiredOwnershipInterest" xlink:title="SharesOfAssociatesCostOfAcquiredOwnershipInterest"/>
    <link:presentationArc xlink:type="arc" xlink:arcrole="http://www.xbrl.org/2003/arcrole/parent-child" xlink:from="SharesOfAssociatesAcquiredOwnershipInterestsTuple" xlink:to="SharesOfAssociatesCostOfAcquiredOwnershipInterest" xlink:title="presentation: SharesOfAssociatesAcquiredOwnershipInterestsTuple to SharesOfAssociatesCostOfAcquiredOwnershipInterest" order="4.0"/>
    <link:presentationArc xlink:type="arc" xlink:arcrole="http://www.xbrl.org/2003/arcrole/parent-child" xlink:from="SharesOfAssociatesAcquiredOwnershipInterestsTuple" xlink:to="NameOfAssociate" xlink:title="presentation: SharesOfAssociatesAcquiredOwnershipInterestsTuple to NameOfAssociate" order="1.0"/>
    <link:loc xlink:type="locator" xlink:href="../../et-gaap-cor_2011-01-01.xsd#et-gaap_SharesOfAssociatesDisposedOwnershipInterestsAbstract" xlink:label="SharesOfAssociatesDisposedOwnershipInterestsAbstract" xlink:title="SharesOfAssociatesDisposedOwnershipInterestsAbstract"/>
    <link:presentationArc xlink:type="arc" xlink:arcrole="http://www.xbrl.org/2003/arcrole/parent-child" xlink:from="NoteSharesOfAssociateAbstract" xlink:to="SharesOfAssociatesDisposedOwnershipInterestsAbstract" xlink:title="presentation: NoteSharesOfAssociateAbstract to SharesOfAssociatesDisposedOwnershipInterestsAbstract" order="4.0"/>
    <link:loc xlink:type="locator" xlink:href="../../et-gaap-cor_2011-01-01.xsd#et-gaap_SharesOfAssociatesDisposedOwnershipInterestsTuple" xlink:label="SharesOfAssociatesDisposedOwnershipInterestsTuple" xlink:title="SharesOfAssociatesDisposedOwnershipInterestsTuple"/>
    <link:presentationArc xlink:type="arc" xlink:arcrole="http://www.xbrl.org/2003/arcrole/parent-child" xlink:from="SharesOfAssociatesDisposedOwnershipInterestsAbstract" xlink:to="SharesOfAssociatesDisposedOwnershipInterestsTuple" xlink:title="presentation: SharesOfAssociatesDisposedOwnershipInterestsAbstract to SharesOfAssociatesDisposedOwnershipInterestsTuple" order="1.0"/>
    <link:loc xlink:type="locator" xlink:href="../../et-gaap-cor_2011-01-01.xsd#et-gaap_SharesOfAssociatesDisposedOwnershipInterest" xlink:label="SharesOfAssociatesDisposedOwnershipInterest" xlink:title="SharesOfAssociatesDisposedOwnershipInterest"/>
    <link:presentationArc xlink:type="arc" xlink:arcrole="http://www.xbrl.org/2003/arcrole/parent-child" xlink:from="SharesOfAssociatesDisposedOwnershipInterestsTuple" xlink:to="SharesOfAssociatesDisposedOwnershipInterest" xlink:title="presentation: SharesOfAssociatesDisposedOwnershipInterestsTuple to SharesOfAssociatesDisposedOwnershipInterest" order="2.0"/>
    <link:loc xlink:type="locator" xlink:href="../../et-gaap-cor_2011-01-01.xsd#et-gaap_SharesOfAssociatesDisposedOwnershipInterestAtSellingPrice" xlink:label="SharesOfAssociatesDisposedOwnershipInterestAtSellingPrice" xlink:title="SharesOfAssociatesDisposedOwnershipInterestAtSellingPrice"/>
    <link:presentationArc xlink:type="arc" xlink:arcrole="http://www.xbrl.org/2003/arcrole/parent-child" xlink:from="SharesOfAssociatesDisposedOwnershipInterestsTuple" xlink:to="SharesOfAssociatesDisposedOwnershipInterestAtSellingPrice" xlink:title="presentation: SharesOfAssociatesDisposedOwnershipInterestsTuple to SharesOfAssociatesDisposedOwnershipInterestAtSellingPrice" order="3.0"/>
    <link:loc xlink:type="locator" xlink:href="../../et-gaap-cor_2011-01-01.xsd#et-gaap_SharesOfAssociatesSalesProfitLossOnDisposedOwnershipInterest" xlink:label="SharesOfAssociatesSalesProfitLossOnDisposedOwnershipInterest" xlink:title="SharesOfAssociatesSalesProfitLossOnDisposedOwnershipInterest"/>
    <link:presentationArc xlink:type="arc" xlink:arcrole="http://www.xbrl.org/2003/arcrole/parent-child" xlink:from="SharesOfAssociatesDisposedOwnershipInterestsTuple" xlink:to="SharesOfAssociatesSalesProfitLossOnDisposedOwnershipInterest" xlink:title="presentation: SharesOfAssociatesDisposedOwnershipInterestsTuple to SharesOfAssociatesSalesProfitLossOnDisposedOwnershipInterest" order="4.0"/>
    <link:presentationArc xlink:type="arc" xlink:arcrole="http://www.xbrl.org/2003/arcrole/parent-child" xlink:from="SharesOfAssociatesDisposedOwnershipInterestsTuple" xlink:to="NameOfAssociate" xlink:title="presentation: SharesOfAssociatesDisposedOwnershipInterestsTuple to NameOfAssociate" order="1.0"/>
    <link:loc xlink:type="locator" xlink:href="../../et-gaap-cor_2011-01-01.xsd#et-gaap_NoteSharesOfAssociates" xlink:label="NoteSharesOfAssociates" xlink:title="NoteSharesOfAssociates"/>
    <link:presentationArc xlink:type="arc" xlink:arcrole="http://www.xbrl.org/2003/arcrole/parent-child" xlink:from="NoteSharesOfAssociateAbstract" xlink:to="NoteSharesOfAssociates" xlink:title="presentation: NoteSharesOfAssociateAbstract to NoteSharesOfAssociates" order="5.0"/>
  </link:presentationLink>
</link:linkbase>
