<?xml version="1.0" encoding="UTF-8"?>
<!--
**************************************************************
et-gaap Taxonomy: 2011-01-01 (Final)

Copyright (C) 2010 Centre of Registers and Information Systems
**************************************************************
-->
<link:linkbase xmlns:xsi="http://www.w3.org/2001/XMLSchema-instance" xsi:schemaLocation="http://www.xbrl.org/2003/linkbase http://www.xbrl.org/2003/xbrl-linkbase-2003-12-31.xsd" xmlns:link="http://www.xbrl.org/2003/linkbase" xmlns:xlink="http://www.w3.org/1999/xlink">
  <link:roleRef roleURI="http://xbrl.eesti.ee/role/et-gaap_2011-01-01/StatementOfComprehensiveIncome_role-501000" xlink:type="simple" xlink:href="role-501000.xsd#StatementOfComprehensiveIncome_role-501000"/>
  <link:calculationLink xlink:type="extended" xlink:role="http://xbrl.eesti.ee/role/et-gaap_2011-01-01/StatementOfComprehensiveIncome_role-501000">
    <link:loc xlink:type="locator" xlink:href="../../et-gaap-cor_2011-01-01.xsd#et-gaap_StatementOfComprehensiveIncomeAnnualPeriodComprehensiveIncomeExpense" xlink:label="StatementOfComprehensiveIncomeAnnualPeriodComprehensiveIncomeExpense" xlink:title="StatementOfComprehensiveIncomeAnnualPeriodComprehensiveIncomeExpense"/>
    <link:loc xlink:type="locator" xlink:href="../../et-gaap-cor_2011-01-01.xsd#et-gaap_TotalOtherComprehensiveIncomeExpense" xlink:label="TotalOtherComprehensiveIncomeExpense" xlink:title="TotalOtherComprehensiveIncomeExpense"/>
    <link:calculationArc xlink:type="arc" xlink:arcrole="http://www.xbrl.org/2003/arcrole/summation-item" xlink:from="StatementOfComprehensiveIncomeAnnualPeriodComprehensiveIncomeExpense" xlink:to="TotalOtherComprehensiveIncomeExpense" xlink:title="calculation: StatementOfComprehensiveIncomeAnnualPeriodComprehensiveIncomeExpense to TotalOtherComprehensiveIncomeExpense" order="2.0" weight="1.0"/>
    <link:loc xlink:type="locator" xlink:href="../../et-gaap-cor_2011-01-01.xsd#et-gaap_FinancialAssetsRevaluationGainsLosses" xlink:label="FinancialAssetsRevaluationGainsLosses" xlink:title="FinancialAssetsRevaluationGainsLosses"/>
    <link:calculationArc xlink:type="arc" xlink:arcrole="http://www.xbrl.org/2003/arcrole/summation-item" xlink:from="TotalOtherComprehensiveIncomeExpense" xlink:to="FinancialAssetsRevaluationGainsLosses" xlink:title="calculation: TotalOtherComprehensiveIncomeExpense to FinancialAssetsRevaluationGainsLosses" use="optional" order="1.0" weight="1.0"/>
    <link:loc xlink:type="locator" xlink:href="../../et-gaap-cor_2011-01-01.xsd#et-gaap_HedgeInstrumentsRevaluationGainsLosses" xlink:label="HedgeInstrumentsRevaluationGainsLosses" xlink:title="HedgeInstrumentsRevaluationGainsLosses"/>
    <link:calculationArc xlink:type="arc" xlink:arcrole="http://www.xbrl.org/2003/arcrole/summation-item" xlink:from="TotalOtherComprehensiveIncomeExpense" xlink:to="HedgeInstrumentsRevaluationGainsLosses" xlink:title="calculation: TotalOtherComprehensiveIncomeExpense to HedgeInstrumentsRevaluationGainsLosses" use="optional" order="2.0" weight="1.0"/>
    <link:loc xlink:type="locator" xlink:href="../../et-gaap-cor_2011-01-01.xsd#et-gaap_EffectOnUnrealisedExchangeRateChanges" xlink:label="EffectOnUnrealisedExchangeRateChanges" xlink:title="EffectOnUnrealisedExchangeRateChanges"/>
    <link:calculationArc xlink:type="arc" xlink:arcrole="http://www.xbrl.org/2003/arcrole/summation-item" xlink:from="TotalOtherComprehensiveIncomeExpense" xlink:to="EffectOnUnrealisedExchangeRateChanges" xlink:title="calculation: TotalOtherComprehensiveIncomeExpense to EffectOnUnrealisedExchangeRateChanges" use="optional" order="3.0" weight="1.0"/>
    <link:loc xlink:type="locator" xlink:href="../../et-gaap-cor_2011-01-01.xsd#et-gaap_OtherComprehensiveIncomeExpense" xlink:label="OtherComprehensiveIncomeExpense" xlink:title="OtherComprehensiveIncomeExpense"/>
    <link:calculationArc xlink:type="arc" xlink:arcrole="http://www.xbrl.org/2003/arcrole/summation-item" xlink:from="TotalOtherComprehensiveIncomeExpense" xlink:to="OtherComprehensiveIncomeExpense" xlink:title="calculation: TotalOtherComprehensiveIncomeExpense to OtherComprehensiveIncomeExpense" use="optional" order="4.0" weight="1.0"/>
    <link:loc xlink:type="locator" xlink:href="../../et-gaap-cor_2011-01-01.xsd#et-gaap_AnnualPeriodProfitLoss2" xlink:label="AnnualPeriodProfitLoss2" xlink:title="AnnualPeriodProfitLoss2"/>
    <link:calculationArc xlink:type="arc" xlink:arcrole="http://www.xbrl.org/2003/arcrole/summation-item" xlink:from="StatementOfComprehensiveIncomeAnnualPeriodComprehensiveIncomeExpense" xlink:to="AnnualPeriodProfitLoss2" xlink:title="calculation: StatementOfComprehensiveIncomeAnnualPeriodComprehensiveIncomeExpense to AnnualPeriodProfitLoss2" order="1.0" weight="1.0"/>
  </link:calculationLink>
</link:linkbase>
