<?xml version="1.0" encoding="UTF-8"?>
<!--
**************************************************************
et-gaap Taxonomy: 2011-01-01 (Final)

Copyright (C) 2010 Centre of Registers and Information Systems
**************************************************************
-->
<link:linkbase xmlns:xsi="http://www.w3.org/2001/XMLSchema-instance" xsi:schemaLocation="http://www.xbrl.org/2003/linkbase http://www.xbrl.org/2003/xbrl-linkbase-2003-12-31.xsd" xmlns:link="http://www.xbrl.org/2003/linkbase" xmlns:xlink="http://www.w3.org/1999/xlink">
  <link:roleRef roleURI="http://xbrl.eesti.ee/role/et-gaap_2011-01-01/StatementOfComprehensiveIncome_role-501000" xlink:type="simple" xlink:href="role-501000.xsd#StatementOfComprehensiveIncome_role-501000"/>
  <link:arcroleRef arcroleURI="http://xbrl.org/int/dim/arcrole/domain-member" xlink:type="simple" xlink:href="http://www.xbrl.org/2005/xbrldt-2005.xsd#domain-member"/>
  <link:definitionLink xlink:type="extended" xlink:role="http://xbrl.eesti.ee/role/et-gaap_2011-01-01/StatementOfComprehensiveIncome_role-501000">
    <link:loc xlink:type="locator" xlink:href="../../et-gaap-cor_2011-01-01.xsd#et-gaap_StatementOfComprehensiveIncomeAbstract" xlink:label="StatementOfComprehensiveIncomeAbstract" xlink:title="StatementOfComprehensiveIncomeAbstract"/>
    <link:loc xlink:type="locator" xlink:href="../../et-gaap-cor_2011-01-01.xsd#et-gaap_TotalOtherComprehensiveIncomeExpenseAbstract" xlink:label="TotalOtherComprehensiveIncomeExpenseAbstract" xlink:title="TotalOtherComprehensiveIncomeExpenseAbstract"/>
    <link:definitionArc xlink:type="arc" xlink:arcrole="http://xbrl.org/int/dim/arcrole/domain-member" xlink:from="StatementOfComprehensiveIncomeAbstract" xlink:to="TotalOtherComprehensiveIncomeExpenseAbstract" xlink:title="definition: StatementOfComprehensiveIncomeAbstract to TotalOtherComprehensiveIncomeExpenseAbstract" order="2.0"/>
    <link:loc xlink:type="locator" xlink:href="../../et-gaap-cor_2011-01-01.xsd#et-gaap_FinancialAssetsRevaluationGainsLosses" xlink:label="FinancialAssetsRevaluationGainsLosses" xlink:title="FinancialAssetsRevaluationGainsLosses"/>
    <link:definitionArc xlink:type="arc" xlink:arcrole="http://xbrl.org/int/dim/arcrole/domain-member" xlink:from="TotalOtherComprehensiveIncomeExpenseAbstract" xlink:to="FinancialAssetsRevaluationGainsLosses" xlink:title="definition: TotalOtherComprehensiveIncomeExpenseAbstract to FinancialAssetsRevaluationGainsLosses" use="optional" order="1.0"/>
    <link:loc xlink:type="locator" xlink:href="../../et-gaap-cor_2011-01-01.xsd#et-gaap_HedgeInstrumentsRevaluationGainsLosses" xlink:label="HedgeInstrumentsRevaluationGainsLosses" xlink:title="HedgeInstrumentsRevaluationGainsLosses"/>
    <link:definitionArc xlink:type="arc" xlink:arcrole="http://xbrl.org/int/dim/arcrole/domain-member" xlink:from="TotalOtherComprehensiveIncomeExpenseAbstract" xlink:to="HedgeInstrumentsRevaluationGainsLosses" xlink:title="definition: TotalOtherComprehensiveIncomeExpenseAbstract to HedgeInstrumentsRevaluationGainsLosses" use="optional" order="2.0"/>
    <link:loc xlink:type="locator" xlink:href="../../et-gaap-cor_2011-01-01.xsd#et-gaap_EffectOnUnrealisedExchangeRateChanges" xlink:label="EffectOnUnrealisedExchangeRateChanges" xlink:title="EffectOnUnrealisedExchangeRateChanges"/>
    <link:definitionArc xlink:type="arc" xlink:arcrole="http://xbrl.org/int/dim/arcrole/domain-member" xlink:from="TotalOtherComprehensiveIncomeExpenseAbstract" xlink:to="EffectOnUnrealisedExchangeRateChanges" xlink:title="definition: TotalOtherComprehensiveIncomeExpenseAbstract to EffectOnUnrealisedExchangeRateChanges" use="optional" order="3.0"/>
    <link:loc xlink:type="locator" xlink:href="../../et-gaap-cor_2011-01-01.xsd#et-gaap_OtherComprehensiveIncomeExpense" xlink:label="OtherComprehensiveIncomeExpense" xlink:title="OtherComprehensiveIncomeExpense"/>
    <link:definitionArc xlink:type="arc" xlink:arcrole="http://xbrl.org/int/dim/arcrole/domain-member" xlink:from="TotalOtherComprehensiveIncomeExpenseAbstract" xlink:to="OtherComprehensiveIncomeExpense" xlink:title="definition: TotalOtherComprehensiveIncomeExpenseAbstract to OtherComprehensiveIncomeExpense" use="optional" order="4.0"/>
    <link:loc xlink:type="locator" xlink:href="../../et-gaap-cor_2011-01-01.xsd#et-gaap_TotalOtherComprehensiveIncomeExpense" xlink:label="TotalOtherComprehensiveIncomeExpense" xlink:title="TotalOtherComprehensiveIncomeExpense"/>
    <link:definitionArc xlink:type="arc" xlink:arcrole="http://xbrl.org/int/dim/arcrole/domain-member" xlink:from="TotalOtherComprehensiveIncomeExpenseAbstract" xlink:to="TotalOtherComprehensiveIncomeExpense" xlink:title="definition: TotalOtherComprehensiveIncomeExpenseAbstract to TotalOtherComprehensiveIncomeExpense" order="5.0"/>
    <link:loc xlink:type="locator" xlink:href="../../et-gaap-cor_2011-01-01.xsd#et-gaap_StatementOfComprehensiveIncomeAnnualPeriodComprehensiveIncomeExpense" xlink:label="StatementOfComprehensiveIncomeAnnualPeriodComprehensiveIncomeExpense" xlink:title="StatementOfComprehensiveIncomeAnnualPeriodComprehensiveIncomeExpense"/>
    <link:definitionArc xlink:type="arc" xlink:arcrole="http://xbrl.org/int/dim/arcrole/domain-member" xlink:from="StatementOfComprehensiveIncomeAbstract" xlink:to="StatementOfComprehensiveIncomeAnnualPeriodComprehensiveIncomeExpense" xlink:title="definition: StatementOfComprehensiveIncomeAbstract to StatementOfComprehensiveIncomeAnnualPeriodComprehensiveIncomeExpense" use="optional" order="3.0"/>
    <link:loc xlink:type="locator" xlink:href="../../et-gaap-cor_2011-01-01.xsd#et-gaap_AnnualPeriodProfitLoss2" xlink:label="AnnualPeriodProfitLoss2" xlink:title="AnnualPeriodProfitLoss2"/>
    <link:definitionArc xlink:type="arc" xlink:arcrole="http://xbrl.org/int/dim/arcrole/domain-member" xlink:from="StatementOfComprehensiveIncomeAbstract" xlink:to="AnnualPeriodProfitLoss2" xlink:title="definition: StatementOfComprehensiveIncomeAbstract to AnnualPeriodProfitLoss2" order="1.0"/>
  </link:definitionLink>
</link:linkbase>
