<?xml version="1.0" encoding="UTF-8"?>
<!--
**************************************************************
et-gaap Taxonomy: 2011-01-01 (Final)

Copyright (C) 2010 Centre of Registers and Information Systems
**************************************************************
-->
<link:linkbase xmlns:xsi="http://www.w3.org/2001/XMLSchema-instance" xsi:schemaLocation="http://www.xbrl.org/2003/linkbase http://www.xbrl.org/2003/xbrl-linkbase-2003-12-31.xsd" xmlns:link="http://www.xbrl.org/2003/linkbase" xmlns:xlink="http://www.w3.org/1999/xlink">
  <link:roleRef roleURI="http://xbrl.eesti.ee/role/et-gaap_2011-01-01/NoteAdministrativeExpense_role-838002" xlink:type="simple" xlink:href="role-838000.xsd#NoteAdministrativeExpense_role-838002"/>
  <link:calculationLink xlink:type="extended" xlink:role="http://xbrl.eesti.ee/role/et-gaap_2011-01-01/NoteAdministrativeExpense_role-838002">
    <link:loc xlink:type="locator" xlink:href="../../et-gaap-cor_2011-01-01.xsd#et-gaap_TotalAdministrativeExpense" xlink:label="TotalAdministrativeExpense" xlink:title="TotalAdministrativeExpense"/>
    <link:loc xlink:type="locator" xlink:href="../../et-gaap-cor_2011-01-01.xsd#et-gaap_AdministrativeExpenseLandRent" xlink:label="AdministrativeExpenseLandRent" xlink:title="AdministrativeExpenseLandRent"/>
    <link:calculationArc xlink:type="arc" xlink:arcrole="http://www.xbrl.org/2003/arcrole/summation-item" xlink:from="TotalAdministrativeExpense" xlink:to="AdministrativeExpenseLandRent" xlink:title="calculation: TotalAdministrativeExpense to AdministrativeExpenseLandRent" order="1.0" weight="1.0"/>
    <link:loc xlink:type="locator" xlink:href="../../et-gaap-cor_2011-01-01.xsd#et-gaap_AdministrativeExpenseLeases" xlink:label="AdministrativeExpenseLeases" xlink:title="AdministrativeExpenseLeases"/>
    <link:calculationArc xlink:type="arc" xlink:arcrole="http://www.xbrl.org/2003/arcrole/summation-item" xlink:from="TotalAdministrativeExpense" xlink:to="AdministrativeExpenseLeases" xlink:title="calculation: TotalAdministrativeExpense to AdministrativeExpenseLeases" order="2.0" weight="1.0"/>
    <link:loc xlink:type="locator" xlink:href="../../et-gaap-cor_2011-01-01.xsd#et-gaap_AdministrativeExpenseEnergy" xlink:label="AdministrativeExpenseEnergy" xlink:title="AdministrativeExpenseEnergy"/>
    <link:calculationArc xlink:type="arc" xlink:arcrole="http://www.xbrl.org/2003/arcrole/summation-item" xlink:from="TotalAdministrativeExpense" xlink:to="AdministrativeExpenseEnergy" xlink:title="calculation: TotalAdministrativeExpense to AdministrativeExpenseEnergy" order="3.0" weight="1.0"/>
    <link:loc xlink:type="locator" xlink:href="../../et-gaap-cor_2011-01-01.xsd#et-gaap_AdministrativeExpenseElectricity" xlink:label="AdministrativeExpenseElectricity" xlink:title="AdministrativeExpenseElectricity"/>
    <link:calculationArc xlink:type="arc" xlink:arcrole="http://www.xbrl.org/2003/arcrole/summation-item" xlink:from="AdministrativeExpenseEnergy" xlink:to="AdministrativeExpenseElectricity" xlink:title="calculation: AdministrativeExpenseEnergy to AdministrativeExpenseElectricity" use="optional" order="1.0" weight="1.0"/>
    <link:loc xlink:type="locator" xlink:href="../../et-gaap-cor_2011-01-01.xsd#et-gaap_AdministrativeExpenseHeatEnergy" xlink:label="AdministrativeExpenseHeatEnergy" xlink:title="AdministrativeExpenseHeatEnergy"/>
    <link:calculationArc xlink:type="arc" xlink:arcrole="http://www.xbrl.org/2003/arcrole/summation-item" xlink:from="AdministrativeExpenseEnergy" xlink:to="AdministrativeExpenseHeatEnergy" xlink:title="calculation: AdministrativeExpenseEnergy to AdministrativeExpenseHeatEnergy" use="optional" order="2.0" weight="1.0"/>
    <link:loc xlink:type="locator" xlink:href="../../et-gaap-cor_2011-01-01.xsd#et-gaap_AdministrativeExpenseFuel" xlink:label="AdministrativeExpenseFuel" xlink:title="AdministrativeExpenseFuel"/>
    <link:calculationArc xlink:type="arc" xlink:arcrole="http://www.xbrl.org/2003/arcrole/summation-item" xlink:from="AdministrativeExpenseEnergy" xlink:to="AdministrativeExpenseFuel" xlink:title="calculation: AdministrativeExpenseEnergy to AdministrativeExpenseFuel" use="optional" order="3.0" weight="1.0"/>
    <link:loc xlink:type="locator" xlink:href="../../et-gaap-cor_2011-01-01.xsd#et-gaap_AdministrativeExpenseTransportationExpense" xlink:label="AdministrativeExpenseTransportationExpense" xlink:title="AdministrativeExpenseTransportationExpense"/>
    <link:calculationArc xlink:type="arc" xlink:arcrole="http://www.xbrl.org/2003/arcrole/summation-item" xlink:from="TotalAdministrativeExpense" xlink:to="AdministrativeExpenseTransportationExpense" xlink:title="calculation: TotalAdministrativeExpense to AdministrativeExpenseTransportationExpense" order="4.0" weight="1.0"/>
    <link:loc xlink:type="locator" xlink:href="../../et-gaap-cor_2011-01-01.xsd#et-gaap_AdministrativeExpenseLogisticsExpense" xlink:label="AdministrativeExpenseLogisticsExpense" xlink:title="AdministrativeExpenseLogisticsExpense"/>
    <link:calculationArc xlink:type="arc" xlink:arcrole="http://www.xbrl.org/2003/arcrole/summation-item" xlink:from="TotalAdministrativeExpense" xlink:to="AdministrativeExpenseLogisticsExpense" xlink:title="calculation: TotalAdministrativeExpense to AdministrativeExpenseLogisticsExpense" order="5.0" weight="1.0"/>
    <link:loc xlink:type="locator" xlink:href="../../et-gaap-cor_2011-01-01.xsd#et-gaap_AdministrativeExpenseMiscellaneousOfficeExpense" xlink:label="AdministrativeExpenseMiscellaneousOfficeExpense" xlink:title="AdministrativeExpenseMiscellaneousOfficeExpense"/>
    <link:calculationArc xlink:type="arc" xlink:arcrole="http://www.xbrl.org/2003/arcrole/summation-item" xlink:from="TotalAdministrativeExpense" xlink:to="AdministrativeExpenseMiscellaneousOfficeExpense" xlink:title="calculation: TotalAdministrativeExpense to AdministrativeExpenseMiscellaneousOfficeExpense" order="6.0" weight="1.0"/>
    <link:loc xlink:type="locator" xlink:href="../../et-gaap-cor_2011-01-01.xsd#et-gaap_AdministrativeExpenseResearchAndDevelopmentExpense" xlink:label="AdministrativeExpenseResearchAndDevelopmentExpense" xlink:title="AdministrativeExpenseResearchAndDevelopmentExpense"/>
    <link:calculationArc xlink:type="arc" xlink:arcrole="http://www.xbrl.org/2003/arcrole/summation-item" xlink:from="TotalAdministrativeExpense" xlink:to="AdministrativeExpenseResearchAndDevelopmentExpense" xlink:title="calculation: TotalAdministrativeExpense to AdministrativeExpenseResearchAndDevelopmentExpense" order="7.0" weight="1.0"/>
    <link:loc xlink:type="locator" xlink:href="../../et-gaap-cor_2011-01-01.xsd#et-gaap_AdministrativeExpenseTravelExpense" xlink:label="AdministrativeExpenseTravelExpense" xlink:title="AdministrativeExpenseTravelExpense"/>
    <link:calculationArc xlink:type="arc" xlink:arcrole="http://www.xbrl.org/2003/arcrole/summation-item" xlink:from="TotalAdministrativeExpense" xlink:to="AdministrativeExpenseTravelExpense" xlink:title="calculation: TotalAdministrativeExpense to AdministrativeExpenseTravelExpense" order="8.0" weight="1.0"/>
    <link:loc xlink:type="locator" xlink:href="../../et-gaap-cor_2011-01-01.xsd#et-gaap_AdministrativeExpenseTrainingExpense" xlink:label="AdministrativeExpenseTrainingExpense" xlink:title="AdministrativeExpenseTrainingExpense"/>
    <link:calculationArc xlink:type="arc" xlink:arcrole="http://www.xbrl.org/2003/arcrole/summation-item" xlink:from="TotalAdministrativeExpense" xlink:to="AdministrativeExpenseTrainingExpense" xlink:title="calculation: TotalAdministrativeExpense to AdministrativeExpenseTrainingExpense" order="9.0" weight="1.0"/>
    <link:loc xlink:type="locator" xlink:href="../../et-gaap-cor_2011-01-01.xsd#et-gaap_AdministrativeExpenseStateAndLocalTaxes" xlink:label="AdministrativeExpenseStateAndLocalTaxes" xlink:title="AdministrativeExpenseStateAndLocalTaxes"/>
    <link:calculationArc xlink:type="arc" xlink:arcrole="http://www.xbrl.org/2003/arcrole/summation-item" xlink:from="TotalAdministrativeExpense" xlink:to="AdministrativeExpenseStateAndLocalTaxes" xlink:title="calculation: TotalAdministrativeExpense to AdministrativeExpenseStateAndLocalTaxes" order="10.0" weight="1.0"/>
    <link:loc xlink:type="locator" xlink:href="../../et-gaap-cor_2011-01-01.xsd#et-gaap_AdministrativeExpenseProvisionsRelatedExpense" xlink:label="AdministrativeExpenseProvisionsRelatedExpense" xlink:title="AdministrativeExpenseProvisionsRelatedExpense"/>
    <link:calculationArc xlink:type="arc" xlink:arcrole="http://www.xbrl.org/2003/arcrole/summation-item" xlink:from="TotalAdministrativeExpense" xlink:to="AdministrativeExpenseProvisionsRelatedExpense" xlink:title="calculation: TotalAdministrativeExpense to AdministrativeExpenseProvisionsRelatedExpense" order="11.0" weight="1.0"/>
    <link:loc xlink:type="locator" xlink:href="../../et-gaap-cor_2011-01-01.xsd#et-gaap_AdministrativeExpenseAllowanceForDoubtfulReceivables" xlink:label="AdministrativeExpenseAllowanceForDoubtfulReceivables" xlink:title="AdministrativeExpenseAllowanceForDoubtfulReceivables"/>
    <link:calculationArc xlink:type="arc" xlink:arcrole="http://www.xbrl.org/2003/arcrole/summation-item" xlink:from="TotalAdministrativeExpense" xlink:to="AdministrativeExpenseAllowanceForDoubtfulReceivables" xlink:title="calculation: TotalAdministrativeExpense to AdministrativeExpenseAllowanceForDoubtfulReceivables" order="12.0" weight="1.0"/>
    <link:loc xlink:type="locator" xlink:href="../../et-gaap-cor_2011-01-01.xsd#et-gaap_AdministrativeExpenseLaborExpense" xlink:label="AdministrativeExpenseLaborExpense" xlink:title="AdministrativeExpenseLaborExpense"/>
    <link:calculationArc xlink:type="arc" xlink:arcrole="http://www.xbrl.org/2003/arcrole/summation-item" xlink:from="TotalAdministrativeExpense" xlink:to="AdministrativeExpenseLaborExpense" xlink:title="calculation: TotalAdministrativeExpense to AdministrativeExpenseLaborExpense" order="13.0" weight="1.0"/>
    <link:loc xlink:type="locator" xlink:href="../../et-gaap-cor_2011-01-01.xsd#et-gaap_AdministrativeExpenseDepreciation" xlink:label="AdministrativeExpenseDepreciation" xlink:title="AdministrativeExpenseDepreciation"/>
    <link:calculationArc xlink:type="arc" xlink:arcrole="http://www.xbrl.org/2003/arcrole/summation-item" xlink:from="TotalAdministrativeExpense" xlink:to="AdministrativeExpenseDepreciation" xlink:title="calculation: TotalAdministrativeExpense to AdministrativeExpenseDepreciation" order="14.0" weight="1.0"/>
    <link:loc xlink:type="locator" xlink:href="../../et-gaap-cor_2011-01-01.xsd#et-gaap_AdministrativeExpenseAssetImpairmentExpense" xlink:label="AdministrativeExpenseAssetImpairmentExpense" xlink:title="AdministrativeExpenseAssetImpairmentExpense"/>
    <link:calculationArc xlink:type="arc" xlink:arcrole="http://www.xbrl.org/2003/arcrole/summation-item" xlink:from="TotalAdministrativeExpense" xlink:to="AdministrativeExpenseAssetImpairmentExpense" xlink:title="calculation: TotalAdministrativeExpense to AdministrativeExpenseAssetImpairmentExpense" order="15.0" weight="1.0"/>
    <link:loc xlink:type="locator" xlink:href="../../et-gaap-cor_2011-01-01.xsd#et-gaap_AdministrativeExpenseOther" xlink:label="AdministrativeExpenseOther" xlink:title="AdministrativeExpenseOther"/>
    <link:calculationArc xlink:type="arc" xlink:arcrole="http://www.xbrl.org/2003/arcrole/summation-item" xlink:from="TotalAdministrativeExpense" xlink:to="AdministrativeExpenseOther" xlink:title="calculation: TotalAdministrativeExpense to AdministrativeExpenseOther" order="16.0" weight="1.0"/>
    <link:loc xlink:type="locator" xlink:href="../../et-gaap-cor_2011-01-01.xsd#et-gaap_NoteAdministrativeExpenseAdditionalItemValue" xlink:label="NoteAdministrativeExpenseAdditionalItemValue" xlink:title="NoteAdministrativeExpenseAdditionalItemValue"/>
    <link:calculationArc xlink:type="arc" xlink:arcrole="http://www.xbrl.org/2003/arcrole/summation-item" xlink:from="TotalAdministrativeExpense" xlink:to="NoteAdministrativeExpenseAdditionalItemValue" xlink:title="calculation: TotalAdministrativeExpense to NoteAdministrativeExpenseAdditionalItemValue" order="17.0" weight="1.0"/>
  </link:calculationLink>
</link:linkbase>
