<?xml version="1.0" encoding="UTF-8"?>
<!--
**************************************************************
et-gaap Taxonomy: 2011-01-01 (Final)

Copyright (C) 2010 Centre of Registers and Information Systems
**************************************************************
-->
<link:linkbase xmlns:xsi="http://www.w3.org/2001/XMLSchema-instance" xsi:schemaLocation="http://www.xbrl.org/2003/linkbase http://www.xbrl.org/2003/xbrl-linkbase-2003-12-31.xsd" xmlns:link="http://www.xbrl.org/2003/linkbase" xmlns:xlink="http://www.w3.org/1999/xlink" xmlns:xbrldt="http://xbrl.org/2005/xbrldt">
  <link:roleRef roleURI="http://xbrl.eesti.ee/role/et-gaap_2011-01-01/NoteAdministrativeExpense_role-838002" xlink:type="simple" xlink:href="role-838000.xsd#NoteAdministrativeExpense_role-838002"/>
  <link:presentationLink xlink:type="extended" xlink:role="http://xbrl.eesti.ee/role/et-gaap_2011-01-01/NoteAdministrativeExpense_role-838002">
    <link:loc xlink:type="locator" xlink:href="../../et-gaap-cor_2011-01-01.xsd#et-gaap_NoteAdministrativeExpenseAbstract" xlink:label="NoteAdministrativeExpenseAbstract" xlink:title="NoteAdministrativeExpenseAbstract"/>
    <link:loc xlink:type="locator" xlink:href="../../et-gaap-cor_2011-01-01.xsd#et-gaap_AdministrativeExpenseLandRent" xlink:label="AdministrativeExpenseLandRent" xlink:title="AdministrativeExpenseLandRent"/>
    <link:presentationArc xlink:type="arc" xlink:arcrole="http://www.xbrl.org/2003/arcrole/parent-child" xlink:from="NoteAdministrativeExpenseAbstract" xlink:to="AdministrativeExpenseLandRent" xlink:title="presentation: NoteAdministrativeExpenseAbstract to AdministrativeExpenseLandRent" use="optional" order="1.0"/>
    <link:loc xlink:type="locator" xlink:href="../../et-gaap-cor_2011-01-01.xsd#et-gaap_AdministrativeExpenseLeases" xlink:label="AdministrativeExpenseLeases" xlink:title="AdministrativeExpenseLeases"/>
    <link:presentationArc xlink:type="arc" xlink:arcrole="http://www.xbrl.org/2003/arcrole/parent-child" xlink:from="NoteAdministrativeExpenseAbstract" xlink:to="AdministrativeExpenseLeases" xlink:title="presentation: NoteAdministrativeExpenseAbstract to AdministrativeExpenseLeases" use="optional" order="2.0"/>
    <link:loc xlink:type="locator" xlink:href="../../et-gaap-cor_2011-01-01.xsd#et-gaap_AdministrativeExpenseEnergy" xlink:label="AdministrativeExpenseEnergy" xlink:title="AdministrativeExpenseEnergy"/>
    <link:presentationArc xlink:type="arc" xlink:arcrole="http://www.xbrl.org/2003/arcrole/parent-child" xlink:from="NoteAdministrativeExpenseAbstract" xlink:to="AdministrativeExpenseEnergy" xlink:title="presentation: NoteAdministrativeExpenseAbstract to AdministrativeExpenseEnergy" use="optional" order="3.0"/>
    <link:loc xlink:type="locator" xlink:href="../../et-gaap-cor_2011-01-01.xsd#et-gaap_AdministrativeExpenseElectricity" xlink:label="AdministrativeExpenseElectricity" xlink:title="AdministrativeExpenseElectricity"/>
    <link:presentationArc xlink:type="arc" xlink:arcrole="http://www.xbrl.org/2003/arcrole/parent-child" xlink:from="AdministrativeExpenseEnergy" xlink:to="AdministrativeExpenseElectricity" xlink:title="presentation: AdministrativeExpenseEnergy to AdministrativeExpenseElectricity" use="optional" order="1.0"/>
    <link:loc xlink:type="locator" xlink:href="../../et-gaap-cor_2011-01-01.xsd#et-gaap_AdministrativeExpenseHeatEnergy" xlink:label="AdministrativeExpenseHeatEnergy" xlink:title="AdministrativeExpenseHeatEnergy"/>
    <link:presentationArc xlink:type="arc" xlink:arcrole="http://www.xbrl.org/2003/arcrole/parent-child" xlink:from="AdministrativeExpenseEnergy" xlink:to="AdministrativeExpenseHeatEnergy" xlink:title="presentation: AdministrativeExpenseEnergy to AdministrativeExpenseHeatEnergy" use="optional" order="2.0"/>
    <link:loc xlink:type="locator" xlink:href="../../et-gaap-cor_2011-01-01.xsd#et-gaap_AdministrativeExpenseFuel" xlink:label="AdministrativeExpenseFuel" xlink:title="AdministrativeExpenseFuel"/>
    <link:presentationArc xlink:type="arc" xlink:arcrole="http://www.xbrl.org/2003/arcrole/parent-child" xlink:from="AdministrativeExpenseEnergy" xlink:to="AdministrativeExpenseFuel" xlink:title="presentation: AdministrativeExpenseEnergy to AdministrativeExpenseFuel" use="optional" order="3.0"/>
    <link:loc xlink:type="locator" xlink:href="../../et-gaap-cor_2011-01-01.xsd#et-gaap_AdministrativeExpenseTransportationExpense" xlink:label="AdministrativeExpenseTransportationExpense" xlink:title="AdministrativeExpenseTransportationExpense"/>
    <link:presentationArc xlink:type="arc" xlink:arcrole="http://www.xbrl.org/2003/arcrole/parent-child" xlink:from="NoteAdministrativeExpenseAbstract" xlink:to="AdministrativeExpenseTransportationExpense" xlink:title="presentation: NoteAdministrativeExpenseAbstract to AdministrativeExpenseTransportationExpense" use="optional" order="4.0"/>
    <link:loc xlink:type="locator" xlink:href="../../et-gaap-cor_2011-01-01.xsd#et-gaap_AdministrativeExpenseLogisticsExpense" xlink:label="AdministrativeExpenseLogisticsExpense" xlink:title="AdministrativeExpenseLogisticsExpense"/>
    <link:presentationArc xlink:type="arc" xlink:arcrole="http://www.xbrl.org/2003/arcrole/parent-child" xlink:from="NoteAdministrativeExpenseAbstract" xlink:to="AdministrativeExpenseLogisticsExpense" xlink:title="presentation: NoteAdministrativeExpenseAbstract to AdministrativeExpenseLogisticsExpense" use="optional" order="5.0"/>
    <link:loc xlink:type="locator" xlink:href="../../et-gaap-cor_2011-01-01.xsd#et-gaap_AdministrativeExpenseMiscellaneousOfficeExpense" xlink:label="AdministrativeExpenseMiscellaneousOfficeExpense" xlink:title="AdministrativeExpenseMiscellaneousOfficeExpense"/>
    <link:presentationArc xlink:type="arc" xlink:arcrole="http://www.xbrl.org/2003/arcrole/parent-child" xlink:from="NoteAdministrativeExpenseAbstract" xlink:to="AdministrativeExpenseMiscellaneousOfficeExpense" xlink:title="presentation: NoteAdministrativeExpenseAbstract to AdministrativeExpenseMiscellaneousOfficeExpense" use="optional" order="6.0"/>
    <link:loc xlink:type="locator" xlink:href="../../et-gaap-cor_2011-01-01.xsd#et-gaap_AdministrativeExpenseResearchAndDevelopmentExpense" xlink:label="AdministrativeExpenseResearchAndDevelopmentExpense" xlink:title="AdministrativeExpenseResearchAndDevelopmentExpense"/>
    <link:presentationArc xlink:type="arc" xlink:arcrole="http://www.xbrl.org/2003/arcrole/parent-child" xlink:from="NoteAdministrativeExpenseAbstract" xlink:to="AdministrativeExpenseResearchAndDevelopmentExpense" xlink:title="presentation: NoteAdministrativeExpenseAbstract to AdministrativeExpenseResearchAndDevelopmentExpense" use="optional" order="7.0"/>
    <link:loc xlink:type="locator" xlink:href="../../et-gaap-cor_2011-01-01.xsd#et-gaap_AdministrativeExpenseTravelExpense" xlink:label="AdministrativeExpenseTravelExpense" xlink:title="AdministrativeExpenseTravelExpense"/>
    <link:presentationArc xlink:type="arc" xlink:arcrole="http://www.xbrl.org/2003/arcrole/parent-child" xlink:from="NoteAdministrativeExpenseAbstract" xlink:to="AdministrativeExpenseTravelExpense" xlink:title="presentation: NoteAdministrativeExpenseAbstract to AdministrativeExpenseTravelExpense" use="optional" order="8.0"/>
    <link:loc xlink:type="locator" xlink:href="../../et-gaap-cor_2011-01-01.xsd#et-gaap_AdministrativeExpenseTrainingExpense" xlink:label="AdministrativeExpenseTrainingExpense" xlink:title="AdministrativeExpenseTrainingExpense"/>
    <link:presentationArc xlink:type="arc" xlink:arcrole="http://www.xbrl.org/2003/arcrole/parent-child" xlink:from="NoteAdministrativeExpenseAbstract" xlink:to="AdministrativeExpenseTrainingExpense" xlink:title="presentation: NoteAdministrativeExpenseAbstract to AdministrativeExpenseTrainingExpense" use="optional" order="9.0"/>
    <link:loc xlink:type="locator" xlink:href="../../et-gaap-cor_2011-01-01.xsd#et-gaap_AdministrativeExpenseStateAndLocalTaxes" xlink:label="AdministrativeExpenseStateAndLocalTaxes" xlink:title="AdministrativeExpenseStateAndLocalTaxes"/>
    <link:presentationArc xlink:type="arc" xlink:arcrole="http://www.xbrl.org/2003/arcrole/parent-child" xlink:from="NoteAdministrativeExpenseAbstract" xlink:to="AdministrativeExpenseStateAndLocalTaxes" xlink:title="presentation: NoteAdministrativeExpenseAbstract to AdministrativeExpenseStateAndLocalTaxes" use="optional" order="10.0"/>
    <link:loc xlink:type="locator" xlink:href="../../et-gaap-cor_2011-01-01.xsd#et-gaap_AdministrativeExpenseProvisionsRelatedExpense" xlink:label="AdministrativeExpenseProvisionsRelatedExpense" xlink:title="AdministrativeExpenseProvisionsRelatedExpense"/>
    <link:presentationArc xlink:type="arc" xlink:arcrole="http://www.xbrl.org/2003/arcrole/parent-child" xlink:from="NoteAdministrativeExpenseAbstract" xlink:to="AdministrativeExpenseProvisionsRelatedExpense" xlink:title="presentation: NoteAdministrativeExpenseAbstract to AdministrativeExpenseProvisionsRelatedExpense" use="optional" order="11.0"/>
    <link:loc xlink:type="locator" xlink:href="../../et-gaap-cor_2011-01-01.xsd#et-gaap_AdministrativeExpenseAllowanceForDoubtfulReceivables" xlink:label="AdministrativeExpenseAllowanceForDoubtfulReceivables" xlink:title="AdministrativeExpenseAllowanceForDoubtfulReceivables"/>
    <link:presentationArc xlink:type="arc" xlink:arcrole="http://www.xbrl.org/2003/arcrole/parent-child" xlink:from="NoteAdministrativeExpenseAbstract" xlink:to="AdministrativeExpenseAllowanceForDoubtfulReceivables" xlink:title="presentation: NoteAdministrativeExpenseAbstract to AdministrativeExpenseAllowanceForDoubtfulReceivables" use="optional" order="12.0"/>
    <link:loc xlink:type="locator" xlink:href="../../et-gaap-cor_2011-01-01.xsd#et-gaap_AdministrativeExpenseLaborExpense" xlink:label="AdministrativeExpenseLaborExpense" xlink:title="AdministrativeExpenseLaborExpense"/>
    <link:presentationArc xlink:type="arc" xlink:arcrole="http://www.xbrl.org/2003/arcrole/parent-child" xlink:from="NoteAdministrativeExpenseAbstract" xlink:to="AdministrativeExpenseLaborExpense" xlink:title="presentation: NoteAdministrativeExpenseAbstract to AdministrativeExpenseLaborExpense" use="optional" order="13.0"/>
    <link:loc xlink:type="locator" xlink:href="../../et-gaap-cor_2011-01-01.xsd#et-gaap_AdministrativeExpenseDepreciation" xlink:label="AdministrativeExpenseDepreciation" xlink:title="AdministrativeExpenseDepreciation"/>
    <link:presentationArc xlink:type="arc" xlink:arcrole="http://www.xbrl.org/2003/arcrole/parent-child" xlink:from="NoteAdministrativeExpenseAbstract" xlink:to="AdministrativeExpenseDepreciation" xlink:title="presentation: NoteAdministrativeExpenseAbstract to AdministrativeExpenseDepreciation" use="optional" order="14.0"/>
    <link:loc xlink:type="locator" xlink:href="../../et-gaap-cor_2011-01-01.xsd#et-gaap_AdministrativeExpenseAssetImpairmentExpense" xlink:label="AdministrativeExpenseAssetImpairmentExpense" xlink:title="AdministrativeExpenseAssetImpairmentExpense"/>
    <link:presentationArc xlink:type="arc" xlink:arcrole="http://www.xbrl.org/2003/arcrole/parent-child" xlink:from="NoteAdministrativeExpenseAbstract" xlink:to="AdministrativeExpenseAssetImpairmentExpense" xlink:title="presentation: NoteAdministrativeExpenseAbstract to AdministrativeExpenseAssetImpairmentExpense" use="optional" order="15.0"/>
    <link:loc xlink:type="locator" xlink:href="../../et-gaap-cor_2011-01-01.xsd#et-gaap_AdministrativeExpenseOther" xlink:label="AdministrativeExpenseOther" xlink:title="AdministrativeExpenseOther"/>
    <link:presentationArc xlink:type="arc" xlink:arcrole="http://www.xbrl.org/2003/arcrole/parent-child" xlink:from="NoteAdministrativeExpenseAbstract" xlink:to="AdministrativeExpenseOther" xlink:title="presentation: NoteAdministrativeExpenseAbstract to AdministrativeExpenseOther" use="optional" order="16.0"/>
    <link:loc xlink:type="locator" xlink:href="../../et-gaap-cor_2011-01-01.xsd#et-gaap_NoteAdministrativeExpense" xlink:label="NoteAdministrativeExpense" xlink:title="NoteAdministrativeExpense"/>
    <link:presentationArc xlink:type="arc" xlink:arcrole="http://www.xbrl.org/2003/arcrole/parent-child" xlink:from="NoteAdministrativeExpenseAbstract" xlink:to="NoteAdministrativeExpense" xlink:title="presentation: NoteAdministrativeExpenseAbstract to NoteAdministrativeExpense" use="optional" order="19.0"/>
    <link:loc xlink:type="locator" xlink:href="../../et-gaap-cor_2011-01-01.xsd#et-gaap_TotalAdministrativeExpense" xlink:label="TotalAdministrativeExpense" xlink:title="TotalAdministrativeExpense"/>
    <link:presentationArc xlink:type="arc" xlink:arcrole="http://www.xbrl.org/2003/arcrole/parent-child" xlink:from="NoteAdministrativeExpenseAbstract" xlink:to="TotalAdministrativeExpense" xlink:title="presentation: NoteAdministrativeExpenseAbstract to TotalAdministrativeExpense" order="18.0"/>
    <link:loc xlink:type="locator" xlink:href="../../et-gaap-cor_2011-01-01.xsd#et-gaap_NoteAdministrativeExpenseAdditionalItemTuple" xlink:label="NoteAdministrativeExpenseAdditionalItemTuple" xlink:title="NoteAdministrativeExpenseAdditionalItemTuple"/>
    <link:presentationArc xlink:type="arc" xlink:arcrole="http://www.xbrl.org/2003/arcrole/parent-child" xlink:from="NoteAdministrativeExpenseAbstract" xlink:to="NoteAdministrativeExpenseAdditionalItemTuple" xlink:title="presentation: NoteAdministrativeExpenseAbstract to NoteAdministrativeExpenseAdditionalItemTuple" order="17.0"/>
    <link:loc xlink:type="locator" xlink:href="../../et-gaap-cor_2011-01-01.xsd#et-gaap_NoteAdministrativeExpenseAdditionalItemName" xlink:label="NoteAdministrativeExpenseAdditionalItemName" xlink:title="NoteAdministrativeExpenseAdditionalItemName"/>
    <link:presentationArc xlink:type="arc" xlink:arcrole="http://www.xbrl.org/2003/arcrole/parent-child" xlink:from="NoteAdministrativeExpenseAdditionalItemTuple" xlink:to="NoteAdministrativeExpenseAdditionalItemName" xlink:title="presentation: NoteAdministrativeExpenseAdditionalItemTuple to NoteAdministrativeExpenseAdditionalItemName" order="1.0"/>
    <link:loc xlink:type="locator" xlink:href="../../et-gaap-cor_2011-01-01.xsd#et-gaap_NoteAdministrativeExpenseAdditionalItemValue" xlink:label="NoteAdministrativeExpenseAdditionalItemValue" xlink:title="NoteAdministrativeExpenseAdditionalItemValue"/>
    <link:presentationArc xlink:type="arc" xlink:arcrole="http://www.xbrl.org/2003/arcrole/parent-child" xlink:from="NoteAdministrativeExpenseAdditionalItemTuple" xlink:to="NoteAdministrativeExpenseAdditionalItemValue" xlink:title="presentation: NoteAdministrativeExpenseAdditionalItemTuple to NoteAdministrativeExpenseAdditionalItemValue" order="2.0"/>
  </link:presentationLink>
</link:linkbase>
