<?xml version="1.0" encoding="UTF-8"?>
<!--
**************************************************************
et-gaap Taxonomy: 2011-01-01 (Final)

Copyright (C) 2010 Centre of Registers and Information Systems
**************************************************************
-->
<link:linkbase xmlns:xsi="http://www.w3.org/2001/XMLSchema-instance" xsi:schemaLocation="http://www.xbrl.org/2003/linkbase http://www.xbrl.org/2003/xbrl-linkbase-2003-12-31.xsd" xmlns:link="http://www.xbrl.org/2003/linkbase" xmlns:p0="http://xbrl.org/2005/xbrldt" xmlns:xlink="http://www.w3.org/1999/xlink">
  <link:roleRef roleURI="http://xbrl.eesti.ee/role/et-gaap_2011-01-01/NoteProvisions_role-827000" xlink:type="simple" xlink:href="role-827000.xsd#NoteProvisions_role-827000"/>
  <link:arcroleRef arcroleURI="http://xbrl.org/int/dim/arcrole/all" xlink:type="simple" xlink:href="http://www.xbrl.org/2005/xbrldt-2005.xsd#all"/>
  <link:arcroleRef arcroleURI="http://xbrl.org/int/dim/arcrole/dimension-domain" xlink:type="simple" xlink:href="http://www.xbrl.org/2005/xbrldt-2005.xsd#dimension-domain"/>
  <link:arcroleRef arcroleURI="http://xbrl.org/int/dim/arcrole/domain-member" xlink:type="simple" xlink:href="http://www.xbrl.org/2005/xbrldt-2005.xsd#domain-member"/>
  <link:arcroleRef arcroleURI="http://xbrl.org/int/dim/arcrole/hypercube-dimension" xlink:type="simple" xlink:href="http://www.xbrl.org/2005/xbrldt-2005.xsd#hypercube-dimension"/>
  <link:definitionLink xlink:type="extended" xlink:role="http://xbrl.eesti.ee/role/et-gaap_2011-01-01/NoteProvisions_role-827000">
    <link:loc xlink:type="locator" xlink:href="../../et-gaap-cor_2011-01-01.xsd#et-gaap_NoteProvisionsAbstract" xlink:label="NoteProvisionsAbstract" xlink:title="NoteProvisionsAbstract"/>
    <link:loc xlink:type="locator" xlink:href="../../et-gaap-cor_2011-01-01.xsd#et-gaap_Provisions" xlink:label="Provisions" xlink:title="Provisions"/>
    <link:definitionArc xlink:type="arc" xlink:arcrole="http://xbrl.org/int/dim/arcrole/domain-member" xlink:from="NoteProvisionsAbstract" xlink:to="Provisions" xlink:title="definition: NoteProvisionsAbstract to Provisions" order="1.0"/>
    <link:loc xlink:type="locator" xlink:href="../../et-gaap-cor_2011-01-01.xsd#et-gaap_AllocationByProvisionsAndUsageHypercube" xlink:label="AllocationByProvisionsAndUsageHypercube" xlink:title="AllocationByProvisionsAndUsageHypercube"/>
    <link:definitionArc xlink:type="arc" xlink:arcrole="http://xbrl.org/int/dim/arcrole/all" xlink:from="Provisions" xlink:to="AllocationByProvisionsAndUsageHypercube" xlink:title="definition: Provisions to AllocationByProvisionsAndUsageHypercube" order="1.0" p0:contextElement="scenario"/>
    <link:loc xlink:type="locator" xlink:href="../../et-gaap-cor_2011-01-01.xsd#et-gaap_ProvisionsUsageDimension" xlink:label="ProvisionsUsageDimension" xlink:title="ProvisionsUsageDimension"/>
    <link:definitionArc xlink:type="arc" xlink:arcrole="http://xbrl.org/int/dim/arcrole/hypercube-dimension" xlink:from="AllocationByProvisionsAndUsageHypercube" xlink:to="ProvisionsUsageDimension" xlink:title="definition: AllocationByProvisionsAndUsageHypercube to ProvisionsUsageDimension" order="1.0"/>
    <link:loc xlink:type="locator" xlink:href="../../et-gaap-cor_2011-01-01.xsd#et-gaap_ProvisionsAtEndOfPreviousPeriodAbstract" xlink:label="ProvisionsAtEndOfPreviousPeriodAbstract" xlink:title="ProvisionsAtEndOfPreviousPeriodAbstract"/>
    <link:definitionArc xlink:type="arc" xlink:arcrole="http://xbrl.org/int/dim/arcrole/dimension-domain" xlink:from="ProvisionsUsageDimension" xlink:to="ProvisionsAtEndOfPreviousPeriodAbstract" xlink:title="definition: ProvisionsUsageDimension to ProvisionsAtEndOfPreviousPeriodAbstract" order="1.0"/>
    <link:loc xlink:type="locator" xlink:href="../../et-gaap-cor_2011-01-01.xsd#et-gaap_ProvisionsEstablishingAdjustmentsAbstract" xlink:label="ProvisionsEstablishingAdjustmentsAbstract" xlink:title="ProvisionsEstablishingAdjustmentsAbstract"/>
    <link:definitionArc xlink:type="arc" xlink:arcrole="http://xbrl.org/int/dim/arcrole/dimension-domain" xlink:from="ProvisionsUsageDimension" xlink:to="ProvisionsEstablishingAdjustmentsAbstract" xlink:title="definition: ProvisionsUsageDimension to ProvisionsEstablishingAdjustmentsAbstract" order="2.0"/>
    <link:loc xlink:type="locator" xlink:href="../../et-gaap-cor_2011-01-01.xsd#et-gaap_ProvisionsProvisionUsedAbstract" xlink:label="ProvisionsProvisionUsedAbstract" xlink:title="ProvisionsProvisionUsedAbstract"/>
    <link:definitionArc xlink:type="arc" xlink:arcrole="http://xbrl.org/int/dim/arcrole/dimension-domain" xlink:from="ProvisionsUsageDimension" xlink:to="ProvisionsProvisionUsedAbstract" xlink:title="definition: ProvisionsUsageDimension to ProvisionsProvisionUsedAbstract" order="3.0"/>
    <link:loc xlink:type="locator" xlink:href="../../et-gaap-cor_2011-01-01.xsd#et-gaap_ProvisionsInterestCalculationAbstract" xlink:label="ProvisionsInterestCalculationAbstract" xlink:title="ProvisionsInterestCalculationAbstract"/>
    <link:definitionArc xlink:type="arc" xlink:arcrole="http://xbrl.org/int/dim/arcrole/dimension-domain" xlink:from="ProvisionsUsageDimension" xlink:to="ProvisionsInterestCalculationAbstract" xlink:title="definition: ProvisionsUsageDimension to ProvisionsInterestCalculationAbstract" order="4.0"/>
    <link:loc xlink:type="locator" xlink:href="../../et-gaap-cor_2011-01-01.xsd#et-gaap_ProvisionsAtEndOfPeriodAbstract" xlink:label="ProvisionsAtEndOfPeriodAbstract" xlink:title="ProvisionsAtEndOfPeriodAbstract"/>
    <link:definitionArc xlink:type="arc" xlink:arcrole="http://xbrl.org/int/dim/arcrole/dimension-domain" xlink:from="ProvisionsUsageDimension" xlink:to="ProvisionsAtEndOfPeriodAbstract" xlink:title="definition: ProvisionsUsageDimension to ProvisionsAtEndOfPeriodAbstract" order="5.0"/>
    <link:loc xlink:type="locator" xlink:href="../../et-gaap-cor_2011-01-01.xsd#et-gaap_ProvisionsDimension" xlink:label="ProvisionsDimension" xlink:title="ProvisionsDimension"/>
    <link:definitionArc xlink:type="arc" xlink:arcrole="http://xbrl.org/int/dim/arcrole/hypercube-dimension" xlink:from="AllocationByProvisionsAndUsageHypercube" xlink:to="ProvisionsDimension" xlink:title="definition: AllocationByProvisionsAndUsageHypercube to ProvisionsDimension" order="2.0"/>
    <link:loc xlink:type="locator" xlink:href="../../et-gaap-cor_2011-01-01.xsd#et-gaap_ProvisionsTotal" xlink:label="ProvisionsTotal" xlink:title="ProvisionsTotal"/>
    <link:definitionArc xlink:type="arc" xlink:arcrole="http://xbrl.org/int/dim/arcrole/domain-member" xlink:from="NoteProvisionsAbstract" xlink:to="ProvisionsTotal" xlink:title="definition: NoteProvisionsAbstract to ProvisionsTotal" order="2.0"/>
    <link:loc xlink:type="locator" xlink:href="../../et-gaap-cor_2011-01-01.xsd#et-gaap_ProvisionsAllocationByUsageHypercube" xlink:label="ProvisionsAllocationByUsageHypercube" xlink:title="ProvisionsAllocationByUsageHypercube"/>
    <link:definitionArc xlink:type="arc" xlink:arcrole="http://xbrl.org/int/dim/arcrole/all" xlink:from="ProvisionsTotal" xlink:to="ProvisionsAllocationByUsageHypercube" xlink:title="definition: ProvisionsTotal to ProvisionsAllocationByUsageHypercube" order="1.0" p0:contextElement="scenario"/>
    <link:definitionArc xlink:type="arc" xlink:arcrole="http://xbrl.org/int/dim/arcrole/hypercube-dimension" xlink:from="ProvisionsAllocationByUsageHypercube" xlink:to="ProvisionsUsageDimension" xlink:title="definition: ProvisionsAllocationByUsageHypercube to ProvisionsUsageDimension" order="1.0" p0:targetRole="http://xbrl.eesti.ee/role/et-gaap_2011-01-01/NoteProvisions_role-827000"/>
    <link:loc xlink:type="locator" xlink:href="../../et-gaap-cor_2011-01-01.xsd#et-gaap_NoteProvisions" xlink:label="NoteProvisions" xlink:title="NoteProvisions"/>
    <link:definitionArc xlink:type="arc" xlink:arcrole="http://xbrl.org/int/dim/arcrole/domain-member" xlink:from="NoteProvisionsAbstract" xlink:to="NoteProvisions" xlink:title="definition: NoteProvisionsAbstract to NoteProvisions" order="3.0"/>
  </link:definitionLink>
</link:linkbase>
