<?xml version="1.0" encoding="UTF-8"?>
<!--
**************************************************************
et-gaap Taxonomy: 2011-01-01 (Final)

Copyright (C) 2010 Centre of Registers and Information Systems
**************************************************************
-->
<link:linkbase xmlns:xsi="http://www.w3.org/2001/XMLSchema-instance" xsi:schemaLocation="http://www.xbrl.org/2003/linkbase http://www.xbrl.org/2003/xbrl-linkbase-2003-12-31.xsd" xmlns:link="http://www.xbrl.org/2003/linkbase" xmlns:xbrldt="http://xbrl.org/2005/xbrldt" xmlns:xlink="http://www.w3.org/1999/xlink">
  <link:roleRef roleURI="http://xbrl.eesti.ee/role/et-gaap_2011-01-01/NoteProvisions_role-827000" xlink:type="simple" xlink:href="role-827000.xsd#NoteProvisions_role-827000"/>
  <link:presentationLink xlink:type="extended" xlink:role="http://xbrl.eesti.ee/role/et-gaap_2011-01-01/NoteProvisions_role-827000">
    <link:loc xlink:type="locator" xlink:href="../../et-gaap-cor_2011-01-01.xsd#et-gaap_NoteProvisionsAbstract" xlink:label="NoteProvisionsAbstract" xlink:title="NoteProvisionsAbstract"/>
    <link:loc xlink:type="locator" xlink:href="../../et-gaap-cor_2011-01-01.xsd#et-gaap_Provisions" xlink:label="Provisions" xlink:title="Provisions"/>
    <link:presentationArc xlink:type="arc" xlink:arcrole="http://www.xbrl.org/2003/arcrole/parent-child" xlink:from="NoteProvisionsAbstract" xlink:to="Provisions" xlink:title="presentation: NoteProvisionsAbstract to Provisions" use="optional" order="1.0"/>
    <link:loc xlink:type="locator" xlink:href="../../et-gaap-cor_2011-01-01.xsd#et-gaap_AllocationByProvisionsAndUsageHypercube" xlink:label="AllocationByProvisionsAndUsageHypercube" xlink:title="AllocationByProvisionsAndUsageHypercube"/>
    <link:presentationArc xlink:type="arc" xlink:arcrole="http://www.xbrl.org/2003/arcrole/parent-child" xlink:from="Provisions" xlink:to="AllocationByProvisionsAndUsageHypercube" xlink:title="presentation: Provisions to AllocationByProvisionsAndUsageHypercube" use="optional" order="1.0" xbrldt:contextElement="segment"/>
    <link:loc xlink:type="locator" xlink:href="../../et-gaap-cor_2011-01-01.xsd#et-gaap_ProvisionsUsageDimension" xlink:label="ProvisionsUsageDimension" xlink:title="ProvisionsUsageDimension"/>
    <link:presentationArc xlink:type="arc" xlink:arcrole="http://www.xbrl.org/2003/arcrole/parent-child" xlink:from="AllocationByProvisionsAndUsageHypercube" xlink:to="ProvisionsUsageDimension" xlink:title="presentation: AllocationByProvisionsAndUsageHypercube to ProvisionsUsageDimension" use="optional" order="1.0"/>
    <link:loc xlink:type="locator" xlink:href="../../et-gaap-cor_2011-01-01.xsd#et-gaap_ProvisionsAtEndOfPreviousPeriodAbstract" xlink:label="ProvisionsAtEndOfPreviousPeriodAbstract" xlink:title="ProvisionsAtEndOfPreviousPeriodAbstract"/>
    <link:presentationArc xlink:type="arc" xlink:arcrole="http://www.xbrl.org/2003/arcrole/parent-child" xlink:from="ProvisionsUsageDimension" xlink:to="ProvisionsAtEndOfPreviousPeriodAbstract" xlink:title="presentation: ProvisionsUsageDimension to ProvisionsAtEndOfPreviousPeriodAbstract" use="optional" order="1.0"/>
    <link:loc xlink:type="locator" xlink:href="../../et-gaap-cor_2011-01-01.xsd#et-gaap_ProvisionsEstablishingAdjustmentsAbstract" xlink:label="ProvisionsEstablishingAdjustmentsAbstract" xlink:title="ProvisionsEstablishingAdjustmentsAbstract"/>
    <link:presentationArc xlink:type="arc" xlink:arcrole="http://www.xbrl.org/2003/arcrole/parent-child" xlink:from="ProvisionsUsageDimension" xlink:to="ProvisionsEstablishingAdjustmentsAbstract" xlink:title="presentation: ProvisionsUsageDimension to ProvisionsEstablishingAdjustmentsAbstract" use="optional" order="2.0"/>
    <link:loc xlink:type="locator" xlink:href="../../et-gaap-cor_2011-01-01.xsd#et-gaap_ProvisionsProvisionUsedAbstract" xlink:label="ProvisionsProvisionUsedAbstract" xlink:title="ProvisionsProvisionUsedAbstract"/>
    <link:presentationArc xlink:type="arc" xlink:arcrole="http://www.xbrl.org/2003/arcrole/parent-child" xlink:from="ProvisionsUsageDimension" xlink:to="ProvisionsProvisionUsedAbstract" xlink:title="presentation: ProvisionsUsageDimension to ProvisionsProvisionUsedAbstract" use="optional" order="3.0"/>
    <link:loc xlink:type="locator" xlink:href="../../et-gaap-cor_2011-01-01.xsd#et-gaap_ProvisionsInterestCalculationAbstract" xlink:label="ProvisionsInterestCalculationAbstract" xlink:title="ProvisionsInterestCalculationAbstract"/>
    <link:presentationArc xlink:type="arc" xlink:arcrole="http://www.xbrl.org/2003/arcrole/parent-child" xlink:from="ProvisionsUsageDimension" xlink:to="ProvisionsInterestCalculationAbstract" xlink:title="presentation: ProvisionsUsageDimension to ProvisionsInterestCalculationAbstract" use="optional" order="4.0"/>
    <link:loc xlink:type="locator" xlink:href="../../et-gaap-cor_2011-01-01.xsd#et-gaap_ProvisionsAtEndOfPeriodAbstract" xlink:label="ProvisionsAtEndOfPeriodAbstract" xlink:title="ProvisionsAtEndOfPeriodAbstract"/>
    <link:presentationArc xlink:type="arc" xlink:arcrole="http://www.xbrl.org/2003/arcrole/parent-child" xlink:from="ProvisionsUsageDimension" xlink:to="ProvisionsAtEndOfPeriodAbstract" xlink:title="presentation: ProvisionsUsageDimension to ProvisionsAtEndOfPeriodAbstract" use="optional" order="5.0"/>
    <link:loc xlink:type="locator" xlink:href="../../et-gaap-cor_2011-01-01.xsd#et-gaap_ProvisionsDimension" xlink:label="ProvisionsDimension" xlink:title="ProvisionsDimension"/>
    <link:presentationArc xlink:type="arc" xlink:arcrole="http://www.xbrl.org/2003/arcrole/parent-child" xlink:from="AllocationByProvisionsAndUsageHypercube" xlink:to="ProvisionsDimension" xlink:title="presentation: AllocationByProvisionsAndUsageHypercube to ProvisionsDimension" use="optional" order="2.0"/>
    <link:loc xlink:type="locator" xlink:href="../../et-gaap-cor_2011-01-01.xsd#et-gaap_ProvisionsTotal" xlink:label="ProvisionsTotal" xlink:title="ProvisionsTotal"/>
    <link:presentationArc xlink:type="arc" xlink:arcrole="http://www.xbrl.org/2003/arcrole/parent-child" xlink:from="NoteProvisionsAbstract" xlink:to="ProvisionsTotal" xlink:title="presentation: NoteProvisionsAbstract to ProvisionsTotal" use="optional" order="2.0"/>
    <link:loc xlink:type="locator" xlink:href="../../et-gaap-cor_2011-01-01.xsd#et-gaap_ProvisionsAllocationByUsageHypercube" xlink:label="ProvisionsAllocationByUsageHypercube" xlink:title="ProvisionsAllocationByUsageHypercube"/>
    <link:presentationArc xlink:type="arc" xlink:arcrole="http://www.xbrl.org/2003/arcrole/parent-child" xlink:from="ProvisionsTotal" xlink:to="ProvisionsAllocationByUsageHypercube" xlink:title="presentation: ProvisionsTotal to ProvisionsAllocationByUsageHypercube" use="optional" order="1.0" xbrldt:contextElement="segment"/>
    <link:presentationArc xlink:type="arc" xlink:arcrole="http://www.xbrl.org/2003/arcrole/parent-child" xlink:from="ProvisionsAllocationByUsageHypercube" xlink:to="ProvisionsUsageDimension" xlink:title="presentation: ProvisionsAllocationByUsageHypercube to ProvisionsUsageDimension" use="optional" order="1.0" xbrldt:targetRole="http://www.eesti.ee/xbrl/et-gaap_2011-01-01/role/NoteProvisions"/>
    <link:loc xlink:type="locator" xlink:href="../../et-gaap-cor_2011-01-01.xsd#et-gaap_NoteProvisions" xlink:label="NoteProvisions" xlink:title="NoteProvisions"/>
    <link:presentationArc xlink:type="arc" xlink:arcrole="http://www.xbrl.org/2003/arcrole/parent-child" xlink:from="NoteProvisionsAbstract" xlink:to="NoteProvisions" xlink:title="presentation: NoteProvisionsAbstract to NoteProvisions" order="3.0"/>
  </link:presentationLink>
</link:linkbase>
