<?xml version="1.0" encoding="UTF-8"?>
<!--
**************************************************************
et-gaap Taxonomy: 2011-01-01 (Final)

Copyright (C) 2010 Centre of Registers and Information Systems
**************************************************************
-->
<link:linkbase xmlns:xsi="http://www.w3.org/2001/XMLSchema-instance" xsi:schemaLocation="http://www.xbrl.org/2003/linkbase http://www.xbrl.org/2003/xbrl-linkbase-2003-12-31.xsd" xmlns:link="http://www.xbrl.org/2003/linkbase" xmlns:xlink="http://www.w3.org/1999/xlink">
  <link:roleRef roleURI="http://xbrl.eesti.ee/role/et-gaap_2011-01-01/ProfitDistributionProposal_role-702010" xlink:type="simple" xlink:href="role-702000.xsd#ProfitDistributionProposal_role-702010"/>
  <link:calculationLink xlink:type="extended" xlink:role="http://xbrl.eesti.ee/role/et-gaap_2011-01-01/ProfitDistributionProposal_role-702010">
    <link:loc xlink:type="locator" xlink:href="../../et-gaap-cor_2011-01-01.xsd#et-gaap_RetainedEarningsLossWithAnnualPeriodProfitLoss" xlink:label="RetainedEarningsLossWithAnnualPeriodProfitLoss" xlink:title="RetainedEarningsLossWithAnnualPeriodProfitLoss"/>
    <link:loc xlink:type="locator" xlink:href="../../et-gaap-cor_2011-01-01.xsd#et-gaap_RetainedEarningsLoss" xlink:label="RetainedEarningsLoss" xlink:title="RetainedEarningsLoss"/>
    <link:calculationArc xlink:type="arc" xlink:arcrole="http://www.xbrl.org/2003/arcrole/summation-item" xlink:from="RetainedEarningsLossWithAnnualPeriodProfitLoss" xlink:to="RetainedEarningsLoss" xlink:title="calculation: RetainedEarningsLossWithAnnualPeriodProfitLoss to RetainedEarningsLoss" use="optional" order="1.0" weight="1.0"/>
    <link:loc xlink:type="locator" xlink:href="../../et-gaap-cor_2011-01-01.xsd#et-gaap_AnnualPeriodProfitLoss" xlink:label="AnnualPeriodProfitLoss" xlink:title="AnnualPeriodProfitLoss"/>
    <link:calculationArc xlink:type="arc" xlink:arcrole="http://www.xbrl.org/2003/arcrole/summation-item" xlink:from="RetainedEarningsLossWithAnnualPeriodProfitLoss" xlink:to="AnnualPeriodProfitLoss" xlink:title="calculation: RetainedEarningsLossWithAnnualPeriodProfitLoss to AnnualPeriodProfitLoss" use="optional" order="2.0" weight="1.0"/>
    <link:loc xlink:type="locator" xlink:href="../../et-gaap-cor_2011-01-01.xsd#et-gaap_ProposalDistributionCoveringTotal" xlink:label="ProposalDistributionCoveringTotal" xlink:title="ProposalDistributionCoveringTotal"/>
    <link:loc xlink:type="locator" xlink:href="../../et-gaap-cor_2011-01-01.xsd#et-gaap_ProposalRetainedEarningsAfterDistributionCovering" xlink:label="ProposalRetainedEarningsAfterDistributionCovering" xlink:title="ProposalRetainedEarningsAfterDistributionCovering"/>
    <link:calculationArc xlink:type="arc" xlink:arcrole="http://www.xbrl.org/2003/arcrole/summation-item" xlink:from="ProposalDistributionCoveringTotal" xlink:to="ProposalRetainedEarningsAfterDistributionCovering" xlink:title="calculation: ProposalDistributionCoveringTotal to ProposalRetainedEarningsAfterDistributionCovering" order="1.0" weight="1.0"/>
    <link:loc xlink:type="locator" xlink:href="../../et-gaap-cor_2011-01-01.xsd#et-gaap_ProposalOtherAdditionalItemValue" xlink:label="ProposalOtherAdditionalItemValue" xlink:title="ProposalOtherAdditionalItemValue"/>
    <link:calculationArc xlink:type="arc" xlink:arcrole="http://www.xbrl.org/2003/arcrole/summation-item" xlink:from="ProposalDistributionCoveringTotal" xlink:to="ProposalOtherAdditionalItemValue" xlink:title="calculation: ProposalDistributionCoveringTotal to ProposalOtherAdditionalItemValue" order="2.0" weight="1.0"/>
    <link:loc xlink:type="locator" xlink:href="../../et-gaap-cor_2011-01-01.xsd#et-gaap_ProposalAdditionalPaymentsIntoShareCapital" xlink:label="ProposalAdditionalPaymentsIntoShareCapital" xlink:title="ProposalAdditionalPaymentsIntoShareCapital"/>
    <link:calculationArc xlink:type="arc" xlink:arcrole="http://www.xbrl.org/2003/arcrole/summation-item" xlink:from="ProposalDistributionCoveringTotal" xlink:to="ProposalAdditionalPaymentsIntoShareCapital" xlink:title="calculation: ProposalDistributionCoveringTotal to ProposalAdditionalPaymentsIntoShareCapital" order="3.0" weight="1.0"/>
    <link:loc xlink:type="locator" xlink:href="../../et-gaap-cor_2011-01-01.xsd#et-gaap_ProposalShareCapitalIncreaseDecrease" xlink:label="ProposalShareCapitalIncreaseDecrease" xlink:title="ProposalShareCapitalIncreaseDecrease"/>
    <link:calculationArc xlink:type="arc" xlink:arcrole="http://www.xbrl.org/2003/arcrole/summation-item" xlink:from="ProposalDistributionCoveringTotal" xlink:to="ProposalShareCapitalIncreaseDecrease" xlink:title="calculation: ProposalDistributionCoveringTotal to ProposalShareCapitalIncreaseDecrease" order="4.0" weight="1.0"/>
    <link:loc xlink:type="locator" xlink:href="../../et-gaap-cor_2011-01-01.xsd#et-gaap_ProposalSharePremiumDecrease" xlink:label="ProposalSharePremiumDecrease" xlink:title="ProposalSharePremiumDecrease"/>
    <link:calculationArc xlink:type="arc" xlink:arcrole="http://www.xbrl.org/2003/arcrole/summation-item" xlink:from="ProposalDistributionCoveringTotal" xlink:to="ProposalSharePremiumDecrease" xlink:title="calculation: ProposalDistributionCoveringTotal to ProposalSharePremiumDecrease" order="5.0" weight="1.0"/>
    <link:loc xlink:type="locator" xlink:href="../../et-gaap-cor_2011-01-01.xsd#et-gaap_ProposalDividends" xlink:label="ProposalDividends" xlink:title="ProposalDividends"/>
    <link:calculationArc xlink:type="arc" xlink:arcrole="http://www.xbrl.org/2003/arcrole/summation-item" xlink:from="ProposalDistributionCoveringTotal" xlink:to="ProposalDividends" xlink:title="calculation: ProposalDistributionCoveringTotal to ProposalDividends" order="6.0" weight="1.0"/>
    <link:loc xlink:type="locator" xlink:href="../../et-gaap-cor_2011-01-01.xsd#et-gaap_ProposalOtherReservesIncreaseDecrease" xlink:label="ProposalOtherReservesIncreaseDecrease" xlink:title="ProposalOtherReservesIncreaseDecrease"/>
    <link:calculationArc xlink:type="arc" xlink:arcrole="http://www.xbrl.org/2003/arcrole/summation-item" xlink:from="ProposalDistributionCoveringTotal" xlink:to="ProposalOtherReservesIncreaseDecrease" xlink:title="calculation: ProposalDistributionCoveringTotal to ProposalOtherReservesIncreaseDecrease" order="7.0" weight="1.0"/>
    <link:loc xlink:type="locator" xlink:href="../../et-gaap-cor_2011-01-01.xsd#et-gaap_ProposalStatutoryReserveCapitalIncreaseDecrease" xlink:label="ProposalStatutoryReserveCapitalIncreaseDecrease" xlink:title="ProposalStatutoryReserveCapitalIncreaseDecrease"/>
    <link:calculationArc xlink:type="arc" xlink:arcrole="http://www.xbrl.org/2003/arcrole/summation-item" xlink:from="ProposalDistributionCoveringTotal" xlink:to="ProposalStatutoryReserveCapitalIncreaseDecrease" xlink:title="calculation: ProposalDistributionCoveringTotal to ProposalStatutoryReserveCapitalIncreaseDecrease" order="8.0" weight="1.0"/>
  </link:calculationLink>
</link:linkbase>
