<?xml version="1.0" encoding="UTF-8"?>
<!--
**************************************************************
et-gaap Taxonomy: 2011-01-01 (Final)

Copyright (C) 2010 Centre of Registers and Information Systems
**************************************************************
-->
<link:linkbase xmlns:xsi="http://www.w3.org/2001/XMLSchema-instance" xsi:schemaLocation="http://www.xbrl.org/2003/linkbase http://www.xbrl.org/2003/xbrl-linkbase-2003-12-31.xsd" xmlns:link="http://www.xbrl.org/2003/linkbase" xmlns:p0="http://xbrl.org/2005/xbrldt" xmlns:xlink="http://www.w3.org/1999/xlink">
  <link:roleRef roleURI="http://xbrl.eesti.ee/role/et-gaap_2011-01-01/ProposalForCoveringTheLoss_role-702020" xlink:type="simple" xlink:href="role-702000.xsd#ProposalForCoveringTheLoss_role-702020"/>
  <link:arcroleRef arcroleURI="http://xbrl.org/int/dim/arcrole/all" xlink:type="simple" xlink:href="http://www.xbrl.org/2005/xbrldt-2005.xsd#all"/>
  <link:arcroleRef arcroleURI="http://xbrl.org/int/dim/arcrole/domain-member" xlink:type="simple" xlink:href="http://www.xbrl.org/2005/xbrldt-2005.xsd#domain-member"/>
  <link:arcroleRef arcroleURI="http://xbrl.org/int/dim/arcrole/hypercube-dimension" xlink:type="simple" xlink:href="http://www.xbrl.org/2005/xbrldt-2005.xsd#hypercube-dimension"/>
  <link:definitionLink xlink:type="extended" xlink:role="http://xbrl.eesti.ee/role/et-gaap_2011-01-01/ProposalForCoveringTheLoss_role-702020">
    <link:loc xlink:type="locator" xlink:href="../../et-gaap-cor_2011-01-01.xsd#et-gaap_ProposalForCoveringLossAbstract" xlink:label="ProposalForCoveringLossAbstract" xlink:title="ProposalForCoveringLossAbstract"/>
    <link:loc xlink:type="locator" xlink:href="../../et-gaap-cor_2011-01-01.xsd#et-gaap_RetainedEarningsLoss" xlink:label="RetainedEarningsLoss" xlink:title="RetainedEarningsLoss"/>
    <link:definitionArc xlink:type="arc" xlink:arcrole="http://xbrl.org/int/dim/arcrole/domain-member" xlink:from="ProposalForCoveringLossAbstract" xlink:to="RetainedEarningsLoss" xlink:title="definition: ProposalForCoveringLossAbstract to RetainedEarningsLoss" use="optional" order="1.0"/>
    <link:loc xlink:type="locator" xlink:href="../../et-gaap-cor_2011-01-01.xsd#et-gaap_AnnualPeriodProfitLoss" xlink:label="AnnualPeriodProfitLoss" xlink:title="AnnualPeriodProfitLoss"/>
    <link:definitionArc xlink:type="arc" xlink:arcrole="http://xbrl.org/int/dim/arcrole/domain-member" xlink:from="ProposalForCoveringLossAbstract" xlink:to="AnnualPeriodProfitLoss" xlink:title="definition: ProposalForCoveringLossAbstract to AnnualPeriodProfitLoss" use="optional" order="2.0"/>
    <link:loc xlink:type="locator" xlink:href="../../et-gaap-cor_2011-01-01.xsd#et-gaap_RetainedEarningsLossWithAnnualPeriodProfitLoss" xlink:label="RetainedEarningsLossWithAnnualPeriodProfitLoss" xlink:title="RetainedEarningsLossWithAnnualPeriodProfitLoss"/>
    <link:definitionArc xlink:type="arc" xlink:arcrole="http://xbrl.org/int/dim/arcrole/domain-member" xlink:from="ProposalForCoveringLossAbstract" xlink:to="RetainedEarningsLossWithAnnualPeriodProfitLoss" xlink:title="definition: ProposalForCoveringLossAbstract to RetainedEarningsLossWithAnnualPeriodProfitLoss" use="optional" order="3.0"/>
    <link:loc xlink:type="locator" xlink:href="../../et-gaap-cor_2011-01-01.xsd#et-gaap_ProposalForCoveringLoss" xlink:label="ProposalForCoveringLoss" xlink:title="ProposalForCoveringLoss"/>
    <link:definitionArc xlink:type="arc" xlink:arcrole="http://xbrl.org/int/dim/arcrole/domain-member" xlink:from="ProposalForCoveringLossAbstract" xlink:to="ProposalForCoveringLoss" xlink:title="definition: ProposalForCoveringLossAbstract to ProposalForCoveringLoss" use="optional" order="5.0"/>
    <link:loc xlink:type="locator" xlink:href="../../et-gaap-cor_2011-01-01.xsd#et-gaap_CoveringLossAbstract" xlink:label="CoveringLossAbstract" xlink:title="CoveringLossAbstract"/>
    <link:definitionArc xlink:type="arc" xlink:arcrole="http://xbrl.org/int/dim/arcrole/domain-member" xlink:from="ProposalForCoveringLossAbstract" xlink:to="CoveringLossAbstract" xlink:title="definition: ProposalForCoveringLossAbstract to CoveringLossAbstract" order="4.0"/>
    <link:loc xlink:type="locator" xlink:href="../../et-gaap-cor_2011-01-01.xsd#et-gaap_ProposalStatutoryReserveCapitalIncreaseDecrease" xlink:label="ProposalStatutoryReserveCapitalIncreaseDecrease" xlink:title="ProposalStatutoryReserveCapitalIncreaseDecrease"/>
    <link:definitionArc xlink:type="arc" xlink:arcrole="http://xbrl.org/int/dim/arcrole/domain-member" xlink:from="CoveringLossAbstract" xlink:to="ProposalStatutoryReserveCapitalIncreaseDecrease" xlink:title="definition: CoveringLossAbstract to ProposalStatutoryReserveCapitalIncreaseDecrease" use="optional" order="1.0"/>
    <link:loc xlink:type="locator" xlink:href="../../et-gaap-cor_2011-01-01.xsd#et-gaap_ProposalOtherReservesIncreaseDecrease" xlink:label="ProposalOtherReservesIncreaseDecrease" xlink:title="ProposalOtherReservesIncreaseDecrease"/>
    <link:definitionArc xlink:type="arc" xlink:arcrole="http://xbrl.org/int/dim/arcrole/domain-member" xlink:from="CoveringLossAbstract" xlink:to="ProposalOtherReservesIncreaseDecrease" xlink:title="definition: CoveringLossAbstract to ProposalOtherReservesIncreaseDecrease" use="optional" order="2.0"/>
    <link:loc xlink:type="locator" xlink:href="../../et-gaap-cor_2011-01-01.xsd#et-gaap_ProposalDividends" xlink:label="ProposalDividends" xlink:title="ProposalDividends"/>
    <link:definitionArc xlink:type="arc" xlink:arcrole="http://xbrl.org/int/dim/arcrole/domain-member" xlink:from="CoveringLossAbstract" xlink:to="ProposalDividends" xlink:title="definition: CoveringLossAbstract to ProposalDividends" use="optional" order="3.0"/>
    <link:loc xlink:type="locator" xlink:href="../../et-gaap-cor_2011-01-01.xsd#et-gaap_ProposalSharePremiumDecrease" xlink:label="ProposalSharePremiumDecrease" xlink:title="ProposalSharePremiumDecrease"/>
    <link:definitionArc xlink:type="arc" xlink:arcrole="http://xbrl.org/int/dim/arcrole/domain-member" xlink:from="CoveringLossAbstract" xlink:to="ProposalSharePremiumDecrease" xlink:title="definition: CoveringLossAbstract to ProposalSharePremiumDecrease" use="optional" order="4.0"/>
    <link:loc xlink:type="locator" xlink:href="../../et-gaap-cor_2011-01-01.xsd#et-gaap_ProposalRetainedEarningsAfterDistributionCovering" xlink:label="ProposalRetainedEarningsAfterDistributionCovering" xlink:title="ProposalRetainedEarningsAfterDistributionCoverning"/>
    <link:definitionArc xlink:type="arc" xlink:arcrole="http://xbrl.org/int/dim/arcrole/domain-member" xlink:from="CoveringLossAbstract" xlink:to="ProposalRetainedEarningsAfterDistributionCovering" xlink:title="definition: CoveringLossAbstract to ProposalRetainedEarningsAfterDistributionCovering" use="optional" order="8.0"/>
    <link:loc xlink:type="locator" xlink:href="../../et-gaap-cor_2011-01-01.xsd#et-gaap_ProposalDistributionCoveringTotal" xlink:label="ProposalDistributionCoveringTotal" xlink:title="ProposalDistributionCoverningTotal"/>
    <link:definitionArc xlink:type="arc" xlink:arcrole="http://xbrl.org/int/dim/arcrole/domain-member" xlink:from="CoveringLossAbstract" xlink:to="ProposalDistributionCoveringTotal" xlink:title="definition: CoveringLossAbstract to ProposalDistributionCoveringTotal" use="optional" order="9.0"/>
    <link:loc xlink:type="locator" xlink:href="../../et-gaap-cor_2011-01-01.xsd#et-gaap_ProposalShareCapitalIncreaseDecrease" xlink:label="ProposalShareCapitalIncreaseDecrease" xlink:title="ProposalShareCapitalIncreaseDecrease"/>
    <link:definitionArc xlink:type="arc" xlink:arcrole="http://xbrl.org/int/dim/arcrole/domain-member" xlink:from="CoveringLossAbstract" xlink:to="ProposalShareCapitalIncreaseDecrease" xlink:title="definition: CoveringLossAbstract to ProposalShareCapitalIncreaseDecrease" use="optional" order="5.0"/>
    <link:loc xlink:type="locator" xlink:href="../../et-gaap-cor_2011-01-01.xsd#et-gaap_ProposalAdditionalPaymentsIntoShareCapital" xlink:label="ProposalAdditionalPaymentsIntoShareCapital" xlink:title="ProposalAdditionalPaymentsIntoShareCapital"/>
    <link:definitionArc xlink:type="arc" xlink:arcrole="http://xbrl.org/int/dim/arcrole/domain-member" xlink:from="CoveringLossAbstract" xlink:to="ProposalAdditionalPaymentsIntoShareCapital" xlink:title="definition: CoveringLossAbstract to ProposalAdditionalPaymentsIntoShareCapital" use="optional" order="6.0"/>
  </link:definitionLink>
</link:linkbase>
