<?xml version="1.0" encoding="UTF-8"?>
<!--
**************************************************************
et-gaap Taxonomy: 2011-01-01 (Final)

Copyright (C) 2010 Centre of Registers and Information Systems
**************************************************************
-->
<link:linkbase xmlns:xsi="http://www.w3.org/2001/XMLSchema-instance" xsi:schemaLocation="http://www.xbrl.org/2003/linkbase http://www.xbrl.org/2003/xbrl-linkbase-2003-12-31.xsd" xmlns:link="http://www.xbrl.org/2003/linkbase" xmlns:xlink="http://www.w3.org/1999/xlink" xmlns:xbrldt="http://xbrl.org/2005/xbrldt">
  <link:roleRef roleURI="http://xbrl.eesti.ee/role/et-gaap_2011-01-01/ProposalForCoveringTheLoss_role-702020" xlink:type="simple" xlink:href="role-702000.xsd#ProposalForCoveringTheLoss_role-702020"/>
  <link:presentationLink xlink:type="extended" xlink:role="http://xbrl.eesti.ee/role/et-gaap_2011-01-01/ProposalForCoveringTheLoss_role-702020">
    <link:loc xlink:type="locator" xlink:href="../../et-gaap-cor_2011-01-01.xsd#et-gaap_ProposalOtherAdditionalItemTuple" xlink:label="ProposalOtherAdditionalItemTuple" xlink:title="ProposalOtherAdditionalItemTuple"/>
    <link:loc xlink:type="locator" xlink:href="../../et-gaap-cor_2011-01-01.xsd#et-gaap_ProposalOtherAdditionalItemName" xlink:label="ProposalOtherAdditionalItemName" xlink:title="ProposalOtherAdditionalItemName"/>
    <link:presentationArc xlink:type="arc" xlink:arcrole="http://www.xbrl.org/2003/arcrole/parent-child" xlink:from="ProposalOtherAdditionalItemTuple" xlink:to="ProposalOtherAdditionalItemName" xlink:title="presentation: ProposalOtherAdditionalItemTuple to ProposalOtherAdditionalItemName" order="1.0"/>
    <link:loc xlink:type="locator" xlink:href="../../et-gaap-cor_2011-01-01.xsd#et-gaap_ProposalOtherAdditionalItemValue" xlink:label="ProposalOtherAdditionalItemValue" xlink:title="ProposalOtherAdditionalItemValue"/>
    <link:presentationArc xlink:type="arc" xlink:arcrole="http://www.xbrl.org/2003/arcrole/parent-child" xlink:from="ProposalOtherAdditionalItemTuple" xlink:to="ProposalOtherAdditionalItemValue" xlink:title="presentation: ProposalOtherAdditionalItemTuple to ProposalOtherAdditionalItemValue" order="2.0"/>
    <link:loc xlink:type="locator" xlink:href="../../et-gaap-cor_2011-01-01.xsd#et-gaap_ProposalForCoveringLossAbstract" xlink:label="ProposalForCoveringLossAbstract" xlink:title="ProposalForCoveringLossAbstract"/>
    <link:loc xlink:type="locator" xlink:href="../../et-gaap-cor_2011-01-01.xsd#et-gaap_RetainedEarningsLoss" xlink:label="RetainedEarningsLoss" xlink:title="RetainedEarningsLoss"/>
    <link:presentationArc xlink:type="arc" xlink:arcrole="http://www.xbrl.org/2003/arcrole/parent-child" xlink:from="ProposalForCoveringLossAbstract" xlink:to="RetainedEarningsLoss" xlink:title="presentation: ProposalForCoveringLossAbstract to RetainedEarningsLoss" use="optional" order="1.0"/>
    <link:loc xlink:type="locator" xlink:href="../../et-gaap-cor_2011-01-01.xsd#et-gaap_AnnualPeriodProfitLoss" xlink:label="AnnualPeriodProfitLoss" xlink:title="AnnualPeriodProfitLoss"/>
    <link:presentationArc xlink:type="arc" xlink:arcrole="http://www.xbrl.org/2003/arcrole/parent-child" xlink:from="ProposalForCoveringLossAbstract" xlink:to="AnnualPeriodProfitLoss" xlink:title="presentation: ProposalForCoveringLossAbstract to AnnualPeriodProfitLoss" use="optional" order="2.0"/>
    <link:loc xlink:type="locator" xlink:href="../../et-gaap-cor_2011-01-01.xsd#et-gaap_RetainedEarningsLossWithAnnualPeriodProfitLoss" xlink:label="RetainedEarningsLossWithAnnualPeriodProfitLoss" xlink:title="RetainedEarningsLossWithAnnualPeriodProfitLoss"/>
    <link:presentationArc xlink:type="arc" xlink:arcrole="http://www.xbrl.org/2003/arcrole/parent-child" xlink:from="ProposalForCoveringLossAbstract" xlink:to="RetainedEarningsLossWithAnnualPeriodProfitLoss" xlink:title="presentation: ProposalForCoveringLossAbstract to RetainedEarningsLossWithAnnualPeriodProfitLoss" use="optional" order="3.0"/>
    <link:loc xlink:type="locator" xlink:href="../../et-gaap-cor_2011-01-01.xsd#et-gaap_ProposalForCoveringLoss" xlink:label="ProposalForCoveringLoss" xlink:title="ProposalForCoveringLoss"/>
    <link:presentationArc xlink:type="arc" xlink:arcrole="http://www.xbrl.org/2003/arcrole/parent-child" xlink:from="ProposalForCoveringLossAbstract" xlink:to="ProposalForCoveringLoss" xlink:title="presentation: ProposalForCoveringLossAbstract to ProposalForCoveringLoss" use="optional" order="5.0"/>
    <link:loc xlink:type="locator" xlink:href="../../et-gaap-cor_2011-01-01.xsd#et-gaap_CoveringLossAbstract" xlink:label="CoveringLossAbstract" xlink:title="CoveringLossAbstract"/>
    <link:presentationArc xlink:type="arc" xlink:arcrole="http://www.xbrl.org/2003/arcrole/parent-child" xlink:from="ProposalForCoveringLossAbstract" xlink:to="CoveringLossAbstract" xlink:title="presentation: ProposalForCoveringLossAbstract to CoveringLossAbstract" use="optional" order="4.0"/>
    <link:loc xlink:type="locator" xlink:href="../../et-gaap-cor_2011-01-01.xsd#et-gaap_ProposalStatutoryReserveCapitalIncreaseDecrease" xlink:label="ProposalStatutoryReserveCapitalIncreaseDecrease" xlink:title="ProposalStatutoryReserveCapitalIncreaseDecrease"/>
    <link:presentationArc xlink:type="arc" xlink:arcrole="http://www.xbrl.org/2003/arcrole/parent-child" xlink:from="CoveringLossAbstract" xlink:to="ProposalStatutoryReserveCapitalIncreaseDecrease" xlink:title="presentation: CoveringLossAbstract to ProposalStatutoryReserveCapitalIncreaseDecrease" use="optional" order="1.0"/>
    <link:loc xlink:type="locator" xlink:href="../../et-gaap-cor_2011-01-01.xsd#et-gaap_ProposalOtherReservesIncreaseDecrease" xlink:label="ProposalOtherReservesIncreaseDecrease" xlink:title="ProposalOtherReservesIncreaseDecrease"/>
    <link:presentationArc xlink:type="arc" xlink:arcrole="http://www.xbrl.org/2003/arcrole/parent-child" xlink:from="CoveringLossAbstract" xlink:to="ProposalOtherReservesIncreaseDecrease" xlink:title="presentation: CoveringLossAbstract to ProposalOtherReservesIncreaseDecrease" use="optional" order="2.0"/>
    <link:loc xlink:type="locator" xlink:href="../../et-gaap-cor_2011-01-01.xsd#et-gaap_ProposalDividends" xlink:label="ProposalDividends" xlink:title="ProposalDividends"/>
    <link:presentationArc xlink:type="arc" xlink:arcrole="http://www.xbrl.org/2003/arcrole/parent-child" xlink:from="CoveringLossAbstract" xlink:to="ProposalDividends" xlink:title="presentation: CoveringLossAbstract to ProposalDividends" use="optional" order="3.0"/>
    <link:loc xlink:type="locator" xlink:href="../../et-gaap-cor_2011-01-01.xsd#et-gaap_ProposalSharePremiumDecrease" xlink:label="ProposalSharePremiumDecrease" xlink:title="ProposalSharePremiumDecrease"/>
    <link:presentationArc xlink:type="arc" xlink:arcrole="http://www.xbrl.org/2003/arcrole/parent-child" xlink:from="CoveringLossAbstract" xlink:to="ProposalSharePremiumDecrease" xlink:title="presentation: CoveringLossAbstract to ProposalSharePremiumDecrease" use="optional" order="4.0"/>
    <link:loc xlink:type="locator" xlink:href="../../et-gaap-cor_2011-01-01.xsd#et-gaap_ProposalRetainedEarningsAfterDistributionCovering" xlink:label="ProposalRetainedEarningsAfterDistributionCovering" xlink:title="ProposalRetainedEarningsAfterDistributionCoverning"/>
    <link:presentationArc xlink:type="arc" xlink:arcrole="http://www.xbrl.org/2003/arcrole/parent-child" xlink:from="CoveringLossAbstract" xlink:to="ProposalRetainedEarningsAfterDistributionCovering" xlink:title="presentation: CoveringLossAbstract to ProposalRetainedEarningsAfterDistributionCovering" use="optional" order="8.0"/>
    <link:loc xlink:type="locator" xlink:href="../../et-gaap-cor_2011-01-01.xsd#et-gaap_ProposalDistributionCoveringTotal" xlink:label="ProposalDistributionCoveringTotal" xlink:title="ProposalDistributionCoverningTotal"/>
    <link:presentationArc xlink:type="arc" xlink:arcrole="http://www.xbrl.org/2003/arcrole/parent-child" xlink:from="CoveringLossAbstract" xlink:to="ProposalDistributionCoveringTotal" xlink:title="presentation: CoveringLossAbstract to ProposalDistributionCoveringTotal" use="optional" order="9.0"/>
    <link:loc xlink:type="locator" xlink:href="../../et-gaap-cor_2011-01-01.xsd#et-gaap_ProposalShareCapitalIncreaseDecrease" xlink:label="ProposalShareCapitalIncreaseDecrease" xlink:title="ProposalShareCapitalIncreaseDecrease"/>
    <link:presentationArc xlink:type="arc" xlink:arcrole="http://www.xbrl.org/2003/arcrole/parent-child" xlink:from="CoveringLossAbstract" xlink:to="ProposalShareCapitalIncreaseDecrease" xlink:title="presentation: CoveringLossAbstract to ProposalShareCapitalIncreaseDecrease" use="optional" order="5.0"/>
    <link:loc xlink:type="locator" xlink:href="../../et-gaap-cor_2011-01-01.xsd#et-gaap_ProposalAdditionalPaymentsIntoShareCapital" xlink:label="ProposalAdditionalPaymentsIntoShareCapital" xlink:title="ProposalAdditionalPaymentsIntoShareCapital"/>
    <link:presentationArc xlink:type="arc" xlink:arcrole="http://www.xbrl.org/2003/arcrole/parent-child" xlink:from="CoveringLossAbstract" xlink:to="ProposalAdditionalPaymentsIntoShareCapital" xlink:title="presentation: CoveringLossAbstract to ProposalAdditionalPaymentsIntoShareCapital" use="optional" order="6.0"/>
    <link:presentationArc xlink:type="arc" xlink:arcrole="http://www.xbrl.org/2003/arcrole/parent-child" xlink:from="CoveringLossAbstract" xlink:to="ProposalOtherAdditionalItemTuple" xlink:title="presentation: CoveringLossAbstract to ProposalOtherAdditionalItemTuple" order="7.0"/>
  </link:presentationLink>
</link:linkbase>
