<?xml version="1.0" encoding="UTF-8"?>
<!--
**************************************************************
et-gaap Taxonomy: 2011-01-01 (Final)

Copyright (C) 2010 Centre of Registers and Information Systems
**************************************************************
-->
<link:linkbase xmlns:xsi="http://www.w3.org/2001/XMLSchema-instance" xsi:schemaLocation="http://www.xbrl.org/2003/linkbase http://www.xbrl.org/2003/xbrl-linkbase-2003-12-31.xsd" xmlns:link="http://www.xbrl.org/2003/linkbase" xmlns:xbrldt="http://xbrl.org/2005/xbrldt" xmlns:xlink="http://www.w3.org/1999/xlink">
  <link:roleRef roleURI="http://xbrl.eesti.ee/role/et-gaap_2011-01-01/ProfitDistributionProposal_role-702030" xlink:type="simple" xlink:href="role-702000.xsd#ProfitDistributionProposal_role-702030"/>
  <link:presentationLink xlink:type="extended" xlink:role="http://xbrl.eesti.ee/role/et-gaap_2011-01-01/ProfitDistributionProposal_role-702030">
    <link:loc xlink:type="locator" xlink:href="../../et-gaap-cor_2011-01-01.xsd#et-gaap_ProfitDistributionProposalAbstract" xlink:label="ProfitDistributionProposalAbstract" xlink:title="ProfitDistributionProposalAbstract"/>
    <link:loc xlink:type="locator" xlink:href="../../et-gaap-cor_2011-01-01.xsd#et-gaap_ProfitDistributionProposal" xlink:label="ProfitDistributionProposal" xlink:title="ProfitDistributionProposal"/>
    <link:presentationArc xlink:type="arc" xlink:arcrole="http://www.xbrl.org/2003/arcrole/parent-child" xlink:from="ProfitDistributionProposalAbstract" xlink:to="ProfitDistributionProposal" xlink:title="presentation: ProfitDistributionProposalAbstract to ProfitDistributionProposal" use="optional" order="5.0"/>
    <link:loc xlink:type="locator" xlink:href="../../et-gaap-cor_2011-01-01.xsd#et-gaap_RetainedEarningsLoss" xlink:label="RetainedEarningsLoss" xlink:title="RetainedEarningsLoss"/>
    <link:presentationArc xlink:type="arc" xlink:arcrole="http://www.xbrl.org/2003/arcrole/parent-child" xlink:from="ProfitDistributionProposalAbstract" xlink:to="RetainedEarningsLoss" xlink:title="presentation: ProfitDistributionProposalAbstract to RetainedEarningsLoss" use="optional" order="1.0"/>
    <link:loc xlink:type="locator" xlink:href="../../et-gaap-cor_2011-01-01.xsd#et-gaap_AnnualPeriodProfitLoss" xlink:label="AnnualPeriodProfitLoss" xlink:title="AnnualPeriodProfitLoss"/>
    <link:presentationArc xlink:type="arc" xlink:arcrole="http://www.xbrl.org/2003/arcrole/parent-child" xlink:from="ProfitDistributionProposalAbstract" xlink:to="AnnualPeriodProfitLoss" xlink:title="presentation: ProfitDistributionProposalAbstract to AnnualPeriodProfitLoss" use="optional" order="2.0"/>
    <link:loc xlink:type="locator" xlink:href="../../et-gaap-cor_2011-01-01.xsd#et-gaap_RetainedEarningsLossWithAnnualPeriodProfitLoss" xlink:label="RetainedEarningsLossWithAnnualPeriodProfitLoss" xlink:title="RetainedEarningsLossWithAnnualPeriodProfitLoss"/>
    <link:presentationArc xlink:type="arc" xlink:arcrole="http://www.xbrl.org/2003/arcrole/parent-child" xlink:from="ProfitDistributionProposalAbstract" xlink:to="RetainedEarningsLossWithAnnualPeriodProfitLoss" xlink:title="presentation: ProfitDistributionProposalAbstract to RetainedEarningsLossWithAnnualPeriodProfitLoss" use="optional" order="3.0"/>
    <link:loc xlink:type="locator" xlink:href="../../et-gaap-cor_2011-01-01.xsd#et-gaap_ProfitDistributionAbstract" xlink:label="ProfitDistributionAbstract" xlink:title="ProfitDistributionAbstract"/>
    <link:presentationArc xlink:type="arc" xlink:arcrole="http://www.xbrl.org/2003/arcrole/parent-child" xlink:from="ProfitDistributionProposalAbstract" xlink:to="ProfitDistributionAbstract" xlink:title="presentation: ProfitDistributionProposalAbstract to ProfitDistributionAbstract" use="optional" order="4.0"/>
    <link:loc xlink:type="locator" xlink:href="../../et-gaap-cor_2011-01-01.xsd#et-gaap_ProposalStatutoryReserveCapitalIncreaseDecrease" xlink:label="ProposalStatutoryReserveCapitalIncreaseDecrease" xlink:title="ProposalStatutoryReserveCapitalIncreaseDecrease"/>
    <link:presentationArc xlink:type="arc" xlink:arcrole="http://www.xbrl.org/2003/arcrole/parent-child" xlink:from="ProfitDistributionAbstract" xlink:to="ProposalStatutoryReserveCapitalIncreaseDecrease" xlink:title="presentation: ProfitDistributionAbstract to ProposalStatutoryReserveCapitalIncreaseDecrease" use="optional" order="1.0"/>
    <link:loc xlink:type="locator" xlink:href="../../et-gaap-cor_2011-01-01.xsd#et-gaap_ProposalOtherReservesIncreaseDecrease" xlink:label="ProposalOtherReservesIncreaseDecrease" xlink:title="ProposalOtherReservesIncreaseDecrease"/>
    <link:presentationArc xlink:type="arc" xlink:arcrole="http://www.xbrl.org/2003/arcrole/parent-child" xlink:from="ProfitDistributionAbstract" xlink:to="ProposalOtherReservesIncreaseDecrease" xlink:title="presentation: ProfitDistributionAbstract to ProposalOtherReservesIncreaseDecrease" use="optional" order="2.0"/>
    <link:loc xlink:type="locator" xlink:href="../../et-gaap-cor_2011-01-01.xsd#et-gaap_ProposalDividends" xlink:label="ProposalDividends" xlink:title="ProposalDividends"/>
    <link:presentationArc xlink:type="arc" xlink:arcrole="http://www.xbrl.org/2003/arcrole/parent-child" xlink:from="ProfitDistributionAbstract" xlink:to="ProposalDividends" xlink:title="presentation: ProfitDistributionAbstract to ProposalDividends" use="optional" order="3.0"/>
    <link:loc xlink:type="locator" xlink:href="../../et-gaap-cor_2011-01-01.xsd#et-gaap_ProposalSharePremiumDecrease" xlink:label="ProposalSharePremiumDecrease" xlink:title="ProposalSharePremiumDecrease"/>
    <link:presentationArc xlink:type="arc" xlink:arcrole="http://www.xbrl.org/2003/arcrole/parent-child" xlink:from="ProfitDistributionAbstract" xlink:to="ProposalSharePremiumDecrease" xlink:title="presentation: ProfitDistributionAbstract to ProposalSharePremiumDecrease" use="optional" order="4.0"/>
    <link:loc xlink:type="locator" xlink:href="../../et-gaap-cor_2011-01-01.xsd#et-gaap_ProposalRetainedEarningsAfterDistributionCovering" xlink:label="ProposalRetainedEarningsAfterDistributionCovering" xlink:title="ProposalRetainedEarningsAfterDistributionCoverning"/>
    <link:presentationArc xlink:type="arc" xlink:arcrole="http://www.xbrl.org/2003/arcrole/parent-child" xlink:from="ProfitDistributionAbstract" xlink:to="ProposalRetainedEarningsAfterDistributionCovering" xlink:title="presentation: ProfitDistributionAbstract to ProposalRetainedEarningsAfterDistributionCovering" use="optional" order="8.0"/>
    <link:loc xlink:type="locator" xlink:href="../../et-gaap-cor_2011-01-01.xsd#et-gaap_ProposalDistributionCoveringTotal" xlink:label="ProposalDistributionCoveringTotal" xlink:title="ProposalDistributionCoverningTotal"/>
    <link:presentationArc xlink:type="arc" xlink:arcrole="http://www.xbrl.org/2003/arcrole/parent-child" xlink:from="ProfitDistributionAbstract" xlink:to="ProposalDistributionCoveringTotal" xlink:title="presentation: ProfitDistributionAbstract to ProposalDistributionCoveringTotal" use="optional" order="9.0"/>
    <link:loc xlink:type="locator" xlink:href="../../et-gaap-cor_2011-01-01.xsd#et-gaap_ProposalOtherAdditionalItemTuple" xlink:label="ProposalOtherAdditionalItemTuple" xlink:title="ProposalOtherAdditionalItemTuple"/>
    <link:presentationArc xlink:type="arc" xlink:arcrole="http://www.xbrl.org/2003/arcrole/parent-child" xlink:from="ProfitDistributionAbstract" xlink:to="ProposalOtherAdditionalItemTuple" xlink:title="presentation: ProfitDistributionAbstract to ProposalOtherAdditionalItemTuple" order="7.0"/>
    <link:loc xlink:type="locator" xlink:href="../../et-gaap-cor_2011-01-01.xsd#et-gaap_ProposalOtherAdditionalItemName" xlink:label="ProposalOtherAdditionalItemName" xlink:title="ProposalOtherAdditionalItemName"/>
    <link:presentationArc xlink:type="arc" xlink:arcrole="http://www.xbrl.org/2003/arcrole/parent-child" xlink:from="ProposalOtherAdditionalItemTuple" xlink:to="ProposalOtherAdditionalItemName" xlink:title="presentation: ProposalOtherAdditionalItemTuple to ProposalOtherAdditionalItemName" order="1.0"/>
    <link:loc xlink:type="locator" xlink:href="../../et-gaap-cor_2011-01-01.xsd#et-gaap_ProposalOtherAdditionalItemValue" xlink:label="ProposalOtherAdditionalItemValue" xlink:title="ProposalOtherAdditionalItemValue"/>
    <link:presentationArc xlink:type="arc" xlink:arcrole="http://www.xbrl.org/2003/arcrole/parent-child" xlink:from="ProposalOtherAdditionalItemTuple" xlink:to="ProposalOtherAdditionalItemValue" xlink:title="presentation: ProposalOtherAdditionalItemTuple to ProposalOtherAdditionalItemValue" order="2.0"/>
    <link:loc xlink:type="locator" xlink:href="../../et-gaap-cor_2011-01-01.xsd#et-gaap_ProposalShareCapitalIncreaseDecreaseType2" xlink:label="ProposalShareCapitalIncreaseDecreaseType2" xlink:title="ProposalShareCapitalIncreaseDecreaseType2"/>
    <link:presentationArc xlink:type="arc" xlink:arcrole="http://www.xbrl.org/2003/arcrole/parent-child" xlink:from="ProfitDistributionAbstract" xlink:to="ProposalShareCapitalIncreaseDecreaseType2" xlink:title="presentation: ProfitDistributionAbstract to ProposalShareCapitalIncreaseDecreaseType2" order="5.0"/>
    <link:loc xlink:type="locator" xlink:href="../../et-gaap-cor_2011-01-01.xsd#et-gaap_ProposalAdditionalPaymentsIntoShareCapitalType2" xlink:label="ProposalAdditionalPaymentsIntoShareCapitalType2" xlink:title="ProposalAdditionalPaymentsIntoShareCapitalType2"/>
    <link:presentationArc xlink:type="arc" xlink:arcrole="http://www.xbrl.org/2003/arcrole/parent-child" xlink:from="ProfitDistributionAbstract" xlink:to="ProposalAdditionalPaymentsIntoShareCapitalType2" xlink:title="presentation: ProfitDistributionAbstract to ProposalAdditionalPaymentsIntoShareCapitalType2" order="6.0"/>
  </link:presentationLink>
</link:linkbase>
