<?xml version="1.0" encoding="UTF-8"?>
<!--
**************************************************************
et-gaap Taxonomy: 2011-01-01 (Final)

Copyright (C) 2010 Centre of Registers and Information Systems
**************************************************************
-->
<link:linkbase xmlns:xsi="http://www.w3.org/2001/XMLSchema-instance" xsi:schemaLocation="http://www.xbrl.org/2003/linkbase http://www.xbrl.org/2003/xbrl-linkbase-2003-12-31.xsd" xmlns:link="http://www.xbrl.org/2003/linkbase" xmlns:xlink="http://www.w3.org/1999/xlink">
  <link:roleRef roleURI="http://xbrl.eesti.ee/role/et-gaap_2011-01-01/NoteOperatingLease_role-820000" xlink:type="simple" xlink:href="role-820000.xsd#NoteOperatingLease_role-820000"/>
  <link:calculationLink xlink:type="extended" xlink:role="http://xbrl.eesti.ee/role/et-gaap_2011-01-01/NoteOperatingLease_role-820000">
    <link:loc xlink:type="locator" xlink:href="../../et-gaap-cor_2011-01-01.xsd#et-gaap_OperatingLeaseResidualCostOfLeasedAssetsTotal" xlink:label="OperatingLeaseResidualCostOfLeasedAssetsTotal" xlink:title="OperatingLeaseResidualCostOfLeasedAssetsTotal"/>
    <link:loc xlink:type="locator" xlink:href="../../et-gaap-cor_2011-01-01.xsd#et-gaap_OperatingLeaseResidualCostOfLeasedAssetsInvestmentsProperty" xlink:label="OperatingLeaseResidualCostOfLeasedAssetsInvestmentsProperty" xlink:title="OperatingLeaseResidualCostOfLeasedAssetsInvestmentsProperty"/>
    <link:calculationArc xlink:type="arc" xlink:arcrole="http://www.xbrl.org/2003/arcrole/summation-item" xlink:from="OperatingLeaseResidualCostOfLeasedAssetsTotal" xlink:to="OperatingLeaseResidualCostOfLeasedAssetsInvestmentsProperty" xlink:title="calculation: OperatingLeaseResidualCostOfLeasedAssetsTotal to OperatingLeaseResidualCostOfLeasedAssetsInvestmentsProperty" order="1.0" weight="1.0"/>
    <link:loc xlink:type="locator" xlink:href="../../et-gaap-cor_2011-01-01.xsd#et-gaap_OperatingLeaseResidualCostOfLeasedAssetsMachineryAndEquipment" xlink:label="OperatingLeaseResidualCostOfLeasedAssetsMachineryAndEquipment" xlink:title="OperatingLeaseResidualCostOfLeasedAssetsMachineryAndEquipment"/>
    <link:calculationArc xlink:type="arc" xlink:arcrole="http://www.xbrl.org/2003/arcrole/summation-item" xlink:from="OperatingLeaseResidualCostOfLeasedAssetsTotal" xlink:to="OperatingLeaseResidualCostOfLeasedAssetsMachineryAndEquipment" xlink:title="calculation: OperatingLeaseResidualCostOfLeasedAssetsTotal to OperatingLeaseResidualCostOfLeasedAssetsMachineryAndEquipment" order="2.0" weight="1.0"/>
    <link:loc xlink:type="locator" xlink:href="../../et-gaap-cor_2011-01-01.xsd#et-gaap_OperatingLeaseResidualCostOfLeasedAssetsOtherAssets" xlink:label="OperatingLeaseResidualCostOfLeasedAssetsOtherAssets" xlink:title="OperatingLeaseResidualCostOfLeasedAssetsOtherAssets"/>
    <link:calculationArc xlink:type="arc" xlink:arcrole="http://www.xbrl.org/2003/arcrole/summation-item" xlink:from="OperatingLeaseResidualCostOfLeasedAssetsTotal" xlink:to="OperatingLeaseResidualCostOfLeasedAssetsOtherAssets" xlink:title="calculation: OperatingLeaseResidualCostOfLeasedAssetsTotal to OperatingLeaseResidualCostOfLeasedAssetsOtherAssets" order="3.0" weight="1.0"/>
  </link:calculationLink>
</link:linkbase>
