<?xml version="1.0" encoding="UTF-8"?>
<!--
**************************************************************
et-gaap Taxonomy: 2011-01-01 (Final)

Copyright (C) 2010 Centre of Registers and Information Systems
**************************************************************
-->
<link:linkbase xmlns:xsi="http://www.w3.org/2001/XMLSchema-instance" xsi:schemaLocation="http://www.xbrl.org/2003/linkbase http://www.xbrl.org/2003/xbrl-linkbase-2003-12-31.xsd" xmlns:link="http://www.xbrl.org/2003/linkbase" xmlns:xlink="http://www.w3.org/1999/xlink" xmlns:p0="http://xbrl.org/2005/xbrldt">
  <link:roleRef roleURI="http://xbrl.eesti.ee/role/et-gaap_2011-01-01/NoteOperatingLease_role-820000" xlink:type="simple" xlink:href="role-820000.xsd#NoteOperatingLease_role-820000"/>
  <link:arcroleRef arcroleURI="http://xbrl.org/int/dim/arcrole/domain-member" xlink:type="simple" xlink:href="http://www.xbrl.org/2005/xbrldt-2005.xsd#domain-member"/>
  <link:definitionLink xlink:type="extended" xlink:role="http://xbrl.eesti.ee/role/et-gaap_2011-01-01/NoteOperatingLease_role-820000">
    <link:loc xlink:type="locator" xlink:href="../../et-gaap-cor_2011-01-01.xsd#et-gaap_NoteOperatingLeaseAbstract" xlink:label="NoteOperatingLeaseAbstract" xlink:title="NoteOperatingLeaseAbstract"/>
    <link:loc xlink:type="locator" xlink:href="../../et-gaap-cor_2011-01-01.xsd#et-gaap_NoteOperatingLeaseAccountingEntityAsLessorAbstract" xlink:label="NoteOperatingLeaseAccountingEntityAsLessorAbstract" xlink:title="NoteOperatingLeaseAccountingEntityAsLessorAbstract"/>
    <link:definitionArc xlink:type="arc" xlink:arcrole="http://xbrl.org/int/dim/arcrole/domain-member" xlink:from="NoteOperatingLeaseAbstract" xlink:to="NoteOperatingLeaseAccountingEntityAsLessorAbstract" xlink:title="definition: NoteOperatingLeaseAbstract to NoteOperatingLeaseAccountingEntityAsLessorAbstract" use="optional" order="1.0"/>
    <link:loc xlink:type="locator" xlink:href="../../et-gaap-cor_2011-01-01.xsd#et-gaap_OperatingLeaseIncome" xlink:label="OperatingLeaseIncome" xlink:title="OperatingLeaseIncome"/>
    <link:definitionArc xlink:type="arc" xlink:arcrole="http://xbrl.org/int/dim/arcrole/domain-member" xlink:from="NoteOperatingLeaseAccountingEntityAsLessorAbstract" xlink:to="OperatingLeaseIncome" xlink:title="definition: NoteOperatingLeaseAccountingEntityAsLessorAbstract to OperatingLeaseIncome" use="optional" order="1.0"/>
    <link:loc xlink:type="locator" xlink:href="../../et-gaap-cor_2011-01-01.xsd#et-gaap_FutureLeaseIncomeUnderNonCancellableLeaseContractsAbstract" xlink:label="FutureLeaseIncomeUnderNonCancellableLeaseContractsAbstract" xlink:title="FutureLeaseIncomeUnderNonCancellableLeaseContractsAbstract"/>
    <link:definitionArc xlink:type="arc" xlink:arcrole="http://xbrl.org/int/dim/arcrole/domain-member" xlink:from="NoteOperatingLeaseAccountingEntityAsLessorAbstract" xlink:to="FutureLeaseIncomeUnderNonCancellableLeaseContractsAbstract" xlink:title="definition: NoteOperatingLeaseAccountingEntityAsLessorAbstract to FutureLeaseIncomeUnderNonCancellableLeaseContractsAbstract" use="optional" order="2.0"/>
    <link:loc xlink:type="locator" xlink:href="../../et-gaap-cor_2011-01-01.xsd#et-gaap_FutureLeaseIncomeUnderNonCancellableLeaseContractsWithin12Months" xlink:label="FutureLeaseIncomeUnderNonCancellableLeaseContractsWithin12Months" xlink:title="FutureLeaseIncomeUnderNonCancellableLeaseContractsWithin12Months"/>
    <link:definitionArc xlink:type="arc" xlink:arcrole="http://xbrl.org/int/dim/arcrole/domain-member" xlink:from="FutureLeaseIncomeUnderNonCancellableLeaseContractsAbstract" xlink:to="FutureLeaseIncomeUnderNonCancellableLeaseContractsWithin12Months" xlink:title="definition: FutureLeaseIncomeUnderNonCancellableLeaseContractsAbstract to FutureLeaseIncomeUnderNonCancellableLeaseContractsWithin12Months" use="optional" order="1.0"/>
    <link:loc xlink:type="locator" xlink:href="../../et-gaap-cor_2011-01-01.xsd#et-gaap_FutureLeaseIncomeUnderNonCancellableLeaseContractsWithin1to5Years" xlink:label="FutureLeaseIncomeUnderNonCancellableLeaseContractsWithin1to5Years" xlink:title="FutureLeaseIncomeUnderNonCancellableLeaseContractsWithin1to5Years"/>
    <link:definitionArc xlink:type="arc" xlink:arcrole="http://xbrl.org/int/dim/arcrole/domain-member" xlink:from="FutureLeaseIncomeUnderNonCancellableLeaseContractsAbstract" xlink:to="FutureLeaseIncomeUnderNonCancellableLeaseContractsWithin1to5Years" xlink:title="definition: FutureLeaseIncomeUnderNonCancellableLeaseContractsAbstract to FutureLeaseIncomeUnderNonCancellableLeaseContractsWithin1to5Years" use="optional" order="2.0"/>
    <link:loc xlink:type="locator" xlink:href="../../et-gaap-cor_2011-01-01.xsd#et-gaap_FutureLeaseIncomeUnderNonCancellableLeaseContractsWithinOver5Years" xlink:label="FutureLeaseIncomeUnderNonCancellableLeaseContractsWithinOver5Years" xlink:title="FutureLeaseIncomeUnderNonCancellableLeaseContractsWithinOver5Years"/>
    <link:definitionArc xlink:type="arc" xlink:arcrole="http://xbrl.org/int/dim/arcrole/domain-member" xlink:from="FutureLeaseIncomeUnderNonCancellableLeaseContractsAbstract" xlink:to="FutureLeaseIncomeUnderNonCancellableLeaseContractsWithinOver5Years" xlink:title="definition: FutureLeaseIncomeUnderNonCancellableLeaseContractsAbstract to FutureLeaseIncomeUnderNonCancellableLeaseContractsWithinOver5Years" use="optional" order="3.0"/>
    <link:loc xlink:type="locator" xlink:href="../../et-gaap-cor_2011-01-01.xsd#et-gaap_OperatingLeaseResidualCostOfLeasedAssetsAbstract" xlink:label="OperatingLeaseResidualCostOfLeasedAssetsAbstract" xlink:title="OperatingLeaseResidualCostOfLeasedAssetsAbstract"/>
    <link:definitionArc xlink:type="arc" xlink:arcrole="http://xbrl.org/int/dim/arcrole/domain-member" xlink:from="NoteOperatingLeaseAccountingEntityAsLessorAbstract" xlink:to="OperatingLeaseResidualCostOfLeasedAssetsAbstract" xlink:title="definition: NoteOperatingLeaseAccountingEntityAsLessorAbstract to OperatingLeaseResidualCostOfLeasedAssetsAbstract" use="optional" order="3.0"/>
    <link:loc xlink:type="locator" xlink:href="../../et-gaap-cor_2011-01-01.xsd#et-gaap_OperatingLeaseResidualCostOfLeasedAssetsInvestmentsProperty" xlink:label="OperatingLeaseResidualCostOfLeasedAssetsInvestmentsProperty" xlink:title="OperatingLeaseResidualCostOfLeasedAssetsInvestmentsProperty"/>
    <link:definitionArc xlink:type="arc" xlink:arcrole="http://xbrl.org/int/dim/arcrole/domain-member" xlink:from="OperatingLeaseResidualCostOfLeasedAssetsAbstract" xlink:to="OperatingLeaseResidualCostOfLeasedAssetsInvestmentsProperty" xlink:title="definition: OperatingLeaseResidualCostOfLeasedAssetsAbstract to OperatingLeaseResidualCostOfLeasedAssetsInvestmentsProperty" use="optional" order="1.0"/>
    <link:loc xlink:type="locator" xlink:href="../../et-gaap-cor_2011-01-01.xsd#et-gaap_OperatingLeaseResidualCostOfLeasedAssetsMachineryAndEquipment" xlink:label="OperatingLeaseResidualCostOfLeasedAssetsMachineryAndEquipment" xlink:title="OperatingLeaseResidualCostOfLeasedAssetsMachineryAndEquipment"/>
    <link:definitionArc xlink:type="arc" xlink:arcrole="http://xbrl.org/int/dim/arcrole/domain-member" xlink:from="OperatingLeaseResidualCostOfLeasedAssetsAbstract" xlink:to="OperatingLeaseResidualCostOfLeasedAssetsMachineryAndEquipment" xlink:title="definition: OperatingLeaseResidualCostOfLeasedAssetsAbstract to OperatingLeaseResidualCostOfLeasedAssetsMachineryAndEquipment" use="optional" order="2.0"/>
    <link:loc xlink:type="locator" xlink:href="../../et-gaap-cor_2011-01-01.xsd#et-gaap_OperatingLeaseResidualCostOfLeasedAssetsOtherAssets" xlink:label="OperatingLeaseResidualCostOfLeasedAssetsOtherAssets" xlink:title="OperatingLeaseResidualCostOfLeasedAssetsOtherAssets"/>
    <link:definitionArc xlink:type="arc" xlink:arcrole="http://xbrl.org/int/dim/arcrole/domain-member" xlink:from="OperatingLeaseResidualCostOfLeasedAssetsAbstract" xlink:to="OperatingLeaseResidualCostOfLeasedAssetsOtherAssets" xlink:title="definition: OperatingLeaseResidualCostOfLeasedAssetsAbstract to OperatingLeaseResidualCostOfLeasedAssetsOtherAssets" use="optional" order="3.0"/>
    <link:loc xlink:type="locator" xlink:href="../../et-gaap-cor_2011-01-01.xsd#et-gaap_OperatingLeaseResidualCostOfLeasedAssetsTotal" xlink:label="OperatingLeaseResidualCostOfLeasedAssetsTotal" xlink:title="OperatingLeaseResidualCostOfLeasedAssetsTotal"/>
    <link:definitionArc xlink:type="arc" xlink:arcrole="http://xbrl.org/int/dim/arcrole/domain-member" xlink:from="OperatingLeaseResidualCostOfLeasedAssetsAbstract" xlink:to="OperatingLeaseResidualCostOfLeasedAssetsTotal" xlink:title="definition: OperatingLeaseResidualCostOfLeasedAssetsAbstract to OperatingLeaseResidualCostOfLeasedAssetsTotal" use="optional" order="4.0"/>
    <link:loc xlink:type="locator" xlink:href="../../et-gaap-cor_2011-01-01.xsd#et-gaap_NoteOperatingLeaseAccountingEntityAsLessor" xlink:label="NoteOperatingLeaseAccountingEntityAsLessor" xlink:title="NoteOperatingLeaseAccountingEntityAsLessor"/>
    <link:definitionArc xlink:type="arc" xlink:arcrole="http://xbrl.org/int/dim/arcrole/domain-member" xlink:from="NoteOperatingLeaseAccountingEntityAsLessorAbstract" xlink:to="NoteOperatingLeaseAccountingEntityAsLessor" xlink:title="definition: NoteOperatingLeaseAccountingEntityAsLessorAbstract to NoteOperatingLeaseAccountingEntityAsLessor" use="optional" order="4.0"/>
    <link:loc xlink:type="locator" xlink:href="../../et-gaap-cor_2011-01-01.xsd#et-gaap_NoteOperatingLeaseAccountingEntityAsLesseeAbstract" xlink:label="NoteOperatingLeaseAccountingEntityAsLesseeAbstract" xlink:title="NoteOperatingLeaseAccountingEntityAsLesseeAbstract"/>
    <link:definitionArc xlink:type="arc" xlink:arcrole="http://xbrl.org/int/dim/arcrole/domain-member" xlink:from="NoteOperatingLeaseAbstract" xlink:to="NoteOperatingLeaseAccountingEntityAsLesseeAbstract" xlink:title="definition: NoteOperatingLeaseAbstract to NoteOperatingLeaseAccountingEntityAsLesseeAbstract" use="optional" order="2.0"/>
    <link:loc xlink:type="locator" xlink:href="../../et-gaap-cor_2011-01-01.xsd#et-gaap_OperatingLeaseExpenses" xlink:label="OperatingLeaseExpenses" xlink:title="OperatingLeaseExpenses"/>
    <link:definitionArc xlink:type="arc" xlink:arcrole="http://xbrl.org/int/dim/arcrole/domain-member" xlink:from="NoteOperatingLeaseAccountingEntityAsLesseeAbstract" xlink:to="OperatingLeaseExpenses" xlink:title="definition: NoteOperatingLeaseAccountingEntityAsLesseeAbstract to OperatingLeaseExpenses" use="optional" order="1.0"/>
    <link:loc xlink:type="locator" xlink:href="../../et-gaap-cor_2011-01-01.xsd#et-gaap_FutureLeaseExpenseUnderNonCancellableLeaseContractsAbstract" xlink:label="FutureLeaseExpenseUnderNonCancellableLeaseContractsAbstract" xlink:title="FutureLeaseExpenseUnderNonCancellableLeaseContractsAbstract"/>
    <link:definitionArc xlink:type="arc" xlink:arcrole="http://xbrl.org/int/dim/arcrole/domain-member" xlink:from="NoteOperatingLeaseAccountingEntityAsLesseeAbstract" xlink:to="FutureLeaseExpenseUnderNonCancellableLeaseContractsAbstract" xlink:title="definition: NoteOperatingLeaseAccountingEntityAsLesseeAbstract to FutureLeaseExpenseUnderNonCancellableLeaseContractsAbstract" use="optional" order="2.0"/>
    <link:loc xlink:type="locator" xlink:href="../../et-gaap-cor_2011-01-01.xsd#et-gaap_FutureLeaseExpenseUnderNonCancellableLeaseContractsWithin12Months" xlink:label="FutureLeaseExpenseUnderNonCancellableLeaseContractsWithin12Months" xlink:title="FutureLeaseExpenseUnderNonCancellableLeaseContractsWithin12Months"/>
    <link:definitionArc xlink:type="arc" xlink:arcrole="http://xbrl.org/int/dim/arcrole/domain-member" xlink:from="FutureLeaseExpenseUnderNonCancellableLeaseContractsAbstract" xlink:to="FutureLeaseExpenseUnderNonCancellableLeaseContractsWithin12Months" xlink:title="definition: FutureLeaseExpenseUnderNonCancellableLeaseContractsAbstract to FutureLeaseExpenseUnderNonCancellableLeaseContractsWithin12Months" use="optional" order="1.0"/>
    <link:loc xlink:type="locator" xlink:href="../../et-gaap-cor_2011-01-01.xsd#et-gaap_FutureLeaseExpenseUnderNonCancellableLeaseContractsWithin1to5Years" xlink:label="FutureLeaseExpenseUnderNonCancellableLeaseContractsWithin1to5Years" xlink:title="FutureLeaseExpenseUnderNonCancellableLeaseContractsWithin1to5Years"/>
    <link:definitionArc xlink:type="arc" xlink:arcrole="http://xbrl.org/int/dim/arcrole/domain-member" xlink:from="FutureLeaseExpenseUnderNonCancellableLeaseContractsAbstract" xlink:to="FutureLeaseExpenseUnderNonCancellableLeaseContractsWithin1to5Years" xlink:title="definition: FutureLeaseExpenseUnderNonCancellableLeaseContractsAbstract to FutureLeaseExpenseUnderNonCancellableLeaseContractsWithin1to5Years" use="optional" order="2.0"/>
    <link:loc xlink:type="locator" xlink:href="../../et-gaap-cor_2011-01-01.xsd#et-gaap_FutureLeaseExpenseUnderNonCancellableLeaseContractsWithinOver5Years" xlink:label="FutureLeaseExpenseUnderNonCancellableLeaseContractsWithinOver5Years" xlink:title="FutureLeaseExpenseUnderNonCancellableLeaseContractsWithinOver5Years"/>
    <link:definitionArc xlink:type="arc" xlink:arcrole="http://xbrl.org/int/dim/arcrole/domain-member" xlink:from="FutureLeaseExpenseUnderNonCancellableLeaseContractsAbstract" xlink:to="FutureLeaseExpenseUnderNonCancellableLeaseContractsWithinOver5Years" xlink:title="definition: FutureLeaseExpenseUnderNonCancellableLeaseContractsAbstract to FutureLeaseExpenseUnderNonCancellableLeaseContractsWithinOver5Years" use="optional" order="3.0"/>
    <link:loc xlink:type="locator" xlink:href="../../et-gaap-cor_2011-01-01.xsd#et-gaap_NoteOperatingLeaseAccountingEntityAsLessee" xlink:label="NoteOperatingLeaseAccountingEntityAsLessee" xlink:title="NoteOperatingLeaseAccountingEntityAsLessee"/>
    <link:definitionArc xlink:type="arc" xlink:arcrole="http://xbrl.org/int/dim/arcrole/domain-member" xlink:from="NoteOperatingLeaseAccountingEntityAsLesseeAbstract" xlink:to="NoteOperatingLeaseAccountingEntityAsLessee" xlink:title="definition: NoteOperatingLeaseAccountingEntityAsLesseeAbstract to NoteOperatingLeaseAccountingEntityAsLessee" use="optional" order="3.0"/>
  </link:definitionLink>
</link:linkbase>
