<?xml version="1.0" encoding="UTF-8"?>
<!--
**************************************************************
et-gaap Taxonomy: 2011-01-01 (Final)

Copyright (C) 2010 Centre of Registers and Information Systems
**************************************************************
-->
<link:linkbase xmlns:xsi="http://www.w3.org/2001/XMLSchema-instance" xsi:schemaLocation="http://www.xbrl.org/2003/linkbase http://www.xbrl.org/2003/xbrl-linkbase-2003-12-31.xsd" xmlns:link="http://www.xbrl.org/2003/linkbase" xmlns:xlink="http://www.w3.org/1999/xlink" xmlns:xbrldt="http://xbrl.org/2005/xbrldt">
  <link:roleRef roleURI="http://xbrl.eesti.ee/role/et-gaap_2011-01-01/NoteOperatingLease_role-820000" xlink:type="simple" xlink:href="role-820000.xsd#NoteOperatingLease_role-820000"/>
  <link:presentationLink xlink:type="extended" xlink:role="http://xbrl.eesti.ee/role/et-gaap_2011-01-01/NoteOperatingLease_role-820000">
    <link:loc xlink:type="locator" xlink:href="../../et-gaap-cor_2011-01-01.xsd#et-gaap_NoteOperatingLeaseAbstract" xlink:label="NoteOperatingLeaseAbstract" xlink:title="NoteOperatingLeaseAbstract"/>
    <link:loc xlink:type="locator" xlink:href="../../et-gaap-cor_2011-01-01.xsd#et-gaap_NoteOperatingLeaseAccountingEntityAsLessorAbstract" xlink:label="NoteOperatingLeaseAccountingEntityAsLessorAbstract" xlink:title="NoteOperatingLeaseAccountingEntityAsLessorAbstract"/>
    <link:presentationArc xlink:type="arc" xlink:arcrole="http://www.xbrl.org/2003/arcrole/parent-child" xlink:from="NoteOperatingLeaseAbstract" xlink:to="NoteOperatingLeaseAccountingEntityAsLessorAbstract" xlink:title="presentation: NoteOperatingLeaseAbstract to NoteOperatingLeaseAccountingEntityAsLessorAbstract" order="1.0"/>
    <link:loc xlink:type="locator" xlink:href="../../et-gaap-cor_2011-01-01.xsd#et-gaap_OperatingLeaseIncome" xlink:label="OperatingLeaseIncome" xlink:title="OperatingLeaseIncome"/>
    <link:presentationArc xlink:type="arc" xlink:arcrole="http://www.xbrl.org/2003/arcrole/parent-child" xlink:from="NoteOperatingLeaseAccountingEntityAsLessorAbstract" xlink:to="OperatingLeaseIncome" xlink:title="presentation: NoteOperatingLeaseAccountingEntityAsLessorAbstract to OperatingLeaseIncome" order="1.0"/>
    <link:loc xlink:type="locator" xlink:href="../../et-gaap-cor_2011-01-01.xsd#et-gaap_FutureLeaseIncomeUnderNonCancellableLeaseContractsAbstract" xlink:label="FutureLeaseIncomeUnderNonCancellableLeaseContractsAbstract" xlink:title="FutureLeaseIncomeUnderNonCancellableLeaseContractsAbstract"/>
    <link:presentationArc xlink:type="arc" xlink:arcrole="http://www.xbrl.org/2003/arcrole/parent-child" xlink:from="NoteOperatingLeaseAccountingEntityAsLessorAbstract" xlink:to="FutureLeaseIncomeUnderNonCancellableLeaseContractsAbstract" xlink:title="presentation: NoteOperatingLeaseAccountingEntityAsLessorAbstract to FutureLeaseIncomeUnderNonCancellableLeaseContractsAbstract" order="2.0"/>
    <link:loc xlink:type="locator" xlink:href="../../et-gaap-cor_2011-01-01.xsd#et-gaap_FutureLeaseIncomeUnderNonCancellableLeaseContractsWithin12Months" xlink:label="FutureLeaseIncomeUnderNonCancellableLeaseContractsWithin12Months" xlink:title="FutureLeaseIncomeUnderNonCancellableLeaseContractsWithin12Months"/>
    <link:presentationArc xlink:type="arc" xlink:arcrole="http://www.xbrl.org/2003/arcrole/parent-child" xlink:from="FutureLeaseIncomeUnderNonCancellableLeaseContractsAbstract" xlink:to="FutureLeaseIncomeUnderNonCancellableLeaseContractsWithin12Months" xlink:title="presentation: FutureLeaseIncomeUnderNonCancellableLeaseContractsAbstract to FutureLeaseIncomeUnderNonCancellableLeaseContractsWithin12Months" order="1.0"/>
    <link:loc xlink:type="locator" xlink:href="../../et-gaap-cor_2011-01-01.xsd#et-gaap_FutureLeaseIncomeUnderNonCancellableLeaseContractsWithin1to5Years" xlink:label="FutureLeaseIncomeUnderNonCancellableLeaseContractsWithin1to5Years" xlink:title="FutureLeaseIncomeUnderNonCancellableLeaseContractsWithin1to5Years"/>
    <link:presentationArc xlink:type="arc" xlink:arcrole="http://www.xbrl.org/2003/arcrole/parent-child" xlink:from="FutureLeaseIncomeUnderNonCancellableLeaseContractsAbstract" xlink:to="FutureLeaseIncomeUnderNonCancellableLeaseContractsWithin1to5Years" xlink:title="presentation: FutureLeaseIncomeUnderNonCancellableLeaseContractsAbstract to FutureLeaseIncomeUnderNonCancellableLeaseContractsWithin1to5Years" order="2.0"/>
    <link:loc xlink:type="locator" xlink:href="../../et-gaap-cor_2011-01-01.xsd#et-gaap_FutureLeaseIncomeUnderNonCancellableLeaseContractsWithinOver5Years" xlink:label="FutureLeaseIncomeUnderNonCancellableLeaseContractsWithinOver5Years" xlink:title="FutureLeaseIncomeUnderNonCancellableLeaseContractsWithinOver5Years"/>
    <link:presentationArc xlink:type="arc" xlink:arcrole="http://www.xbrl.org/2003/arcrole/parent-child" xlink:from="FutureLeaseIncomeUnderNonCancellableLeaseContractsAbstract" xlink:to="FutureLeaseIncomeUnderNonCancellableLeaseContractsWithinOver5Years" xlink:title="presentation: FutureLeaseIncomeUnderNonCancellableLeaseContractsAbstract to FutureLeaseIncomeUnderNonCancellableLeaseContractsWithinOver5Years" order="3.0"/>
    <link:loc xlink:type="locator" xlink:href="../../et-gaap-cor_2011-01-01.xsd#et-gaap_OperatingLeaseResidualCostOfLeasedAssetsAbstract" xlink:label="OperatingLeaseResidualCostOfLeasedAssetsAbstract" xlink:title="OperatingLeaseResidualCostOfLeasedAssetsAbstract"/>
    <link:presentationArc xlink:type="arc" xlink:arcrole="http://www.xbrl.org/2003/arcrole/parent-child" xlink:from="NoteOperatingLeaseAccountingEntityAsLessorAbstract" xlink:to="OperatingLeaseResidualCostOfLeasedAssetsAbstract" xlink:title="presentation: NoteOperatingLeaseAccountingEntityAsLessorAbstract to OperatingLeaseResidualCostOfLeasedAssetsAbstract" order="3.0"/>
    <link:loc xlink:type="locator" xlink:href="../../et-gaap-cor_2011-01-01.xsd#et-gaap_OperatingLeaseResidualCostOfLeasedAssetsInvestmentsProperty" xlink:label="OperatingLeaseResidualCostOfLeasedAssetsInvestmentsProperty" xlink:title="OperatingLeaseResidualCostOfLeasedAssetsInvestmentsProperty"/>
    <link:presentationArc xlink:type="arc" xlink:arcrole="http://www.xbrl.org/2003/arcrole/parent-child" xlink:from="OperatingLeaseResidualCostOfLeasedAssetsAbstract" xlink:to="OperatingLeaseResidualCostOfLeasedAssetsInvestmentsProperty" xlink:title="presentation: OperatingLeaseResidualCostOfLeasedAssetsAbstract to OperatingLeaseResidualCostOfLeasedAssetsInvestmentsProperty" order="1.0"/>
    <link:loc xlink:type="locator" xlink:href="../../et-gaap-cor_2011-01-01.xsd#et-gaap_OperatingLeaseResidualCostOfLeasedAssetsMachineryAndEquipment" xlink:label="OperatingLeaseResidualCostOfLeasedAssetsMachineryAndEquipment" xlink:title="OperatingLeaseResidualCostOfLeasedAssetsMachineryAndEquipment"/>
    <link:presentationArc xlink:type="arc" xlink:arcrole="http://www.xbrl.org/2003/arcrole/parent-child" xlink:from="OperatingLeaseResidualCostOfLeasedAssetsAbstract" xlink:to="OperatingLeaseResidualCostOfLeasedAssetsMachineryAndEquipment" xlink:title="presentation: OperatingLeaseResidualCostOfLeasedAssetsAbstract to OperatingLeaseResidualCostOfLeasedAssetsMachineryAndEquipment" order="2.0"/>
    <link:loc xlink:type="locator" xlink:href="../../et-gaap-cor_2011-01-01.xsd#et-gaap_OperatingLeaseResidualCostOfLeasedAssetsOtherAssets" xlink:label="OperatingLeaseResidualCostOfLeasedAssetsOtherAssets" xlink:title="OperatingLeaseResidualCostOfLeasedAssetsOtherAssets"/>
    <link:presentationArc xlink:type="arc" xlink:arcrole="http://www.xbrl.org/2003/arcrole/parent-child" xlink:from="OperatingLeaseResidualCostOfLeasedAssetsAbstract" xlink:to="OperatingLeaseResidualCostOfLeasedAssetsOtherAssets" xlink:title="presentation: OperatingLeaseResidualCostOfLeasedAssetsAbstract to OperatingLeaseResidualCostOfLeasedAssetsOtherAssets" order="3.0"/>
    <link:loc xlink:type="locator" xlink:href="../../et-gaap-cor_2011-01-01.xsd#et-gaap_OperatingLeaseResidualCostOfLeasedAssetsTotal" xlink:label="OperatingLeaseResidualCostOfLeasedAssetsTotal" xlink:title="OperatingLeaseResidualCostOfLeasedAssetsTotal"/>
    <link:presentationArc xlink:type="arc" xlink:arcrole="http://www.xbrl.org/2003/arcrole/parent-child" xlink:from="OperatingLeaseResidualCostOfLeasedAssetsAbstract" xlink:to="OperatingLeaseResidualCostOfLeasedAssetsTotal" xlink:title="presentation: OperatingLeaseResidualCostOfLeasedAssetsAbstract to OperatingLeaseResidualCostOfLeasedAssetsTotal" order="4.0"/>
    <link:loc xlink:type="locator" xlink:href="../../et-gaap-cor_2011-01-01.xsd#et-gaap_NoteOperatingLeaseAccountingEntityAsLessor" xlink:label="NoteOperatingLeaseAccountingEntityAsLessor" xlink:title="NoteOperatingLeaseAccountingEntityAsLessor"/>
    <link:presentationArc xlink:type="arc" xlink:arcrole="http://www.xbrl.org/2003/arcrole/parent-child" xlink:from="NoteOperatingLeaseAccountingEntityAsLessorAbstract" xlink:to="NoteOperatingLeaseAccountingEntityAsLessor" xlink:title="presentation: NoteOperatingLeaseAccountingEntityAsLessorAbstract to NoteOperatingLeaseAccountingEntityAsLessor" order="4.0"/>
    <link:loc xlink:type="locator" xlink:href="../../et-gaap-cor_2011-01-01.xsd#et-gaap_NoteOperatingLeaseAccountingEntityAsLesseeAbstract" xlink:label="NoteOperatingLeaseAccountingEntityAsLesseeAbstract" xlink:title="NoteOperatingLeaseAccountingEntityAsLesseeAbstract"/>
    <link:presentationArc xlink:type="arc" xlink:arcrole="http://www.xbrl.org/2003/arcrole/parent-child" xlink:from="NoteOperatingLeaseAbstract" xlink:to="NoteOperatingLeaseAccountingEntityAsLesseeAbstract" xlink:title="presentation: NoteOperatingLeaseAbstract to NoteOperatingLeaseAccountingEntityAsLesseeAbstract" order="2.0"/>
    <link:loc xlink:type="locator" xlink:href="../../et-gaap-cor_2011-01-01.xsd#et-gaap_OperatingLeaseExpenses" xlink:label="OperatingLeaseExpenses" xlink:title="OperatingLeaseExpenses"/>
    <link:presentationArc xlink:type="arc" xlink:arcrole="http://www.xbrl.org/2003/arcrole/parent-child" xlink:from="NoteOperatingLeaseAccountingEntityAsLesseeAbstract" xlink:to="OperatingLeaseExpenses" xlink:title="presentation: NoteOperatingLeaseAccountingEntityAsLesseeAbstract to OperatingLeaseExpenses" order="1.0"/>
    <link:loc xlink:type="locator" xlink:href="../../et-gaap-cor_2011-01-01.xsd#et-gaap_FutureLeaseExpenseUnderNonCancellableLeaseContractsAbstract" xlink:label="FutureLeaseExpenseUnderNonCancellableLeaseContractsAbstract" xlink:title="FutureLeaseExpenseUnderNonCancellableLeaseContractsAbstract"/>
    <link:presentationArc xlink:type="arc" xlink:arcrole="http://www.xbrl.org/2003/arcrole/parent-child" xlink:from="NoteOperatingLeaseAccountingEntityAsLesseeAbstract" xlink:to="FutureLeaseExpenseUnderNonCancellableLeaseContractsAbstract" xlink:title="presentation: NoteOperatingLeaseAccountingEntityAsLesseeAbstract to FutureLeaseExpenseUnderNonCancellableLeaseContractsAbstract" order="2.0"/>
    <link:loc xlink:type="locator" xlink:href="../../et-gaap-cor_2011-01-01.xsd#et-gaap_FutureLeaseExpenseUnderNonCancellableLeaseContractsWithin12Months" xlink:label="FutureLeaseExpenseUnderNonCancellableLeaseContractsWithin12Months" xlink:title="FutureLeaseExpenseUnderNonCancellableLeaseContractsWithin12Months"/>
    <link:presentationArc xlink:type="arc" xlink:arcrole="http://www.xbrl.org/2003/arcrole/parent-child" xlink:from="FutureLeaseExpenseUnderNonCancellableLeaseContractsAbstract" xlink:to="FutureLeaseExpenseUnderNonCancellableLeaseContractsWithin12Months" xlink:title="presentation: FutureLeaseExpenseUnderNonCancellableLeaseContractsAbstract to FutureLeaseExpenseUnderNonCancellableLeaseContractsWithin12Months" order="1.0"/>
    <link:loc xlink:type="locator" xlink:href="../../et-gaap-cor_2011-01-01.xsd#et-gaap_FutureLeaseExpenseUnderNonCancellableLeaseContractsWithin1to5Years" xlink:label="FutureLeaseExpenseUnderNonCancellableLeaseContractsWithin1to5Years" xlink:title="FutureLeaseExpenseUnderNonCancellableLeaseContractsWithin1to5Years"/>
    <link:presentationArc xlink:type="arc" xlink:arcrole="http://www.xbrl.org/2003/arcrole/parent-child" xlink:from="FutureLeaseExpenseUnderNonCancellableLeaseContractsAbstract" xlink:to="FutureLeaseExpenseUnderNonCancellableLeaseContractsWithin1to5Years" xlink:title="presentation: FutureLeaseExpenseUnderNonCancellableLeaseContractsAbstract to FutureLeaseExpenseUnderNonCancellableLeaseContractsWithin1to5Years" order="2.0"/>
    <link:loc xlink:type="locator" xlink:href="../../et-gaap-cor_2011-01-01.xsd#et-gaap_FutureLeaseExpenseUnderNonCancellableLeaseContractsWithinOver5Years" xlink:label="FutureLeaseExpenseUnderNonCancellableLeaseContractsWithinOver5Years" xlink:title="FutureLeaseExpenseUnderNonCancellableLeaseContractsWithinOver5Years"/>
    <link:presentationArc xlink:type="arc" xlink:arcrole="http://www.xbrl.org/2003/arcrole/parent-child" xlink:from="FutureLeaseExpenseUnderNonCancellableLeaseContractsAbstract" xlink:to="FutureLeaseExpenseUnderNonCancellableLeaseContractsWithinOver5Years" xlink:title="presentation: FutureLeaseExpenseUnderNonCancellableLeaseContractsAbstract to FutureLeaseExpenseUnderNonCancellableLeaseContractsWithinOver5Years" order="3.0"/>
    <link:loc xlink:type="locator" xlink:href="../../et-gaap-cor_2011-01-01.xsd#et-gaap_NoteOperatingLeaseAccountingEntityAsLessee" xlink:label="NoteOperatingLeaseAccountingEntityAsLessee" xlink:title="NoteOperatingLeaseAccountingEntityAsLessee"/>
    <link:presentationArc xlink:type="arc" xlink:arcrole="http://www.xbrl.org/2003/arcrole/parent-child" xlink:from="NoteOperatingLeaseAccountingEntityAsLesseeAbstract" xlink:to="NoteOperatingLeaseAccountingEntityAsLessee" xlink:title="presentation: NoteOperatingLeaseAccountingEntityAsLesseeAbstract to NoteOperatingLeaseAccountingEntityAsLessee" order="3.0"/>
  </link:presentationLink>
</link:linkbase>
