<?xml version="1.0" encoding="UTF-8"?>
<!--
**************************************************************
et-gaap Taxonomy: 2011-01-01 (Final)

Copyright (C) 2010 Centre of Registers and Information Systems
**************************************************************
-->
<link:linkbase xmlns:xsi="http://www.w3.org/2001/XMLSchema-instance" xsi:schemaLocation="http://www.xbrl.org/2003/linkbase http://www.xbrl.org/2003/xbrl-linkbase-2003-12-31.xsd" xmlns:link="http://www.xbrl.org/2003/linkbase" xmlns:xlink="http://www.w3.org/1999/xlink">
  <link:roleRef roleURI="http://xbrl.eesti.ee/role/et-gaap_2011-01-01/NoteLaborExpense_role-839000" xlink:type="simple" xlink:href="role-839000.xsd#NoteLaborExpense_role-839000"/>
  <link:calculationLink xlink:type="extended" xlink:role="http://xbrl.eesti.ee/role/et-gaap_2011-01-01/NoteLaborExpense_role-839000">
    <link:loc xlink:type="locator" xlink:href="../../et-gaap-cor_2011-01-01.xsd#et-gaap_LaborExpense" xlink:label="LaborExpense" xlink:title="LaborExpense"/>
    <link:loc xlink:type="locator" xlink:href="../../et-gaap-cor_2011-01-01.xsd#et-gaap_WageAndSalaryExpense" xlink:label="WageAndSalaryExpense" xlink:title="WageAndSalaryExpense"/>
    <link:calculationArc xlink:type="arc" xlink:arcrole="http://www.xbrl.org/2003/arcrole/summation-item" xlink:from="LaborExpense" xlink:to="WageAndSalaryExpense" xlink:title="calculation: LaborExpense to WageAndSalaryExpense" order="1.0" weight="1.0"/>
    <link:loc xlink:type="locator" xlink:href="../../et-gaap-cor_2011-01-01.xsd#et-gaap_SocialSecurityTaxes" xlink:label="SocialSecurityTaxes" xlink:title="SocialSecurityTaxes"/>
    <link:calculationArc xlink:type="arc" xlink:arcrole="http://www.xbrl.org/2003/arcrole/summation-item" xlink:from="LaborExpense" xlink:to="SocialSecurityTaxes" xlink:title="calculation: LaborExpense to SocialSecurityTaxes" order="2.0" weight="1.0"/>
    <link:loc xlink:type="locator" xlink:href="../../et-gaap-cor_2011-01-01.xsd#et-gaap_PensionExpense" xlink:label="PensionExpense" xlink:title="PensionExpense"/>
    <link:calculationArc xlink:type="arc" xlink:arcrole="http://www.xbrl.org/2003/arcrole/summation-item" xlink:from="LaborExpense" xlink:to="PensionExpense" xlink:title="calculation: LaborExpense to PensionExpense" order="3.0" weight="1.0"/>
    <link:loc xlink:type="locator" xlink:href="../../et-gaap-cor_2011-01-01.xsd#et-gaap_LaborExpenseOther" xlink:label="LaborExpenseOther" xlink:title="LaborExpenseOther"/>
    <link:calculationArc xlink:type="arc" xlink:arcrole="http://www.xbrl.org/2003/arcrole/summation-item" xlink:from="LaborExpense" xlink:to="LaborExpenseOther" xlink:title="calculation: LaborExpense to LaborExpenseOther" order="5.0" weight="1.0"/>
    <link:loc xlink:type="locator" xlink:href="../../et-gaap-cor_2011-01-01.xsd#et-gaap_NoteLaborExpenseAdditionalItemValue" xlink:label="NoteLaborExpenseAdditionalItemValue" xlink:title="NoteLaborExpenseAdditionalItemValue"/>
    <link:calculationArc xlink:type="arc" xlink:arcrole="http://www.xbrl.org/2003/arcrole/summation-item" xlink:from="LaborExpense" xlink:to="NoteLaborExpenseAdditionalItemValue" xlink:title="calculation: LaborExpense to NoteLaborExpenseAdditionalItemValue" order="6.0" weight="1.0"/>
  </link:calculationLink>
</link:linkbase>
