<?xml version="1.0" encoding="UTF-8"?>
<!--
**************************************************************
et-gaap Taxonomy: 2011-01-01 (Final)

Copyright (C) 2010 Centre of Registers and Information Systems
**************************************************************
-->
<link:linkbase xmlns:xsi="http://www.w3.org/2001/XMLSchema-instance" xsi:schemaLocation="http://www.xbrl.org/2003/linkbase http://www.xbrl.org/2003/xbrl-linkbase-2003-12-31.xsd" xmlns:link="http://www.xbrl.org/2003/linkbase" xmlns:p0="http://xbrl.org/2005/xbrldt" xmlns:xlink="http://www.w3.org/1999/xlink">
  <link:roleRef roleURI="http://xbrl.eesti.ee/role/et-gaap_2011-01-01/NoteLaborExpense_role-839000" xlink:type="simple" xlink:href="role-839000.xsd#NoteLaborExpense_role-839000"/>
  <link:arcroleRef arcroleURI="http://xbrl.org/int/dim/arcrole/domain-member" xlink:type="simple" xlink:href="http://www.xbrl.org/2005/xbrldt-2005.xsd#domain-member"/>
  <link:definitionLink xlink:type="extended" xlink:role="http://xbrl.eesti.ee/role/et-gaap_2011-01-01/NoteLaborExpense_role-839000">
    <link:loc xlink:type="locator" xlink:href="../../et-gaap-cor_2011-01-01.xsd#et-gaap_NoteLaborExpenseAbstract" xlink:label="NoteLaborExpenseAbstract" xlink:title="NoteLaborExpenseAbstract"/>
    <link:loc xlink:type="locator" xlink:href="../../et-gaap-cor_2011-01-01.xsd#et-gaap_WageAndSalaryExpense" xlink:label="WageAndSalaryExpense" xlink:title="WageAndSalaryExpense"/>
    <link:definitionArc xlink:type="arc" xlink:arcrole="http://xbrl.org/int/dim/arcrole/domain-member" xlink:from="NoteLaborExpenseAbstract" xlink:to="WageAndSalaryExpense" xlink:title="definition: NoteLaborExpenseAbstract to WageAndSalaryExpense" use="optional" order="1.0"/>
    <link:loc xlink:type="locator" xlink:href="../../et-gaap-cor_2011-01-01.xsd#et-gaap_SocialSecurityTaxes" xlink:label="SocialSecurityTaxes" xlink:title="SocialSecurityTaxes"/>
    <link:definitionArc xlink:type="arc" xlink:arcrole="http://xbrl.org/int/dim/arcrole/domain-member" xlink:from="NoteLaborExpenseAbstract" xlink:to="SocialSecurityTaxes" xlink:title="definition: NoteLaborExpenseAbstract to SocialSecurityTaxes" use="optional" order="2.0"/>
    <link:loc xlink:type="locator" xlink:href="../../et-gaap-cor_2011-01-01.xsd#et-gaap_PensionExpense" xlink:label="PensionExpense" xlink:title="PensionExpense"/>
    <link:definitionArc xlink:type="arc" xlink:arcrole="http://xbrl.org/int/dim/arcrole/domain-member" xlink:from="NoteLaborExpenseAbstract" xlink:to="PensionExpense" xlink:title="definition: NoteLaborExpenseAbstract to PensionExpense" use="optional" order="3.0"/>
    <link:loc xlink:type="locator" xlink:href="../../et-gaap-cor_2011-01-01.xsd#et-gaap_LaborExpenseOther" xlink:label="LaborExpenseOther" xlink:title="LaborExpenseOther"/>
    <link:definitionArc xlink:type="arc" xlink:arcrole="http://xbrl.org/int/dim/arcrole/domain-member" xlink:from="NoteLaborExpenseAbstract" xlink:to="LaborExpenseOther" xlink:title="definition: NoteLaborExpenseAbstract to LaborExpenseOther" use="optional" order="4.0"/>
    <link:loc xlink:type="locator" xlink:href="../../et-gaap-cor_2011-01-01.xsd#et-gaap_LaborExpense" xlink:label="LaborExpense" xlink:title="LaborExpense"/>
    <link:definitionArc xlink:type="arc" xlink:arcrole="http://xbrl.org/int/dim/arcrole/domain-member" xlink:from="NoteLaborExpenseAbstract" xlink:to="LaborExpense" xlink:title="definition: NoteLaborExpenseAbstract to LaborExpense" use="optional" order="5.0"/>
    <link:loc xlink:type="locator" xlink:href="../../et-gaap-cor_2011-01-01.xsd#et-gaap_NoteLaborExpense" xlink:label="NoteLaborExpense" xlink:title="NoteLaborExpense"/>
    <link:definitionArc xlink:type="arc" xlink:arcrole="http://xbrl.org/int/dim/arcrole/domain-member" xlink:from="NoteLaborExpenseAbstract" xlink:to="NoteLaborExpense" xlink:title="definition: NoteLaborExpenseAbstract to NoteLaborExpense" use="optional" order="7.0"/>
    <link:loc xlink:type="locator" xlink:href="../../et-gaap-cor_2011-01-01.xsd#et-gaap_AverageNumberOfEmployeesInFullTimeEquivalentUnits" xlink:label="AverageNumberOfEmployees" xlink:title="AverageNumberOfEmployees"/>
    <link:definitionArc xlink:type="arc" xlink:arcrole="http://xbrl.org/int/dim/arcrole/domain-member" xlink:from="NoteLaborExpenseAbstract" xlink:to="AverageNumberOfEmployees" xlink:title="definition: NoteLaborExpenseAbstract to AverageNumberOfEmployees" use="optional" order="6.0"/>
  </link:definitionLink>
</link:linkbase>
