<?xml version="1.0" encoding="UTF-8"?>
<!--
**************************************************************
et-gaap Taxonomy: 2011-01-01 (Final)

Copyright (C) 2010 Centre of Registers and Information Systems
**************************************************************
-->
<link:linkbase xmlns:xsi="http://www.w3.org/2001/XMLSchema-instance" xsi:schemaLocation="http://www.xbrl.org/2003/linkbase http://www.xbrl.org/2003/xbrl-linkbase-2003-12-31.xsd" xmlns:link="http://www.xbrl.org/2003/linkbase" xmlns:xbrldt="http://xbrl.org/2005/xbrldt" xmlns:xlink="http://www.w3.org/1999/xlink">
  <link:roleRef roleURI="http://xbrl.eesti.ee/role/et-gaap_2011-01-01/NoteLaborExpense_role-839010" xlink:type="simple" xlink:href="role-839000.xsd#NoteLaborExpense_role-839010"/>
  <link:presentationLink xlink:type="extended" xlink:role="http://xbrl.eesti.ee/role/et-gaap_2011-01-01/NoteLaborExpense_role-839010">
    <link:loc xlink:type="locator" xlink:href="../../et-gaap-cor_2011-01-01.xsd#et-gaap_NoteLaborExpenseAbstract" xlink:label="NoteLaborExpenseAbstract" xlink:title="NoteLaborExpenseAbstract"/>
    <link:loc xlink:type="locator" xlink:href="../../et-gaap-cor_2011-01-01.xsd#et-gaap_WageAndSalaryExpense" xlink:label="WageAndSalaryExpense" xlink:title="WageAndSalaryExpense"/>
    <link:presentationArc xlink:type="arc" xlink:arcrole="http://www.xbrl.org/2003/arcrole/parent-child" xlink:from="NoteLaborExpenseAbstract" xlink:to="WageAndSalaryExpense" xlink:title="presentation: NoteLaborExpenseAbstract to WageAndSalaryExpense" order="1.0"/>
    <link:loc xlink:type="locator" xlink:href="../../et-gaap-cor_2011-01-01.xsd#et-gaap_SocialSecurityTaxes" xlink:label="SocialSecurityTaxes" xlink:title="SocialSecurityTaxes"/>
    <link:presentationArc xlink:type="arc" xlink:arcrole="http://www.xbrl.org/2003/arcrole/parent-child" xlink:from="NoteLaborExpenseAbstract" xlink:to="SocialSecurityTaxes" xlink:title="presentation: NoteLaborExpenseAbstract to SocialSecurityTaxes" order="2.0"/>
    <link:loc xlink:type="locator" xlink:href="../../et-gaap-cor_2011-01-01.xsd#et-gaap_PensionExpense" xlink:label="PensionExpense" xlink:title="PensionExpense"/>
    <link:presentationArc xlink:type="arc" xlink:arcrole="http://www.xbrl.org/2003/arcrole/parent-child" xlink:from="NoteLaborExpenseAbstract" xlink:to="PensionExpense" xlink:title="presentation: NoteLaborExpenseAbstract to PensionExpense" order="3.0"/>
    <link:loc xlink:type="locator" xlink:href="../../et-gaap-cor_2011-01-01.xsd#et-gaap_LaborExpense" xlink:label="LaborExpense" xlink:title="LaborExpense"/>
    <link:presentationArc xlink:type="arc" xlink:arcrole="http://www.xbrl.org/2003/arcrole/parent-child" xlink:from="NoteLaborExpenseAbstract" xlink:to="LaborExpense" xlink:title="presentation: NoteLaborExpenseAbstract to LaborExpense" order="6.0" preferredLabel="http://www.xbrl.org/2003/role/totalLabel"/>
    <link:loc xlink:type="locator" xlink:href="../../et-gaap-cor_2011-01-01.xsd#et-gaap_NoteLaborExpense" xlink:label="NoteLaborExpense" xlink:title="NoteLaborExpense"/>
    <link:presentationArc xlink:type="arc" xlink:arcrole="http://www.xbrl.org/2003/arcrole/parent-child" xlink:from="NoteLaborExpenseAbstract" xlink:to="NoteLaborExpense" xlink:title="presentation: NoteLaborExpenseAbstract to NoteLaborExpense" order="9.0"/>
    <link:loc xlink:type="locator" xlink:href="../../et-gaap-cor_2011-01-01.xsd#et-gaap_AverageNumberOfEmployeesInFullTimeEquivalentUnits" xlink:label="AverageNumberOfEmployees" xlink:title="AverageNumberOfEmployees"/>
    <link:presentationArc xlink:type="arc" xlink:arcrole="http://www.xbrl.org/2003/arcrole/parent-child" xlink:from="NoteLaborExpenseAbstract" xlink:to="AverageNumberOfEmployees" xlink:title="presentation: NoteLaborExpenseAbstract to AverageNumberOfEmployees" order="8.0"/>
    <link:loc xlink:type="locator" xlink:href="../../et-gaap-cor_2011-01-01.xsd#et-gaap_LaborExpenseOther" xlink:label="LaborExpenseOther" xlink:title="LaborExpenseOther"/>
    <link:presentationArc xlink:type="arc" xlink:arcrole="http://www.xbrl.org/2003/arcrole/parent-child" xlink:from="NoteLaborExpenseAbstract" xlink:to="LaborExpenseOther" xlink:title="presentation: NoteLaborExpenseAbstract to LaborExpenseOther" order="5.0"/>
    <link:loc xlink:type="locator" xlink:href="../../et-gaap-cor_2011-01-01.xsd#et-gaap_NoteLaborExpenseAdditionalItemTuple" xlink:label="NoteLaborExpenseAdditionalItemTuple" xlink:title="NoteLaborExpenseAdditionalItemTuple"/>
    <link:presentationArc xlink:type="arc" xlink:arcrole="http://www.xbrl.org/2003/arcrole/parent-child" xlink:from="NoteLaborExpenseAbstract" xlink:to="NoteLaborExpenseAdditionalItemTuple" xlink:title="presentation: NoteLaborExpenseAbstract to NoteLaborExpenseAdditionalItemTuple" order="4.0"/>
    <link:loc xlink:type="locator" xlink:href="../../et-gaap-cor_2011-01-01.xsd#et-gaap_NoteLaborExpenseAdditionalItemName" xlink:label="NoteLaborExpenseAdditionalItemName" xlink:title="NoteLaborExpenseAdditionalItemName"/>
    <link:presentationArc xlink:type="arc" xlink:arcrole="http://www.xbrl.org/2003/arcrole/parent-child" xlink:from="NoteLaborExpenseAdditionalItemTuple" xlink:to="NoteLaborExpenseAdditionalItemName" xlink:title="presentation: NoteLaborExpenseAdditionalItemTuple to NoteLaborExpenseAdditionalItemName" order="1.0"/>
    <link:loc xlink:type="locator" xlink:href="../../et-gaap-cor_2011-01-01.xsd#et-gaap_NoteLaborExpenseAdditionalItemValue" xlink:label="NoteLaborExpenseAdditionalItemValue" xlink:title="NoteLaborExpenseAdditionalItemValue"/>
    <link:presentationArc xlink:type="arc" xlink:arcrole="http://www.xbrl.org/2003/arcrole/parent-child" xlink:from="NoteLaborExpenseAdditionalItemTuple" xlink:to="NoteLaborExpenseAdditionalItemValue" xlink:title="presentation: NoteLaborExpenseAdditionalItemTuple to NoteLaborExpenseAdditionalItemValue" order="2.0"/>
    <link:loc xlink:type="locator" xlink:href="../../et-gaap-cor_2011-01-01.xsd#et-gaap_LaborExpenseThereofDisclosedAsDirectExpensesOfProjectsFinancedByGrantsAndDonations" xlink:label="LaborExpenseThereofDisclosedAsDirectExpensesOfProjectsFinancedByGrantsAndDonations" xlink:title="LaborExpenseThereofDisclosedAsDirectExpensesOfProjectsFinancedByGrantsAndDonations"/>
    <link:presentationArc xlink:type="arc" xlink:arcrole="http://www.xbrl.org/2003/arcrole/parent-child" xlink:from="NoteLaborExpenseAbstract" xlink:to="LaborExpenseThereofDisclosedAsDirectExpensesOfProjectsFinancedByGrantsAndDonations" xlink:title="presentation: NoteLaborExpenseAbstract to LaborExpenseThereofDisclosedAsDirectExpensesOfProjectsFinancedByGrantsAndDonations" order="7.0"/>
  </link:presentationLink>
</link:linkbase>
