<?xml version="1.0" encoding="UTF-8"?>
<!--
**************************************************************
et-gaap Taxonomy: 2011-01-01 (Final)

Copyright (C) 2010 Centre of Registers and Information Systems
**************************************************************
-->
<link:linkbase xmlns:xsi="http://www.w3.org/2001/XMLSchema-instance" xsi:schemaLocation="http://www.xbrl.org/2003/linkbase http://www.xbrl.org/2003/xbrl-linkbase-2003-12-31.xsd" xmlns:link="http://www.xbrl.org/2003/linkbase" xmlns:xlink="http://www.w3.org/1999/xlink">
  <link:roleRef roleURI="http://xbrl.eesti.ee/role/et-gaap_2011-01-01/NoteReceivablesAndPrepayments_role-804000" xlink:type="simple" xlink:href="role-804000.xsd#NoteReceivablesAndPrepayments_role-804000"/>
  <link:calculationLink xlink:type="extended" xlink:role="http://xbrl.eesti.ee/role/et-gaap_2011-01-01/NoteReceivablesAndPrepayments_role-804000">
    <link:loc xlink:type="locator" xlink:href="../../et-gaap-cor_2011-01-01.xsd#et-gaap_ReceivablesAndPrepayments" xlink:label="ReceivablesAndPrepayments" xlink:title="ReceivablesAndPrepayments"/>
    <link:loc xlink:type="locator" xlink:href="../../et-gaap-cor_2011-01-01.xsd#et-gaap_AccountsReceivable" xlink:label="AccountsReceivable" xlink:title="AccountsReceivable"/>
    <link:calculationArc xlink:type="arc" xlink:arcrole="http://www.xbrl.org/2003/arcrole/summation-item" xlink:from="ReceivablesAndPrepayments" xlink:to="AccountsReceivable" xlink:title="calculation: ReceivablesAndPrepayments to AccountsReceivable" order="1.0" weight="1.0"/>
    <link:loc xlink:type="locator" xlink:href="../../et-gaap-cor_2011-01-01.xsd#et-gaap_AccountsReceivables" xlink:label="AccountsReceivables" xlink:title="AccountsReceivables"/>
    <link:calculationArc xlink:type="arc" xlink:arcrole="http://www.xbrl.org/2003/arcrole/summation-item" xlink:from="AccountsReceivable" xlink:to="AccountsReceivables" xlink:title="calculation: AccountsReceivable to AccountsReceivables" order="1.0" weight="1.0"/>
    <link:loc xlink:type="locator" xlink:href="../../et-gaap-cor_2011-01-01.xsd#et-gaap_AllowanceForDoubtfulReceivables" xlink:label="AllowanceForDoubtfulReceivables" xlink:title="AllowanceForDoubtfulReceivables"/>
    <link:calculationArc xlink:type="arc" xlink:arcrole="http://www.xbrl.org/2003/arcrole/summation-item" xlink:from="AccountsReceivable" xlink:to="AllowanceForDoubtfulReceivables" xlink:title="calculation: AccountsReceivable to AllowanceForDoubtfulReceivables" order="2.0" weight="1.0"/>
    <link:loc xlink:type="locator" xlink:href="../../et-gaap-cor_2011-01-01.xsd#et-gaap_TaxPrepaymentsAndReceivables" xlink:label="TaxPrepaymentsAndReceivables" xlink:title="TaxPrepaymentsAndReceivables"/>
    <link:calculationArc xlink:type="arc" xlink:arcrole="http://www.xbrl.org/2003/arcrole/summation-item" xlink:from="ReceivablesAndPrepayments" xlink:to="TaxPrepaymentsAndReceivables" xlink:title="calculation: ReceivablesAndPrepayments to TaxPrepaymentsAndReceivables" order="2.0" weight="1.0"/>
    <link:loc xlink:type="locator" xlink:href="../../et-gaap-cor_2011-01-01.xsd#et-gaap_OtherCurrentReceivables" xlink:label="OtherCurrentReceivables" xlink:title="OtherCurrentReceivables"/>
    <link:calculationArc xlink:type="arc" xlink:arcrole="http://www.xbrl.org/2003/arcrole/summation-item" xlink:from="ReceivablesAndPrepayments" xlink:to="OtherCurrentReceivables" xlink:title="calculation: ReceivablesAndPrepayments to OtherCurrentReceivables" order="3.0" weight="1.0"/>
    <link:loc xlink:type="locator" xlink:href="../../et-gaap-cor_2011-01-01.xsd#et-gaap_LoanReceivables" xlink:label="LoanReceivables" xlink:title="LoanReceivables"/>
    <link:calculationArc xlink:type="arc" xlink:arcrole="http://www.xbrl.org/2003/arcrole/summation-item" xlink:from="OtherCurrentReceivables" xlink:to="LoanReceivables" xlink:title="calculation: OtherCurrentReceivables to LoanReceivables" order="1.0" weight="1.0"/>
    <link:loc xlink:type="locator" xlink:href="../../et-gaap-cor_2011-01-01.xsd#et-gaap_InterestReceivables" xlink:label="InterestReceivables" xlink:title="InterestReceivables"/>
    <link:calculationArc xlink:type="arc" xlink:arcrole="http://www.xbrl.org/2003/arcrole/summation-item" xlink:from="OtherCurrentReceivables" xlink:to="InterestReceivables" xlink:title="calculation: OtherCurrentReceivables to InterestReceivables" order="2.0" weight="1.0"/>
    <link:loc xlink:type="locator" xlink:href="../../et-gaap-cor_2011-01-01.xsd#et-gaap_DividendReceivables" xlink:label="DividendReceivables" xlink:title="DividendReceivables"/>
    <link:calculationArc xlink:type="arc" xlink:arcrole="http://www.xbrl.org/2003/arcrole/summation-item" xlink:from="OtherCurrentReceivables" xlink:to="DividendReceivables" xlink:title="calculation: OtherCurrentReceivables to DividendReceivables" order="3.0" weight="1.0"/>
    <link:loc xlink:type="locator" xlink:href="../../et-gaap-cor_2011-01-01.xsd#et-gaap_AccruedIncome" xlink:label="AccruedIncome" xlink:title="AccruedIncome"/>
    <link:calculationArc xlink:type="arc" xlink:arcrole="http://www.xbrl.org/2003/arcrole/summation-item" xlink:from="OtherCurrentReceivables" xlink:to="AccruedIncome" xlink:title="calculation: OtherCurrentReceivables to AccruedIncome" order="4.0" weight="1.0"/>
    <link:loc xlink:type="locator" xlink:href="../../et-gaap-cor_2011-01-01.xsd#et-gaap_OtherReceivablesAdditionalItemValue" xlink:label="OtherReceivablesAdditionalItemValue" xlink:title="OtherReceivablesAdditionalItemValue"/>
    <link:calculationArc xlink:type="arc" xlink:arcrole="http://www.xbrl.org/2003/arcrole/summation-item" xlink:from="OtherCurrentReceivables" xlink:to="OtherReceivablesAdditionalItemValue" xlink:title="calculation: OtherCurrentReceivables to OtherReceivablesAdditionalItemValue" order="5.0" weight="1.0"/>
    <link:loc xlink:type="locator" xlink:href="../../et-gaap-cor_2011-01-01.xsd#et-gaap_Prepayments" xlink:label="Prepayments" xlink:title="Prepayments"/>
    <link:calculationArc xlink:type="arc" xlink:arcrole="http://www.xbrl.org/2003/arcrole/summation-item" xlink:from="ReceivablesAndPrepayments" xlink:to="Prepayments" xlink:title="calculation: ReceivablesAndPrepayments to Prepayments" order="4.0" weight="1.0"/>
    <link:loc xlink:type="locator" xlink:href="../../et-gaap-cor_2011-01-01.xsd#et-gaap_NoteReceivablesAndPrepaymentsAdditionalItemValue" xlink:label="NoteReceivablesAndPrepaymentsAdditionalItemValue" xlink:title="NoteReceivablesAndPrepaymentsAdditionalItemValue"/>
    <link:calculationArc xlink:type="arc" xlink:arcrole="http://www.xbrl.org/2003/arcrole/summation-item" xlink:from="ReceivablesAndPrepayments" xlink:to="NoteReceivablesAndPrepaymentsAdditionalItemValue" xlink:title="calculation: ReceivablesAndPrepayments to NoteReceivablesAndPrepaymentsAdditionalItemValue" order="5.0" weight="1.0"/>
  </link:calculationLink>
</link:linkbase>
