<?xml version="1.0" encoding="UTF-8"?>
<!--
**************************************************************
et-gaap Taxonomy: 2011-01-01 (Final)

Copyright (C) 2010 Centre of Registers and Information Systems
**************************************************************
-->
<link:linkbase xmlns:xsi="http://www.w3.org/2001/XMLSchema-instance" xsi:schemaLocation="http://www.xbrl.org/2003/linkbase http://www.xbrl.org/2003/xbrl-linkbase-2003-12-31.xsd" xmlns:link="http://www.xbrl.org/2003/linkbase" xmlns:p0="http://xbrl.org/2005/xbrldt" xmlns:xlink="http://www.w3.org/1999/xlink">
  <link:roleRef roleURI="http://xbrl.eesti.ee/role/et-gaap_2011-01-01/NoteReceivablesAndPrepayments_role-804000" xlink:type="simple" xlink:href="role-804000.xsd#NoteReceivablesAndPrepayments_role-804000"/>
  <link:arcroleRef arcroleURI="http://xbrl.org/int/dim/arcrole/domain-member" xlink:type="simple" xlink:href="http://www.xbrl.org/2005/xbrldt-2005.xsd#domain-member"/>
  <link:arcroleRef arcroleURI="http://xbrl.org/int/dim/arcrole/all" xlink:type="simple" xlink:href="http://www.xbrl.org/2005/xbrldt-2005.xsd#all"/>
  <link:definitionLink xlink:type="extended" xlink:role="http://xbrl.eesti.ee/role/et-gaap_2011-01-01/NoteReceivablesAndPrepayments_role-804000">
    <link:loc xlink:type="locator" xlink:href="../../et-gaap-cor_2011-01-01.xsd#et-gaap_NoteReceivablesAndPrepaymentsAbstract" xlink:label="NoteReceivablesAndPrepaymentsAbstract" xlink:title="NoteReceivablesAndPrepaymentsAbstract"/>
    <link:loc xlink:type="locator" xlink:href="../../et-gaap-cor_2011-01-01.xsd#et-gaap_AccountsReceivable" xlink:label="AccountsReceivable" xlink:title="AccountsReceivable"/>
    <link:definitionArc xlink:type="arc" xlink:arcrole="http://xbrl.org/int/dim/arcrole/domain-member" xlink:from="NoteReceivablesAndPrepaymentsAbstract" xlink:to="AccountsReceivable" xlink:title="definition: NoteReceivablesAndPrepaymentsAbstract to AccountsReceivable" use="optional" order="1.0"/>
    <link:loc xlink:type="locator" xlink:href="../../et-gaap-cor_2011-01-01.xsd#et-gaap_AccountsReceivables" xlink:label="AccountsReceivables" xlink:title="AccountsReceivables"/>
    <link:definitionArc xlink:type="arc" xlink:arcrole="http://xbrl.org/int/dim/arcrole/domain-member" xlink:from="AccountsReceivable" xlink:to="AccountsReceivables" xlink:title="definition: AccountsReceivable to AccountsReceivables" order="1.0"/>
    <link:loc xlink:type="locator" xlink:href="../../et-gaap-cor_2011-01-01.xsd#et-gaap_AllowanceForDoubtfulReceivables" xlink:label="AllowanceForDoubtfulReceivables" xlink:title="AllowanceForDoubtfulReceivables"/>
    <link:definitionArc xlink:type="arc" xlink:arcrole="http://xbrl.org/int/dim/arcrole/domain-member" xlink:from="AccountsReceivable" xlink:to="AllowanceForDoubtfulReceivables" xlink:title="definition: AccountsReceivable to AllowanceForDoubtfulReceivables" order="2.0"/>
    <link:loc xlink:type="locator" xlink:href="../../et-gaap-cor_2011-01-01.xsd#et-gaap_TaxPrepaymentsAndReceivables" xlink:label="TaxPrepaymentsAndReceivables" xlink:title="TaxPrepaymentsAndReceivables"/>
    <link:definitionArc xlink:type="arc" xlink:arcrole="http://xbrl.org/int/dim/arcrole/domain-member" xlink:from="NoteReceivablesAndPrepaymentsAbstract" xlink:to="TaxPrepaymentsAndReceivables" xlink:title="definition: NoteReceivablesAndPrepaymentsAbstract to TaxPrepaymentsAndReceivables" use="optional" order="2.0"/>
    <link:loc xlink:type="locator" xlink:href="../../et-gaap-cor_2011-01-01.xsd#et-gaap_OtherCurrentReceivables" xlink:label="OtherCurrentReceivables" xlink:title="OtherCurrentReceivables"/>
    <link:definitionArc xlink:type="arc" xlink:arcrole="http://xbrl.org/int/dim/arcrole/domain-member" xlink:from="NoteReceivablesAndPrepaymentsAbstract" xlink:to="OtherCurrentReceivables" xlink:title="definition: NoteReceivablesAndPrepaymentsAbstract to OtherCurrentReceivables" use="optional" order="3.0"/>
    <link:loc xlink:type="locator" xlink:href="../../et-gaap-cor_2011-01-01.xsd#et-gaap_LoanReceivables" xlink:label="LoanReceivables" xlink:title="LoanReceivables"/>
    <link:definitionArc xlink:type="arc" xlink:arcrole="http://xbrl.org/int/dim/arcrole/domain-member" xlink:from="OtherCurrentReceivables" xlink:to="LoanReceivables" xlink:title="definition: OtherCurrentReceivables to LoanReceivables" order="1.0"/>
    <link:loc xlink:type="locator" xlink:href="../../et-gaap-cor_2011-01-01.xsd#et-gaap_InterestReceivables" xlink:label="InterestReceivables" xlink:title="InterestReceivables"/>
    <link:definitionArc xlink:type="arc" xlink:arcrole="http://xbrl.org/int/dim/arcrole/domain-member" xlink:from="OtherCurrentReceivables" xlink:to="InterestReceivables" xlink:title="definition: OtherCurrentReceivables to InterestReceivables" order="2.0"/>
    <link:loc xlink:type="locator" xlink:href="../../et-gaap-cor_2011-01-01.xsd#et-gaap_DividendReceivables" xlink:label="DividendReceivables" xlink:title="DividendReceivables"/>
    <link:definitionArc xlink:type="arc" xlink:arcrole="http://xbrl.org/int/dim/arcrole/domain-member" xlink:from="OtherCurrentReceivables" xlink:to="DividendReceivables" xlink:title="definition: OtherCurrentReceivables to DividendReceivables" order="3.0"/>
    <link:loc xlink:type="locator" xlink:href="../../et-gaap-cor_2011-01-01.xsd#et-gaap_AccruedIncome" xlink:label="AccruedIncome" xlink:title="AccruedIncome"/>
    <link:definitionArc xlink:type="arc" xlink:arcrole="http://xbrl.org/int/dim/arcrole/domain-member" xlink:from="OtherCurrentReceivables" xlink:to="AccruedIncome" xlink:title="definition: OtherCurrentReceivables to AccruedIncome" order="4.0"/>
    <link:loc xlink:type="locator" xlink:href="../../et-gaap-cor_2011-01-01.xsd#et-gaap_EmptyHypercube" xlink:label="EmptyHypercube" xlink:title="EmptyHypercube"/>
    <link:definitionArc xlink:type="arc" xlink:arcrole="http://xbrl.org/int/dim/arcrole/all" xlink:from="OtherCurrentReceivables" xlink:to="EmptyHypercube" xlink:title="definition: OtherCurrentReceivables to EmptyHypercube" order="5.0" p0:contextElement="scenario"/>
    <link:loc xlink:type="locator" xlink:href="../../et-gaap-cor_2011-01-01.xsd#et-gaap_Prepayments" xlink:label="Prepayments" xlink:title="Prepayments"/>
    <link:definitionArc xlink:type="arc" xlink:arcrole="http://xbrl.org/int/dim/arcrole/domain-member" xlink:from="NoteReceivablesAndPrepaymentsAbstract" xlink:to="Prepayments" xlink:title="definition: NoteReceivablesAndPrepaymentsAbstract to Prepayments" use="optional" order="4.0"/>
    <link:loc xlink:type="locator" xlink:href="../../et-gaap-cor_2011-01-01.xsd#et-gaap_ReceivablesAndPrepayments" xlink:label="ReceivablesAndPrepayments" xlink:title="ReceivablesAndPrepayments"/>
    <link:definitionArc xlink:type="arc" xlink:arcrole="http://xbrl.org/int/dim/arcrole/domain-member" xlink:from="NoteReceivablesAndPrepaymentsAbstract" xlink:to="ReceivablesAndPrepayments" xlink:title="definition: NoteReceivablesAndPrepaymentsAbstract to ReceivablesAndPrepayments" use="optional" order="5.0"/>
    <link:loc xlink:type="locator" xlink:href="../../et-gaap-cor_2011-01-01.xsd#et-gaap_NoteReceivablesAndPrepayments" xlink:label="NoteReceivablesAndPrepayments" xlink:title="NoteReceivablesAndPrepayments"/>
    <link:definitionArc xlink:type="arc" xlink:arcrole="http://xbrl.org/int/dim/arcrole/domain-member" xlink:from="NoteReceivablesAndPrepaymentsAbstract" xlink:to="NoteReceivablesAndPrepayments" xlink:title="definition: NoteReceivablesAndPrepaymentsAbstract to NoteReceivablesAndPrepayments" order="6.0"/>
  </link:definitionLink>
</link:linkbase>
