<?xml version="1.0" encoding="UTF-8"?>
<!--
**************************************************************
et-gaap Taxonomy: 2011-01-01 (Final)

Copyright (C) 2010 Centre of Registers and Information Systems
**************************************************************
-->
<link:linkbase xmlns:xsi="http://www.w3.org/2001/XMLSchema-instance" xsi:schemaLocation="http://www.xbrl.org/2003/linkbase http://www.xbrl.org/2003/xbrl-linkbase-2003-12-31.xsd" xmlns:link="http://www.xbrl.org/2003/linkbase" xmlns:xlink="http://www.w3.org/1999/xlink" xmlns:p0="http://xbrl.org/2005/xbrldt">
  <link:roleRef roleURI="http://xbrl.eesti.ee/role/et-gaap_2011-01-01/AllocationByFinancialInstruments_role-902000" xlink:type="simple" xlink:href="role-902000.xsd#AllocationByFinancialInstruments_role-902000"/>
  <link:arcroleRef arcroleURI="http://xbrl.org/int/dim/arcrole/dimension-domain" xlink:type="simple" xlink:href="http://www.xbrl.org/2005/xbrldt-2005.xsd#dimension-domain"/>
  <link:arcroleRef arcroleURI="http://xbrl.org/int/dim/arcrole/domain-member" xlink:type="simple" xlink:href="http://www.xbrl.org/2005/xbrldt-2005.xsd#domain-member"/>
  <link:arcroleRef arcroleURI="http://xbrl.org/int/dim/arcrole/hypercube-dimension" xlink:type="simple" xlink:href="http://www.xbrl.org/2005/xbrldt-2005.xsd#hypercube-dimension"/>
  <link:definitionLink xlink:type="extended" xlink:role="http://xbrl.eesti.ee/role/et-gaap_2011-01-01/AllocationByFinancialInstruments_role-902000">
    <link:loc xlink:type="locator" xlink:href="../../et-gaap-cor_2011-01-01.xsd#et-gaap_AllocationByFinancialInvestmentsHypercube" xlink:label="AllocationByFinancialInvestmentsHypercube" xlink:title="AllocationByFinancialInvestmentsHypercube"/>
    <link:loc xlink:type="locator" xlink:href="../../et-gaap-cor_2011-01-01.xsd#et-gaap_FinancialInvestmentDimension" xlink:label="FinancialInvestmentDimension" xlink:title="FinancialInvestmentDimension"/>
    <link:definitionArc xlink:type="arc" xlink:arcrole="http://xbrl.org/int/dim/arcrole/hypercube-dimension" xlink:from="AllocationByFinancialInvestmentsHypercube" xlink:to="FinancialInvestmentDimension" xlink:title="definition: AllocationByFinancialInvestmentsHypercube to FinancialInvestmentDimension" order="1.0" p0:closed="true"/>
    <link:loc xlink:type="locator" xlink:href="../../et-gaap-cor_2011-01-01.xsd#et-gaap_FinancialInvestmentsTotalAbstract" xlink:label="FinancialInvestmentsTotalAbstract" xlink:title="FinancialInvestmentsTotalAbstract"/>
    <link:definitionArc xlink:type="arc" xlink:arcrole="http://xbrl.org/int/dim/arcrole/dimension-domain" xlink:from="FinancialInvestmentDimension" xlink:to="FinancialInvestmentsTotalAbstract" xlink:title="definition: FinancialInvestmentDimension to FinancialInvestmentsTotalAbstract" order="1.0"/>
    <link:loc xlink:type="locator" xlink:href="../../et-gaap-cor_2011-01-01.xsd#et-gaap_SharesAbstract" xlink:label="SharesAbstract" xlink:title="SharesAbstract"/>
    <link:definitionArc xlink:type="arc" xlink:arcrole="http://xbrl.org/int/dim/arcrole/domain-member" xlink:from="FinancialInvestmentsTotalAbstract" xlink:to="SharesAbstract" xlink:title="definition: FinancialInvestmentsTotalAbstract to SharesAbstract" order="1.0"/>
    <link:loc xlink:type="locator" xlink:href="../../et-gaap-cor_2011-01-01.xsd#et-gaap_FundUnitsAbstract" xlink:label="FundUnitsAbstract" xlink:title="FundUnitsAbstract"/>
    <link:definitionArc xlink:type="arc" xlink:arcrole="http://xbrl.org/int/dim/arcrole/domain-member" xlink:from="FinancialInvestmentsTotalAbstract" xlink:to="FundUnitsAbstract" xlink:title="definition: FinancialInvestmentsTotalAbstract to FundUnitsAbstract" order="2.0"/>
    <link:loc xlink:type="locator" xlink:href="../../et-gaap-cor_2011-01-01.xsd#et-gaap_BondsAbstract" xlink:label="BondsAbstract" xlink:title="BondsAbstract"/>
    <link:definitionArc xlink:type="arc" xlink:arcrole="http://xbrl.org/int/dim/arcrole/domain-member" xlink:from="FinancialInvestmentsTotalAbstract" xlink:to="BondsAbstract" xlink:title="definition: FinancialInvestmentsTotalAbstract to BondsAbstract" order="3.0"/>
    <link:loc xlink:type="locator" xlink:href="../../et-gaap-cor_2011-01-01.xsd#et-gaap_OtherAbstract" xlink:label="OtherAbstract" xlink:title="OtherAbstract"/>
    <link:definitionArc xlink:type="arc" xlink:arcrole="http://xbrl.org/int/dim/arcrole/domain-member" xlink:from="FinancialInvestmentsTotalAbstract" xlink:to="OtherAbstract" xlink:title="definition: FinancialInvestmentsTotalAbstract to OtherAbstract" order="4.0"/>
  </link:definitionLink>
</link:linkbase>
