<?xml version="1.0" encoding="UTF-8"?>
<!--
**************************************************************
et-gaap Taxonomy: 2011-01-01 (Final)

Copyright (C) 2010 Centre of Registers and Information Systems
**************************************************************
-->
<link:linkbase xmlns:xsi="http://www.w3.org/2001/XMLSchema-instance" xsi:schemaLocation="http://www.xbrl.org/2003/linkbase http://www.xbrl.org/2003/xbrl-linkbase-2003-12-31.xsd" xmlns:link="http://www.xbrl.org/2003/linkbase" xmlns:xlink="http://www.w3.org/1999/xlink">
  <link:roleRef roleURI="http://xbrl.eesti.ee/role/et-gaap_2011-01-01/NoteSharesOfSubsidiariesCalculation_role-808100" xlink:type="simple" xlink:href="role-808000.xsd#NoteSharesOfSubsidiariesCalculation_role-808100"/>
  <link:calculationLink xlink:type="extended" xlink:role="http://xbrl.eesti.ee/role/et-gaap_2011-01-01/NoteSharesOfSubsidiariesCalculation_role-808100">
    <link:loc xlink:type="locator" xlink:href="../../et-gaap-cor_2011-01-01.xsd#et-gaap_TotalSharesOfSubsidiariesAtEndOfPeriod" xlink:label="TotalSharesOfSubsidiariesAtEndOfPeriod" xlink:title="TotalSharesOfSubsidiariesAtEndOfPeriod"/>
    <link:loc xlink:type="locator" xlink:href="../../et-gaap-cor_2011-01-01.xsd#et-gaap_TotalSharesOfSubsidiariesAcquisition" xlink:label="TotalSharesOfSubsidiariesAcquisition" xlink:title="TotalSharesOfSubsidiariesAcquisition"/>
    <link:calculationArc xlink:type="arc" xlink:arcrole="http://www.xbrl.org/2003/arcrole/summation-item" xlink:from="TotalSharesOfSubsidiariesAtEndOfPeriod" xlink:to="TotalSharesOfSubsidiariesAcquisition" xlink:title="calculation: TotalSharesOfSubsidiariesAtEndOfPeriod to TotalSharesOfSubsidiariesAcquisition" use="optional" order="1.0" weight="1.0"/>
    <link:loc xlink:type="locator" xlink:href="../../et-gaap-cor_2011-01-01.xsd#et-gaap_SharesOfSubsidiariesAcquisition" xlink:label="SharesOfSubsidiariesAcquisition" xlink:title="SharesOfSubsidiariesAcquisition"/>
    <link:calculationArc xlink:type="arc" xlink:arcrole="http://www.xbrl.org/2003/arcrole/summation-item" xlink:from="TotalSharesOfSubsidiariesAcquisition" xlink:to="SharesOfSubsidiariesAcquisition" xlink:title="calculation: TotalSharesOfSubsidiariesAcquisition to SharesOfSubsidiariesAcquisition" use="optional" order="1.0" weight="1.0"/>
    <link:loc xlink:type="locator" xlink:href="../../et-gaap-cor_2011-01-01.xsd#et-gaap_TotalSharesOfSubsidiariesDisposal" xlink:label="TotalSharesOfSubsidiariesDisposal" xlink:title="TotalSharesOfSubsidiariesDisposal"/>
    <link:calculationArc xlink:type="arc" xlink:arcrole="http://www.xbrl.org/2003/arcrole/summation-item" xlink:from="TotalSharesOfSubsidiariesAtEndOfPeriod" xlink:to="TotalSharesOfSubsidiariesDisposal" xlink:title="calculation: TotalSharesOfSubsidiariesAtEndOfPeriod to TotalSharesOfSubsidiariesDisposal" use="optional" order="2.0" weight="1.0"/>
    <link:loc xlink:type="locator" xlink:href="../../et-gaap-cor_2011-01-01.xsd#et-gaap_SharesOfSubsidiariesDisposal" xlink:label="SharesOfSubsidiariesDisposal" xlink:title="SharesOfSubsidiariesDisposal"/>
    <link:calculationArc xlink:type="arc" xlink:arcrole="http://www.xbrl.org/2003/arcrole/summation-item" xlink:from="TotalSharesOfSubsidiariesDisposal" xlink:to="SharesOfSubsidiariesDisposal" xlink:title="calculation: TotalSharesOfSubsidiariesDisposal to SharesOfSubsidiariesDisposal" use="optional" order="1.0" weight="1.0"/>
    <link:loc xlink:type="locator" xlink:href="../../et-gaap-cor_2011-01-01.xsd#et-gaap_TotalSharesOfSubsidiariesDividends" xlink:label="TotalSharesOfSubsidiariesDividends" xlink:title="TotalSharesOfSubsidiariesDividends"/>
    <link:calculationArc xlink:type="arc" xlink:arcrole="http://www.xbrl.org/2003/arcrole/summation-item" xlink:from="TotalSharesOfSubsidiariesAtEndOfPeriod" xlink:to="TotalSharesOfSubsidiariesDividends" xlink:title="calculation: TotalSharesOfSubsidiariesAtEndOfPeriod to TotalSharesOfSubsidiariesDividends" use="optional" order="3.0" weight="1.0"/>
    <link:loc xlink:type="locator" xlink:href="../../et-gaap-cor_2011-01-01.xsd#et-gaap_SharesOfSubsidiariesDividends" xlink:label="SharesOfSubsidiariesDividends" xlink:title="SharesOfSubsidiariesDividends"/>
    <link:calculationArc xlink:type="arc" xlink:arcrole="http://www.xbrl.org/2003/arcrole/summation-item" xlink:from="TotalSharesOfSubsidiariesDividends" xlink:to="SharesOfSubsidiariesDividends" xlink:title="calculation: TotalSharesOfSubsidiariesDividends to SharesOfSubsidiariesDividends" use="optional" order="1.0" weight="1.0"/>
    <link:loc xlink:type="locator" xlink:href="../../et-gaap-cor_2011-01-01.xsd#et-gaap_TotalSharesOfSubsidiariesProfitLossByEquityMethod" xlink:label="TotalSharesOfSubsidiariesProfitLossByEquityMethod" xlink:title="TotalSharesOfSubsidiariesProfitLossByEquityMethod"/>
    <link:calculationArc xlink:type="arc" xlink:arcrole="http://www.xbrl.org/2003/arcrole/summation-item" xlink:from="TotalSharesOfSubsidiariesAtEndOfPeriod" xlink:to="TotalSharesOfSubsidiariesProfitLossByEquityMethod" xlink:title="calculation: TotalSharesOfSubsidiariesAtEndOfPeriod to TotalSharesOfSubsidiariesProfitLossByEquityMethod" use="optional" order="4.0" weight="1.0"/>
    <link:loc xlink:type="locator" xlink:href="../../et-gaap-cor_2011-01-01.xsd#et-gaap_SharesOfSubsidiariesProfitLossByEquityMethod" xlink:label="SharesOfSubsidiariesProfitLossByEquityMethod" xlink:title="SharesOfSubsidiariesProfitLossByEquityMethod"/>
    <link:calculationArc xlink:type="arc" xlink:arcrole="http://www.xbrl.org/2003/arcrole/summation-item" xlink:from="TotalSharesOfSubsidiariesProfitLossByEquityMethod" xlink:to="SharesOfSubsidiariesProfitLossByEquityMethod" xlink:title="calculation: TotalSharesOfSubsidiariesProfitLossByEquityMethod to SharesOfSubsidiariesProfitLossByEquityMethod" use="optional" order="1.0" weight="1.0"/>
    <link:loc xlink:type="locator" xlink:href="../../et-gaap-cor_2011-01-01.xsd#et-gaap_TotalSharesOfSubsidiariesOtherChanges" xlink:label="TotalSharesOfSubsidiariesOtherChanges" xlink:title="TotalSharesOfSubsidiariesOtherChanges"/>
    <link:calculationArc xlink:type="arc" xlink:arcrole="http://www.xbrl.org/2003/arcrole/summation-item" xlink:from="TotalSharesOfSubsidiariesAtEndOfPeriod" xlink:to="TotalSharesOfSubsidiariesOtherChanges" xlink:title="calculation: TotalSharesOfSubsidiariesAtEndOfPeriod to TotalSharesOfSubsidiariesOtherChanges" use="optional" order="5.0" weight="1.0"/>
    <link:loc xlink:type="locator" xlink:href="../../et-gaap-cor_2011-01-01.xsd#et-gaap_SharesOfSubsidiariesOtherChanges" xlink:label="SharesOfSubsidiariesOtherChanges" xlink:title="SharesOfSubsidiariesOtherChanges"/>
    <link:calculationArc xlink:type="arc" xlink:arcrole="http://www.xbrl.org/2003/arcrole/summation-item" xlink:from="TotalSharesOfSubsidiariesOtherChanges" xlink:to="SharesOfSubsidiariesOtherChanges" xlink:title="calculation: TotalSharesOfSubsidiariesOtherChanges to SharesOfSubsidiariesOtherChanges" use="optional" order="1.0" weight="1.0"/>
    <link:loc xlink:type="locator" xlink:href="../../et-gaap-cor_2011-01-01.xsd#et-gaap_TotalSharesOfSubsidiariesAtEndOfPreviousPeriod" xlink:label="TotalSharesOfSubsidiariesAtEndOfPreviousPeriod" xlink:title="TotalSharesOfSubsidiariesAtEndOfPreviousPeriod"/>
    <link:calculationArc xlink:type="arc" xlink:arcrole="http://www.xbrl.org/2003/arcrole/summation-item" xlink:from="TotalSharesOfSubsidiariesAtEndOfPeriod" xlink:to="TotalSharesOfSubsidiariesAtEndOfPreviousPeriod" xlink:title="calculation: TotalSharesOfSubsidiariesAtEndOfPeriod to TotalSharesOfSubsidiariesAtEndOfPreviousPeriod" use="optional" order="6.0" weight="1.0"/>
    <link:loc xlink:type="locator" xlink:href="../../et-gaap-cor_2011-01-01.xsd#et-gaap_SharesOfSubsidiariesAtEndOfPreviousPeriod" xlink:label="SharesOfSubsidiariesAtEndOfPreviousPeriod" xlink:title="SharesOfSubsidiariesAtEndOfPreviousPeriod"/>
    <link:calculationArc xlink:type="arc" xlink:arcrole="http://www.xbrl.org/2003/arcrole/summation-item" xlink:from="TotalSharesOfSubsidiariesAtEndOfPreviousPeriod" xlink:to="SharesOfSubsidiariesAtEndOfPreviousPeriod" xlink:title="calculation: TotalSharesOfSubsidiariesAtEndOfPreviousPeriod to SharesOfSubsidiariesAtEndOfPreviousPeriod" use="optional" order="1.0" weight="1.0"/>
  </link:calculationLink>
</link:linkbase>
