<?xml version="1.0" encoding="UTF-8"?>
<!--
**************************************************************
et-gaap Taxonomy: 2011-01-01 (Final)

Copyright (C) 2010 Centre of Registers and Information Systems
**************************************************************
-->
<link:linkbase xmlns:xsi="http://www.w3.org/2001/XMLSchema-instance" xsi:schemaLocation="http://www.xbrl.org/2003/linkbase http://www.xbrl.org/2003/xbrl-linkbase-2003-12-31.xsd" xmlns:link="http://www.xbrl.org/2003/linkbase" xmlns:xlink="http://www.w3.org/1999/xlink">
  <link:roleRef roleURI="http://xbrl.eesti.ee/role/et-gaap_2011-01-01/NoteSharesOfSubsidiaries_role-808000" xlink:type="simple" xlink:href="role-808000.xsd#NoteSharesOfSubsidiaries_role-808000"/>
  <link:calculationLink xlink:type="extended" xlink:role="http://xbrl.eesti.ee/role/et-gaap_2011-01-01/NoteSharesOfSubsidiaries_role-808000">
    <link:loc xlink:type="locator" xlink:href="../../et-gaap-cor_2011-01-01.xsd#et-gaap_SharesOfSubsidiariesAtEndOfPeriod" xlink:label="SharesOfSubsidiariesAtEndOfPeriod" xlink:title="SharesOfSubsidiariesAtEndOfPeriod"/>
    <link:loc xlink:type="locator" xlink:href="../../et-gaap-cor_2011-01-01.xsd#et-gaap_SharesOfSubsidiariesAtEndOfPreviousPeriod" xlink:label="SharesOfSubsidiariesAtEndOfPreviousPeriod" xlink:title="SharesOfSubsidiariesAtEndOfPreviousPeriod"/>
    <link:calculationArc xlink:type="arc" xlink:arcrole="http://www.xbrl.org/2003/arcrole/summation-item" xlink:from="SharesOfSubsidiariesAtEndOfPeriod" xlink:to="SharesOfSubsidiariesAtEndOfPreviousPeriod" xlink:title="calculation: SharesOfSubsidiariesAtEndOfPeriod to SharesOfSubsidiariesAtEndOfPreviousPeriod" use="optional" order="1.0" weight="1.0"/>
    <link:loc xlink:type="locator" xlink:href="../../et-gaap-cor_2011-01-01.xsd#et-gaap_SharesOfSubsidiariesAcquisition" xlink:label="SharesOfSubsidiariesAcquisition" xlink:title="SharesOfSubsidiariesAcquisition"/>
    <link:calculationArc xlink:type="arc" xlink:arcrole="http://www.xbrl.org/2003/arcrole/summation-item" xlink:from="SharesOfSubsidiariesAtEndOfPeriod" xlink:to="SharesOfSubsidiariesAcquisition" xlink:title="calculation: SharesOfSubsidiariesAtEndOfPeriod to SharesOfSubsidiariesAcquisition" use="optional" order="2.0" weight="1.0"/>
    <link:loc xlink:type="locator" xlink:href="../../et-gaap-cor_2011-01-01.xsd#et-gaap_SharesOfSubsidiariesDisposal" xlink:label="SharesOfSubsidiariesDisposal" xlink:title="SharesOfSubsidiariesDisposal"/>
    <link:calculationArc xlink:type="arc" xlink:arcrole="http://www.xbrl.org/2003/arcrole/summation-item" xlink:from="SharesOfSubsidiariesAtEndOfPeriod" xlink:to="SharesOfSubsidiariesDisposal" xlink:title="calculation: SharesOfSubsidiariesAtEndOfPeriod to SharesOfSubsidiariesDisposal" use="optional" order="3.0" weight="1.0"/>
    <link:loc xlink:type="locator" xlink:href="../../et-gaap-cor_2011-01-01.xsd#et-gaap_SharesOfSubsidiariesDividends" xlink:label="SharesOfSubsidiariesDividends" xlink:title="SharesOfSubsidiariesDividends"/>
    <link:calculationArc xlink:type="arc" xlink:arcrole="http://www.xbrl.org/2003/arcrole/summation-item" xlink:from="SharesOfSubsidiariesAtEndOfPeriod" xlink:to="SharesOfSubsidiariesDividends" xlink:title="calculation: SharesOfSubsidiariesAtEndOfPeriod to SharesOfSubsidiariesDividends" use="optional" order="4.0" weight="1.0"/>
    <link:loc xlink:type="locator" xlink:href="../../et-gaap-cor_2011-01-01.xsd#et-gaap_SharesOfSubsidiariesProfitLossByEquityMethod" xlink:label="SharesOfSubsidiariesProfitLossByEquityMethod" xlink:title="SharesOfSubsidiariesProfitLossByEquityMethod"/>
    <link:calculationArc xlink:type="arc" xlink:arcrole="http://www.xbrl.org/2003/arcrole/summation-item" xlink:from="SharesOfSubsidiariesAtEndOfPeriod" xlink:to="SharesOfSubsidiariesProfitLossByEquityMethod" xlink:title="calculation: SharesOfSubsidiariesAtEndOfPeriod to SharesOfSubsidiariesProfitLossByEquityMethod" use="optional" order="5.0" weight="1.0"/>
    <link:loc xlink:type="locator" xlink:href="../../et-gaap-cor_2011-01-01.xsd#et-gaap_SharesOfSubsidiariesOtherChanges" xlink:label="SharesOfSubsidiariesOtherChanges" xlink:title="SharesOfSubsidiariesOtherChanges"/>
    <link:calculationArc xlink:type="arc" xlink:arcrole="http://www.xbrl.org/2003/arcrole/summation-item" xlink:from="SharesOfSubsidiariesAtEndOfPeriod" xlink:to="SharesOfSubsidiariesOtherChanges" xlink:title="calculation: SharesOfSubsidiariesAtEndOfPeriod to SharesOfSubsidiariesOtherChanges" use="optional" order="6.0" weight="1.0"/>
  </link:calculationLink>
</link:linkbase>
