<?xml version="1.0" encoding="UTF-8"?>
<!--
**************************************************************
et-gaap Taxonomy: 2011-01-01 (Final)

Copyright (C) 2010 Centre of Registers and Information Systems
**************************************************************
-->
<link:linkbase xmlns:xsi="http://www.w3.org/2001/XMLSchema-instance" xsi:schemaLocation="http://www.xbrl.org/2003/linkbase http://www.xbrl.org/2003/xbrl-linkbase-2003-12-31.xsd" xmlns:link="http://www.xbrl.org/2003/linkbase" xmlns:xlink="http://www.w3.org/1999/xlink" xmlns:xbrldt="http://xbrl.org/2005/xbrldt">
  <link:roleRef roleURI="http://xbrl.eesti.ee/role/et-gaap_2011-01-01/NoteSharesOfSubsidiaries_role-808000" xlink:type="simple" xlink:href="role-808000.xsd#NoteSharesOfSubsidiaries_role-808000"/>
  <link:presentationLink xlink:type="extended" xlink:role="http://xbrl.eesti.ee/role/et-gaap_2011-01-01/NoteSharesOfSubsidiaries_role-808000">
    <link:loc xlink:type="locator" xlink:href="../../et-gaap-cor_2011-01-01.xsd#et-gaap_NoteSharesOfSubsidiariesAbstract" xlink:label="NoteSharesOfSubsidiariesAbstract" xlink:title="NoteSharesOfSubsidiariesAbstract"/>
    <link:loc xlink:type="locator" xlink:href="../../et-gaap-cor_2011-01-01.xsd#et-gaap_SharesOfSubsidiariesDetailedInformationAbstract" xlink:label="SharesOfSubsidiariesDetailedInformationAbstract" xlink:title="SharesOfSubsidiariesDetailedInformationAbstract"/>
    <link:presentationArc xlink:type="arc" xlink:arcrole="http://www.xbrl.org/2003/arcrole/parent-child" xlink:from="NoteSharesOfSubsidiariesAbstract" xlink:to="SharesOfSubsidiariesDetailedInformationAbstract" xlink:title="presentation: NoteSharesOfSubsidiariesAbstract to SharesOfSubsidiariesDetailedInformationAbstract" order="2.0"/>
    <link:loc xlink:type="locator" xlink:href="../../et-gaap-cor_2011-01-01.xsd#et-gaap_SharesOfSubsidiariesDetailedInformationTuple" xlink:label="SharesOfSubsidiariesDetailedInformationTuple" xlink:title="SharesOfSubsidiariesDetailedInformationTuple"/>
    <link:presentationArc xlink:type="arc" xlink:arcrole="http://www.xbrl.org/2003/arcrole/parent-child" xlink:from="SharesOfSubsidiariesDetailedInformationAbstract" xlink:to="SharesOfSubsidiariesDetailedInformationTuple" xlink:title="presentation: SharesOfSubsidiariesDetailedInformationAbstract to SharesOfSubsidiariesDetailedInformationTuple" order="1.0"/>
    <link:loc xlink:type="locator" xlink:href="../../et-gaap-cor_2011-01-01.xsd#et-gaap_NameOfSubsidiary" xlink:label="NameOfSubsidiary" xlink:title="NameOfSubsidiary"/>
    <link:presentationArc xlink:type="arc" xlink:arcrole="http://www.xbrl.org/2003/arcrole/parent-child" xlink:from="SharesOfSubsidiariesDetailedInformationTuple" xlink:to="NameOfSubsidiary" xlink:title="presentation: SharesOfSubsidiariesDetailedInformationTuple to NameOfSubsidiary" order="1.0"/>
    <link:loc xlink:type="locator" xlink:href="../../et-gaap-cor_2011-01-01.xsd#et-gaap_SharesOfSubsidiariesAtEndOfPreviousPeriod" xlink:label="SharesOfSubsidiariesAtEndOfPreviousPeriod" xlink:title="SharesOfSubsidiariesAtEndOfPreviousPeriod"/>
    <link:presentationArc xlink:type="arc" xlink:arcrole="http://www.xbrl.org/2003/arcrole/parent-child" xlink:from="SharesOfSubsidiariesDetailedInformationTuple" xlink:to="SharesOfSubsidiariesAtEndOfPreviousPeriod" xlink:title="presentation: SharesOfSubsidiariesDetailedInformationTuple to SharesOfSubsidiariesAtEndOfPreviousPeriod" order="2.0"/>
    <link:loc xlink:type="locator" xlink:href="../../et-gaap-cor_2011-01-01.xsd#et-gaap_SharesOfSubsidiariesAcquisition" xlink:label="SharesOfSubsidiariesAcquisition" xlink:title="SharesOfSubsidiariesAcquisition"/>
    <link:presentationArc xlink:type="arc" xlink:arcrole="http://www.xbrl.org/2003/arcrole/parent-child" xlink:from="SharesOfSubsidiariesDetailedInformationTuple" xlink:to="SharesOfSubsidiariesAcquisition" xlink:title="presentation: SharesOfSubsidiariesDetailedInformationTuple to SharesOfSubsidiariesAcquisition" order="3.0"/>
    <link:loc xlink:type="locator" xlink:href="../../et-gaap-cor_2011-01-01.xsd#et-gaap_SharesOfSubsidiariesDisposal" xlink:label="SharesOfSubsidiariesDisposal" xlink:title="SharesOfSubsidiariesDisposal"/>
    <link:presentationArc xlink:type="arc" xlink:arcrole="http://www.xbrl.org/2003/arcrole/parent-child" xlink:from="SharesOfSubsidiariesDetailedInformationTuple" xlink:to="SharesOfSubsidiariesDisposal" xlink:title="presentation: SharesOfSubsidiariesDetailedInformationTuple to SharesOfSubsidiariesDisposal" order="4.0"/>
    <link:loc xlink:type="locator" xlink:href="../../et-gaap-cor_2011-01-01.xsd#et-gaap_SharesOfSubsidiariesDividends" xlink:label="SharesOfSubsidiariesDividends" xlink:title="SharesOfSubsidiariesDividends"/>
    <link:presentationArc xlink:type="arc" xlink:arcrole="http://www.xbrl.org/2003/arcrole/parent-child" xlink:from="SharesOfSubsidiariesDetailedInformationTuple" xlink:to="SharesOfSubsidiariesDividends" xlink:title="presentation: SharesOfSubsidiariesDetailedInformationTuple to SharesOfSubsidiariesDividends" order="5.0"/>
    <link:loc xlink:type="locator" xlink:href="../../et-gaap-cor_2011-01-01.xsd#et-gaap_SharesOfSubsidiariesProfitLossByEquityMethod" xlink:label="SharesOfSubsidiariesProfitLossByEquityMethod" xlink:title="SharesOfSubsidiariesProfitLossByEquityMethod"/>
    <link:presentationArc xlink:type="arc" xlink:arcrole="http://www.xbrl.org/2003/arcrole/parent-child" xlink:from="SharesOfSubsidiariesDetailedInformationTuple" xlink:to="SharesOfSubsidiariesProfitLossByEquityMethod" xlink:title="presentation: SharesOfSubsidiariesDetailedInformationTuple to SharesOfSubsidiariesProfitLossByEquityMethod" order="6.0"/>
    <link:loc xlink:type="locator" xlink:href="../../et-gaap-cor_2011-01-01.xsd#et-gaap_SharesOfSubsidiariesOtherChanges" xlink:label="SharesOfSubsidiariesOtherChanges" xlink:title="SharesOfSubsidiariesOtherChanges"/>
    <link:presentationArc xlink:type="arc" xlink:arcrole="http://www.xbrl.org/2003/arcrole/parent-child" xlink:from="SharesOfSubsidiariesDetailedInformationTuple" xlink:to="SharesOfSubsidiariesOtherChanges" xlink:title="presentation: SharesOfSubsidiariesDetailedInformationTuple to SharesOfSubsidiariesOtherChanges" order="7.0"/>
    <link:loc xlink:type="locator" xlink:href="../../et-gaap-cor_2011-01-01.xsd#et-gaap_SharesOfSubsidiariesAtEndOfPeriod" xlink:label="SharesOfSubsidiariesAtEndOfPeriod" xlink:title="SharesOfSubsidiariesAtEndOfPeriod"/>
    <link:presentationArc xlink:type="arc" xlink:arcrole="http://www.xbrl.org/2003/arcrole/parent-child" xlink:from="SharesOfSubsidiariesDetailedInformationTuple" xlink:to="SharesOfSubsidiariesAtEndOfPeriod" xlink:title="presentation: SharesOfSubsidiariesDetailedInformationTuple to SharesOfSubsidiariesAtEndOfPeriod" order="8.0"/>
    <link:loc xlink:type="locator" xlink:href="../../et-gaap-cor_2011-01-01.xsd#et-gaap_TotalSharesOfSubsidiariesAtEndOfPreviousPeriod" xlink:label="TotalSharesOfSubsidiariesAtEndOfPreviousPeriod" xlink:title="TotalSharesOfSubsidiariesAtEndOfPreviousPeriod"/>
    <link:presentationArc xlink:type="arc" xlink:arcrole="http://www.xbrl.org/2003/arcrole/parent-child" xlink:from="SharesOfSubsidiariesDetailedInformationAbstract" xlink:to="TotalSharesOfSubsidiariesAtEndOfPreviousPeriod" xlink:title="presentation: SharesOfSubsidiariesDetailedInformationAbstract to TotalSharesOfSubsidiariesAtEndOfPreviousPeriod" order="2.0"/>
    <link:loc xlink:type="locator" xlink:href="../../et-gaap-cor_2011-01-01.xsd#et-gaap_TotalSharesOfSubsidiariesAcquisition" xlink:label="TotalSharesOfSubsidiariesAcquisition" xlink:title="TotalSharesOfSubsidiariesAcquisition"/>
    <link:presentationArc xlink:type="arc" xlink:arcrole="http://www.xbrl.org/2003/arcrole/parent-child" xlink:from="SharesOfSubsidiariesDetailedInformationAbstract" xlink:to="TotalSharesOfSubsidiariesAcquisition" xlink:title="presentation: SharesOfSubsidiariesDetailedInformationAbstract to TotalSharesOfSubsidiariesAcquisition" order="3.0"/>
    <link:loc xlink:type="locator" xlink:href="../../et-gaap-cor_2011-01-01.xsd#et-gaap_TotalSharesOfSubsidiariesDisposal" xlink:label="TotalSharesOfSubsidiariesDisposal" xlink:title="TotalSharesOfSubsidiariesDisposal"/>
    <link:presentationArc xlink:type="arc" xlink:arcrole="http://www.xbrl.org/2003/arcrole/parent-child" xlink:from="SharesOfSubsidiariesDetailedInformationAbstract" xlink:to="TotalSharesOfSubsidiariesDisposal" xlink:title="presentation: SharesOfSubsidiariesDetailedInformationAbstract to TotalSharesOfSubsidiariesDisposal" order="4.0"/>
    <link:loc xlink:type="locator" xlink:href="../../et-gaap-cor_2011-01-01.xsd#et-gaap_TotalSharesOfSubsidiariesDividends" xlink:label="TotalSharesOfSubsidiariesDividends" xlink:title="TotalSharesOfSubsidiariesDividends"/>
    <link:presentationArc xlink:type="arc" xlink:arcrole="http://www.xbrl.org/2003/arcrole/parent-child" xlink:from="SharesOfSubsidiariesDetailedInformationAbstract" xlink:to="TotalSharesOfSubsidiariesDividends" xlink:title="presentation: SharesOfSubsidiariesDetailedInformationAbstract to TotalSharesOfSubsidiariesDividends" order="5.0"/>
    <link:loc xlink:type="locator" xlink:href="../../et-gaap-cor_2011-01-01.xsd#et-gaap_TotalSharesOfSubsidiariesProfitLossByEquityMethod" xlink:label="TotalSharesOfSubsidiariesProfitLossByEquityMethod" xlink:title="TotalSharesOfSubsidiariesProfitLossByEquityMethod"/>
    <link:presentationArc xlink:type="arc" xlink:arcrole="http://www.xbrl.org/2003/arcrole/parent-child" xlink:from="SharesOfSubsidiariesDetailedInformationAbstract" xlink:to="TotalSharesOfSubsidiariesProfitLossByEquityMethod" xlink:title="presentation: SharesOfSubsidiariesDetailedInformationAbstract to TotalSharesOfSubsidiariesProfitLossByEquityMethod" order="6.0"/>
    <link:loc xlink:type="locator" xlink:href="../../et-gaap-cor_2011-01-01.xsd#et-gaap_TotalSharesOfSubsidiariesOtherChanges" xlink:label="TotalSharesOfSubsidiariesOtherChanges" xlink:title="TotalSharesOfSubsidiariesOtherChanges"/>
    <link:presentationArc xlink:type="arc" xlink:arcrole="http://www.xbrl.org/2003/arcrole/parent-child" xlink:from="SharesOfSubsidiariesDetailedInformationAbstract" xlink:to="TotalSharesOfSubsidiariesOtherChanges" xlink:title="presentation: SharesOfSubsidiariesDetailedInformationAbstract to TotalSharesOfSubsidiariesOtherChanges" order="7.0"/>
    <link:loc xlink:type="locator" xlink:href="../../et-gaap-cor_2011-01-01.xsd#et-gaap_TotalSharesOfSubsidiariesAtEndOfPeriod" xlink:label="TotalSharesOfSubsidiariesAtEndOfPeriod" xlink:title="TotalSharesOfSubsidiariesAtEndOfPeriod"/>
    <link:presentationArc xlink:type="arc" xlink:arcrole="http://www.xbrl.org/2003/arcrole/parent-child" xlink:from="SharesOfSubsidiariesDetailedInformationAbstract" xlink:to="TotalSharesOfSubsidiariesAtEndOfPeriod" xlink:title="presentation: SharesOfSubsidiariesDetailedInformationAbstract to TotalSharesOfSubsidiariesAtEndOfPeriod" order="8.0"/>
    <link:loc xlink:type="locator" xlink:href="../../et-gaap-cor_2011-01-01.xsd#et-gaap_SharesOfSubsidiariesAcquiredOwnershipInterestsAbstract" xlink:label="SharesOfSubsidiariesAcquiredOwnershipInterestsAbstract" xlink:title="SharesOfSubsidiariesAcquiredOwnershipInterestsAbstract"/>
    <link:presentationArc xlink:type="arc" xlink:arcrole="http://www.xbrl.org/2003/arcrole/parent-child" xlink:from="NoteSharesOfSubsidiariesAbstract" xlink:to="SharesOfSubsidiariesAcquiredOwnershipInterestsAbstract" xlink:title="presentation: NoteSharesOfSubsidiariesAbstract to SharesOfSubsidiariesAcquiredOwnershipInterestsAbstract" order="3.0"/>
    <link:loc xlink:type="locator" xlink:href="../../et-gaap-cor_2011-01-01.xsd#et-gaap_SharesOfSubsidiariesAcquiredOwnershipInterestsTuple" xlink:label="SharesOfSubsidiariesAcquiredOwnershipInterestsTuple" xlink:title="SharesOfSubsidiariesAcquiredOwnershipInterestsTuple"/>
    <link:presentationArc xlink:type="arc" xlink:arcrole="http://www.xbrl.org/2003/arcrole/parent-child" xlink:from="SharesOfSubsidiariesAcquiredOwnershipInterestsAbstract" xlink:to="SharesOfSubsidiariesAcquiredOwnershipInterestsTuple" xlink:title="presentation: SharesOfSubsidiariesAcquiredOwnershipInterestsAbstract to SharesOfSubsidiariesAcquiredOwnershipInterestsTuple" order="1.0"/>
    <link:presentationArc xlink:type="arc" xlink:arcrole="http://www.xbrl.org/2003/arcrole/parent-child" xlink:from="SharesOfSubsidiariesAcquiredOwnershipInterestsTuple" xlink:to="NameOfSubsidiary" xlink:title="presentation: SharesOfSubsidiariesAcquiredOwnershipInterestsTuple to NameOfSubsidiary" order="1.0"/>
    <link:loc xlink:type="locator" xlink:href="../../et-gaap-cor_2011-01-01.xsd#et-gaap_SharesOfSubsidiariesAcquiredOwnershipInterest" xlink:label="SharesOfSubsidiariesAcquiredOwnershipInterest" xlink:title="SharesOfSubsidiariesAcquiredOwnershipInterest"/>
    <link:presentationArc xlink:type="arc" xlink:arcrole="http://www.xbrl.org/2003/arcrole/parent-child" xlink:from="SharesOfSubsidiariesAcquiredOwnershipInterestsTuple" xlink:to="SharesOfSubsidiariesAcquiredOwnershipInterest" xlink:title="presentation: SharesOfSubsidiariesAcquiredOwnershipInterestsTuple to SharesOfSubsidiariesAcquiredOwnershipInterest" order="2.0"/>
    <link:loc xlink:type="locator" xlink:href="../../et-gaap-cor_2011-01-01.xsd#et-gaap_SharesOfSubsidiariesAcquisitionDate" xlink:label="SharesOfSubsidiariesAcquisitionDate" xlink:title="SharesOfSubsidiariesAcquisitionDate"/>
    <link:presentationArc xlink:type="arc" xlink:arcrole="http://www.xbrl.org/2003/arcrole/parent-child" xlink:from="SharesOfSubsidiariesAcquiredOwnershipInterestsTuple" xlink:to="SharesOfSubsidiariesAcquisitionDate" xlink:title="presentation: SharesOfSubsidiariesAcquiredOwnershipInterestsTuple to SharesOfSubsidiariesAcquisitionDate" order="3.0"/>
    <link:loc xlink:type="locator" xlink:href="../../et-gaap-cor_2011-01-01.xsd#et-gaap_SharesOfSubsidiariesCostOfAcquiredOwnershipInterest" xlink:label="SharesOfSubsidiariesCostOfAcquiredOwnershipInterest" xlink:title="SharesOfSubsidiariesCostOfAcquiredOwnershipInterest"/>
    <link:presentationArc xlink:type="arc" xlink:arcrole="http://www.xbrl.org/2003/arcrole/parent-child" xlink:from="SharesOfSubsidiariesAcquiredOwnershipInterestsTuple" xlink:to="SharesOfSubsidiariesCostOfAcquiredOwnershipInterest" xlink:title="presentation: SharesOfSubsidiariesAcquiredOwnershipInterestsTuple to SharesOfSubsidiariesCostOfAcquiredOwnershipInterest" order="4.0"/>
    <link:loc xlink:type="locator" xlink:href="../../et-gaap-cor_2011-01-01.xsd#et-gaap_SharesOfSubsidiariesDisposedOwnershipInterestsAbstract" xlink:label="SharesOfSubsidiariesDisposedOwnershipInterestsAbstract" xlink:title="SharesOfSubsidiariesDisposedOwnershipInterestsAbstract"/>
    <link:presentationArc xlink:type="arc" xlink:arcrole="http://www.xbrl.org/2003/arcrole/parent-child" xlink:from="NoteSharesOfSubsidiariesAbstract" xlink:to="SharesOfSubsidiariesDisposedOwnershipInterestsAbstract" xlink:title="presentation: NoteSharesOfSubsidiariesAbstract to SharesOfSubsidiariesDisposedOwnershipInterestsAbstract" order="4.0"/>
    <link:loc xlink:type="locator" xlink:href="../../et-gaap-cor_2011-01-01.xsd#et-gaap_SharesOfSubsidiariesDisposedOwnershipInterestsTuple" xlink:label="SharesOfSubsidiariesDisposedOwnershipInterestsTuple" xlink:title="SharesOfSubsidiariesDisposedOwnershipInterestsTuple"/>
    <link:presentationArc xlink:type="arc" xlink:arcrole="http://www.xbrl.org/2003/arcrole/parent-child" xlink:from="SharesOfSubsidiariesDisposedOwnershipInterestsAbstract" xlink:to="SharesOfSubsidiariesDisposedOwnershipInterestsTuple" xlink:title="presentation: SharesOfSubsidiariesDisposedOwnershipInterestsAbstract to SharesOfSubsidiariesDisposedOwnershipInterestsTuple" order="1.0"/>
    <link:presentationArc xlink:type="arc" xlink:arcrole="http://www.xbrl.org/2003/arcrole/parent-child" xlink:from="SharesOfSubsidiariesDisposedOwnershipInterestsTuple" xlink:to="NameOfSubsidiary" xlink:title="presentation: SharesOfSubsidiariesDisposedOwnershipInterestsTuple to NameOfSubsidiary" order="1.0"/>
    <link:loc xlink:type="locator" xlink:href="../../et-gaap-cor_2011-01-01.xsd#et-gaap_SharesOfSubsidiariesDisposedOwnershipInterest" xlink:label="SharesOfSubsidiariesDisposedOwnershipInterest" xlink:title="SharesOfSubsidiariesDisposedOwnershipInterest"/>
    <link:presentationArc xlink:type="arc" xlink:arcrole="http://www.xbrl.org/2003/arcrole/parent-child" xlink:from="SharesOfSubsidiariesDisposedOwnershipInterestsTuple" xlink:to="SharesOfSubsidiariesDisposedOwnershipInterest" xlink:title="presentation: SharesOfSubsidiariesDisposedOwnershipInterestsTuple to SharesOfSubsidiariesDisposedOwnershipInterest" order="2.0"/>
    <link:loc xlink:type="locator" xlink:href="../../et-gaap-cor_2011-01-01.xsd#et-gaap_SharesOfSubsidiariesDisposedOwnershipInterestAtSellingPrice" xlink:label="SharesOfSubsidiariesDisposedOwnershipInterestAtSellingPrice" xlink:title="SharesOfSubsidiariesDisposedOwnershipInterestAtSellingPrice"/>
    <link:presentationArc xlink:type="arc" xlink:arcrole="http://www.xbrl.org/2003/arcrole/parent-child" xlink:from="SharesOfSubsidiariesDisposedOwnershipInterestsTuple" xlink:to="SharesOfSubsidiariesDisposedOwnershipInterestAtSellingPrice" xlink:title="presentation: SharesOfSubsidiariesDisposedOwnershipInterestsTuple to SharesOfSubsidiariesDisposedOwnershipInterestAtSellingPrice" order="3.0"/>
    <link:loc xlink:type="locator" xlink:href="../../et-gaap-cor_2011-01-01.xsd#et-gaap_SharesOfSubsidiariesSalesProfitLossOnDisposedOwnershipInterest" xlink:label="SharesOfSubsidiariesSalesProfitLossOnDisposedOwnershipInterest" xlink:title="SharesOfSubsidiariesSalesProfitLossOnDisposedOwnershipInterest"/>
    <link:presentationArc xlink:type="arc" xlink:arcrole="http://www.xbrl.org/2003/arcrole/parent-child" xlink:from="SharesOfSubsidiariesDisposedOwnershipInterestsTuple" xlink:to="SharesOfSubsidiariesSalesProfitLossOnDisposedOwnershipInterest" xlink:title="presentation: SharesOfSubsidiariesDisposedOwnershipInterestsTuple to SharesOfSubsidiariesSalesProfitLossOnDisposedOwnershipInterest" order="4.0"/>
    <link:loc xlink:type="locator" xlink:href="../../et-gaap-cor_2011-01-01.xsd#et-gaap_NoteSharesOfSubsidiaries" xlink:label="NoteSharesOfSubsidiaries" xlink:title="NoteSharesOfSubsidiaries"/>
    <link:presentationArc xlink:type="arc" xlink:arcrole="http://www.xbrl.org/2003/arcrole/parent-child" xlink:from="NoteSharesOfSubsidiariesAbstract" xlink:to="NoteSharesOfSubsidiaries" xlink:title="presentation: NoteSharesOfSubsidiariesAbstract to NoteSharesOfSubsidiaries" order="5.0"/>
    <link:loc xlink:type="locator" xlink:href="../../et-gaap-cor_2011-01-01.xsd#et-gaap_SharesOfSubsidiariesGeneralInformationTuple" xlink:label="SharesOfSubsidiariesGeneralInformationTuple" xlink:title="SharesOfSubsidiariesGeneralInformationTuple"/>
    <link:presentationArc xlink:type="arc" xlink:arcrole="http://www.xbrl.org/2003/arcrole/parent-child" xlink:from="NoteSharesOfSubsidiariesAbstract" xlink:to="SharesOfSubsidiariesGeneralInformationTuple" xlink:title="presentation: NoteSharesOfSubsidiariesAbstract to SharesOfSubsidiariesGeneralInformationTuple" use="optional" order="1.0"/>
    <link:presentationArc xlink:type="arc" xlink:arcrole="http://www.xbrl.org/2003/arcrole/parent-child" xlink:from="SharesOfSubsidiariesGeneralInformationTuple" xlink:to="NameOfSubsidiary" xlink:title="presentation: SharesOfSubsidiariesGeneralInformationTuple to NameOfSubsidiary" order="1.0"/>
    <link:loc xlink:type="locator" xlink:href="../../et-gaap-cor_2011-01-01.xsd#et-gaap_CountryOfIncorporation" xlink:label="CountryOfIncorporation" xlink:title="CountryOfIncorporation"/>
    <link:presentationArc xlink:type="arc" xlink:arcrole="http://www.xbrl.org/2003/arcrole/parent-child" xlink:from="SharesOfSubsidiariesGeneralInformationTuple" xlink:to="CountryOfIncorporation" xlink:title="presentation: SharesOfSubsidiariesGeneralInformationTuple to CountryOfIncorporation" order="2.0"/>
    <link:loc xlink:type="locator" xlink:href="../../et-gaap-cor_2011-01-01.xsd#et-gaap_PricipalActivity" xlink:label="PricipalActivity" xlink:title="PricipalActivity"/>
    <link:presentationArc xlink:type="arc" xlink:arcrole="http://www.xbrl.org/2003/arcrole/parent-child" xlink:from="SharesOfSubsidiariesGeneralInformationTuple" xlink:to="PricipalActivity" xlink:title="presentation: SharesOfSubsidiariesGeneralInformationTuple to PricipalActivity" order="3.0"/>
    <link:loc xlink:type="locator" xlink:href="../../et-gaap-cor_2011-01-01.xsd#et-gaap_OwnershipInterestAbstract" xlink:label="OwnershipInterestAbstract" xlink:title="OwnershipInterestAbstract"/>
    <link:presentationArc xlink:type="arc" xlink:arcrole="http://www.xbrl.org/2003/arcrole/parent-child" xlink:from="SharesOfSubsidiariesGeneralInformationTuple" xlink:to="OwnershipInterestAbstract" xlink:title="presentation: SharesOfSubsidiariesGeneralInformationTuple to OwnershipInterestAbstract" order="4.0"/>
    <link:loc xlink:type="locator" xlink:href="../../et-gaap-cor_2011-01-01.xsd#et-gaap_OwnershipInterestAtEndOfPreviousPeriod" xlink:label="OwnershipInterestAtEndOfPreviousPeriod" xlink:title="OwnershipInterestAtEndOfPreviousPeriod"/>
    <link:presentationArc xlink:type="arc" xlink:arcrole="http://www.xbrl.org/2003/arcrole/parent-child" xlink:from="OwnershipInterestAbstract" xlink:to="OwnershipInterestAtEndOfPreviousPeriod" xlink:title="presentation: OwnershipInterestAbstract to OwnershipInterestAtEndOfPreviousPeriod" order="1.0"/>
    <link:loc xlink:type="locator" xlink:href="../../et-gaap-cor_2011-01-01.xsd#et-gaap_OwnershipInterestAtEndOfPeriod" xlink:label="OwnershipInterestAtEndOfPeriod" xlink:title="OwnershipInterestAtEndOfPeriod"/>
    <link:presentationArc xlink:type="arc" xlink:arcrole="http://www.xbrl.org/2003/arcrole/parent-child" xlink:from="OwnershipInterestAbstract" xlink:to="OwnershipInterestAtEndOfPeriod" xlink:title="presentation: OwnershipInterestAbstract to OwnershipInterestAtEndOfPeriod" order="2.0"/>
  </link:presentationLink>
</link:linkbase>
