<?xml version="1.0" encoding="UTF-8"?>
<!--
**************************************************************
et-gaap Taxonomy: 2011-01-01 (Final)

Copyright (C) 2010 Centre of Registers and Information Systems
**************************************************************
-->
<link:linkbase xmlns:xsi="http://www.w3.org/2001/XMLSchema-instance" xsi:schemaLocation="http://www.xbrl.org/2003/linkbase http://www.xbrl.org/2003/xbrl-linkbase-2003-12-31.xsd" xmlns:link="http://www.xbrl.org/2003/linkbase" xmlns:xlink="http://www.w3.org/1999/xlink">
  <link:roleRef roleURI="http://xbrl.eesti.ee/role/et-gaap_2011-01-01/IncomeStatementScheme2_role-301022" xlink:type="simple" xlink:href="role-301000.xsd#IncomeStatementScheme2_role-301022"/>
  <link:calculationLink xlink:type="extended" xlink:role="http://xbrl.eesti.ee/role/et-gaap_2011-01-01/IncomeStatementScheme2_role-301022">
    <link:loc xlink:type="locator" xlink:href="../../et-gaap-cor_2011-01-01.xsd#et-gaap_TotalAnnualPeriodProfitLoss" xlink:label="TotalAnnualPeriodProfitLoss" xlink:title="TotalAnnualPeriodProfitLoss"/>
    <link:loc xlink:type="locator" xlink:href="../../et-gaap-cor_2011-01-01.xsd#et-gaap_IncomeTaxExpense" xlink:label="IncomeTaxExpense" xlink:title="IncomeTaxExpense"/>
    <link:calculationArc xlink:type="arc" xlink:arcrole="http://www.xbrl.org/2003/arcrole/summation-item" xlink:from="TotalAnnualPeriodProfitLoss" xlink:to="IncomeTaxExpense" xlink:title="calculation: TotalAnnualPeriodProfitLoss to IncomeTaxExpense" use="optional" order="1.0" weight="1.0"/>
    <link:loc xlink:type="locator" xlink:href="../../et-gaap-cor_2011-01-01.xsd#et-gaap_TotalProfitLossBeforeTax" xlink:label="TotalProfitLossBeforeTax" xlink:title="TotalProfitLossBeforeTax"/>
    <link:calculationArc xlink:type="arc" xlink:arcrole="http://www.xbrl.org/2003/arcrole/summation-item" xlink:from="TotalAnnualPeriodProfitLoss" xlink:to="TotalProfitLossBeforeTax" xlink:title="calculation: TotalAnnualPeriodProfitLoss to TotalProfitLossBeforeTax" use="optional" order="2.0" weight="1.0"/>
    <link:loc xlink:type="locator" xlink:href="../../et-gaap-cor_2011-01-01.xsd#et-gaap_FinancialIncomeAndExpense" xlink:label="FinancialIncomeAndExpense" xlink:title="FinancialIncomeAndExpense"/>
    <link:calculationArc xlink:type="arc" xlink:arcrole="http://www.xbrl.org/2003/arcrole/summation-item" xlink:from="TotalProfitLossBeforeTax" xlink:to="FinancialIncomeAndExpense" xlink:title="calculation: TotalProfitLossBeforeTax to FinancialIncomeAndExpense" use="optional" order="1.0" weight="1.0"/>
    <link:loc xlink:type="locator" xlink:href="../../et-gaap-cor_2011-01-01.xsd#et-gaap_TotalProfitLoss" xlink:label="TotalProfitLoss" xlink:title="TotalProfitLoss"/>
    <link:calculationArc xlink:type="arc" xlink:arcrole="http://www.xbrl.org/2003/arcrole/summation-item" xlink:from="TotalProfitLossBeforeTax" xlink:to="TotalProfitLoss" xlink:title="calculation: TotalProfitLossBeforeTax to TotalProfitLoss" use="optional" order="2.0" weight="1.0"/>
    <link:loc xlink:type="locator" xlink:href="../../et-gaap-cor_2011-01-01.xsd#et-gaap_OtherIncome" xlink:label="OtherIncome" xlink:title="OtherIncome"/>
    <link:calculationArc xlink:type="arc" xlink:arcrole="http://www.xbrl.org/2003/arcrole/summation-item" xlink:from="TotalProfitLoss" xlink:to="OtherIncome" xlink:title="calculation: TotalProfitLoss to OtherIncome" order="5.0" weight="1.0"/>
    <link:loc xlink:type="locator" xlink:href="../../et-gaap-cor_2011-01-01.xsd#et-gaap_ProfitLossFromBiologicalAssets" xlink:label="ProfitLossFromBiologicalAssets" xlink:title="ProfitLossFromBiologicalAssets"/>
    <link:calculationArc xlink:type="arc" xlink:arcrole="http://www.xbrl.org/2003/arcrole/summation-item" xlink:from="TotalProfitLoss" xlink:to="ProfitLossFromBiologicalAssets" xlink:title="calculation: TotalProfitLoss to ProfitLossFromBiologicalAssets" order="2.0" weight="1.0"/>
    <link:loc xlink:type="locator" xlink:href="../../et-gaap-cor_2011-01-01.xsd#et-gaap_OtherExpense" xlink:label="OtherExpense" xlink:title="OtherExpense"/>
    <link:calculationArc xlink:type="arc" xlink:arcrole="http://www.xbrl.org/2003/arcrole/summation-item" xlink:from="TotalProfitLoss" xlink:to="OtherExpense" xlink:title="calculation: TotalProfitLoss to OtherExpense" order="6.0" weight="1.0"/>
    <link:loc xlink:type="locator" xlink:href="../../et-gaap-cor_2011-01-01.xsd#et-gaap_DistributionCosts" xlink:label="DistributionCosts" xlink:title="DistributionCosts"/>
    <link:calculationArc xlink:type="arc" xlink:arcrole="http://www.xbrl.org/2003/arcrole/summation-item" xlink:from="TotalProfitLoss" xlink:to="DistributionCosts" xlink:title="calculation: TotalProfitLoss to DistributionCosts" order="3.0" weight="1.0"/>
    <link:loc xlink:type="locator" xlink:href="../../et-gaap-cor_2011-01-01.xsd#et-gaap_TotalGrossProfitLoss" xlink:label="TotalGrossProfitLoss" xlink:title="TotalGrossProfitLoss"/>
    <link:calculationArc xlink:type="arc" xlink:arcrole="http://www.xbrl.org/2003/arcrole/summation-item" xlink:from="TotalProfitLoss" xlink:to="TotalGrossProfitLoss" xlink:title="calculation: TotalProfitLoss to TotalGrossProfitLoss" order="1.0" weight="1.0"/>
    <link:loc xlink:type="locator" xlink:href="../../et-gaap-cor_2011-01-01.xsd#et-gaap_Revenue" xlink:label="Revenue" xlink:title="Revenue"/>
    <link:calculationArc xlink:type="arc" xlink:arcrole="http://www.xbrl.org/2003/arcrole/summation-item" xlink:from="TotalGrossProfitLoss" xlink:to="Revenue" xlink:title="calculation: TotalGrossProfitLoss to Revenue" order="1.0" weight="1.0"/>
    <link:loc xlink:type="locator" xlink:href="../../et-gaap-cor_2011-01-01.xsd#et-gaap_CostOfSales" xlink:label="CostOfSales" xlink:title="CostOfSales"/>
    <link:calculationArc xlink:type="arc" xlink:arcrole="http://www.xbrl.org/2003/arcrole/summation-item" xlink:from="TotalGrossProfitLoss" xlink:to="CostOfSales" xlink:title="calculation: TotalGrossProfitLoss to CostOfSales" order="2.0" weight="1.0"/>
    <link:loc xlink:type="locator" xlink:href="../../et-gaap-cor_2011-01-01.xsd#et-gaap_AdministrativeExpense" xlink:label="AdministrativeExpense" xlink:title="AdministrativeExpense"/>
    <link:calculationArc xlink:type="arc" xlink:arcrole="http://www.xbrl.org/2003/arcrole/summation-item" xlink:from="TotalProfitLoss" xlink:to="AdministrativeExpense" xlink:title="calculation: TotalProfitLoss to AdministrativeExpense" order="4.0" weight="1.0"/>
  </link:calculationLink>
</link:linkbase>
