<?xml version="1.0" encoding="UTF-8"?>
<!--
**************************************************************
et-gaap Taxonomy: 2011-01-01 (Final)

Copyright (C) 2010 Centre of Registers and Information Systems
**************************************************************
-->
<link:linkbase xmlns:xsi="http://www.w3.org/2001/XMLSchema-instance" xsi:schemaLocation="http://www.xbrl.org/2003/linkbase http://www.xbrl.org/2003/xbrl-linkbase-2003-12-31.xsd" xmlns:link="http://www.xbrl.org/2003/linkbase" xmlns:xlink="http://www.w3.org/1999/xlink">
  <link:roleRef roleURI="http://xbrl.eesti.ee/role/et-gaap_2011-01-01/StatementOfRevenuesAndExpenses_role-301030" xlink:type="simple" xlink:href="role-301000.xsd#StatementOfRevenuesAndExpenses_role-301030"/>
  <link:calculationLink xlink:type="extended" xlink:role="http://xbrl.eesti.ee/role/et-gaap_2011-01-01/StatementOfRevenuesAndExpenses_role-301030">
    <link:loc xlink:type="locator" xlink:href="../../et-gaap-cor_2011-01-01.xsd#et-gaap_NetSurplusDeficitForPeriod" xlink:label="NetSurplusDeficitForPeriod" xlink:title="NetSurplusDeficitForPeriod"/>
    <link:loc xlink:type="locator" xlink:href="../../et-gaap-cor_2011-01-01.xsd#et-gaap_SurplusDeficitFromOperatingActivities" xlink:label="SurplusDeficitFromOperatingActivities" xlink:title="SurplusDeficitFromOperatingActivities"/>
    <link:calculationArc xlink:type="arc" xlink:arcrole="http://www.xbrl.org/2003/arcrole/summation-item" xlink:from="NetSurplusDeficitForPeriod" xlink:to="SurplusDeficitFromOperatingActivities" xlink:title="calculation: NetSurplusDeficitForPeriod to SurplusDeficitFromOperatingActivities" use="optional" order="2.0" weight="1.0"/>
    <link:loc xlink:type="locator" xlink:href="../../et-gaap-cor_2011-01-01.xsd#et-gaap_TotalRevenue" xlink:label="TotalRevenue" xlink:title="TotalRevenue"/>
    <link:calculationArc xlink:type="arc" xlink:arcrole="http://www.xbrl.org/2003/arcrole/summation-item" xlink:from="SurplusDeficitFromOperatingActivities" xlink:to="TotalRevenue" xlink:title="calculation: SurplusDeficitFromOperatingActivities to TotalRevenue" use="optional" order="1.0" weight="1.0"/>
    <link:loc xlink:type="locator" xlink:href="../../et-gaap-cor_2011-01-01.xsd#et-gaap_FeesReceivedFromMembers" xlink:label="FeesReceivedFromMembers" xlink:title="FeesReceivedFromMembers"/>
    <link:calculationArc xlink:type="arc" xlink:arcrole="http://www.xbrl.org/2003/arcrole/summation-item" xlink:from="TotalRevenue" xlink:to="FeesReceivedFromMembers" xlink:title="calculation: TotalRevenue to FeesReceivedFromMembers" use="optional" order="1.0" weight="1.0"/>
    <link:loc xlink:type="locator" xlink:href="../../et-gaap-cor_2011-01-01.xsd#et-gaap_GrantsAndDonations" xlink:label="GrantsAndDonantions" xlink:title="GrantsAndDonantions"/>
    <link:calculationArc xlink:type="arc" xlink:arcrole="http://www.xbrl.org/2003/arcrole/summation-item" xlink:from="TotalRevenue" xlink:to="GrantsAndDonantions" xlink:title="calculation: TotalRevenue to GrantsAndDonantions" use="optional" order="2.0" weight="1.0"/>
    <link:loc xlink:type="locator" xlink:href="../../et-gaap-cor_2011-01-01.xsd#et-gaap_NetProceedsFromFinancialInvestments" xlink:label="NetProceedsFromFinancialInvestments" xlink:title="NetProceedsFromFinancialInvestments"/>
    <link:calculationArc xlink:type="arc" xlink:arcrole="http://www.xbrl.org/2003/arcrole/summation-item" xlink:from="TotalRevenue" xlink:to="NetProceedsFromFinancialInvestments" xlink:title="calculation: TotalRevenue to NetProceedsFromFinancialInvestments" use="optional" order="3.0" weight="1.0"/>
    <link:loc xlink:type="locator" xlink:href="../../et-gaap-cor_2011-01-01.xsd#et-gaap_BusinessIncome" xlink:label="BusinessIncome" xlink:title="BusinessIncome"/>
    <link:calculationArc xlink:type="arc" xlink:arcrole="http://www.xbrl.org/2003/arcrole/summation-item" xlink:from="TotalRevenue" xlink:to="BusinessIncome" xlink:title="calculation: TotalRevenue to BusinessIncome" use="optional" order="4.0" weight="1.0"/>
    <link:loc xlink:type="locator" xlink:href="../../et-gaap-cor_2011-01-01.xsd#et-gaap_OtherIncomeNPO" xlink:label="OtherIncomeNPO" xlink:title="OtherIncomeNPO"/>
    <link:calculationArc xlink:type="arc" xlink:arcrole="http://www.xbrl.org/2003/arcrole/summation-item" xlink:from="TotalRevenue" xlink:to="OtherIncomeNPO" xlink:title="calculation: TotalRevenue to OtherIncomeNPO" use="optional" order="5.0" weight="1.0"/>
    <link:loc xlink:type="locator" xlink:href="../../et-gaap-cor_2011-01-01.xsd#et-gaap_TotalExpenses" xlink:label="TotalExpenses" xlink:title="TotalExpenses"/>
    <link:calculationArc xlink:type="arc" xlink:arcrole="http://www.xbrl.org/2003/arcrole/summation-item" xlink:from="SurplusDeficitFromOperatingActivities" xlink:to="TotalExpenses" xlink:title="calculation: SurplusDeficitFromOperatingActivities to TotalExpenses" use="optional" order="2.0" weight="1.0"/>
    <link:loc xlink:type="locator" xlink:href="../../et-gaap-cor_2011-01-01.xsd#et-gaap_DirectCostOfProjectsFinancedByGrantsForSpecialPurposes" xlink:label="DirectCostOfProjectsFinancedByGrantsForSpecialPurposes" xlink:title="DirectCostOfProjectsFinancedByGrantsForSpecialPurposes"/>
    <link:calculationArc xlink:type="arc" xlink:arcrole="http://www.xbrl.org/2003/arcrole/summation-item" xlink:from="TotalExpenses" xlink:to="DirectCostOfProjectsFinancedByGrantsForSpecialPurposes" xlink:title="calculation: TotalExpenses to DirectCostOfProjectsFinancedByGrantsForSpecialPurposes" use="optional" order="1.0" weight="1.0"/>
    <link:loc xlink:type="locator" xlink:href="../../et-gaap-cor_2011-01-01.xsd#et-gaap_DistributedGrantsAndDonations" xlink:label="GrantsAndDonations" xlink:title="GrantsAndDonations"/>
    <link:calculationArc xlink:type="arc" xlink:arcrole="http://www.xbrl.org/2003/arcrole/summation-item" xlink:from="TotalExpenses" xlink:to="GrantsAndDonations" xlink:title="calculation: TotalExpenses to GrantsAndDonations" use="optional" order="2.0" weight="1.0"/>
    <link:loc xlink:type="locator" xlink:href="../../et-gaap-cor_2011-01-01.xsd#et-gaap_OtherOperatingExpense" xlink:label="OtherOperatingExpense" xlink:title="OtherOperatingExpense"/>
    <link:calculationArc xlink:type="arc" xlink:arcrole="http://www.xbrl.org/2003/arcrole/summation-item" xlink:from="TotalExpenses" xlink:to="OtherOperatingExpense" xlink:title="calculation: TotalExpenses to OtherOperatingExpense" use="optional" order="3.0" weight="1.0"/>
    <link:loc xlink:type="locator" xlink:href="../../et-gaap-cor_2011-01-01.xsd#et-gaap_EmployeeExpense" xlink:label="EmployeeExpense" xlink:title="EmployeeExpense"/>
    <link:calculationArc xlink:type="arc" xlink:arcrole="http://www.xbrl.org/2003/arcrole/summation-item" xlink:from="TotalExpenses" xlink:to="EmployeeExpense" xlink:title="calculation: TotalExpenses to EmployeeExpense" use="optional" order="4.0" weight="1.0"/>
    <link:loc xlink:type="locator" xlink:href="../../et-gaap-cor_2011-01-01.xsd#et-gaap_DepreciationAndImpairmentLossReversal" xlink:label="DepreciationAndImpairmentLossReversal" xlink:title="DepreciationAndImpairmentLossReversal"/>
    <link:calculationArc xlink:type="arc" xlink:arcrole="http://www.xbrl.org/2003/arcrole/summation-item" xlink:from="TotalExpenses" xlink:to="DepreciationAndImpairmentLossReversal" xlink:title="calculation: TotalExpenses to DepreciationAndImpairmentLossReversal" use="optional" order="5.0" weight="1.0"/>
    <link:loc xlink:type="locator" xlink:href="../../et-gaap-cor_2011-01-01.xsd#et-gaap_OtherExpenseNPO" xlink:label="OtherExpenseNPO" xlink:title="OtherExpenseNPO"/>
    <link:calculationArc xlink:type="arc" xlink:arcrole="http://www.xbrl.org/2003/arcrole/summation-item" xlink:from="TotalExpenses" xlink:to="OtherExpenseNPO" xlink:title="calculation: TotalExpenses to OtherExpenseNPO" use="optional" order="6.0" weight="1.0"/>
    <link:loc xlink:type="locator" xlink:href="../../et-gaap-cor_2011-01-01.xsd#et-gaap_FinancialIncomeAndExpense" xlink:label="FinancialIncomeAndExpense" xlink:title="FinancialIncomeAndExpense"/>
    <link:calculationArc xlink:type="arc" xlink:arcrole="http://www.xbrl.org/2003/arcrole/summation-item" xlink:from="NetSurplusDeficitForPeriod" xlink:to="FinancialIncomeAndExpense" xlink:title="calculation: NetSurplusDeficitForPeriod to FinancialIncomeAndExpense" use="optional" order="1.0" weight="1.0"/>
  </link:calculationLink>
</link:linkbase>
