<?xml version="1.0" encoding="UTF-8"?>
<!--
**************************************************************
et-gaap Taxonomy: 2011-01-01 (Final)

Copyright (C) 2010 Centre of Registers and Information Systems
**************************************************************
-->
<link:linkbase xmlns:xsi="http://www.w3.org/2001/XMLSchema-instance" xsi:schemaLocation="http://www.xbrl.org/2003/linkbase http://www.xbrl.org/2003/xbrl-linkbase-2003-12-31.xsd" xmlns:link="http://www.xbrl.org/2003/linkbase" xmlns:xlink="http://www.w3.org/1999/xlink">
  <link:roleRef roleURI="http://xbrl.eesti.ee/role/et-gaap_2011-01-01/StatementOfRevenuesAndExpenses_role-301030" xlink:type="simple" xlink:href="role-301000.xsd#StatementOfRevenuesAndExpenses_role-301030"/>
  <link:arcroleRef arcroleURI="http://xbrl.org/int/dim/arcrole/domain-member" xlink:type="simple" xlink:href="http://www.xbrl.org/2005/xbrldt-2005.xsd#domain-member"/>
  <link:definitionLink xlink:type="extended" xlink:role="http://xbrl.eesti.ee/role/et-gaap_2011-01-01/StatementOfRevenuesAndExpenses_role-301030">
    <link:loc xlink:type="locator" xlink:href="../../et-gaap-cor_2011-01-01.xsd#et-gaap_StatementOfRevenuesAndExpensesAbstract" xlink:label="StatementOfRevenuesAndExpensesAbstract" xlink:title="StatementOfRevenuesAndExpensesAbstract"/>
    <link:loc xlink:type="locator" xlink:href="../../et-gaap-cor_2011-01-01.xsd#et-gaap_RevenueAbstract" xlink:label="RevenueAbstract" xlink:title="RevenueAbstract"/>
    <link:definitionArc xlink:type="arc" xlink:arcrole="http://xbrl.org/int/dim/arcrole/domain-member" xlink:from="StatementOfRevenuesAndExpensesAbstract" xlink:to="RevenueAbstract" xlink:title="definition: StatementOfRevenuesAndExpensesAbstract to RevenueAbstract" order="1.0"/>
    <link:loc xlink:type="locator" xlink:href="../../et-gaap-cor_2011-01-01.xsd#et-gaap_FeesReceivedFromMembers" xlink:label="FeesReceivedFromMembers_2" xlink:title="FeesReceivedFromMembers"/>
    <link:definitionArc xlink:type="arc" xlink:arcrole="http://xbrl.org/int/dim/arcrole/domain-member" xlink:from="RevenueAbstract" xlink:to="FeesReceivedFromMembers_2" xlink:title="definition: RevenueAbstract to FeesReceivedFromMembers" priority="1" order="1.0"/>
    <link:loc xlink:type="locator" xlink:href="../../et-gaap-cor_2011-01-01.xsd#et-gaap_GrantsAndDonations" xlink:label="GrantsAndDonantions" xlink:title="GrantsAndDonantions"/>
    <link:definitionArc xlink:type="arc" xlink:arcrole="http://xbrl.org/int/dim/arcrole/domain-member" xlink:from="RevenueAbstract" xlink:to="GrantsAndDonantions" xlink:title="definition: RevenueAbstract to GrantsAndDonantions" order="2.0"/>
    <link:loc xlink:type="locator" xlink:href="../../et-gaap-cor_2011-01-01.xsd#et-gaap_NetProceedsFromFinancialInvestments" xlink:label="NetProceedsFromFinancialInvestments" xlink:title="NetProceedsFromFinancialInvestments"/>
    <link:definitionArc xlink:type="arc" xlink:arcrole="http://xbrl.org/int/dim/arcrole/domain-member" xlink:from="RevenueAbstract" xlink:to="NetProceedsFromFinancialInvestments" xlink:title="definition: RevenueAbstract to NetProceedsFromFinancialInvestments" order="3.0"/>
    <link:loc xlink:type="locator" xlink:href="../../et-gaap-cor_2011-01-01.xsd#et-gaap_BusinessIncome" xlink:label="BusinessIncome" xlink:title="BusinessIncome"/>
    <link:definitionArc xlink:type="arc" xlink:arcrole="http://xbrl.org/int/dim/arcrole/domain-member" xlink:from="RevenueAbstract" xlink:to="BusinessIncome" xlink:title="definition: RevenueAbstract to BusinessIncome" order="4.0"/>
    <link:loc xlink:type="locator" xlink:href="../../et-gaap-cor_2011-01-01.xsd#et-gaap_OtherIncomeNPO" xlink:label="OtherIncomeNPO" xlink:title="OtherIncomeNPO"/>
    <link:definitionArc xlink:type="arc" xlink:arcrole="http://xbrl.org/int/dim/arcrole/domain-member" xlink:from="RevenueAbstract" xlink:to="OtherIncomeNPO" xlink:title="definition: RevenueAbstract to OtherIncomeNPO" order="5.0"/>
    <link:loc xlink:type="locator" xlink:href="../../et-gaap-cor_2011-01-01.xsd#et-gaap_TotalRevenue" xlink:label="TotalRevenue" xlink:title="TotalRevenue"/>
    <link:definitionArc xlink:type="arc" xlink:arcrole="http://xbrl.org/int/dim/arcrole/domain-member" xlink:from="RevenueAbstract" xlink:to="TotalRevenue" xlink:title="definition: RevenueAbstract to TotalRevenue" order="6.0"/>
    <link:loc xlink:type="locator" xlink:href="../../et-gaap-cor_2011-01-01.xsd#et-gaap_ExpensesAbstract" xlink:label="ExpensesAbstract" xlink:title="ExpensesAbstract"/>
    <link:definitionArc xlink:type="arc" xlink:arcrole="http://xbrl.org/int/dim/arcrole/domain-member" xlink:from="StatementOfRevenuesAndExpensesAbstract" xlink:to="ExpensesAbstract" xlink:title="definition: StatementOfRevenuesAndExpensesAbstract to ExpensesAbstract" order="3.0"/>
    <link:loc xlink:type="locator" xlink:href="../../et-gaap-cor_2011-01-01.xsd#et-gaap_DirectCostOfProjectsFinancedByGrantsForSpecialPurposes" xlink:label="DirectCostOfProjectsFinancedByGrantsForSpecialPurposes" xlink:title="DirectCostOfProjectsFinancedByGrantsForSpecialPurposes"/>
    <link:definitionArc xlink:type="arc" xlink:arcrole="http://xbrl.org/int/dim/arcrole/domain-member" xlink:from="ExpensesAbstract" xlink:to="DirectCostOfProjectsFinancedByGrantsForSpecialPurposes" xlink:title="definition: ExpensesAbstract to DirectCostOfProjectsFinancedByGrantsForSpecialPurposes" order="1.0"/>
    <link:loc xlink:type="locator" xlink:href="../../et-gaap-cor_2011-01-01.xsd#et-gaap_DistributedGrantsAndDonations" xlink:label="GrantsAndDonations" xlink:title="GrantsAndDonations"/>
    <link:definitionArc xlink:type="arc" xlink:arcrole="http://xbrl.org/int/dim/arcrole/domain-member" xlink:from="ExpensesAbstract" xlink:to="GrantsAndDonations" xlink:title="definition: ExpensesAbstract to GrantsAndDonations" order="2.0"/>
    <link:loc xlink:type="locator" xlink:href="../../et-gaap-cor_2011-01-01.xsd#et-gaap_OtherOperatingExpense" xlink:label="OtherOperatingExpense" xlink:title="OtherOperatingExpense"/>
    <link:definitionArc xlink:type="arc" xlink:arcrole="http://xbrl.org/int/dim/arcrole/domain-member" xlink:from="ExpensesAbstract" xlink:to="OtherOperatingExpense" xlink:title="definition: ExpensesAbstract to OtherOperatingExpense" order="3.0"/>
    <link:loc xlink:type="locator" xlink:href="../../et-gaap-cor_2011-01-01.xsd#et-gaap_EmployeeExpense" xlink:label="EmployeeExpense" xlink:title="EmployeeExpense"/>
    <link:definitionArc xlink:type="arc" xlink:arcrole="http://xbrl.org/int/dim/arcrole/domain-member" xlink:from="ExpensesAbstract" xlink:to="EmployeeExpense" xlink:title="definition: ExpensesAbstract to EmployeeExpense" order="4.0"/>
    <link:loc xlink:type="locator" xlink:href="../../et-gaap-cor_2011-01-01.xsd#et-gaap_DepreciationAndImpairmentLossReversal" xlink:label="DepreciationAndImpairmentLossReversal" xlink:title="DepreciationAndImpairmentLossReversal"/>
    <link:definitionArc xlink:type="arc" xlink:arcrole="http://xbrl.org/int/dim/arcrole/domain-member" xlink:from="ExpensesAbstract" xlink:to="DepreciationAndImpairmentLossReversal" xlink:title="definition: ExpensesAbstract to DepreciationAndImpairmentLossReversal" order="5.0"/>
    <link:loc xlink:type="locator" xlink:href="../../et-gaap-cor_2011-01-01.xsd#et-gaap_OtherExpenseNPO" xlink:label="OtherExpenseNPO" xlink:title="OtherExpenseNPO"/>
    <link:definitionArc xlink:type="arc" xlink:arcrole="http://xbrl.org/int/dim/arcrole/domain-member" xlink:from="ExpensesAbstract" xlink:to="OtherExpenseNPO" xlink:title="definition: ExpensesAbstract to OtherExpenseNPO" order="6.0"/>
    <link:loc xlink:type="locator" xlink:href="../../et-gaap-cor_2011-01-01.xsd#et-gaap_TotalExpenses" xlink:label="TotalExpenses" xlink:title="TotalExpenses"/>
    <link:definitionArc xlink:type="arc" xlink:arcrole="http://xbrl.org/int/dim/arcrole/domain-member" xlink:from="ExpensesAbstract" xlink:to="TotalExpenses" xlink:title="definition: ExpensesAbstract to TotalExpenses" order="7.0"/>
    <link:loc xlink:type="locator" xlink:href="../../et-gaap-cor_2011-01-01.xsd#et-gaap_SurplusDeficitFromOperatingActivities" xlink:label="SurplusDeficitFromOperatingActivities" xlink:title="SurplusDeficitFromOperatingActivities"/>
    <link:definitionArc xlink:type="arc" xlink:arcrole="http://xbrl.org/int/dim/arcrole/domain-member" xlink:from="StatementOfRevenuesAndExpensesAbstract" xlink:to="SurplusDeficitFromOperatingActivities" xlink:title="definition: StatementOfRevenuesAndExpensesAbstract to SurplusDeficitFromOperatingActivities" order="5.0"/>
    <link:loc xlink:type="locator" xlink:href="../../et-gaap-cor_2011-01-01.xsd#et-gaap_FinancialIncomeAndExpense" xlink:label="FinancialIncomeAndExpense" xlink:title="FinancialIncomeAndExpense"/>
    <link:definitionArc xlink:type="arc" xlink:arcrole="http://xbrl.org/int/dim/arcrole/domain-member" xlink:from="StatementOfRevenuesAndExpensesAbstract" xlink:to="FinancialIncomeAndExpense" xlink:title="definition: StatementOfRevenuesAndExpensesAbstract to FinancialIncomeAndExpense" order="6.0"/>
    <link:loc xlink:type="locator" xlink:href="../../et-gaap-cor_2011-01-01.xsd#et-gaap_NetSurplusDeficitForPeriod" xlink:label="NetSurplusDeficitForPeriod" xlink:title="NetSurplusDeficitForPeriod"/>
    <link:definitionArc xlink:type="arc" xlink:arcrole="http://xbrl.org/int/dim/arcrole/domain-member" xlink:from="StatementOfRevenuesAndExpensesAbstract" xlink:to="NetSurplusDeficitForPeriod" xlink:title="definition: StatementOfRevenuesAndExpensesAbstract to NetSurplusDeficitForPeriod" order="7.0"/>
    <link:loc xlink:type="locator" xlink:href="../../et-gaap-cor_2011-01-01.xsd#et-gaap_StructureDurationAbstract" xlink:label="StructureDurationAbstract" xlink:title="StructureDurationAbstract"/>
    <link:definitionArc xlink:type="arc" xlink:arcrole="http://xbrl.org/int/dim/arcrole/domain-member" xlink:from="StatementOfRevenuesAndExpensesAbstract" xlink:to="StructureDurationAbstract" xlink:title="definition: StatementOfRevenuesAndExpensesAbstract to StructureDurationAbstract" order="2.0"/>
    <link:loc xlink:type="locator" xlink:href="../../et-gaap-cor_2011-01-01.xsd#et-gaap_StructureDurationAbstract" xlink:label="StructureDurationAbstract_2" xlink:title="StructureDurationAbstract"/>
    <link:definitionArc xlink:type="arc" xlink:arcrole="http://xbrl.org/int/dim/arcrole/domain-member" xlink:from="StatementOfRevenuesAndExpensesAbstract" xlink:to="StructureDurationAbstract_2" xlink:title="definition: StatementOfRevenuesAndExpensesAbstract to StructureDurationAbstract" priority="1" order="4.0"/>
  </link:definitionLink>
</link:linkbase>
