<?xml version="1.0" encoding="UTF-8"?>
<!--
**************************************************************
et-gaap Taxonomy: 2011-01-01 (Final)

Copyright (C) 2010 Centre of Registers and Information Systems
**************************************************************
-->
<link:linkbase xmlns:xsi="http://www.w3.org/2001/XMLSchema-instance" xsi:schemaLocation="http://www.xbrl.org/2003/linkbase http://www.xbrl.org/2003/xbrl-linkbase-2003-12-31.xsd" xmlns:link="http://www.xbrl.org/2003/linkbase" xmlns:xlink="http://www.w3.org/1999/xlink">
  <link:roleRef roleURI="http://xbrl.eesti.ee/role/et-gaap_2011-01-01/IncomeStatementScheme1_role-301011" xlink:type="simple" xlink:href="role-301000.xsd#IncomeStatementScheme1_role-301011"/>
  <link:arcroleRef arcroleURI="http://xbrl.org/int/dim/arcrole/domain-member" xlink:type="simple" xlink:href="http://www.xbrl.org/2005/xbrldt-2005.xsd#domain-member"/>
  <link:definitionLink xlink:type="extended" xlink:role="http://xbrl.eesti.ee/role/et-gaap_2011-01-01/IncomeStatementScheme1_role-301011">
    <link:loc xlink:type="locator" xlink:href="../../et-gaap-cor_2011-01-01.xsd#et-gaap_IncomeStatementScheme1Abstract" xlink:label="IncomeStatementScheme1Abstract" xlink:title="IncomeStatementScheme1Abstract"/>
    <link:loc xlink:type="locator" xlink:href="../../et-gaap-cor_2011-01-01.xsd#et-gaap_Revenue" xlink:label="Revenue" xlink:title="Revenue"/>
    <link:definitionArc xlink:type="arc" xlink:arcrole="http://xbrl.org/int/dim/arcrole/domain-member" xlink:from="IncomeStatementScheme1Abstract" xlink:to="Revenue" xlink:title="definition: IncomeStatementScheme1Abstract to Revenue" use="optional" order="1.0"/>
    <link:loc xlink:type="locator" xlink:href="../../et-gaap-cor_2011-01-01.xsd#et-gaap_OtherIncome" xlink:label="OtherIncome" xlink:title="OtherIncome"/>
    <link:definitionArc xlink:type="arc" xlink:arcrole="http://xbrl.org/int/dim/arcrole/domain-member" xlink:from="IncomeStatementScheme1Abstract" xlink:to="OtherIncome" xlink:title="definition: IncomeStatementScheme1Abstract to OtherIncome" use="optional" order="2.0"/>
    <link:loc xlink:type="locator" xlink:href="../../et-gaap-cor_2011-01-01.xsd#et-gaap_ChangesInInventoriesOfAgriculturalProduction" xlink:label="ChangesInInventoriesOfAgriculturalProduction" xlink:title="ChangesInInventoriesOfAgriculturalProduction"/>
    <link:definitionArc xlink:type="arc" xlink:arcrole="http://xbrl.org/int/dim/arcrole/domain-member" xlink:from="IncomeStatementScheme1Abstract" xlink:to="ChangesInInventoriesOfAgriculturalProduction" xlink:title="definition: IncomeStatementScheme1Abstract to ChangesInInventoriesOfAgriculturalProduction" use="optional" order="3.0"/>
    <link:loc xlink:type="locator" xlink:href="../../et-gaap-cor_2011-01-01.xsd#et-gaap_ProfitLossFromBiologicalAssets" xlink:label="ProfitLossFromBiologicalAssets" xlink:title="ProfitLossFromBiologicalAssets"/>
    <link:definitionArc xlink:type="arc" xlink:arcrole="http://xbrl.org/int/dim/arcrole/domain-member" xlink:from="IncomeStatementScheme1Abstract" xlink:to="ProfitLossFromBiologicalAssets" xlink:title="definition: IncomeStatementScheme1Abstract to ProfitLossFromBiologicalAssets" use="optional" order="4.0"/>
    <link:loc xlink:type="locator" xlink:href="../../et-gaap-cor_2011-01-01.xsd#et-gaap_ChangesInInventoriesOfFinishedGoodsAndWorkInProgress" xlink:label="ChangesInInventoriesOfFinishedGoodsAndWorkInProgress" xlink:title="ChangesInInventoriesOfFinishedGoodsAndWorkInProgress"/>
    <link:definitionArc xlink:type="arc" xlink:arcrole="http://xbrl.org/int/dim/arcrole/domain-member" xlink:from="IncomeStatementScheme1Abstract" xlink:to="ChangesInInventoriesOfFinishedGoodsAndWorkInProgress" xlink:title="definition: IncomeStatementScheme1Abstract to ChangesInInventoriesOfFinishedGoodsAndWorkInProgress" use="optional" order="5.0"/>
    <link:loc xlink:type="locator" xlink:href="../../et-gaap-cor_2011-01-01.xsd#et-gaap_WorkPerformedByEntityAndCapitalised" xlink:label="WorkPerformedByEntityAndCapitalised" xlink:title="WorkPerformedByEntityAndCapitalised"/>
    <link:definitionArc xlink:type="arc" xlink:arcrole="http://xbrl.org/int/dim/arcrole/domain-member" xlink:from="IncomeStatementScheme1Abstract" xlink:to="WorkPerformedByEntityAndCapitalised" xlink:title="definition: IncomeStatementScheme1Abstract to WorkPerformedByEntityAndCapitalised" use="optional" order="6.0"/>
    <link:loc xlink:type="locator" xlink:href="../../et-gaap-cor_2011-01-01.xsd#et-gaap_RawMaterialsAndConsumablesUsed" xlink:label="RawMaterialsAndConsumablesUsed" xlink:title="RawMaterialsAndConsumablesUsed"/>
    <link:definitionArc xlink:type="arc" xlink:arcrole="http://xbrl.org/int/dim/arcrole/domain-member" xlink:from="IncomeStatementScheme1Abstract" xlink:to="RawMaterialsAndConsumablesUsed" xlink:title="definition: IncomeStatementScheme1Abstract to RawMaterialsAndConsumablesUsed" use="optional" order="7.0"/>
    <link:loc xlink:type="locator" xlink:href="../../et-gaap-cor_2011-01-01.xsd#et-gaap_OtherOperatingExpense" xlink:label="OtherOperatingExpense" xlink:title="OtherOperatingExpense"/>
    <link:definitionArc xlink:type="arc" xlink:arcrole="http://xbrl.org/int/dim/arcrole/domain-member" xlink:from="IncomeStatementScheme1Abstract" xlink:to="OtherOperatingExpense" xlink:title="definition: IncomeStatementScheme1Abstract to OtherOperatingExpense" use="optional" order="8.0"/>
    <link:loc xlink:type="locator" xlink:href="../../et-gaap-cor_2011-01-01.xsd#et-gaap_EmployeeExpense" xlink:label="EmployeeExpense" xlink:title="EmployeeExpense"/>
    <link:definitionArc xlink:type="arc" xlink:arcrole="http://xbrl.org/int/dim/arcrole/domain-member" xlink:from="IncomeStatementScheme1Abstract" xlink:to="EmployeeExpense" xlink:title="definition: IncomeStatementScheme1Abstract to EmployeeExpense" use="optional" order="9.0"/>
    <link:loc xlink:type="locator" xlink:href="../../et-gaap-cor_2011-01-01.xsd#et-gaap_DepreciationAndImpairmentLossReversal" xlink:label="DepreciationAndImpairmentLossReversal" xlink:title="DepreciationAndImpairmentLossReversal"/>
    <link:definitionArc xlink:type="arc" xlink:arcrole="http://xbrl.org/int/dim/arcrole/domain-member" xlink:from="IncomeStatementScheme1Abstract" xlink:to="DepreciationAndImpairmentLossReversal" xlink:title="definition: IncomeStatementScheme1Abstract to DepreciationAndImpairmentLossReversal" use="optional" order="10.0"/>
    <link:loc xlink:type="locator" xlink:href="../../et-gaap-cor_2011-01-01.xsd#et-gaap_OtherExpense" xlink:label="OtherExpense" xlink:title="OtherExpense"/>
    <link:definitionArc xlink:type="arc" xlink:arcrole="http://xbrl.org/int/dim/arcrole/domain-member" xlink:from="IncomeStatementScheme1Abstract" xlink:to="OtherExpense" xlink:title="definition: IncomeStatementScheme1Abstract to OtherExpense" use="optional" order="11.0"/>
    <link:loc xlink:type="locator" xlink:href="../../et-gaap-cor_2011-01-01.xsd#et-gaap_TotalProfitLoss" xlink:label="TotalProfitLoss" xlink:title="TotalProfitLoss"/>
    <link:definitionArc xlink:type="arc" xlink:arcrole="http://xbrl.org/int/dim/arcrole/domain-member" xlink:from="IncomeStatementScheme1Abstract" xlink:to="TotalProfitLoss" xlink:title="definition: IncomeStatementScheme1Abstract to TotalProfitLoss" use="optional" order="12.0"/>
    <link:loc xlink:type="locator" xlink:href="../../et-gaap-cor_2011-01-01.xsd#et-gaap_FinancialIncomeAndExpense" xlink:label="FinancialIncomeAndExpense" xlink:title="FinancialIncomeAndExpense"/>
    <link:definitionArc xlink:type="arc" xlink:arcrole="http://xbrl.org/int/dim/arcrole/domain-member" xlink:from="IncomeStatementScheme1Abstract" xlink:to="FinancialIncomeAndExpense" xlink:title="definition: IncomeStatementScheme1Abstract to FinancialIncomeAndExpense" use="optional" order="14.0"/>
    <link:loc xlink:type="locator" xlink:href="../../et-gaap-cor_2011-01-01.xsd#et-gaap_TotalProfitLossBeforeTax" xlink:label="TotalProfitLossBeforeTax" xlink:title="TotalProfitLossBeforeTax"/>
    <link:definitionArc xlink:type="arc" xlink:arcrole="http://xbrl.org/int/dim/arcrole/domain-member" xlink:from="IncomeStatementScheme1Abstract" xlink:to="TotalProfitLossBeforeTax" xlink:title="definition: IncomeStatementScheme1Abstract to TotalProfitLossBeforeTax" use="optional" order="15.0"/>
    <link:loc xlink:type="locator" xlink:href="../../et-gaap-cor_2011-01-01.xsd#et-gaap_IncomeTaxExpense" xlink:label="IncomeTaxExpense" xlink:title="IncomeTaxExpense"/>
    <link:definitionArc xlink:type="arc" xlink:arcrole="http://xbrl.org/int/dim/arcrole/domain-member" xlink:from="IncomeStatementScheme1Abstract" xlink:to="IncomeTaxExpense" xlink:title="definition: IncomeStatementScheme1Abstract to IncomeTaxExpense" use="optional" order="16.0"/>
    <link:loc xlink:type="locator" xlink:href="../../et-gaap-cor_2011-01-01.xsd#et-gaap_TotalAnnualPeriodProfitLoss" xlink:label="TotalAnnualPeriodProfitLoss" xlink:title="TotalAnnualPeriodProfitLoss"/>
    <link:definitionArc xlink:type="arc" xlink:arcrole="http://xbrl.org/int/dim/arcrole/domain-member" xlink:from="IncomeStatementScheme1Abstract" xlink:to="TotalAnnualPeriodProfitLoss" xlink:title="definition: IncomeStatementScheme1Abstract to TotalAnnualPeriodProfitLoss" use="optional" order="17.0"/>
    <link:loc xlink:type="locator" xlink:href="../../et-gaap-cor_2011-01-01.xsd#et-gaap_StructureDurationAbstract" xlink:label="StructureDurationAbstract" xlink:title="StructureDurationAbstract"/>
    <link:definitionArc xlink:type="arc" xlink:arcrole="http://xbrl.org/int/dim/arcrole/domain-member" xlink:from="IncomeStatementScheme1Abstract" xlink:to="StructureDurationAbstract" xlink:title="definition: IncomeStatementScheme1Abstract to StructureDurationAbstract" order="13.0"/>
  </link:definitionLink>
</link:linkbase>
