<?xml version="1.0" encoding="UTF-8"?>
<!--
**************************************************************
et-gaap Taxonomy: 2011-01-01 (Final)

Copyright (C) 2010 Centre of Registers and Information Systems
**************************************************************
-->
<link:linkbase xmlns:xsi="http://www.w3.org/2001/XMLSchema-instance" xsi:schemaLocation="http://www.xbrl.org/2003/linkbase http://www.xbrl.org/2003/xbrl-linkbase-2003-12-31.xsd" xmlns:link="http://www.xbrl.org/2003/linkbase" xmlns:xlink="http://www.w3.org/1999/xlink" xmlns:p0="http://xbrl.org/2005/xbrldt">
  <link:roleRef roleURI="http://xbrl.eesti.ee/role/et-gaap_2011-01-01/NoteDistributedGrantsAndDonations_role-849000" xlink:type="simple" xlink:href="role-849000.xsd#NoteDistributedGrantsAndDonations_role-849000"/>
  <link:arcroleRef arcroleURI="http://xbrl.org/int/dim/arcrole/domain-member" xlink:type="simple" xlink:href="http://www.xbrl.org/2005/xbrldt-2005.xsd#domain-member"/>
  <link:definitionLink xlink:type="extended" xlink:role="http://xbrl.eesti.ee/role/et-gaap_2011-01-01/NoteDistributedGrantsAndDonations_role-849000">
    <link:loc xlink:type="locator" xlink:href="../../et-gaap-cor_2011-01-01.xsd#et-gaap_NoteDistributedGrantsAndDonationsAbstract" xlink:label="NoteDistributedGrantsAndDonationsAbstract" xlink:title="NoteDistributedGrantsAndDonationsAbstract"/>
    <link:loc xlink:type="locator" xlink:href="../../et-gaap-cor_2011-01-01.xsd#et-gaap_DistributedGrantsAndDonationsTotal" xlink:label="DistributedGrantsAndDonationsTotal" xlink:title="DistributedGrantsAndDonationsTotal"/>
    <link:definitionArc xlink:type="arc" xlink:arcrole="http://xbrl.org/int/dim/arcrole/domain-member" xlink:from="NoteDistributedGrantsAndDonationsAbstract" xlink:to="DistributedGrantsAndDonationsTotal" xlink:title="definition: NoteDistributedGrantsAndDonationsAbstract to DistributedGrantsAndDonationsTotal" use="optional" order="2.0"/>
    <link:loc xlink:type="locator" xlink:href="../../et-gaap-cor_2011-01-01.xsd#et-gaap_NoteDistributedGrantsAndDonations" xlink:label="NoteDistributedGrantsAndDonations" xlink:title="NoteDistributedGrantsAndDonations"/>
    <link:definitionArc xlink:type="arc" xlink:arcrole="http://xbrl.org/int/dim/arcrole/domain-member" xlink:from="NoteDistributedGrantsAndDonationsAbstract" xlink:to="NoteDistributedGrantsAndDonations" xlink:title="definition: NoteDistributedGrantsAndDonationsAbstract to NoteDistributedGrantsAndDonations" use="optional" order="3.0"/>
  </link:definitionLink>
</link:linkbase>
