<?xml version="1.0" encoding="UTF-8"?>
<!--
**************************************************************
et-gaap Taxonomy: 2011-01-01 (Final)

Copyright (C) 2010 Centre of Registers and Information Systems
**************************************************************
-->
<link:linkbase xmlns:xsi="http://www.w3.org/2001/XMLSchema-instance" xsi:schemaLocation="http://www.xbrl.org/2003/linkbase http://www.xbrl.org/2003/xbrl-linkbase-2003-12-31.xsd" xmlns:link="http://www.xbrl.org/2003/linkbase" xmlns:xlink="http://www.w3.org/1999/xlink">
  <link:roleRef roleURI="http://xbrl.eesti.ee/role/et-gaap_2011-01-01/StatementOfFinancialPosition_role-201030" xlink:type="simple" xlink:href="role-201000.xsd#StatementOfFinancialPosition_role-201030"/>
  <link:calculationLink xlink:type="extended" xlink:role="http://xbrl.eesti.ee/role/et-gaap_2011-01-01/StatementOfFinancialPosition_role-201030">
    <link:loc xlink:type="locator" xlink:href="../../et-gaap-cor_2011-01-01.xsd#et-gaap_Assets" xlink:label="Assets" xlink:title="Assets"/>
    <link:loc xlink:type="locator" xlink:href="../../et-gaap-cor_2011-01-01.xsd#et-gaap_CurrentAssets" xlink:label="CurrentAssets" xlink:title="CurrentAssets"/>
    <link:calculationArc xlink:type="arc" xlink:arcrole="http://www.xbrl.org/2003/arcrole/summation-item" xlink:from="Assets" xlink:to="CurrentAssets" xlink:title="calculation: Assets to CurrentAssets" use="optional" order="1.0" weight="1.0"/>
    <link:loc xlink:type="locator" xlink:href="../../et-gaap-cor_2011-01-01.xsd#et-gaap_CashAndCashEquivalents" xlink:label="CashAndCashEquivalents" xlink:title="CashAndCashEquivalents"/>
    <link:calculationArc xlink:type="arc" xlink:arcrole="http://www.xbrl.org/2003/arcrole/summation-item" xlink:from="CurrentAssets" xlink:to="CashAndCashEquivalents" xlink:title="calculation: CurrentAssets to CashAndCashEquivalents" use="optional" order="1.0" weight="1.0"/>
    <link:loc xlink:type="locator" xlink:href="../../et-gaap-cor_2011-01-01.xsd#et-gaap_ShortTermFinancialInvestments" xlink:label="ShortTermFinancialInvestments" xlink:title="ShortTermFinancialInvestments"/>
    <link:calculationArc xlink:type="arc" xlink:arcrole="http://www.xbrl.org/2003/arcrole/summation-item" xlink:from="CurrentAssets" xlink:to="ShortTermFinancialInvestments" xlink:title="calculation: CurrentAssets to ShortTermFinancialInvestments" use="optional" order="2.0" weight="1.0"/>
    <link:loc xlink:type="locator" xlink:href="../../et-gaap-cor_2011-01-01.xsd#et-gaap_ShortTermReceivablesAndPrepayments" xlink:label="ShortTermReceivablesAndPrepayments" xlink:title="ShortTermReceivablesAndPrepayments"/>
    <link:calculationArc xlink:type="arc" xlink:arcrole="http://www.xbrl.org/2003/arcrole/summation-item" xlink:from="CurrentAssets" xlink:to="ShortTermReceivablesAndPrepayments" xlink:title="calculation: CurrentAssets to ShortTermReceivablesAndPrepayments" use="optional" order="3.0" weight="1.0"/>
    <link:loc xlink:type="locator" xlink:href="../../et-gaap-cor_2011-01-01.xsd#et-gaap_Inventories" xlink:label="Inventories" xlink:title="Inventories"/>
    <link:calculationArc xlink:type="arc" xlink:arcrole="http://www.xbrl.org/2003/arcrole/summation-item" xlink:from="CurrentAssets" xlink:to="Inventories" xlink:title="calculation: CurrentAssets to Inventories" use="optional" order="4.0" weight="1.0"/>
    <link:loc xlink:type="locator" xlink:href="../../et-gaap-cor_2011-01-01.xsd#et-gaap_ShortTermBiologicalAssets" xlink:label="ShortTermBiologicalAssets" xlink:title="ShortTermBiologicalAssets"/>
    <link:calculationArc xlink:type="arc" xlink:arcrole="http://www.xbrl.org/2003/arcrole/summation-item" xlink:from="CurrentAssets" xlink:to="ShortTermBiologicalAssets" xlink:title="calculation: CurrentAssets to ShortTermBiologicalAssets" use="optional" order="5.0" weight="1.0"/>
    <link:loc xlink:type="locator" xlink:href="../../et-gaap-cor_2011-01-01.xsd#et-gaap_NonCurrentAssetsClassfiedAsHeldForSale" xlink:label="NonCurrentAssetsClassfiedAsHeldForSale" xlink:title="NonCurrentAssetsClassfiedAsHeldForSale"/>
    <link:calculationArc xlink:type="arc" xlink:arcrole="http://www.xbrl.org/2003/arcrole/summation-item" xlink:from="CurrentAssets" xlink:to="NonCurrentAssetsClassfiedAsHeldForSale" xlink:title="calculation: CurrentAssets to NonCurrentAssetsClassfiedAsHeldForSale" use="optional" order="6.0" weight="1.0"/>
    <link:loc xlink:type="locator" xlink:href="../../et-gaap-cor_2011-01-01.xsd#et-gaap_NonCurrentAssets" xlink:label="NonCurrentAssets" xlink:title="NonCurrentAssets"/>
    <link:calculationArc xlink:type="arc" xlink:arcrole="http://www.xbrl.org/2003/arcrole/summation-item" xlink:from="Assets" xlink:to="NonCurrentAssets" xlink:title="calculation: Assets to NonCurrentAssets" use="optional" order="2.0" weight="1.0"/>
    <link:loc xlink:type="locator" xlink:href="../../et-gaap-cor_2011-01-01.xsd#et-gaap_LongTermFinancialInvestments" xlink:label="LongTermFinancialInvestments" xlink:title="LongTermFinancialInvestments"/>
    <link:calculationArc xlink:type="arc" xlink:arcrole="http://www.xbrl.org/2003/arcrole/summation-item" xlink:from="NonCurrentAssets" xlink:to="LongTermFinancialInvestments" xlink:title="calculation: NonCurrentAssets to LongTermFinancialInvestments" use="optional" order="1.0" weight="1.0"/>
    <link:loc xlink:type="locator" xlink:href="../../et-gaap-cor_2011-01-01.xsd#et-gaap_LongTermReceivablesAndPrepayments" xlink:label="LongTermReceivablesAndPrepayments" xlink:title="LongTermReceivablesAndPrepayments"/>
    <link:calculationArc xlink:type="arc" xlink:arcrole="http://www.xbrl.org/2003/arcrole/summation-item" xlink:from="NonCurrentAssets" xlink:to="LongTermReceivablesAndPrepayments" xlink:title="calculation: NonCurrentAssets to LongTermReceivablesAndPrepayments" use="optional" order="2.0" weight="1.0"/>
    <link:loc xlink:type="locator" xlink:href="../../et-gaap-cor_2011-01-01.xsd#et-gaap_InvestmentProperty" xlink:label="InvestmentProperty" xlink:title="InvestmentProperty"/>
    <link:calculationArc xlink:type="arc" xlink:arcrole="http://www.xbrl.org/2003/arcrole/summation-item" xlink:from="NonCurrentAssets" xlink:to="InvestmentProperty" xlink:title="calculation: NonCurrentAssets to InvestmentProperty" use="optional" order="3.0" weight="1.0"/>
    <link:loc xlink:type="locator" xlink:href="../../et-gaap-cor_2011-01-01.xsd#et-gaap_PropertyPlantAndEquipment" xlink:label="PropertyPlantAndEquipment" xlink:title="PropertyPlantAndEquipment"/>
    <link:calculationArc xlink:type="arc" xlink:arcrole="http://www.xbrl.org/2003/arcrole/summation-item" xlink:from="NonCurrentAssets" xlink:to="PropertyPlantAndEquipment" xlink:title="calculation: NonCurrentAssets to PropertyPlantAndEquipment" use="optional" order="4.0" weight="1.0"/>
    <link:loc xlink:type="locator" xlink:href="../../et-gaap-cor_2011-01-01.xsd#et-gaap_LongTermBiologicalAssets" xlink:label="LongTermBiologicalAssets" xlink:title="LongTermBiologicalAssets"/>
    <link:calculationArc xlink:type="arc" xlink:arcrole="http://www.xbrl.org/2003/arcrole/summation-item" xlink:from="NonCurrentAssets" xlink:to="LongTermBiologicalAssets" xlink:title="calculation: NonCurrentAssets to LongTermBiologicalAssets" use="optional" order="5.0" weight="1.0"/>
    <link:loc xlink:type="locator" xlink:href="../../et-gaap-cor_2011-01-01.xsd#et-gaap_IntangibleAssets" xlink:label="IntangibleAssets" xlink:title="IntangibleAssets"/>
    <link:calculationArc xlink:type="arc" xlink:arcrole="http://www.xbrl.org/2003/arcrole/summation-item" xlink:from="NonCurrentAssets" xlink:to="IntangibleAssets" xlink:title="calculation: NonCurrentAssets to IntangibleAssets" use="optional" order="6.0" weight="1.0"/>
    <link:loc xlink:type="locator" xlink:href="../../et-gaap-cor_2011-01-01.xsd#et-gaap_LiabilitiesAndEquity" xlink:label="LiabilitiesAndEquity" xlink:title="LiabilitiesAndEquity"/>
    <link:loc xlink:type="locator" xlink:href="../../et-gaap-cor_2011-01-01.xsd#et-gaap_Liabilities" xlink:label="Liabilities" xlink:title="Liabilities"/>
    <link:calculationArc xlink:type="arc" xlink:arcrole="http://www.xbrl.org/2003/arcrole/summation-item" xlink:from="LiabilitiesAndEquity" xlink:to="Liabilities" xlink:title="calculation: LiabilitiesAndEquity to Liabilities" use="optional" order="1.0" weight="1.0"/>
    <link:loc xlink:type="locator" xlink:href="../../et-gaap-cor_2011-01-01.xsd#et-gaap_CurrentLiabilities" xlink:label="CurrentLiabilities" xlink:title="CurrentLiabilities"/>
    <link:calculationArc xlink:type="arc" xlink:arcrole="http://www.xbrl.org/2003/arcrole/summation-item" xlink:from="Liabilities" xlink:to="CurrentLiabilities" xlink:title="calculation: Liabilities to CurrentLiabilities" use="optional" order="1.0" weight="1.0"/>
    <link:loc xlink:type="locator" xlink:href="../../et-gaap-cor_2011-01-01.xsd#et-gaap_ShortTermLoanLiabilities" xlink:label="ShortTermLoanLiabilities" xlink:title="ShortTermLoanLiabilities"/>
    <link:calculationArc xlink:type="arc" xlink:arcrole="http://www.xbrl.org/2003/arcrole/summation-item" xlink:from="CurrentLiabilities" xlink:to="ShortTermLoanLiabilities" xlink:title="calculation: CurrentLiabilities to ShortTermLoanLiabilities" use="optional" order="1.0" weight="1.0"/>
    <link:loc xlink:type="locator" xlink:href="../../et-gaap-cor_2011-01-01.xsd#et-gaap_ShortTermPayablesAndPrepayments" xlink:label="ShortTermPayablesAndPrepayments" xlink:title="ShortTermPayablesAndPrepayments"/>
    <link:calculationArc xlink:type="arc" xlink:arcrole="http://www.xbrl.org/2003/arcrole/summation-item" xlink:from="CurrentLiabilities" xlink:to="ShortTermPayablesAndPrepayments" xlink:title="calculation: CurrentLiabilities to ShortTermPayablesAndPrepayments" use="optional" order="2.0" weight="1.0"/>
    <link:loc xlink:type="locator" xlink:href="../../et-gaap-cor_2011-01-01.xsd#et-gaap_ShortTermProvisions" xlink:label="ShortTermProvisions" xlink:title="ShortTermProvisions"/>
    <link:calculationArc xlink:type="arc" xlink:arcrole="http://www.xbrl.org/2003/arcrole/summation-item" xlink:from="CurrentLiabilities" xlink:to="ShortTermProvisions" xlink:title="calculation: CurrentLiabilities to ShortTermProvisions" use="optional" order="3.0" weight="1.0"/>
    <link:loc xlink:type="locator" xlink:href="../../et-gaap-cor_2011-01-01.xsd#et-gaap_ShortTermGovernmentGrants" xlink:label="ShortTermGovernmentGrants" xlink:title="ShortTermGovernmentGrants"/>
    <link:calculationArc xlink:type="arc" xlink:arcrole="http://www.xbrl.org/2003/arcrole/summation-item" xlink:from="CurrentLiabilities" xlink:to="ShortTermGovernmentGrants" xlink:title="calculation: CurrentLiabilities to ShortTermGovernmentGrants" order="4.0" weight="1.0"/>
    <link:loc xlink:type="locator" xlink:href="../../et-gaap-cor_2011-01-01.xsd#et-gaap_NonCurrentLiabilities" xlink:label="NonCurrentLiabilities" xlink:title="NonCurrentLiabilities"/>
    <link:calculationArc xlink:type="arc" xlink:arcrole="http://www.xbrl.org/2003/arcrole/summation-item" xlink:from="Liabilities" xlink:to="NonCurrentLiabilities" xlink:title="calculation: Liabilities to NonCurrentLiabilities" use="optional" order="2.0" weight="1.0"/>
    <link:loc xlink:type="locator" xlink:href="../../et-gaap-cor_2011-01-01.xsd#et-gaap_LongTermLoanLiabilities" xlink:label="LongTermLoanLiabilities" xlink:title="LongTermLoanLiabilities"/>
    <link:calculationArc xlink:type="arc" xlink:arcrole="http://www.xbrl.org/2003/arcrole/summation-item" xlink:from="NonCurrentLiabilities" xlink:to="LongTermLoanLiabilities" xlink:title="calculation: NonCurrentLiabilities to LongTermLoanLiabilities" use="optional" order="1.0" weight="1.0"/>
    <link:loc xlink:type="locator" xlink:href="../../et-gaap-cor_2011-01-01.xsd#et-gaap_LongTermPayablesAndPrepayments" xlink:label="LongTermPayablesAndPrepayments" xlink:title="LongTermPayablesAndPrepayments"/>
    <link:calculationArc xlink:type="arc" xlink:arcrole="http://www.xbrl.org/2003/arcrole/summation-item" xlink:from="NonCurrentLiabilities" xlink:to="LongTermPayablesAndPrepayments" xlink:title="calculation: NonCurrentLiabilities to LongTermPayablesAndPrepayments" use="optional" order="2.0" weight="1.0"/>
    <link:loc xlink:type="locator" xlink:href="../../et-gaap-cor_2011-01-01.xsd#et-gaap_LongTermProvisions" xlink:label="LongTermProvisions" xlink:title="LongTermProvisions"/>
    <link:calculationArc xlink:type="arc" xlink:arcrole="http://www.xbrl.org/2003/arcrole/summation-item" xlink:from="NonCurrentLiabilities" xlink:to="LongTermProvisions" xlink:title="calculation: NonCurrentLiabilities to LongTermProvisions" use="optional" order="3.0" weight="1.0"/>
    <link:loc xlink:type="locator" xlink:href="../../et-gaap-cor_2011-01-01.xsd#et-gaap_LongTermGovernmentGrants" xlink:label="GovernmentGrants" xlink:title="GovernmentGrants"/>
    <link:calculationArc xlink:type="arc" xlink:arcrole="http://www.xbrl.org/2003/arcrole/summation-item" xlink:from="NonCurrentLiabilities" xlink:to="GovernmentGrants" xlink:title="calculation: NonCurrentLiabilities to GovernmentGrants" use="optional" order="4.0" weight="1.0"/>
    <link:loc xlink:type="locator" xlink:href="../../et-gaap-cor_2011-01-01.xsd#et-gaap_Equity" xlink:label="Equity" xlink:title="Equity"/>
    <link:calculationArc xlink:type="arc" xlink:arcrole="http://www.xbrl.org/2003/arcrole/summation-item" xlink:from="LiabilitiesAndEquity" xlink:to="Equity" xlink:title="calculation: LiabilitiesAndEquity to Equity" use="optional" order="2.0" weight="1.0"/>
    <link:loc xlink:type="locator" xlink:href="../../et-gaap-cor_2011-01-01.xsd#et-gaap_SharePremium" xlink:label="SharePremium" xlink:title="SharePremium"/>
    <link:calculationArc xlink:type="arc" xlink:arcrole="http://www.xbrl.org/2003/arcrole/summation-item" xlink:from="Equity" xlink:to="SharePremium" xlink:title="calculation: Equity to SharePremium" use="optional" order="3.0" weight="1.0"/>
    <link:loc xlink:type="locator" xlink:href="../../et-gaap-cor_2011-01-01.xsd#et-gaap_StatutoryReservCapital" xlink:label="StatutoryReservCapital" xlink:title="StatutoryReservCapital"/>
    <link:calculationArc xlink:type="arc" xlink:arcrole="http://www.xbrl.org/2003/arcrole/summation-item" xlink:from="Equity" xlink:to="StatutoryReservCapital" xlink:title="calculation: Equity to StatutoryReservCapital" use="optional" order="5.0" weight="1.0"/>
    <link:loc xlink:type="locator" xlink:href="../../et-gaap-cor_2011-01-01.xsd#et-gaap_OtherReserves" xlink:label="OtherReserves" xlink:title="OtherReserves"/>
    <link:calculationArc xlink:type="arc" xlink:arcrole="http://www.xbrl.org/2003/arcrole/summation-item" xlink:from="Equity" xlink:to="OtherReserves" xlink:title="calculation: Equity to OtherReserves" use="optional" order="6.0" weight="1.0"/>
    <link:loc xlink:type="locator" xlink:href="../../et-gaap-cor_2011-01-01.xsd#et-gaap_RetainedEarningsLoss" xlink:label="RetainedEarningsLoss" xlink:title="RetainedEarningsLoss"/>
    <link:calculationArc xlink:type="arc" xlink:arcrole="http://www.xbrl.org/2003/arcrole/summation-item" xlink:from="Equity" xlink:to="RetainedEarningsLoss" xlink:title="calculation: Equity to RetainedEarningsLoss" use="optional" order="7.0" weight="1.0"/>
    <link:loc xlink:type="locator" xlink:href="../../et-gaap-cor_2011-01-01.xsd#et-gaap_AnnualPeriodProfitLoss" xlink:label="AnnualPeriodProfitLoss" xlink:title="AnnualPeriodProfitLoss"/>
    <link:calculationArc xlink:type="arc" xlink:arcrole="http://www.xbrl.org/2003/arcrole/summation-item" xlink:from="Equity" xlink:to="AnnualPeriodProfitLoss" xlink:title="calculation: Equity to AnnualPeriodProfitLoss" use="optional" order="8.0" weight="1.0"/>
    <link:loc xlink:type="locator" xlink:href="../../et-gaap-cor_2011-01-01.xsd#et-gaap_IssuedCapital2" xlink:label="copyOfIssuedCapital" xlink:title="copyOfIssuedCapital"/>
    <link:calculationArc xlink:type="arc" xlink:arcrole="http://www.xbrl.org/2003/arcrole/summation-item" xlink:from="Equity" xlink:to="copyOfIssuedCapital" xlink:title="calculation: Equity to copyOfIssuedCapital" order="1.0" weight="1.0"/>
    <link:loc xlink:type="locator" xlink:href="../../et-gaap-cor_2011-01-01.xsd#et-gaap_UnregisteredEquity2" xlink:label="copyOfUnregisteredEquity" xlink:title="copyOfUnregisteredEquity"/>
    <link:calculationArc xlink:type="arc" xlink:arcrole="http://www.xbrl.org/2003/arcrole/summation-item" xlink:from="Equity" xlink:to="copyOfUnregisteredEquity" xlink:title="calculation: Equity to copyOfUnregisteredEquity" order="2.0" weight="1.0"/>
    <link:loc xlink:type="locator" xlink:href="../../et-gaap-cor_2011-01-01.xsd#et-gaap_TreasuryShares2" xlink:label="copyOfTreasuryShares" xlink:title="copyOfTreasuryShares"/>
    <link:calculationArc xlink:type="arc" xlink:arcrole="http://www.xbrl.org/2003/arcrole/summation-item" xlink:from="Equity" xlink:to="copyOfTreasuryShares" xlink:title="calculation: Equity to copyOfTreasuryShares" order="4.0" weight="1.0"/>
  </link:calculationLink>
</link:linkbase>
