<?xml version="1.0" encoding="UTF-8"?>
<!--
**************************************************************
et-gaap Taxonomy: 2011-01-01 (Final)

Copyright (C) 2010 Centre of Registers and Information Systems
**************************************************************
-->
<link:linkbase xmlns:xsi="http://www.w3.org/2001/XMLSchema-instance" xsi:schemaLocation="http://www.xbrl.org/2003/linkbase http://www.xbrl.org/2003/xbrl-linkbase-2003-12-31.xsd" xmlns:link="http://www.xbrl.org/2003/linkbase" xmlns:xlink="http://www.w3.org/1999/xlink">
  <link:roleRef roleURI="http://xbrl.eesti.ee/role/et-gaap_2011-01-01/StatementOfFinancialPosition_role-201060" xlink:type="simple" xlink:href="role-201000.xsd#StatementOfFinancialPosition_role-201060"/>
  <link:arcroleRef arcroleURI="http://xbrl.org/int/dim/arcrole/domain-member" xlink:type="simple" xlink:href="http://www.xbrl.org/2005/xbrldt-2005.xsd#domain-member"/>
  <link:definitionLink xlink:type="extended" xlink:role="http://xbrl.eesti.ee/role/et-gaap_2011-01-01/StatementOfFinancialPosition_role-201060">
    <link:loc xlink:type="locator" xlink:href="../../et-gaap-cor_2011-01-01.xsd#et-gaap_StatementOfFinancialPositionAbstract" xlink:label="StatementOfFinancialPositionAbstract" xlink:title="StatementOfFinancialPositionAbstract"/>
    <link:loc xlink:type="locator" xlink:href="../../et-gaap-cor_2011-01-01.xsd#et-gaap_AssetsAbstract" xlink:label="AssetsAbstract" xlink:title="AssetsAbstract"/>
    <link:definitionArc xlink:type="arc" xlink:arcrole="http://xbrl.org/int/dim/arcrole/domain-member" xlink:from="StatementOfFinancialPositionAbstract" xlink:to="AssetsAbstract" xlink:title="definition: StatementOfFinancialPositionAbstract to AssetsAbstract" use="optional" order="1.0"/>
    <link:loc xlink:type="locator" xlink:href="../../et-gaap-cor_2011-01-01.xsd#et-gaap_CurrentAssetsAbstract" xlink:label="CurrentAssetsAbstract" xlink:title="CurrentAssetsAbstract"/>
    <link:definitionArc xlink:type="arc" xlink:arcrole="http://xbrl.org/int/dim/arcrole/domain-member" xlink:from="AssetsAbstract" xlink:to="CurrentAssetsAbstract" xlink:title="definition: AssetsAbstract to CurrentAssetsAbstract" use="optional" order="1.0"/>
    <link:loc xlink:type="locator" xlink:href="../../et-gaap-cor_2011-01-01.xsd#et-gaap_CashAndCashEquivalents" xlink:label="CashAndCashEquivalents" xlink:title="CashAndCashEquivalents"/>
    <link:definitionArc xlink:type="arc" xlink:arcrole="http://xbrl.org/int/dim/arcrole/domain-member" xlink:from="CurrentAssetsAbstract" xlink:to="CashAndCashEquivalents" xlink:title="definition: CurrentAssetsAbstract to CashAndCashEquivalents" use="optional" order="1.0"/>
    <link:loc xlink:type="locator" xlink:href="../../et-gaap-cor_2011-01-01.xsd#et-gaap_ShortTermFinancialInvestments" xlink:label="ShortTermFinancialInvestments" xlink:title="ShortTermFinancialInvestments"/>
    <link:definitionArc xlink:type="arc" xlink:arcrole="http://xbrl.org/int/dim/arcrole/domain-member" xlink:from="CurrentAssetsAbstract" xlink:to="ShortTermFinancialInvestments" xlink:title="definition: CurrentAssetsAbstract to ShortTermFinancialInvestments" use="optional" order="2.0"/>
    <link:loc xlink:type="locator" xlink:href="../../et-gaap-cor_2011-01-01.xsd#et-gaap_ShortTermReceivablesAndPrepayments" xlink:label="ShortTermReceivablesAndPrepayments" xlink:title="ShortTermReceivablesAndPrepayments"/>
    <link:definitionArc xlink:type="arc" xlink:arcrole="http://xbrl.org/int/dim/arcrole/domain-member" xlink:from="CurrentAssetsAbstract" xlink:to="ShortTermReceivablesAndPrepayments" xlink:title="definition: CurrentAssetsAbstract to ShortTermReceivablesAndPrepayments" use="optional" order="3.0"/>
    <link:loc xlink:type="locator" xlink:href="../../et-gaap-cor_2011-01-01.xsd#et-gaap_Inventories" xlink:label="Inventories" xlink:title="Inventories"/>
    <link:definitionArc xlink:type="arc" xlink:arcrole="http://xbrl.org/int/dim/arcrole/domain-member" xlink:from="CurrentAssetsAbstract" xlink:to="Inventories" xlink:title="definition: CurrentAssetsAbstract to Inventories" use="optional" order="4.0"/>
    <link:loc xlink:type="locator" xlink:href="../../et-gaap-cor_2011-01-01.xsd#et-gaap_ShortTermBiologicalAssets" xlink:label="ShortTermBiologicalAssets" xlink:title="ShortTermBiologicalAssets"/>
    <link:definitionArc xlink:type="arc" xlink:arcrole="http://xbrl.org/int/dim/arcrole/domain-member" xlink:from="CurrentAssetsAbstract" xlink:to="ShortTermBiologicalAssets" xlink:title="definition: CurrentAssetsAbstract to ShortTermBiologicalAssets" use="optional" order="5.0"/>
    <link:loc xlink:type="locator" xlink:href="../../et-gaap-cor_2011-01-01.xsd#et-gaap_NonCurrentAssetsClassfiedAsHeldForSale" xlink:label="NonCurrentAssetsClassfiedAsHeldForSale" xlink:title="NonCurrentAssetsClassfiedAsHeldForSale"/>
    <link:definitionArc xlink:type="arc" xlink:arcrole="http://xbrl.org/int/dim/arcrole/domain-member" xlink:from="CurrentAssetsAbstract" xlink:to="NonCurrentAssetsClassfiedAsHeldForSale" xlink:title="definition: CurrentAssetsAbstract to NonCurrentAssetsClassfiedAsHeldForSale" use="optional" order="6.0"/>
    <link:loc xlink:type="locator" xlink:href="../../et-gaap-cor_2011-01-01.xsd#et-gaap_CurrentAssets" xlink:label="CurrentAssets" xlink:title="CurrentAssets"/>
    <link:definitionArc xlink:type="arc" xlink:arcrole="http://xbrl.org/int/dim/arcrole/domain-member" xlink:from="CurrentAssetsAbstract" xlink:to="CurrentAssets" xlink:title="definition: CurrentAssetsAbstract to CurrentAssets" use="optional" order="7.0"/>
    <link:loc xlink:type="locator" xlink:href="../../et-gaap-cor_2011-01-01.xsd#et-gaap_NonCurrentAssetsAbstract" xlink:label="NonCurrentAssetsAbstract" xlink:title="NonCurrentAssetsAbstract"/>
    <link:definitionArc xlink:type="arc" xlink:arcrole="http://xbrl.org/int/dim/arcrole/domain-member" xlink:from="AssetsAbstract" xlink:to="NonCurrentAssetsAbstract" xlink:title="definition: AssetsAbstract to NonCurrentAssetsAbstract" use="optional" order="2.0"/>
    <link:loc xlink:type="locator" xlink:href="../../et-gaap-cor_2011-01-01.xsd#et-gaap_LongTermFinancialInvestments" xlink:label="LongTermFinancialInvestments" xlink:title="LongTermFinancialInvestments"/>
    <link:definitionArc xlink:type="arc" xlink:arcrole="http://xbrl.org/int/dim/arcrole/domain-member" xlink:from="NonCurrentAssetsAbstract" xlink:to="LongTermFinancialInvestments" xlink:title="definition: NonCurrentAssetsAbstract to LongTermFinancialInvestments" use="optional" order="1.0"/>
    <link:loc xlink:type="locator" xlink:href="../../et-gaap-cor_2011-01-01.xsd#et-gaap_LongTermReceivablesAndPrepayments" xlink:label="LongTermReceivablesAndPrepayments" xlink:title="LongTermReceivablesAndPrepayments"/>
    <link:definitionArc xlink:type="arc" xlink:arcrole="http://xbrl.org/int/dim/arcrole/domain-member" xlink:from="NonCurrentAssetsAbstract" xlink:to="LongTermReceivablesAndPrepayments" xlink:title="definition: NonCurrentAssetsAbstract to LongTermReceivablesAndPrepayments" use="optional" order="2.0"/>
    <link:loc xlink:type="locator" xlink:href="../../et-gaap-cor_2011-01-01.xsd#et-gaap_InvestmentProperty" xlink:label="InvestmentProperty" xlink:title="InvestmentProperty"/>
    <link:definitionArc xlink:type="arc" xlink:arcrole="http://xbrl.org/int/dim/arcrole/domain-member" xlink:from="NonCurrentAssetsAbstract" xlink:to="InvestmentProperty" xlink:title="definition: NonCurrentAssetsAbstract to InvestmentProperty" use="optional" order="3.0"/>
    <link:loc xlink:type="locator" xlink:href="../../et-gaap-cor_2011-01-01.xsd#et-gaap_PropertyPlantAndEquipment" xlink:label="PropertyPlantAndEquipment" xlink:title="PropertyPlantAndEquipment"/>
    <link:definitionArc xlink:type="arc" xlink:arcrole="http://xbrl.org/int/dim/arcrole/domain-member" xlink:from="NonCurrentAssetsAbstract" xlink:to="PropertyPlantAndEquipment" xlink:title="definition: NonCurrentAssetsAbstract to PropertyPlantAndEquipment" use="optional" order="4.0"/>
    <link:loc xlink:type="locator" xlink:href="../../et-gaap-cor_2011-01-01.xsd#et-gaap_LongTermBiologicalAssets" xlink:label="LongTermBiologicalAssets" xlink:title="LongTermBiologicalAssets"/>
    <link:definitionArc xlink:type="arc" xlink:arcrole="http://xbrl.org/int/dim/arcrole/domain-member" xlink:from="NonCurrentAssetsAbstract" xlink:to="LongTermBiologicalAssets" xlink:title="definition: NonCurrentAssetsAbstract to LongTermBiologicalAssets" use="optional" order="5.0"/>
    <link:loc xlink:type="locator" xlink:href="../../et-gaap-cor_2011-01-01.xsd#et-gaap_IntangibleAssets" xlink:label="IntangibleAssets" xlink:title="IntangibleAssets"/>
    <link:definitionArc xlink:type="arc" xlink:arcrole="http://xbrl.org/int/dim/arcrole/domain-member" xlink:from="NonCurrentAssetsAbstract" xlink:to="IntangibleAssets" xlink:title="definition: NonCurrentAssetsAbstract to IntangibleAssets" use="optional" order="6.0"/>
    <link:loc xlink:type="locator" xlink:href="../../et-gaap-cor_2011-01-01.xsd#et-gaap_NonCurrentAssets" xlink:label="NonCurrentAssets" xlink:title="NonCurrentAssets"/>
    <link:definitionArc xlink:type="arc" xlink:arcrole="http://xbrl.org/int/dim/arcrole/domain-member" xlink:from="NonCurrentAssetsAbstract" xlink:to="NonCurrentAssets" xlink:title="definition: NonCurrentAssetsAbstract to NonCurrentAssets" use="optional" order="7.0"/>
    <link:loc xlink:type="locator" xlink:href="../../et-gaap-cor_2011-01-01.xsd#et-gaap_Assets" xlink:label="Assets" xlink:title="Assets"/>
    <link:definitionArc xlink:type="arc" xlink:arcrole="http://xbrl.org/int/dim/arcrole/domain-member" xlink:from="AssetsAbstract" xlink:to="Assets" xlink:title="definition: AssetsAbstract to Assets" use="optional" order="3.0"/>
    <link:loc xlink:type="locator" xlink:href="../../et-gaap-cor_2011-01-01.xsd#et-gaap_LiabilitiesAndNetAssetsAbstract" xlink:label="LiabilitiesAndNetAssetsAbstract" xlink:title="LiabilitiesAndNetAssetsAbstract"/>
    <link:definitionArc xlink:type="arc" xlink:arcrole="http://xbrl.org/int/dim/arcrole/domain-member" xlink:from="StatementOfFinancialPositionAbstract" xlink:to="LiabilitiesAndNetAssetsAbstract" xlink:title="definition: StatementOfFinancialPositionAbstract to LiabilitiesAndNetAssetsAbstract" use="optional" order="3.0"/>
    <link:loc xlink:type="locator" xlink:href="../../et-gaap-cor_2011-01-01.xsd#et-gaap_LiabilitiesAbstract" xlink:label="LiabilitiesAbstract" xlink:title="LiabilitiesAbstract"/>
    <link:definitionArc xlink:type="arc" xlink:arcrole="http://xbrl.org/int/dim/arcrole/domain-member" xlink:from="LiabilitiesAndNetAssetsAbstract" xlink:to="LiabilitiesAbstract" xlink:title="definition: LiabilitiesAndNetAssetsAbstract to LiabilitiesAbstract" use="optional" order="1.0"/>
    <link:loc xlink:type="locator" xlink:href="../../et-gaap-cor_2011-01-01.xsd#et-gaap_CurrentLiabilitiesAbstract" xlink:label="CurrentLiabilitiesAbstract" xlink:title="CurrentLiabilitiesAbstract"/>
    <link:definitionArc xlink:type="arc" xlink:arcrole="http://xbrl.org/int/dim/arcrole/domain-member" xlink:from="LiabilitiesAbstract" xlink:to="CurrentLiabilitiesAbstract" xlink:title="definition: LiabilitiesAbstract to CurrentLiabilitiesAbstract" use="optional" order="1.0"/>
    <link:loc xlink:type="locator" xlink:href="../../et-gaap-cor_2011-01-01.xsd#et-gaap_ShortTermLoanLiabilities" xlink:label="ShortTermLoanLiabilities" xlink:title="ShortTermLoanLiabilities"/>
    <link:definitionArc xlink:type="arc" xlink:arcrole="http://xbrl.org/int/dim/arcrole/domain-member" xlink:from="CurrentLiabilitiesAbstract" xlink:to="ShortTermLoanLiabilities" xlink:title="definition: CurrentLiabilitiesAbstract to ShortTermLoanLiabilities" use="optional" order="1.0"/>
    <link:loc xlink:type="locator" xlink:href="../../et-gaap-cor_2011-01-01.xsd#et-gaap_ShortTermPayablesAndPrepayments" xlink:label="ShortTermPayablesAndPrepayments" xlink:title="ShortTermPayablesAndPrepayments"/>
    <link:definitionArc xlink:type="arc" xlink:arcrole="http://xbrl.org/int/dim/arcrole/domain-member" xlink:from="CurrentLiabilitiesAbstract" xlink:to="ShortTermPayablesAndPrepayments" xlink:title="definition: CurrentLiabilitiesAbstract to ShortTermPayablesAndPrepayments" use="optional" order="2.0"/>
    <link:loc xlink:type="locator" xlink:href="../../et-gaap-cor_2011-01-01.xsd#et-gaap_ShortTermProvisions" xlink:label="ShortTermProvisions" xlink:title="ShortTermProvisions"/>
    <link:definitionArc xlink:type="arc" xlink:arcrole="http://xbrl.org/int/dim/arcrole/domain-member" xlink:from="CurrentLiabilitiesAbstract" xlink:to="ShortTermProvisions" xlink:title="definition: CurrentLiabilitiesAbstract to ShortTermProvisions" use="optional" order="3.0"/>
    <link:loc xlink:type="locator" xlink:href="../../et-gaap-cor_2011-01-01.xsd#et-gaap_CurrentLiabilities" xlink:label="CurrentLiabilities" xlink:title="CurrentLiabilities"/>
    <link:definitionArc xlink:type="arc" xlink:arcrole="http://xbrl.org/int/dim/arcrole/domain-member" xlink:from="CurrentLiabilitiesAbstract" xlink:to="CurrentLiabilities" xlink:title="definition: CurrentLiabilitiesAbstract to CurrentLiabilities" use="optional" order="5.0"/>
    <link:loc xlink:type="locator" xlink:href="../../et-gaap-cor_2011-01-01.xsd#et-gaap_ShortTermGrantsWithSpecialTerms" xlink:label="ShortTermGrantsWithSpecialTerms" xlink:title="ShortTermGrantsWithSpecialTerms"/>
    <link:definitionArc xlink:type="arc" xlink:arcrole="http://xbrl.org/int/dim/arcrole/domain-member" xlink:from="CurrentLiabilitiesAbstract" xlink:to="ShortTermGrantsWithSpecialTerms" xlink:title="definition: CurrentLiabilitiesAbstract to ShortTermGrantsWithSpecialTerms" use="optional" order="4.0"/>
    <link:loc xlink:type="locator" xlink:href="../../et-gaap-cor_2011-01-01.xsd#et-gaap_NonCurrentLiabilitiesAbstract" xlink:label="NonCurrentLiabilitiesAbstract" xlink:title="NonCurrentLiabilitiesAbstract"/>
    <link:definitionArc xlink:type="arc" xlink:arcrole="http://xbrl.org/int/dim/arcrole/domain-member" xlink:from="LiabilitiesAbstract" xlink:to="NonCurrentLiabilitiesAbstract" xlink:title="definition: LiabilitiesAbstract to NonCurrentLiabilitiesAbstract" use="optional" order="2.0"/>
    <link:loc xlink:type="locator" xlink:href="../../et-gaap-cor_2011-01-01.xsd#et-gaap_LongTermLoanLiabilities" xlink:label="LongTermLoanLiabilities" xlink:title="LongTermLoanLiabilities"/>
    <link:definitionArc xlink:type="arc" xlink:arcrole="http://xbrl.org/int/dim/arcrole/domain-member" xlink:from="NonCurrentLiabilitiesAbstract" xlink:to="LongTermLoanLiabilities" xlink:title="definition: NonCurrentLiabilitiesAbstract to LongTermLoanLiabilities" use="optional" order="1.0"/>
    <link:loc xlink:type="locator" xlink:href="../../et-gaap-cor_2011-01-01.xsd#et-gaap_LongTermPayablesAndPrepayments" xlink:label="LongTermPayablesAndPrepayments" xlink:title="LongTermPayablesAndPrepayments"/>
    <link:definitionArc xlink:type="arc" xlink:arcrole="http://xbrl.org/int/dim/arcrole/domain-member" xlink:from="NonCurrentLiabilitiesAbstract" xlink:to="LongTermPayablesAndPrepayments" xlink:title="definition: NonCurrentLiabilitiesAbstract to LongTermPayablesAndPrepayments" use="optional" order="2.0"/>
    <link:loc xlink:type="locator" xlink:href="../../et-gaap-cor_2011-01-01.xsd#et-gaap_LongTermProvisions" xlink:label="LongTermProvisions" xlink:title="LongTermProvisions"/>
    <link:definitionArc xlink:type="arc" xlink:arcrole="http://xbrl.org/int/dim/arcrole/domain-member" xlink:from="NonCurrentLiabilitiesAbstract" xlink:to="LongTermProvisions" xlink:title="definition: NonCurrentLiabilitiesAbstract to LongTermProvisions" use="optional" order="3.0"/>
    <link:loc xlink:type="locator" xlink:href="../../et-gaap-cor_2011-01-01.xsd#et-gaap_NonCurrentLiabilities" xlink:label="NonCurrentLiabilities" xlink:title="NonCurrentLiabilities"/>
    <link:definitionArc xlink:type="arc" xlink:arcrole="http://xbrl.org/int/dim/arcrole/domain-member" xlink:from="NonCurrentLiabilitiesAbstract" xlink:to="NonCurrentLiabilities" xlink:title="definition: NonCurrentLiabilitiesAbstract to NonCurrentLiabilities" use="optional" order="5.0"/>
    <link:loc xlink:type="locator" xlink:href="../../et-gaap-cor_2011-01-01.xsd#et-gaap_LongTermGrantsWithSpecialTerms" xlink:label="LongTermGrantsWithSpecialTerms" xlink:title="LongTermGrantsWithSpecialTerms"/>
    <link:definitionArc xlink:type="arc" xlink:arcrole="http://xbrl.org/int/dim/arcrole/domain-member" xlink:from="NonCurrentLiabilitiesAbstract" xlink:to="LongTermGrantsWithSpecialTerms" xlink:title="definition: NonCurrentLiabilitiesAbstract to LongTermGrantsWithSpecialTerms" use="optional" order="4.0"/>
    <link:loc xlink:type="locator" xlink:href="../../et-gaap-cor_2011-01-01.xsd#et-gaap_Liabilities" xlink:label="Liabilities" xlink:title="Liabilities"/>
    <link:definitionArc xlink:type="arc" xlink:arcrole="http://xbrl.org/int/dim/arcrole/domain-member" xlink:from="LiabilitiesAbstract" xlink:to="Liabilities" xlink:title="definition: LiabilitiesAbstract to Liabilities" use="optional" order="3.0"/>
    <link:loc xlink:type="locator" xlink:href="../../et-gaap-cor_2011-01-01.xsd#et-gaap_NetAssetsAbstract" xlink:label="NetAssetsAbstract" xlink:title="NetAssetsAbstract"/>
    <link:definitionArc xlink:type="arc" xlink:arcrole="http://xbrl.org/int/dim/arcrole/domain-member" xlink:from="LiabilitiesAndNetAssetsAbstract" xlink:to="NetAssetsAbstract" xlink:title="definition: LiabilitiesAndNetAssetsAbstract to NetAssetsAbstract" use="optional" order="2.0"/>
    <link:loc xlink:type="locator" xlink:href="../../et-gaap-cor_2011-01-01.xsd#et-gaap_Reserves" xlink:label="Reserves" xlink:title="Reserves"/>
    <link:definitionArc xlink:type="arc" xlink:arcrole="http://xbrl.org/int/dim/arcrole/domain-member" xlink:from="NetAssetsAbstract" xlink:to="Reserves" xlink:title="definition: NetAssetsAbstract to Reserves" use="optional" order="2.0"/>
    <link:loc xlink:type="locator" xlink:href="../../et-gaap-cor_2011-01-01.xsd#et-gaap_AccumulatedSurplusesDeficitsFromPreviousPeriods" xlink:label="AccumulatedSurplusesDeficitsFromPreviousPeriods" xlink:title="AccumulatedSurplusesDeficitsFromPreviousPeriods"/>
    <link:definitionArc xlink:type="arc" xlink:arcrole="http://xbrl.org/int/dim/arcrole/domain-member" xlink:from="NetAssetsAbstract" xlink:to="AccumulatedSurplusesDeficitsFromPreviousPeriods" xlink:title="definition: NetAssetsAbstract to AccumulatedSurplusesDeficitsFromPreviousPeriods" use="optional" order="3.0"/>
    <link:loc xlink:type="locator" xlink:href="../../et-gaap-cor_2011-01-01.xsd#et-gaap_SurplusDeficitForPeriod" xlink:label="SurplusDeficitForPeriod" xlink:title="SurplusDeficitForPeriod"/>
    <link:definitionArc xlink:type="arc" xlink:arcrole="http://xbrl.org/int/dim/arcrole/domain-member" xlink:from="NetAssetsAbstract" xlink:to="SurplusDeficitForPeriod" xlink:title="definition: NetAssetsAbstract to SurplusDeficitForPeriod" use="optional" order="4.0"/>
    <link:loc xlink:type="locator" xlink:href="../../et-gaap-cor_2011-01-01.xsd#et-gaap_NetAssets" xlink:label="NetAssets" xlink:title="NetAssets"/>
    <link:definitionArc xlink:type="arc" xlink:arcrole="http://xbrl.org/int/dim/arcrole/domain-member" xlink:from="NetAssetsAbstract" xlink:to="NetAssets" xlink:title="definition: NetAssetsAbstract to NetAssets" use="optional" order="5.0"/>
    <link:loc xlink:type="locator" xlink:href="../../et-gaap-cor_2011-01-01.xsd#et-gaap_IssuedCapital" xlink:label="IssuedCapital" xlink:title="IssuedCapital"/>
    <link:definitionArc xlink:type="arc" xlink:arcrole="http://xbrl.org/int/dim/arcrole/domain-member" xlink:from="NetAssetsAbstract" xlink:to="IssuedCapital" xlink:title="definition: NetAssetsAbstract to IssuedCapital" use="optional" order="1.0"/>
    <link:loc xlink:type="locator" xlink:href="../../et-gaap-cor_2011-01-01.xsd#et-gaap_LiabilitiesAndNetAssets" xlink:label="LiabilitiesAndNetAssets" xlink:title="LiabilitiesAndNetAssets"/>
    <link:definitionArc xlink:type="arc" xlink:arcrole="http://xbrl.org/int/dim/arcrole/domain-member" xlink:from="LiabilitiesAndNetAssetsAbstract" xlink:to="LiabilitiesAndNetAssets" xlink:title="definition: LiabilitiesAndNetAssetsAbstract to LiabilitiesAndNetAssets" use="optional" order="3.0"/>
    <link:loc xlink:type="locator" xlink:href="../../et-gaap-cor_2011-01-01.xsd#et-gaap_StructureInstantAbstract" xlink:label="StructureInstantAbstract" xlink:title="StructureInstantAbstract"/>
    <link:definitionArc xlink:type="arc" xlink:arcrole="http://xbrl.org/int/dim/arcrole/domain-member" xlink:from="StatementOfFinancialPositionAbstract" xlink:to="StructureInstantAbstract" xlink:title="definition: StatementOfFinancialPositionAbstract to StructureInstantAbstract" order="2.0"/>
  </link:definitionLink>
</link:linkbase>
