<?xml version="1.0" encoding="UTF-8"?>
<!--
**************************************************************
et-gaap Taxonomy: 2011-01-01 (Final)

Copyright (C) 2010 Centre of Registers and Information Systems
**************************************************************
-->
<link:linkbase xmlns:xsi="http://www.w3.org/2001/XMLSchema-instance" xsi:schemaLocation="http://www.xbrl.org/2003/linkbase http://www.xbrl.org/2003/xbrl-linkbase-2003-12-31.xsd" xmlns:link="http://www.xbrl.org/2003/linkbase" xmlns:xlink="http://www.w3.org/1999/xlink">
  <link:roleRef roleURI="http://xbrl.eesti.ee/role/et-gaap_2011-01-01/NoteMiscellaneousOperatingExpenses_role-835001" xlink:type="simple" xlink:href="role-835000.xsd#NoteMiscellaneousOperatingExpenses_role-835001"/>
  <link:calculationLink xlink:type="extended" xlink:role="http://xbrl.eesti.ee/role/et-gaap_2011-01-01/NoteMiscellaneousOperatingExpenses_role-835001">
    <link:loc xlink:type="locator" xlink:href="../../et-gaap-cor_2011-01-01.xsd#et-gaap_MiscellaneousOperatingExpenses" xlink:label="MiscellaneousOperatingExpenses" xlink:title="MiscellaneousOperatingExpenses"/>
    <link:loc xlink:type="locator" xlink:href="../../et-gaap-cor_2011-01-01.xsd#et-gaap_MiscellaneousOperatingExpensesLandRent" xlink:label="MiscellaneousOperatingExpensesLandRent" xlink:title="MiscellaneousOperatingExpensesLandRent"/>
    <link:calculationArc xlink:type="arc" xlink:arcrole="http://www.xbrl.org/2003/arcrole/summation-item" xlink:from="MiscellaneousOperatingExpenses" xlink:to="MiscellaneousOperatingExpensesLandRent" xlink:title="calculation: MiscellaneousOperatingExpenses to MiscellaneousOperatingExpensesLandRent" order="1.0" weight="1.0"/>
    <link:loc xlink:type="locator" xlink:href="../../et-gaap-cor_2011-01-01.xsd#et-gaap_MiscellaneousOperatingExpensesLeases" xlink:label="MiscellaneousOperatingExpensesLeases" xlink:title="MiscellaneousOperatingExpensesLeases"/>
    <link:calculationArc xlink:type="arc" xlink:arcrole="http://www.xbrl.org/2003/arcrole/summation-item" xlink:from="MiscellaneousOperatingExpenses" xlink:to="MiscellaneousOperatingExpensesLeases" xlink:title="calculation: MiscellaneousOperatingExpenses to MiscellaneousOperatingExpensesLeases" order="2.0" weight="1.0"/>
    <link:loc xlink:type="locator" xlink:href="../../et-gaap-cor_2011-01-01.xsd#et-gaap_MiscellaneousOperatingExpensesEnergy" xlink:label="MiscellaneousOperatingExpensesEnergy" xlink:title="MiscellaneousOperatingExpensesEnergy"/>
    <link:calculationArc xlink:type="arc" xlink:arcrole="http://www.xbrl.org/2003/arcrole/summation-item" xlink:from="MiscellaneousOperatingExpenses" xlink:to="MiscellaneousOperatingExpensesEnergy" xlink:title="calculation: MiscellaneousOperatingExpenses to MiscellaneousOperatingExpensesEnergy" order="3.0" weight="1.0"/>
    <link:loc xlink:type="locator" xlink:href="../../et-gaap-cor_2011-01-01.xsd#et-gaap_MiscellaneousOperatingExpensesElectricity" xlink:label="MiscellaneousOperatingExpensesElectricity" xlink:title="MiscellaneousOperatingExpensesElectricity"/>
    <link:calculationArc xlink:type="arc" xlink:arcrole="http://www.xbrl.org/2003/arcrole/summation-item" xlink:from="MiscellaneousOperatingExpensesEnergy" xlink:to="MiscellaneousOperatingExpensesElectricity" xlink:title="calculation: MiscellaneousOperatingExpensesEnergy to MiscellaneousOperatingExpensesElectricity" order="1.0" weight="1.0"/>
    <link:loc xlink:type="locator" xlink:href="../../et-gaap-cor_2011-01-01.xsd#et-gaap_MiscellaneousOperatingExpensesHeatEnergy" xlink:label="MiscellaneousOperatingExpensesHeatEnergy" xlink:title="MiscellaneousOperatingExpensesHeatEnergy"/>
    <link:calculationArc xlink:type="arc" xlink:arcrole="http://www.xbrl.org/2003/arcrole/summation-item" xlink:from="MiscellaneousOperatingExpensesEnergy" xlink:to="MiscellaneousOperatingExpensesHeatEnergy" xlink:title="calculation: MiscellaneousOperatingExpensesEnergy to MiscellaneousOperatingExpensesHeatEnergy" order="2.0" weight="1.0"/>
    <link:loc xlink:type="locator" xlink:href="../../et-gaap-cor_2011-01-01.xsd#et-gaap_MiscellaneousOperatingExpensesFuel" xlink:label="MiscellaneousOperatingExpensesFuel" xlink:title="MiscellaneousOperatingExpensesFuel"/>
    <link:calculationArc xlink:type="arc" xlink:arcrole="http://www.xbrl.org/2003/arcrole/summation-item" xlink:from="MiscellaneousOperatingExpensesEnergy" xlink:to="MiscellaneousOperatingExpensesFuel" xlink:title="calculation: MiscellaneousOperatingExpensesEnergy to MiscellaneousOperatingExpensesFuel" order="3.0" weight="1.0"/>
    <link:loc xlink:type="locator" xlink:href="../../et-gaap-cor_2011-01-01.xsd#et-gaap_MiscellaneousOperatingExpensesMiscellaneousOfficeExpense" xlink:label="MiscellaneousOperatingExpensesMiscellaneousOfficeExpense" xlink:title="MiscellaneousOperatingExpensesMiscellaneousOfficeExpense"/>
    <link:calculationArc xlink:type="arc" xlink:arcrole="http://www.xbrl.org/2003/arcrole/summation-item" xlink:from="MiscellaneousOperatingExpenses" xlink:to="MiscellaneousOperatingExpensesMiscellaneousOfficeExpense" xlink:title="calculation: MiscellaneousOperatingExpenses to MiscellaneousOperatingExpensesMiscellaneousOfficeExpense" order="4.0" weight="1.0"/>
    <link:loc xlink:type="locator" xlink:href="../../et-gaap-cor_2011-01-01.xsd#et-gaap_MiscellaneousOperatingExpensesResearchAndDevelopmentExpense" xlink:label="MiscellaneousOperatingExpensesResearchAndDevelopmentExpense" xlink:title="MiscellaneousOperatingExpensesResearchAndDevelopmentExpense"/>
    <link:calculationArc xlink:type="arc" xlink:arcrole="http://www.xbrl.org/2003/arcrole/summation-item" xlink:from="MiscellaneousOperatingExpenses" xlink:to="MiscellaneousOperatingExpensesResearchAndDevelopmentExpense" xlink:title="calculation: MiscellaneousOperatingExpenses to MiscellaneousOperatingExpensesResearchAndDevelopmentExpense" order="5.0" weight="1.0"/>
    <link:loc xlink:type="locator" xlink:href="../../et-gaap-cor_2011-01-01.xsd#et-gaap_MiscellaneousOperatingExpensesTravelExpense" xlink:label="MiscellaneousOperatingExpensesTravelExpense" xlink:title="MiscellaneousOperatingExpensesTravelExpense"/>
    <link:calculationArc xlink:type="arc" xlink:arcrole="http://www.xbrl.org/2003/arcrole/summation-item" xlink:from="MiscellaneousOperatingExpenses" xlink:to="MiscellaneousOperatingExpensesTravelExpense" xlink:title="calculation: MiscellaneousOperatingExpenses to MiscellaneousOperatingExpensesTravelExpense" order="6.0" weight="1.0"/>
    <link:loc xlink:type="locator" xlink:href="../../et-gaap-cor_2011-01-01.xsd#et-gaap_MiscellaneousOperatingExpensesTrainingExpense" xlink:label="MiscellaneousOperatingExpensesTrainingExpense" xlink:title="MiscellaneousOperatingExpensesTrainingExpense"/>
    <link:calculationArc xlink:type="arc" xlink:arcrole="http://www.xbrl.org/2003/arcrole/summation-item" xlink:from="MiscellaneousOperatingExpenses" xlink:to="MiscellaneousOperatingExpensesTrainingExpense" xlink:title="calculation: MiscellaneousOperatingExpenses to MiscellaneousOperatingExpensesTrainingExpense" order="7.0" weight="1.0"/>
    <link:loc xlink:type="locator" xlink:href="../../et-gaap-cor_2011-01-01.xsd#et-gaap_MiscellaneousOperatingExpensesStateAndLocalTaxes" xlink:label="MiscellaneousOperatingExpensesStateAndLocalTaxes" xlink:title="MiscellaneousOperatingExpensesStateAndLocalTaxes"/>
    <link:calculationArc xlink:type="arc" xlink:arcrole="http://www.xbrl.org/2003/arcrole/summation-item" xlink:from="MiscellaneousOperatingExpenses" xlink:to="MiscellaneousOperatingExpensesStateAndLocalTaxes" xlink:title="calculation: MiscellaneousOperatingExpenses to MiscellaneousOperatingExpensesStateAndLocalTaxes" order="8.0" weight="1.0"/>
    <link:loc xlink:type="locator" xlink:href="../../et-gaap-cor_2011-01-01.xsd#et-gaap_MiscellaneousOperatingExpensesProvisionsRelatedExpense" xlink:label="MiscellaneousOperatingExpensesProvisionsRelatedExpense" xlink:title="MiscellaneousOperatingExpensesProvisionsRelatedExpense"/>
    <link:calculationArc xlink:type="arc" xlink:arcrole="http://www.xbrl.org/2003/arcrole/summation-item" xlink:from="MiscellaneousOperatingExpenses" xlink:to="MiscellaneousOperatingExpensesProvisionsRelatedExpense" xlink:title="calculation: MiscellaneousOperatingExpenses to MiscellaneousOperatingExpensesProvisionsRelatedExpense" order="9.0" weight="1.0"/>
    <link:loc xlink:type="locator" xlink:href="../../et-gaap-cor_2011-01-01.xsd#et-gaap_MiscellaneousOperatingExpensesAllowanceForDoubtfulReceivables" xlink:label="MiscellaneousOperatingExpensesAllowanceForDoubtfulReceivables" xlink:title="MiscellaneousOperatingExpensesAllowanceForDoubtfulReceivables"/>
    <link:calculationArc xlink:type="arc" xlink:arcrole="http://www.xbrl.org/2003/arcrole/summation-item" xlink:from="MiscellaneousOperatingExpenses" xlink:to="MiscellaneousOperatingExpensesAllowanceForDoubtfulReceivables" xlink:title="calculation: MiscellaneousOperatingExpenses to MiscellaneousOperatingExpensesAllowanceForDoubtfulReceivables" order="10.0" weight="1.0"/>
    <link:loc xlink:type="locator" xlink:href="../../et-gaap-cor_2011-01-01.xsd#et-gaap_MiscellaneousOperatingExpensesOther" xlink:label="MiscellaneousOperatingExpensesOther" xlink:title="MiscellaneousOperatingExpensesOther"/>
    <link:calculationArc xlink:type="arc" xlink:arcrole="http://www.xbrl.org/2003/arcrole/summation-item" xlink:from="MiscellaneousOperatingExpenses" xlink:to="MiscellaneousOperatingExpensesOther" xlink:title="calculation: MiscellaneousOperatingExpenses to MiscellaneousOperatingExpensesOther" order="11.0" weight="1.0"/>
    <link:loc xlink:type="locator" xlink:href="../../et-gaap-cor_2011-01-01.xsd#et-gaap_NoteMiscellaneousOperatingExpensesAdditionalItemValue" xlink:label="NoteMiscellaneousOperatingExpensesAdditionalItemValue" xlink:title="NoteMiscellaneousOperatingExpensesAdditionalItemValue"/>
    <link:calculationArc xlink:type="arc" xlink:arcrole="http://www.xbrl.org/2003/arcrole/summation-item" xlink:from="MiscellaneousOperatingExpenses" xlink:to="NoteMiscellaneousOperatingExpensesAdditionalItemValue" xlink:title="calculation: MiscellaneousOperatingExpenses to NoteMiscellaneousOperatingExpensesAdditionalItemValue" order="12.0" weight="1.0"/>
  </link:calculationLink>
</link:linkbase>
