<?xml version="1.0" encoding="UTF-8"?>
<!--
**************************************************************
et-gaap Taxonomy: 2011-01-01 (Final)

Copyright (C) 2010 Centre of Registers and Information Systems
**************************************************************
-->
<link:linkbase xmlns:xsi="http://www.w3.org/2001/XMLSchema-instance" xsi:schemaLocation="http://www.xbrl.org/2003/linkbase http://www.xbrl.org/2003/xbrl-linkbase-2003-12-31.xsd" xmlns:link="http://www.xbrl.org/2003/linkbase" xmlns:p0="http://xbrl.org/2005/xbrldt" xmlns:xlink="http://www.w3.org/1999/xlink">
  <link:roleRef roleURI="http://xbrl.eesti.ee/role/et-gaap_2011-01-01/NoteMiscellaneousOperatingExpenses_role-835001" xlink:type="simple" xlink:href="role-835000.xsd#NoteMiscellaneousOperatingExpenses_role-835001"/>
  <link:arcroleRef arcroleURI="http://xbrl.org/int/dim/arcrole/domain-member" xlink:type="simple" xlink:href="http://www.xbrl.org/2005/xbrldt-2005.xsd#domain-member"/>
  <link:definitionLink xlink:type="extended" xlink:role="http://xbrl.eesti.ee/role/et-gaap_2011-01-01/NoteMiscellaneousOperatingExpenses_role-835001">
    <link:loc xlink:type="locator" xlink:href="../../et-gaap-cor_2011-01-01.xsd#et-gaap_NoteMiscellaneousOperatingExpensesAbstract" xlink:label="NoteMiscellaneousOperatingExpensesAbstract" xlink:title="NoteMiscellaneousOperatingExpensesAbstract"/>
    <link:loc xlink:type="locator" xlink:href="../../et-gaap-cor_2011-01-01.xsd#et-gaap_MiscellaneousOperatingExpensesLandRent" xlink:label="MiscellaneousOperatingExpensesLandRent" xlink:title="MiscellaneousOperatingExpensesLandRent"/>
    <link:definitionArc xlink:type="arc" xlink:arcrole="http://xbrl.org/int/dim/arcrole/domain-member" xlink:from="NoteMiscellaneousOperatingExpensesAbstract" xlink:to="MiscellaneousOperatingExpensesLandRent" xlink:title="definition: NoteMiscellaneousOperatingExpensesAbstract to MiscellaneousOperatingExpensesLandRent" use="optional" order="1.0"/>
    <link:loc xlink:type="locator" xlink:href="../../et-gaap-cor_2011-01-01.xsd#et-gaap_MiscellaneousOperatingExpensesLeases" xlink:label="MiscellaneousOperatingExpensesLeases" xlink:title="MiscellaneousOperatingExpensesLeases"/>
    <link:definitionArc xlink:type="arc" xlink:arcrole="http://xbrl.org/int/dim/arcrole/domain-member" xlink:from="NoteMiscellaneousOperatingExpensesAbstract" xlink:to="MiscellaneousOperatingExpensesLeases" xlink:title="definition: NoteMiscellaneousOperatingExpensesAbstract to MiscellaneousOperatingExpensesLeases" use="optional" order="2.0"/>
    <link:loc xlink:type="locator" xlink:href="../../et-gaap-cor_2011-01-01.xsd#et-gaap_MiscellaneousOperatingExpensesEnergy" xlink:label="MiscellaneousOperatingExpensesEnergy" xlink:title="MiscellaneousOperatingExpensesEnergy"/>
    <link:definitionArc xlink:type="arc" xlink:arcrole="http://xbrl.org/int/dim/arcrole/domain-member" xlink:from="NoteMiscellaneousOperatingExpensesAbstract" xlink:to="MiscellaneousOperatingExpensesEnergy" xlink:title="definition: NoteMiscellaneousOperatingExpensesAbstract to MiscellaneousOperatingExpensesEnergy" use="optional" order="3.0"/>
    <link:loc xlink:type="locator" xlink:href="../../et-gaap-cor_2011-01-01.xsd#et-gaap_MiscellaneousOperatingExpensesElectricity" xlink:label="MiscellaneousOperatingExpensesElectricity" xlink:title="MiscellaneousOperatingExpensesElectricity"/>
    <link:definitionArc xlink:type="arc" xlink:arcrole="http://xbrl.org/int/dim/arcrole/domain-member" xlink:from="MiscellaneousOperatingExpensesEnergy" xlink:to="MiscellaneousOperatingExpensesElectricity" xlink:title="definition: MiscellaneousOperatingExpensesEnergy to MiscellaneousOperatingExpensesElectricity" use="optional" order="1.0"/>
    <link:loc xlink:type="locator" xlink:href="../../et-gaap-cor_2011-01-01.xsd#et-gaap_MiscellaneousOperatingExpensesHeatEnergy" xlink:label="MiscellaneousOperatingExpensesHeatEnergy" xlink:title="MiscellaneousOperatingExpensesHeatEnergy"/>
    <link:definitionArc xlink:type="arc" xlink:arcrole="http://xbrl.org/int/dim/arcrole/domain-member" xlink:from="MiscellaneousOperatingExpensesEnergy" xlink:to="MiscellaneousOperatingExpensesHeatEnergy" xlink:title="definition: MiscellaneousOperatingExpensesEnergy to MiscellaneousOperatingExpensesHeatEnergy" use="optional" order="2.0"/>
    <link:loc xlink:type="locator" xlink:href="../../et-gaap-cor_2011-01-01.xsd#et-gaap_MiscellaneousOperatingExpensesFuel" xlink:label="MiscellaneousOperatingExpensesFuel" xlink:title="MiscellaneousOperatingExpensesFuel"/>
    <link:definitionArc xlink:type="arc" xlink:arcrole="http://xbrl.org/int/dim/arcrole/domain-member" xlink:from="MiscellaneousOperatingExpensesEnergy" xlink:to="MiscellaneousOperatingExpensesFuel" xlink:title="definition: MiscellaneousOperatingExpensesEnergy to MiscellaneousOperatingExpensesFuel" use="optional" order="3.0"/>
    <link:loc xlink:type="locator" xlink:href="../../et-gaap-cor_2011-01-01.xsd#et-gaap_MiscellaneousOperatingExpensesMiscellaneousOfficeExpense" xlink:label="MiscellaneousOperatingExpensesMiscellaneousOfficeExpense" xlink:title="MiscellaneousOperatingExpensesMiscellaneousOfficeExpense"/>
    <link:definitionArc xlink:type="arc" xlink:arcrole="http://xbrl.org/int/dim/arcrole/domain-member" xlink:from="NoteMiscellaneousOperatingExpensesAbstract" xlink:to="MiscellaneousOperatingExpensesMiscellaneousOfficeExpense" xlink:title="definition: NoteMiscellaneousOperatingExpensesAbstract to MiscellaneousOperatingExpensesMiscellaneousOfficeExpense" use="optional" order="4.0"/>
    <link:loc xlink:type="locator" xlink:href="../../et-gaap-cor_2011-01-01.xsd#et-gaap_MiscellaneousOperatingExpensesResearchAndDevelopmentExpense" xlink:label="MiscellaneousOperatingExpensesResearchAndDevelopmentExpense" xlink:title="MiscellaneousOperatingExpensesResearchAndDevelopmentExpense"/>
    <link:definitionArc xlink:type="arc" xlink:arcrole="http://xbrl.org/int/dim/arcrole/domain-member" xlink:from="NoteMiscellaneousOperatingExpensesAbstract" xlink:to="MiscellaneousOperatingExpensesResearchAndDevelopmentExpense" xlink:title="definition: NoteMiscellaneousOperatingExpensesAbstract to MiscellaneousOperatingExpensesResearchAndDevelopmentExpense" use="optional" order="5.0"/>
    <link:loc xlink:type="locator" xlink:href="../../et-gaap-cor_2011-01-01.xsd#et-gaap_MiscellaneousOperatingExpensesTravelExpense" xlink:label="MiscellaneousOperatingExpensesTravelExpense" xlink:title="MiscellaneousOperatingExpensesTravelExpense"/>
    <link:definitionArc xlink:type="arc" xlink:arcrole="http://xbrl.org/int/dim/arcrole/domain-member" xlink:from="NoteMiscellaneousOperatingExpensesAbstract" xlink:to="MiscellaneousOperatingExpensesTravelExpense" xlink:title="definition: NoteMiscellaneousOperatingExpensesAbstract to MiscellaneousOperatingExpensesTravelExpense" use="optional" order="6.0"/>
    <link:loc xlink:type="locator" xlink:href="../../et-gaap-cor_2011-01-01.xsd#et-gaap_MiscellaneousOperatingExpensesTrainingExpense" xlink:label="MiscellaneousOperatingExpensesTrainingExpense" xlink:title="MiscellaneousOperatingExpensesTrainingExpense"/>
    <link:definitionArc xlink:type="arc" xlink:arcrole="http://xbrl.org/int/dim/arcrole/domain-member" xlink:from="NoteMiscellaneousOperatingExpensesAbstract" xlink:to="MiscellaneousOperatingExpensesTrainingExpense" xlink:title="definition: NoteMiscellaneousOperatingExpensesAbstract to MiscellaneousOperatingExpensesTrainingExpense" use="optional" order="7.0"/>
    <link:loc xlink:type="locator" xlink:href="../../et-gaap-cor_2011-01-01.xsd#et-gaap_MiscellaneousOperatingExpensesStateAndLocalTaxes" xlink:label="MiscellaneousOperatingExpensesStateAndLocalTaxes" xlink:title="MiscellaneousOperatingExpensesStateAndLocalTaxes"/>
    <link:definitionArc xlink:type="arc" xlink:arcrole="http://xbrl.org/int/dim/arcrole/domain-member" xlink:from="NoteMiscellaneousOperatingExpensesAbstract" xlink:to="MiscellaneousOperatingExpensesStateAndLocalTaxes" xlink:title="definition: NoteMiscellaneousOperatingExpensesAbstract to MiscellaneousOperatingExpensesStateAndLocalTaxes" use="optional" order="8.0"/>
    <link:loc xlink:type="locator" xlink:href="../../et-gaap-cor_2011-01-01.xsd#et-gaap_MiscellaneousOperatingExpensesProvisionsRelatedExpense" xlink:label="MiscellaneousOperatingExpensesProvisionsRelatedExpense" xlink:title="MiscellaneousOperatingExpensesProvisionsRelatedExpense"/>
    <link:definitionArc xlink:type="arc" xlink:arcrole="http://xbrl.org/int/dim/arcrole/domain-member" xlink:from="NoteMiscellaneousOperatingExpensesAbstract" xlink:to="MiscellaneousOperatingExpensesProvisionsRelatedExpense" xlink:title="definition: NoteMiscellaneousOperatingExpensesAbstract to MiscellaneousOperatingExpensesProvisionsRelatedExpense" use="optional" order="9.0"/>
    <link:loc xlink:type="locator" xlink:href="../../et-gaap-cor_2011-01-01.xsd#et-gaap_MiscellaneousOperatingExpensesAllowanceForDoubtfulReceivables" xlink:label="MiscellaneousOperatingExpensesAllowanceForDoubtfulReceivables" xlink:title="MiscellaneousOperatingExpensesAllowanceForDoubtfulReceivables"/>
    <link:definitionArc xlink:type="arc" xlink:arcrole="http://xbrl.org/int/dim/arcrole/domain-member" xlink:from="NoteMiscellaneousOperatingExpensesAbstract" xlink:to="MiscellaneousOperatingExpensesAllowanceForDoubtfulReceivables" xlink:title="definition: NoteMiscellaneousOperatingExpensesAbstract to MiscellaneousOperatingExpensesAllowanceForDoubtfulReceivables" use="optional" order="10.0"/>
    <link:loc xlink:type="locator" xlink:href="../../et-gaap-cor_2011-01-01.xsd#et-gaap_MiscellaneousOperatingExpensesOther" xlink:label="MiscellaneousOperatingExpensesOther" xlink:title="MiscellaneousOperatingExpensesOther"/>
    <link:definitionArc xlink:type="arc" xlink:arcrole="http://xbrl.org/int/dim/arcrole/domain-member" xlink:from="NoteMiscellaneousOperatingExpensesAbstract" xlink:to="MiscellaneousOperatingExpensesOther" xlink:title="definition: NoteMiscellaneousOperatingExpensesAbstract to MiscellaneousOperatingExpensesOther" use="optional" order="11.0"/>
    <link:loc xlink:type="locator" xlink:href="../../et-gaap-cor_2011-01-01.xsd#et-gaap_MiscellaneousOperatingExpenses" xlink:label="MiscellaneousOperatingExpenses" xlink:title="MiscellaneousOperatingExpenses"/>
    <link:definitionArc xlink:type="arc" xlink:arcrole="http://xbrl.org/int/dim/arcrole/domain-member" xlink:from="NoteMiscellaneousOperatingExpensesAbstract" xlink:to="MiscellaneousOperatingExpenses" xlink:title="definition: NoteMiscellaneousOperatingExpensesAbstract to MiscellaneousOperatingExpenses" use="optional" order="12.0"/>
    <link:loc xlink:type="locator" xlink:href="../../et-gaap-cor_2011-01-01.xsd#et-gaap_NoteMiscellaneousOperatingExpenses" xlink:label="NoteMiscellaneousOperatingExpenses" xlink:title="NoteMiscellaneousOperatingExpenses"/>
    <link:definitionArc xlink:type="arc" xlink:arcrole="http://xbrl.org/int/dim/arcrole/domain-member" xlink:from="NoteMiscellaneousOperatingExpensesAbstract" xlink:to="NoteMiscellaneousOperatingExpenses" xlink:title="definition: NoteMiscellaneousOperatingExpensesAbstract to NoteMiscellaneousOperatingExpenses" use="optional" order="13.0"/>
  </link:definitionLink>
</link:linkbase>
