<?xml version="1.0" encoding="UTF-8"?>
<!--
**************************************************************
et-gaap Taxonomy: 2011-01-01 (Final)

Copyright (C) 2010 Centre of Registers and Information Systems
**************************************************************
-->
<link:linkbase xmlns:xsi="http://www.w3.org/2001/XMLSchema-instance" xsi:schemaLocation="http://www.xbrl.org/2003/linkbase http://www.xbrl.org/2003/xbrl-linkbase-2003-12-31.xsd" xmlns:link="http://www.xbrl.org/2003/linkbase" xmlns:xlink="http://www.w3.org/1999/xlink" xmlns:xbrldt="http://xbrl.org/2005/xbrldt">
  <link:roleRef roleURI="http://xbrl.eesti.ee/role/et-gaap_2011-01-01/NoteInvestmentProperty_role-815000" xlink:type="simple" xlink:href="role-815000.xsd#NoteInvestmentProperty_role-815000"/>
  <link:calculationLink xlink:type="extended" xlink:role="http://xbrl.eesti.ee/role/et-gaap_2011-01-01/NoteInvestmentProperty_role-815000">
    <link:loc xlink:type="locator" xlink:href="../../et-gaap-cor_2011-01-01.xsd#et-gaap_InvestmentPropertyCostMethodAtEndOfPeriodResidualCost" xlink:label="InvestmentPropertyCostMethodAtEndOfPeriodResidualCost" xlink:title="InvestmentPropertyCostMethodAtEndOfPeriodResidualCost"/>
    <link:loc xlink:type="locator" xlink:href="../../et-gaap-cor_2011-01-01.xsd#et-gaap_InvestmentPropertyCostMethodAtEndOfPeriodCarriedAtCost" xlink:label="InvestmentPropertyCostMethodAtEndOfPeriodCarriedAtCost" xlink:title="InvestmentPropertyCostMethodAtEndOfPeriodCarriedAtCost"/>
    <link:calculationArc xlink:type="arc" xlink:arcrole="http://www.xbrl.org/2003/arcrole/summation-item" xlink:from="InvestmentPropertyCostMethodAtEndOfPeriodResidualCost" xlink:to="InvestmentPropertyCostMethodAtEndOfPeriodCarriedAtCost" xlink:title="calculation: InvestmentPropertyCostMethodAtEndOfPeriodResidualCost to InvestmentPropertyCostMethodAtEndOfPeriodCarriedAtCost" order="1.0" weight="1.0"/>
    <link:loc xlink:type="locator" xlink:href="../../et-gaap-cor_2011-01-01.xsd#et-gaap_InvestmentPropertyCostMethodAtEndOfPeriodAccumulatedDepreciation" xlink:label="InvestmentPropertyCostMethodAtEndOfPeriodAccumulatedDepreciation" xlink:title="InvestmentPropertyCostMethodAtEndOfPeriodAccumulatedDepreciation"/>
    <link:calculationArc xlink:type="arc" xlink:arcrole="http://www.xbrl.org/2003/arcrole/summation-item" xlink:from="InvestmentPropertyCostMethodAtEndOfPeriodResidualCost" xlink:to="InvestmentPropertyCostMethodAtEndOfPeriodAccumulatedDepreciation" xlink:title="calculation: InvestmentPropertyCostMethodAtEndOfPeriodResidualCost to InvestmentPropertyCostMethodAtEndOfPeriodAccumulatedDepreciation" order="2.0" weight="1.0"/>
    <link:loc xlink:type="locator" xlink:href="../../et-gaap-cor_2011-01-01.xsd#et-gaap_InvestmentPropertyCostMethodAtEndOfPreviousPeriodResidualCost" xlink:label="InvestmentPropertyCostMethodAtEndOfPreviousPeriodResidualCost" xlink:title="InvestmentPropertyCostMethodAtEndOfPreviousPeriodResidualCost"/>
    <link:loc xlink:type="locator" xlink:href="../../et-gaap-cor_2011-01-01.xsd#et-gaap_InvestmentPropertyCostMethodAtEndOfPreviousCarriedAtCost" xlink:label="InvestmentPropertyCostMethodAtEndOfPreviousCarriedAtCost" xlink:title="InvestmentPropertyCostMethodAtEndOfPreviousCarriedAtCost"/>
    <link:calculationArc xlink:type="arc" xlink:arcrole="http://www.xbrl.org/2003/arcrole/summation-item" xlink:from="InvestmentPropertyCostMethodAtEndOfPreviousPeriodResidualCost" xlink:to="InvestmentPropertyCostMethodAtEndOfPreviousCarriedAtCost" xlink:title="calculation: InvestmentPropertyCostMethodAtEndOfPreviousPeriodResidualCost to InvestmentPropertyCostMethodAtEndOfPreviousCarriedAtCost" order="1.0" weight="1.0"/>
    <link:loc xlink:type="locator" xlink:href="../../et-gaap-cor_2011-01-01.xsd#et-gaap_InvestmentPropertyCostMethodAtEndOfPreviousPeriodAccumulatedDepreciation" xlink:label="InvestmentPropertyCostMethodAtEndOfPreviousPeriodAccumulatedDepreciation" xlink:title="InvestmentPropertyCostMethodAtEndOfPreviousPeriodAccumulatedDepreciation"/>
    <link:calculationArc xlink:type="arc" xlink:arcrole="http://www.xbrl.org/2003/arcrole/summation-item" xlink:from="InvestmentPropertyCostMethodAtEndOfPreviousPeriodResidualCost" xlink:to="InvestmentPropertyCostMethodAtEndOfPreviousPeriodAccumulatedDepreciation" xlink:title="calculation: InvestmentPropertyCostMethodAtEndOfPreviousPeriodResidualCost to InvestmentPropertyCostMethodAtEndOfPreviousPeriodAccumulatedDepreciation" order="2.0" weight="1.0"/>
    <link:loc xlink:type="locator" xlink:href="../../et-gaap-cor_2011-01-01.xsd#et-gaap_InvestmentPropertyFairValueMethodAtEndOfPeriod" xlink:label="InvestmentPropertyFairValueMethodAtEndOfPeriod" xlink:title="InvestmentPropertyFairValueMethodAtEndOfPeriod"/>
    <link:loc xlink:type="locator" xlink:href="../../et-gaap-cor_2011-01-01.xsd#et-gaap_InvestmentPropertyFairValueMethodAtEndOfPreviousPeriod" xlink:label="InvestmentPropertyFairValueMethodAtEndOfPreviousPeriod" xlink:title="InvestmentPropertyFairValueMethodAtEndOfPreviousPeriod"/>
    <link:calculationArc xlink:type="arc" xlink:arcrole="http://www.xbrl.org/2003/arcrole/summation-item" xlink:from="InvestmentPropertyFairValueMethodAtEndOfPeriod" xlink:to="InvestmentPropertyFairValueMethodAtEndOfPreviousPeriod" xlink:title="calculation: InvestmentPropertyFairValueMethodAtEndOfPeriod to InvestmentPropertyFairValueMethodAtEndOfPreviousPeriod" order="1.0" weight="1.0"/>
    <link:loc xlink:type="locator" xlink:href="../../et-gaap-cor_2011-01-01.xsd#et-gaap_InvestmentPropertyFairValueMethodOtherChanges" xlink:label="InvestmentPropertyFairValueMethodOtherChanges" xlink:title="InvestmentPropertyFairValueMethodOtherChanges"/>
    <link:calculationArc xlink:type="arc" xlink:arcrole="http://www.xbrl.org/2003/arcrole/summation-item" xlink:from="InvestmentPropertyFairValueMethodAtEndOfPeriod" xlink:to="InvestmentPropertyFairValueMethodOtherChanges" xlink:title="calculation: InvestmentPropertyFairValueMethodAtEndOfPeriod to InvestmentPropertyFairValueMethodOtherChanges" order="2.0" weight="1.0"/>
    <link:loc xlink:type="locator" xlink:href="../../et-gaap-cor_2011-01-01.xsd#et-gaap_InvestmentPropertyFairValueMethodAcquisitionsAndAdditions" xlink:label="InvestmentPropertyFairValueMethodAcquisitionsAndAdditions" xlink:title="InvestmentPropertyFairValueMethodAcquisitionsAndAdditions"/>
    <link:calculationArc xlink:type="arc" xlink:arcrole="http://www.xbrl.org/2003/arcrole/summation-item" xlink:from="InvestmentPropertyFairValueMethodAtEndOfPeriod" xlink:to="InvestmentPropertyFairValueMethodAcquisitionsAndAdditions" xlink:title="calculation: InvestmentPropertyFairValueMethodAtEndOfPeriod to InvestmentPropertyFairValueMethodAcquisitionsAndAdditions" order="3.0" weight="1.0"/>
    <link:loc xlink:type="locator" xlink:href="../../et-gaap-cor_2011-01-01.xsd#et-gaap_InvestmentPropertyFairValueMethodAdditionsThroughBusinessCombinations" xlink:label="InvestmentPropertyFairValueMethodAdditionsThroughBusinessCombinations" xlink:title="InvestmentPropertyFairValueMethodAdditionsThroughBusinessCombinations"/>
    <link:calculationArc xlink:type="arc" xlink:arcrole="http://www.xbrl.org/2003/arcrole/summation-item" xlink:from="InvestmentPropertyFairValueMethodAtEndOfPeriod" xlink:to="InvestmentPropertyFairValueMethodAdditionsThroughBusinessCombinations" xlink:title="calculation: InvestmentPropertyFairValueMethodAtEndOfPeriod to InvestmentPropertyFairValueMethodAdditionsThroughBusinessCombinations" order="4.0" weight="1.0"/>
    <link:loc xlink:type="locator" xlink:href="../../et-gaap-cor_2011-01-01.xsd#et-gaap_ReclassificationsInvestmentPropertyFairValueMethodReclassifications" xlink:label="ReclassificationsInvestmentPropertyFairValueMethodReclassifications" xlink:title="ReclassificationsInvestmentPropertyFairValueMethodReclassifications"/>
    <link:calculationArc xlink:type="arc" xlink:arcrole="http://www.xbrl.org/2003/arcrole/summation-item" xlink:from="InvestmentPropertyFairValueMethodAtEndOfPeriod" xlink:to="ReclassificationsInvestmentPropertyFairValueMethodReclassifications" xlink:title="calculation: InvestmentPropertyFairValueMethodAtEndOfPeriod to ReclassificationsInvestmentPropertyFairValueMethodReclassifications" order="5.0" weight="1.0"/>
    <link:loc xlink:type="locator" xlink:href="../../et-gaap-cor_2011-01-01.xsd#et-gaap_InvestmentPropertyFairValueMethodDisposals" xlink:label="InvestmentPropertyFairValueMethodDisposals" xlink:title="InvestmentPropertyFairValueMethodDisposals"/>
    <link:calculationArc xlink:type="arc" xlink:arcrole="http://www.xbrl.org/2003/arcrole/summation-item" xlink:from="InvestmentPropertyFairValueMethodAtEndOfPeriod" xlink:to="InvestmentPropertyFairValueMethodDisposals" xlink:title="calculation: InvestmentPropertyFairValueMethodAtEndOfPeriod to InvestmentPropertyFairValueMethodDisposals" order="6.0" weight="1.0"/>
    <link:loc xlink:type="locator" xlink:href="../../et-gaap-cor_2011-01-01.xsd#et-gaap_InvestmentPropertyFairValueMethodProfitLossFromRevaluation" xlink:label="InvestmentPropertyFairValueMethodProfitLossFromRevaluation" xlink:title="InvestmentPropertyFairValueMethodProfitLossFromRevaluation"/>
    <link:calculationArc xlink:type="arc" xlink:arcrole="http://www.xbrl.org/2003/arcrole/summation-item" xlink:from="InvestmentPropertyFairValueMethodAtEndOfPeriod" xlink:to="InvestmentPropertyFairValueMethodProfitLossFromRevaluation" xlink:title="calculation: InvestmentPropertyFairValueMethodAtEndOfPeriod to InvestmentPropertyFairValueMethodProfitLossFromRevaluation" order="7.0" weight="1.0"/>
  </link:calculationLink>
</link:linkbase>
