<?xml version="1.0" encoding="UTF-8"?>
<!--
**************************************************************
et-gaap Taxonomy: 2011-01-01 (Final)

Copyright (C) 2010 Centre of Registers and Information Systems
**************************************************************
-->
<link:linkbase xmlns:xsi="http://www.w3.org/2001/XMLSchema-instance" xsi:schemaLocation="http://www.xbrl.org/2003/linkbase http://www.xbrl.org/2003/xbrl-linkbase-2003-12-31.xsd" xmlns:link="http://www.xbrl.org/2003/linkbase" xmlns:xlink="http://www.w3.org/1999/xlink" xmlns:xbrldt="http://xbrl.org/2005/xbrldt">
  <link:roleRef roleURI="http://xbrl.eesti.ee/role/et-gaap_2011-01-01/NoteInvestmentProperty_role-815010" xlink:type="simple" xlink:href="role-815000.xsd#NoteInvestmentProperty_role-815010"/>
  <link:calculationLink xlink:type="extended" xlink:role="http://xbrl.eesti.ee/role/et-gaap_2011-01-01/NoteInvestmentProperty_role-815010">
    <link:loc xlink:type="locator" xlink:href="../../et-gaap-cor_2011-01-01.xsd#et-gaap_InvestmentPropertyCostMethodAtEndOfPeriodResidualCost" xlink:label="InvestmentPropertyCostMethodAtEndOfPeriodResidualCost" xlink:title="InvestmentPropertyCostMethodAtEndOfPeriodResidualCost"/>
    <link:loc xlink:type="locator" xlink:href="../../et-gaap-cor_2011-01-01.xsd#et-gaap_InvestmentPropertyCostMethodAtEndOfPreviousPeriodResidualCost" xlink:label="InvestmentPropertyCostMethodAtEndOfPreviousPeriodResidualCost" xlink:title="InvestmentPropertyCostMethodAtEndOfPreviousPeriodResidualCost"/>
    <link:calculationArc xlink:type="arc" xlink:arcrole="http://www.xbrl.org/2003/arcrole/summation-item" xlink:from="InvestmentPropertyCostMethodAtEndOfPeriodResidualCost" xlink:to="InvestmentPropertyCostMethodAtEndOfPreviousPeriodResidualCost" xlink:title="calculation: InvestmentPropertyCostMethodAtEndOfPeriodResidualCost to InvestmentPropertyCostMethodAtEndOfPreviousPeriodResidualCost" order="1.0" weight="1.0"/>
    <link:loc xlink:type="locator" xlink:href="../../et-gaap-cor_2011-01-01.xsd#et-gaap_InvestmentPropertyCostMethodAcquisitionsAndAdditions" xlink:label="InvestmentPropertyCostMethodAcquisitionsAndAdditions" xlink:title="InvestmentPropertyCostMethodAcquisitionsAndAdditions"/>
    <link:calculationArc xlink:type="arc" xlink:arcrole="http://www.xbrl.org/2003/arcrole/summation-item" xlink:from="InvestmentPropertyCostMethodAtEndOfPeriodResidualCost" xlink:to="InvestmentPropertyCostMethodAcquisitionsAndAdditions" xlink:title="calculation: InvestmentPropertyCostMethodAtEndOfPeriodResidualCost to InvestmentPropertyCostMethodAcquisitionsAndAdditions" order="2.0" weight="1.0"/>
    <link:loc xlink:type="locator" xlink:href="../../et-gaap-cor_2011-01-01.xsd#et-gaap_InvestmentPropertyCostMethodReclassifications" xlink:label="InvestmentPropertyCostMethodReclassifications" xlink:title="InvestmentPropertyCostMethodReclassifications"/>
    <link:calculationArc xlink:type="arc" xlink:arcrole="http://www.xbrl.org/2003/arcrole/summation-item" xlink:from="InvestmentPropertyCostMethodAtEndOfPeriodResidualCost" xlink:to="InvestmentPropertyCostMethodReclassifications" xlink:title="calculation: InvestmentPropertyCostMethodAtEndOfPeriodResidualCost to InvestmentPropertyCostMethodReclassifications" order="3.0" weight="1.0"/>
    <link:loc xlink:type="locator" xlink:href="../../et-gaap-cor_2011-01-01.xsd#et-gaap_InvestmentPropertyCostMethodAdditionsThroughBusinessCombinations" xlink:label="InvestmentPropertyCostMethodAdditionsThroughBusinessCombinations" xlink:title="InvestmentPropertyCostMethodAdditionsThroughBusinessCombinations"/>
    <link:calculationArc xlink:type="arc" xlink:arcrole="http://www.xbrl.org/2003/arcrole/summation-item" xlink:from="InvestmentPropertyCostMethodAtEndOfPeriodResidualCost" xlink:to="InvestmentPropertyCostMethodAdditionsThroughBusinessCombinations" xlink:title="calculation: InvestmentPropertyCostMethodAtEndOfPeriodResidualCost to InvestmentPropertyCostMethodAdditionsThroughBusinessCombinations" order="4.0" weight="1.0"/>
    <link:loc xlink:type="locator" xlink:href="../../et-gaap-cor_2011-01-01.xsd#et-gaap_InvestmentPropertyCostMethodImpairmentLoss" xlink:label="InvestmentPropertyCostMethodImpairmentLoss" xlink:title="InvestmentPropertyCostMethodImpairmentLoss"/>
    <link:calculationArc xlink:type="arc" xlink:arcrole="http://www.xbrl.org/2003/arcrole/summation-item" xlink:from="InvestmentPropertyCostMethodAtEndOfPeriodResidualCost" xlink:to="InvestmentPropertyCostMethodImpairmentLoss" xlink:title="calculation: InvestmentPropertyCostMethodAtEndOfPeriodResidualCost to InvestmentPropertyCostMethodImpairmentLoss" order="5.0" weight="1.0"/>
    <link:loc xlink:type="locator" xlink:href="../../et-gaap-cor_2011-01-01.xsd#et-gaap_InvestmentPropertyCostMethodOtherChanges" xlink:label="InvestmentPropertyCostMethodOtherChanges" xlink:title="InvestmentPropertyCostMethodOtherChanges"/>
    <link:calculationArc xlink:type="arc" xlink:arcrole="http://www.xbrl.org/2003/arcrole/summation-item" xlink:from="InvestmentPropertyCostMethodAtEndOfPeriodResidualCost" xlink:to="InvestmentPropertyCostMethodOtherChanges" xlink:title="calculation: InvestmentPropertyCostMethodAtEndOfPeriodResidualCost to InvestmentPropertyCostMethodOtherChanges" order="6.0" weight="1.0"/>
    <link:loc xlink:type="locator" xlink:href="../../et-gaap-cor_2011-01-01.xsd#et-gaap_InvestmentPropertyCostMethodDepreciation" xlink:label="InvestmentPropertyCostMethodDepreciation" xlink:title="InvestmentPropertyCostMethodDepreciation"/>
    <link:calculationArc xlink:type="arc" xlink:arcrole="http://www.xbrl.org/2003/arcrole/summation-item" xlink:from="InvestmentPropertyCostMethodAtEndOfPeriodResidualCost" xlink:to="InvestmentPropertyCostMethodDepreciation" xlink:title="calculation: InvestmentPropertyCostMethodAtEndOfPeriodResidualCost to InvestmentPropertyCostMethodDepreciation" order="7.0" weight="1.0"/>
    <link:loc xlink:type="locator" xlink:href="../../et-gaap-cor_2011-01-01.xsd#et-gaap_InvestmentPropertyCostMethodDisposals" xlink:label="InvestmentPropertyCostMethodDisposals" xlink:title="InvestmentPropertyCostMethodDisposals"/>
    <link:calculationArc xlink:type="arc" xlink:arcrole="http://www.xbrl.org/2003/arcrole/summation-item" xlink:from="InvestmentPropertyCostMethodAtEndOfPeriodResidualCost" xlink:to="InvestmentPropertyCostMethodDisposals" xlink:title="calculation: InvestmentPropertyCostMethodAtEndOfPeriodResidualCost to InvestmentPropertyCostMethodDisposals" order="8.0" weight="1.0"/>
    <link:loc xlink:type="locator" xlink:href="../../et-gaap-cor_2011-01-01.xsd#et-gaap_InvestmentPropertyCostMethodReversingOfImpairmentLoss" xlink:label="InvestmentPropertyCostMethodReversingOfImpairmentLoss" xlink:title="InvestmentPropertyCostMethodReversingOfImpairmentLoss"/>
    <link:calculationArc xlink:type="arc" xlink:arcrole="http://www.xbrl.org/2003/arcrole/summation-item" xlink:from="InvestmentPropertyCostMethodAtEndOfPeriodResidualCost" xlink:to="InvestmentPropertyCostMethodReversingOfImpairmentLoss" xlink:title="calculation: InvestmentPropertyCostMethodAtEndOfPeriodResidualCost to InvestmentPropertyCostMethodReversingOfImpairmentLoss" order="9.0" weight="1.0"/>
  </link:calculationLink>
</link:linkbase>
