<?xml version="1.0" encoding="UTF-8"?>
<!--
**************************************************************
et-gaap Taxonomy: 2011-01-01 (Final)

Copyright (C) 2010 Centre of Registers and Information Systems
**************************************************************
-->
<link:linkbase xmlns:xsi="http://www.w3.org/2001/XMLSchema-instance" xsi:schemaLocation="http://www.xbrl.org/2003/linkbase http://www.xbrl.org/2003/xbrl-linkbase-2003-12-31.xsd" xmlns:link="http://www.xbrl.org/2003/linkbase" xmlns:xlink="http://www.w3.org/1999/xlink" xmlns:p0="http://xbrl.org/2005/xbrldt">
  <link:roleRef roleURI="http://xbrl.eesti.ee/role/et-gaap_2011-01-01/NoteInvestmentProperty_role-815000" xlink:type="simple" xlink:href="role-815000.xsd#NoteInvestmentProperty_role-815000"/>
  <link:arcroleRef arcroleURI="http://xbrl.org/int/dim/arcrole/all" xlink:type="simple" xlink:href="http://www.xbrl.org/2005/xbrldt-2005.xsd#all"/>
  <link:arcroleRef arcroleURI="http://xbrl.org/int/dim/arcrole/dimension-domain" xlink:type="simple" xlink:href="http://www.xbrl.org/2005/xbrldt-2005.xsd#dimension-domain"/>
  <link:arcroleRef arcroleURI="http://xbrl.org/int/dim/arcrole/domain-member" xlink:type="simple" xlink:href="http://www.xbrl.org/2005/xbrldt-2005.xsd#domain-member"/>
  <link:arcroleRef arcroleURI="http://xbrl.org/int/dim/arcrole/hypercube-dimension" xlink:type="simple" xlink:href="http://www.xbrl.org/2005/xbrldt-2005.xsd#hypercube-dimension"/>
  <link:definitionLink xlink:type="extended" xlink:role="http://xbrl.eesti.ee/role/et-gaap_2011-01-01/NoteInvestmentProperty_role-815000">
    <link:loc xlink:type="locator" xlink:href="../../et-gaap-cor_2011-01-01.xsd#et-gaap_NoteInvestmentPropertyAbstract" xlink:label="NoteInvestmentPropertyAbstract" xlink:title="NoteInvestmentPropertyAbstract"/>
    <link:loc xlink:type="locator" xlink:href="../../et-gaap-cor_2011-01-01.xsd#et-gaap_InvestmentPropertyCostMethodAbstract" xlink:label="InvestmentPropertyCostMethodAbstract" xlink:title="InvestmentPropertyCostMethodAbstract"/>
    <link:definitionArc xlink:type="arc" xlink:arcrole="http://xbrl.org/int/dim/arcrole/domain-member" xlink:from="NoteInvestmentPropertyAbstract" xlink:to="InvestmentPropertyCostMethodAbstract" xlink:title="definition: NoteInvestmentPropertyAbstract to InvestmentPropertyCostMethodAbstract" order="1.0"/>
    <link:loc xlink:type="locator" xlink:href="../../et-gaap-cor_2011-01-01.xsd#et-gaap_InvestmentPropertyCostMethodAtEndOfPreviousPeriodAbstract" xlink:label="InvestmentPropertyCostMethodAtEndOfPreviousPeriodAbstract" xlink:title="InvestmentPropertyCostMethodAtEndOfPreviousPeriodAbstract"/>
    <link:definitionArc xlink:type="arc" xlink:arcrole="http://xbrl.org/int/dim/arcrole/domain-member" xlink:from="InvestmentPropertyCostMethodAbstract" xlink:to="InvestmentPropertyCostMethodAtEndOfPreviousPeriodAbstract" xlink:title="definition: InvestmentPropertyCostMethodAbstract to InvestmentPropertyCostMethodAtEndOfPreviousPeriodAbstract" order="1.0"/>
    <link:loc xlink:type="locator" xlink:href="../../et-gaap-cor_2011-01-01.xsd#et-gaap_InvestmentPropertyCostMethodAtEndOfPreviousCarriedAtCost" xlink:label="InvestmentPropertyCostMethodAtEndOfPreviousCarriedAtCost" xlink:title="InvestmentPropertyCostMethodAtEndOfPreviousCarriedAtCost"/>
    <link:definitionArc xlink:type="arc" xlink:arcrole="http://xbrl.org/int/dim/arcrole/domain-member" xlink:from="InvestmentPropertyCostMethodAtEndOfPreviousPeriodAbstract" xlink:to="InvestmentPropertyCostMethodAtEndOfPreviousCarriedAtCost" xlink:title="definition: InvestmentPropertyCostMethodAtEndOfPreviousPeriodAbstract to InvestmentPropertyCostMethodAtEndOfPreviousCarriedAtCost" order="1.0"/>
    <link:loc xlink:type="locator" xlink:href="../../et-gaap-cor_2011-01-01.xsd#et-gaap_InvestmentPropertyCostMethodAtEndOfPreviousPeriodAccumulatedDepreciation" xlink:label="InvestmentPropertyCostMethodAtEndOfPreviousPeriodAccumulatedDepreciation" xlink:title="InvestmentPropertyCostMethodAtEndOfPreviousPeriodAccumulatedDepreciation"/>
    <link:definitionArc xlink:type="arc" xlink:arcrole="http://xbrl.org/int/dim/arcrole/domain-member" xlink:from="InvestmentPropertyCostMethodAtEndOfPreviousPeriodAbstract" xlink:to="InvestmentPropertyCostMethodAtEndOfPreviousPeriodAccumulatedDepreciation" xlink:title="definition: InvestmentPropertyCostMethodAtEndOfPreviousPeriodAbstract to InvestmentPropertyCostMethodAtEndOfPreviousPeriodAccumulatedDepreciation" order="2.0"/>
    <link:loc xlink:type="locator" xlink:href="../../et-gaap-cor_2011-01-01.xsd#et-gaap_InvestmentPropertyCostMethodAtEndOfPreviousPeriodResidualCost" xlink:label="InvestmentPropertyCostMethodAtEndOfPreviousPeriodResidualCost" xlink:title="InvestmentPropertyCostMethodAtEndOfPreviousPeriodResidualCost"/>
    <link:definitionArc xlink:type="arc" xlink:arcrole="http://xbrl.org/int/dim/arcrole/domain-member" xlink:from="InvestmentPropertyCostMethodAtEndOfPreviousPeriodAbstract" xlink:to="InvestmentPropertyCostMethodAtEndOfPreviousPeriodResidualCost" xlink:title="definition: InvestmentPropertyCostMethodAtEndOfPreviousPeriodAbstract to InvestmentPropertyCostMethodAtEndOfPreviousPeriodResidualCost" order="3.0"/>
    <link:loc xlink:type="locator" xlink:href="../../et-gaap-cor_2011-01-01.xsd#et-gaap_InvestmentPropertyCostMethodAcquisitionsAndAdditions" xlink:label="InvestmentPropertyCostMethodAcquisitionsAndAdditions" xlink:title="InvestmentPropertyCostMethodAcquisitionsAndAdditions"/>
    <link:definitionArc xlink:type="arc" xlink:arcrole="http://xbrl.org/int/dim/arcrole/domain-member" xlink:from="InvestmentPropertyCostMethodAbstract" xlink:to="InvestmentPropertyCostMethodAcquisitionsAndAdditions" xlink:title="definition: InvestmentPropertyCostMethodAbstract to InvestmentPropertyCostMethodAcquisitionsAndAdditions" order="2.0"/>
    <link:loc xlink:type="locator" xlink:href="../../et-gaap-cor_2011-01-01.xsd#et-gaap_InvestmentPropertyCostMethodDisposals" xlink:label="InvestmentPropertyCostMethodDisposals" xlink:title="InvestmentPropertyCostMethodDisposals"/>
    <link:definitionArc xlink:type="arc" xlink:arcrole="http://xbrl.org/int/dim/arcrole/domain-member" xlink:from="InvestmentPropertyCostMethodAbstract" xlink:to="InvestmentPropertyCostMethodDisposals" xlink:title="definition: InvestmentPropertyCostMethodAbstract to InvestmentPropertyCostMethodDisposals" order="3.0"/>
    <link:loc xlink:type="locator" xlink:href="../../et-gaap-cor_2011-01-01.xsd#et-gaap_InvestmentPropertyCostMethodDepreciation" xlink:label="InvestmentPropertyCostMethodDepreciation" xlink:title="InvestmentPropertyCostMethodDepreciation"/>
    <link:definitionArc xlink:type="arc" xlink:arcrole="http://xbrl.org/int/dim/arcrole/domain-member" xlink:from="InvestmentPropertyCostMethodAbstract" xlink:to="InvestmentPropertyCostMethodDepreciation" xlink:title="definition: InvestmentPropertyCostMethodAbstract to InvestmentPropertyCostMethodDepreciation" order="4.0"/>
    <link:loc xlink:type="locator" xlink:href="../../et-gaap-cor_2011-01-01.xsd#et-gaap_InvestmentPropertyCostMethodImpairmentLoss" xlink:label="InvestmentPropertyCostMethodImpairmentLoss" xlink:title="InvestmentPropertyCostMethodImpairmentLoss"/>
    <link:definitionArc xlink:type="arc" xlink:arcrole="http://xbrl.org/int/dim/arcrole/domain-member" xlink:from="InvestmentPropertyCostMethodAbstract" xlink:to="InvestmentPropertyCostMethodImpairmentLoss" xlink:title="definition: InvestmentPropertyCostMethodAbstract to InvestmentPropertyCostMethodImpairmentLoss" order="5.0"/>
    <link:loc xlink:type="locator" xlink:href="../../et-gaap-cor_2011-01-01.xsd#et-gaap_InvestmentPropertyCostMethodReversingOfImpairmentLoss" xlink:label="InvestmentPropertyCostMethodReversingOfImpairmentLoss" xlink:title="InvestmentPropertyCostMethodReversingOfImpairmentLoss"/>
    <link:definitionArc xlink:type="arc" xlink:arcrole="http://xbrl.org/int/dim/arcrole/domain-member" xlink:from="InvestmentPropertyCostMethodAbstract" xlink:to="InvestmentPropertyCostMethodReversingOfImpairmentLoss" xlink:title="definition: InvestmentPropertyCostMethodAbstract to InvestmentPropertyCostMethodReversingOfImpairmentLoss" order="6.0"/>
    <link:loc xlink:type="locator" xlink:href="../../et-gaap-cor_2011-01-01.xsd#et-gaap_InvestmentPropertyCostMethodReclassifications" xlink:label="InvestmentPropertyCostMethodReclassifications" xlink:title="InvestmentPropertyCostMethodReclassifications"/>
    <link:definitionArc xlink:type="arc" xlink:arcrole="http://xbrl.org/int/dim/arcrole/domain-member" xlink:from="InvestmentPropertyCostMethodAbstract" xlink:to="InvestmentPropertyCostMethodReclassifications" xlink:title="definition: InvestmentPropertyCostMethodAbstract to InvestmentPropertyCostMethodReclassifications" order="8.0"/>
    <link:loc xlink:type="locator" xlink:href="../../et-gaap-cor_2011-01-01.xsd#et-gaap_InvestmentPropertyCostMethodOtherChanges" xlink:label="InvestmentPropertyCostMethodOtherChanges" xlink:title="InvestmentPropertyCostMethodOtherChanges"/>
    <link:definitionArc xlink:type="arc" xlink:arcrole="http://xbrl.org/int/dim/arcrole/domain-member" xlink:from="InvestmentPropertyCostMethodAbstract" xlink:to="InvestmentPropertyCostMethodOtherChanges" xlink:title="definition: InvestmentPropertyCostMethodAbstract to InvestmentPropertyCostMethodOtherChanges" order="9.0"/>
    <link:loc xlink:type="locator" xlink:href="../../et-gaap-cor_2011-01-01.xsd#et-gaap_InvestmentPropertyCostMethodAtEndOfPeriodAbstract" xlink:label="InvestmentPropertyCostMethodAtEndOfPeriodAbstract" xlink:title="InvestmentPropertyCostMethodAtEndOfPeriodAbstract"/>
    <link:definitionArc xlink:type="arc" xlink:arcrole="http://xbrl.org/int/dim/arcrole/domain-member" xlink:from="InvestmentPropertyCostMethodAbstract" xlink:to="InvestmentPropertyCostMethodAtEndOfPeriodAbstract" xlink:title="definition: InvestmentPropertyCostMethodAbstract to InvestmentPropertyCostMethodAtEndOfPeriodAbstract" order="10.0"/>
    <link:loc xlink:type="locator" xlink:href="../../et-gaap-cor_2011-01-01.xsd#et-gaap_InvestmentPropertyCostMethodAtEndOfPeriodCarriedAtCost" xlink:label="InvestmentPropertyCostMethodAtEndOfPeriodCarriedAtCost" xlink:title="InvestmentPropertyCostMethodAtEndOfPeriodCarriedAtCost"/>
    <link:definitionArc xlink:type="arc" xlink:arcrole="http://xbrl.org/int/dim/arcrole/domain-member" xlink:from="InvestmentPropertyCostMethodAtEndOfPeriodAbstract" xlink:to="InvestmentPropertyCostMethodAtEndOfPeriodCarriedAtCost" xlink:title="definition: InvestmentPropertyCostMethodAtEndOfPeriodAbstract to InvestmentPropertyCostMethodAtEndOfPeriodCarriedAtCost" order="1.0"/>
    <link:loc xlink:type="locator" xlink:href="../../et-gaap-cor_2011-01-01.xsd#et-gaap_InvestmentPropertyCostMethodAtEndOfPeriodAccumulatedDepreciation" xlink:label="InvestmentPropertyCostMethodAtEndOfPeriodAccumulatedDepreciation" xlink:title="InvestmentPropertyCostMethodAtEndOfPeriodAccumulatedDepreciation"/>
    <link:definitionArc xlink:type="arc" xlink:arcrole="http://xbrl.org/int/dim/arcrole/domain-member" xlink:from="InvestmentPropertyCostMethodAtEndOfPeriodAbstract" xlink:to="InvestmentPropertyCostMethodAtEndOfPeriodAccumulatedDepreciation" xlink:title="definition: InvestmentPropertyCostMethodAtEndOfPeriodAbstract to InvestmentPropertyCostMethodAtEndOfPeriodAccumulatedDepreciation" order="2.0"/>
    <link:loc xlink:type="locator" xlink:href="../../et-gaap-cor_2011-01-01.xsd#et-gaap_InvestmentPropertyCostMethodAtEndOfPeriodResidualCost" xlink:label="InvestmentPropertyCostMethodAtEndOfPeriodResidualCost" xlink:title="InvestmentPropertyCostMethodAtEndOfPeriodResidualCost"/>
    <link:definitionArc xlink:type="arc" xlink:arcrole="http://xbrl.org/int/dim/arcrole/domain-member" xlink:from="InvestmentPropertyCostMethodAtEndOfPeriodAbstract" xlink:to="InvestmentPropertyCostMethodAtEndOfPeriodResidualCost" xlink:title="definition: InvestmentPropertyCostMethodAtEndOfPeriodAbstract to InvestmentPropertyCostMethodAtEndOfPeriodResidualCost" order="3.0"/>
    <link:loc xlink:type="locator" xlink:href="../../et-gaap-cor_2011-01-01.xsd#et-gaap_AllocationInvestmentPropertyCostMethodHypercube" xlink:label="AllocationInvestmentPropertyCostMethodHypercube" xlink:title="AllocationInvestmentPropertyCostMethodHypercube"/>
    <link:definitionArc xlink:type="arc" xlink:arcrole="http://xbrl.org/int/dim/arcrole/all" xlink:from="InvestmentPropertyCostMethodAbstract" xlink:to="AllocationInvestmentPropertyCostMethodHypercube" xlink:title="definition: InvestmentPropertyCostMethodAbstract to AllocationInvestmentPropertyCostMethodHypercube" order="11.0" p0:contextElement="scenario" p0:closed="true" p0:targetRole="http://xbrl.eesti.ee/role/et-gaap_2011-01-01/NoteInvestmentProperty_role-815000"/>
    <link:loc xlink:type="locator" xlink:href="../../et-gaap-cor_2011-01-01.xsd#et-gaap_InvestmentPropertyCostMethodDimension" xlink:label="InvestmentPropertyCostMethodDimension" xlink:title="InvestmentPropertyCostMethodDimension"/>
    <link:definitionArc xlink:type="arc" xlink:arcrole="http://xbrl.org/int/dim/arcrole/hypercube-dimension" xlink:from="AllocationInvestmentPropertyCostMethodHypercube" xlink:to="InvestmentPropertyCostMethodDimension" xlink:title="definition: AllocationInvestmentPropertyCostMethodHypercube to InvestmentPropertyCostMethodDimension" order="1.0"/>
    <link:loc xlink:type="locator" xlink:href="../../et-gaap-cor_2011-01-01.xsd#et-gaap_InvestmentPropertyTotalAbstract" xlink:label="InvestmentPropertyTotalAbstract" xlink:title="InvestmentPropertyTotalAbstract"/>
    <link:definitionArc xlink:type="arc" xlink:arcrole="http://xbrl.org/int/dim/arcrole/dimension-domain" xlink:from="InvestmentPropertyCostMethodDimension" xlink:to="InvestmentPropertyTotalAbstract" xlink:title="definition: InvestmentPropertyCostMethodDimension to InvestmentPropertyTotalAbstract" order="1.0"/>
    <link:loc xlink:type="locator" xlink:href="../../et-gaap-cor_2011-01-01.xsd#et-gaap_InvestmentPropertyLandAbstract" xlink:label="InvestmentPropertyLandAbstract" xlink:title="InvestmentPropertyLandAbstract"/>
    <link:definitionArc xlink:type="arc" xlink:arcrole="http://xbrl.org/int/dim/arcrole/domain-member" xlink:from="InvestmentPropertyTotalAbstract" xlink:to="InvestmentPropertyLandAbstract" xlink:title="definition: InvestmentPropertyTotalAbstract to InvestmentPropertyLandAbstract" order="1.0"/>
    <link:loc xlink:type="locator" xlink:href="../../et-gaap-cor_2011-01-01.xsd#et-gaap_InvestmentPropertyBuildingsAbstract" xlink:label="InvestmentPropertyBuildingsAbstract" xlink:title="InvestmentPropertyBuildingsAbstract"/>
    <link:definitionArc xlink:type="arc" xlink:arcrole="http://xbrl.org/int/dim/arcrole/domain-member" xlink:from="InvestmentPropertyTotalAbstract" xlink:to="InvestmentPropertyBuildingsAbstract" xlink:title="definition: InvestmentPropertyTotalAbstract to InvestmentPropertyBuildingsAbstract" order="2.0"/>
    <link:loc xlink:type="locator" xlink:href="../../et-gaap-cor_2011-01-01.xsd#et-gaap_InvestmentPropertyCostMethodAdditionsThroughBusinessCombinations" xlink:label="InvestmentPropertyCostMethodAdditionsThroughBusinessCombinations" xlink:title="InvestmentPropertyCostMethodAdditionsThroughBusinessCombinations"/>
    <link:definitionArc xlink:type="arc" xlink:arcrole="http://xbrl.org/int/dim/arcrole/domain-member" xlink:from="InvestmentPropertyCostMethodAbstract" xlink:to="InvestmentPropertyCostMethodAdditionsThroughBusinessCombinations" xlink:title="definition: InvestmentPropertyCostMethodAbstract to InvestmentPropertyCostMethodAdditionsThroughBusinessCombinations" order="7.0"/>
    <link:loc xlink:type="locator" xlink:href="../../et-gaap-cor_2011-01-01.xsd#et-gaap_InvestmentPropertyFairValueMethodAbstract" xlink:label="InvestmentPropertyFairValueMethodAbstract" xlink:title="InvestmentPropertyFairValueMethodAbstract"/>
    <link:definitionArc xlink:type="arc" xlink:arcrole="http://xbrl.org/int/dim/arcrole/domain-member" xlink:from="NoteInvestmentPropertyAbstract" xlink:to="InvestmentPropertyFairValueMethodAbstract" xlink:title="definition: NoteInvestmentPropertyAbstract to InvestmentPropertyFairValueMethodAbstract" use="optional" order="2.0"/>
    <link:loc xlink:type="locator" xlink:href="../../et-gaap-cor_2011-01-01.xsd#et-gaap_LeaseIncomeEarnedOnInvestmentProperty" xlink:label="LeaseIncomeEarnedOnInvestmentProperty" xlink:title="LeaseIncomeEarnedOnInvestmentProperty"/>
    <link:definitionArc xlink:type="arc" xlink:arcrole="http://xbrl.org/int/dim/arcrole/domain-member" xlink:from="InvestmentPropertyFairValueMethodAbstract" xlink:to="LeaseIncomeEarnedOnInvestmentProperty" xlink:title="definition: InvestmentPropertyFairValueMethodAbstract to LeaseIncomeEarnedOnInvestmentProperty" use="optional" order="2.0"/>
    <link:loc xlink:type="locator" xlink:href="../../et-gaap-cor_2011-01-01.xsd#et-gaap_DirectAdministrativeExpensesOninvestmentProperty" xlink:label="DirectAdministrativeExpensesOninvestmentProperty" xlink:title="DirectAdministrativeExpensesOninvestmentProperty"/>
    <link:definitionArc xlink:type="arc" xlink:arcrole="http://xbrl.org/int/dim/arcrole/domain-member" xlink:from="InvestmentPropertyFairValueMethodAbstract" xlink:to="DirectAdministrativeExpensesOninvestmentProperty" xlink:title="definition: InvestmentPropertyFairValueMethodAbstract to DirectAdministrativeExpensesOninvestmentProperty" use="optional" order="3.0"/>
    <link:loc xlink:type="locator" xlink:href="../../et-gaap-cor_2011-01-01.xsd#et-gaap_DisposalOfInvestmentPropertyAtSellingPrice" xlink:label="DisposalOfInvestmentPropertyAtSellingPrice" xlink:title="DisposalOfInvestmentPropertyAtSellingPrice"/>
    <link:definitionArc xlink:type="arc" xlink:arcrole="http://xbrl.org/int/dim/arcrole/domain-member" xlink:from="InvestmentPropertyFairValueMethodAbstract" xlink:to="DisposalOfInvestmentPropertyAtSellingPrice" xlink:title="definition: InvestmentPropertyFairValueMethodAbstract to DisposalOfInvestmentPropertyAtSellingPrice" use="optional" order="4.0"/>
    <link:loc xlink:type="locator" xlink:href="../../et-gaap-cor_2011-01-01.xsd#et-gaap_InvestmentPropertyFairValueMethodStructureAbstract" xlink:label="InvestmentPropertyFairValueMethodStructureAbstract" xlink:title="InvestmentPropertyFairValueMethodStructureAbstract"/>
    <link:definitionArc xlink:type="arc" xlink:arcrole="http://xbrl.org/int/dim/arcrole/domain-member" xlink:from="InvestmentPropertyFairValueMethodAbstract" xlink:to="InvestmentPropertyFairValueMethodStructureAbstract" xlink:title="definition: InvestmentPropertyFairValueMethodAbstract to InvestmentPropertyFairValueMethodStructureAbstract" order="1.0"/>
    <link:loc xlink:type="locator" xlink:href="../../et-gaap-cor_2011-01-01.xsd#et-gaap_InvestmentPropertyFairValueMethodAtEndOfPreviousPeriod" xlink:label="InvestmentPropertyFairValueMethodAtEndOfPreviousPeriod" xlink:title="InvestmentPropertyFairValueMethodAtEndOfPreviousPeriod"/>
    <link:definitionArc xlink:type="arc" xlink:arcrole="http://xbrl.org/int/dim/arcrole/domain-member" xlink:from="InvestmentPropertyFairValueMethodStructureAbstract" xlink:to="InvestmentPropertyFairValueMethodAtEndOfPreviousPeriod" xlink:title="definition: InvestmentPropertyFairValueMethodStructureAbstract to InvestmentPropertyFairValueMethodAtEndOfPreviousPeriod" use="optional" order="1.0"/>
    <link:loc xlink:type="locator" xlink:href="../../et-gaap-cor_2011-01-01.xsd#et-gaap_InvestmentPropertyFairValueMethodAcquisitionsAndAdditions" xlink:label="InvestmentPropertyFairValueMethodAcquisitionsAndAdditions" xlink:title="InvestmentPropertyFairValueMethodAcquisitionsAndAdditions"/>
    <link:definitionArc xlink:type="arc" xlink:arcrole="http://xbrl.org/int/dim/arcrole/domain-member" xlink:from="InvestmentPropertyFairValueMethodStructureAbstract" xlink:to="InvestmentPropertyFairValueMethodAcquisitionsAndAdditions" xlink:title="definition: InvestmentPropertyFairValueMethodStructureAbstract to InvestmentPropertyFairValueMethodAcquisitionsAndAdditions" use="optional" order="2.0"/>
    <link:loc xlink:type="locator" xlink:href="../../et-gaap-cor_2011-01-01.xsd#et-gaap_InvestmentPropertyFairValueMethodProfitLossFromRevaluation" xlink:label="InvestmentPropertyFairValueMethodProfitLossFromRevaluation" xlink:title="InvestmentPropertyFairValueMethodProfitLossFromRevaluation"/>
    <link:definitionArc xlink:type="arc" xlink:arcrole="http://xbrl.org/int/dim/arcrole/domain-member" xlink:from="InvestmentPropertyFairValueMethodStructureAbstract" xlink:to="InvestmentPropertyFairValueMethodProfitLossFromRevaluation" xlink:title="definition: InvestmentPropertyFairValueMethodStructureAbstract to InvestmentPropertyFairValueMethodProfitLossFromRevaluation" use="optional" order="3.0"/>
    <link:loc xlink:type="locator" xlink:href="../../et-gaap-cor_2011-01-01.xsd#et-gaap_InvestmentPropertyFairValueMethodDisposals" xlink:label="InvestmentPropertyFairValueMethodDisposals" xlink:title="InvestmentPropertyFairValueMethodDisposals"/>
    <link:definitionArc xlink:type="arc" xlink:arcrole="http://xbrl.org/int/dim/arcrole/domain-member" xlink:from="InvestmentPropertyFairValueMethodStructureAbstract" xlink:to="InvestmentPropertyFairValueMethodDisposals" xlink:title="definition: InvestmentPropertyFairValueMethodStructureAbstract to InvestmentPropertyFairValueMethodDisposals" use="optional" order="4.0"/>
    <link:loc xlink:type="locator" xlink:href="../../et-gaap-cor_2011-01-01.xsd#et-gaap_InvestmentPropertyFairValueMethodAdditionsThroughBusinessCombinations" xlink:label="InvestmentPropertyFairValueMethodAdditionsThroughBusinessCombinations" xlink:title="InvestmentPropertyFairValueMethodAdditionsThroughBusinessCombinations"/>
    <link:definitionArc xlink:type="arc" xlink:arcrole="http://xbrl.org/int/dim/arcrole/domain-member" xlink:from="InvestmentPropertyFairValueMethodStructureAbstract" xlink:to="InvestmentPropertyFairValueMethodAdditionsThroughBusinessCombinations" xlink:title="definition: InvestmentPropertyFairValueMethodStructureAbstract to InvestmentPropertyFairValueMethodAdditionsThroughBusinessCombinations" use="optional" order="5.0"/>
    <link:loc xlink:type="locator" xlink:href="../../et-gaap-cor_2011-01-01.xsd#et-gaap_ReclassificationsInvestmentPropertyFairValueMethodReclassifications" xlink:label="ReclassificationsInvestmentPropertyFairValueMethodReclassifications" xlink:title="ReclassificationsInvestmentPropertyFairValueMethodReclassifications"/>
    <link:definitionArc xlink:type="arc" xlink:arcrole="http://xbrl.org/int/dim/arcrole/domain-member" xlink:from="InvestmentPropertyFairValueMethodStructureAbstract" xlink:to="ReclassificationsInvestmentPropertyFairValueMethodReclassifications" xlink:title="definition: InvestmentPropertyFairValueMethodStructureAbstract to ReclassificationsInvestmentPropertyFairValueMethodReclassifications" use="optional" order="6.0"/>
    <link:loc xlink:type="locator" xlink:href="../../et-gaap-cor_2011-01-01.xsd#et-gaap_InvestmentPropertyFairValueMethodOtherChanges" xlink:label="InvestmentPropertyFairValueMethodOtherChanges" xlink:title="InvestmentPropertyFairValueMethodOtherChanges"/>
    <link:definitionArc xlink:type="arc" xlink:arcrole="http://xbrl.org/int/dim/arcrole/domain-member" xlink:from="InvestmentPropertyFairValueMethodStructureAbstract" xlink:to="InvestmentPropertyFairValueMethodOtherChanges" xlink:title="definition: InvestmentPropertyFairValueMethodStructureAbstract to InvestmentPropertyFairValueMethodOtherChanges" use="optional" order="7.0"/>
    <link:loc xlink:type="locator" xlink:href="../../et-gaap-cor_2011-01-01.xsd#et-gaap_InvestmentPropertyFairValueMethodAtEndOfPeriod" xlink:label="InvestmentPropertyFairValueMethodAtEndOfPeriod" xlink:title="InvestmentPropertyFairValueMethodAtEndOfPeriod"/>
    <link:definitionArc xlink:type="arc" xlink:arcrole="http://xbrl.org/int/dim/arcrole/domain-member" xlink:from="InvestmentPropertyFairValueMethodStructureAbstract" xlink:to="InvestmentPropertyFairValueMethodAtEndOfPeriod" xlink:title="definition: InvestmentPropertyFairValueMethodStructureAbstract to InvestmentPropertyFairValueMethodAtEndOfPeriod" use="optional" order="8.0"/>
    <link:loc xlink:type="locator" xlink:href="../../et-gaap-cor_2011-01-01.xsd#et-gaap_InvestmentPropertyFairValueMethodHypercube" xlink:label="InvestmentPropertyFairValueMethodHypercube" xlink:title="InvestmentPropertyFairValueMethodHypercube"/>
    <link:definitionArc xlink:type="arc" xlink:arcrole="http://xbrl.org/int/dim/arcrole/all" xlink:from="InvestmentPropertyFairValueMethodStructureAbstract" xlink:to="InvestmentPropertyFairValueMethodHypercube" xlink:title="definition: InvestmentPropertyFairValueMethodStructureAbstract to InvestmentPropertyFairValueMethodHypercube" order="9.0" p0:contextElement="scenario"/>
    <link:loc xlink:type="locator" xlink:href="../../et-gaap-cor_2011-01-01.xsd#et-gaap_InvestmentPropertyFairValueMethodDimension" xlink:label="InvestmentPropertyFairValueMethodDimension" xlink:title="InvestmentPropertyFairValueMethodDimension"/>
    <link:definitionArc xlink:type="arc" xlink:arcrole="http://xbrl.org/int/dim/arcrole/hypercube-dimension" xlink:from="InvestmentPropertyFairValueMethodHypercube" xlink:to="InvestmentPropertyFairValueMethodDimension" xlink:title="definition: InvestmentPropertyFairValueMethodHypercube to InvestmentPropertyFairValueMethodDimension" order="1.0"/>
    <link:loc xlink:type="locator" xlink:href="../../et-gaap-cor_2011-01-01.xsd#et-gaap_InvestmentPropertyFairValueMethodAllocationAbstract" xlink:label="InvestmentPropertyFairValueMethodAllocationAbstract" xlink:title="InvestmentPropertyFairValueMethodAllocationAbstract"/>
    <link:definitionArc xlink:type="arc" xlink:arcrole="http://xbrl.org/int/dim/arcrole/dimension-domain" xlink:from="InvestmentPropertyFairValueMethodDimension" xlink:to="InvestmentPropertyFairValueMethodAllocationAbstract" xlink:title="definition: InvestmentPropertyFairValueMethodDimension to InvestmentPropertyFairValueMethodAllocationAbstract" order="1.0"/>
    <link:loc xlink:type="locator" xlink:href="../../et-gaap-cor_2011-01-01.xsd#et-gaap_NoteInvestmentProperty" xlink:label="NoteInvestmentProperty" xlink:title="NoteInvestmentProperty"/>
    <link:definitionArc xlink:type="arc" xlink:arcrole="http://xbrl.org/int/dim/arcrole/domain-member" xlink:from="NoteInvestmentPropertyAbstract" xlink:to="NoteInvestmentProperty" xlink:title="definition: NoteInvestmentPropertyAbstract to NoteInvestmentProperty" use="optional" order="3.0"/>
  </link:definitionLink>
</link:linkbase>
