<?xml version="1.0" encoding="UTF-8"?>
<!--
**************************************************************
et-gaap Taxonomy: 2011-01-01 (Final)

Copyright (C) 2010 Centre of Registers and Information Systems
**************************************************************
-->
<link:linkbase xmlns:xsi="http://www.w3.org/2001/XMLSchema-instance" xsi:schemaLocation="http://www.xbrl.org/2003/linkbase http://www.xbrl.org/2003/xbrl-linkbase-2003-12-31.xsd" xmlns:link="http://www.xbrl.org/2003/linkbase" xmlns:xlink="http://www.w3.org/1999/xlink">
  <link:roleRef roleURI="http://xbrl.eesti.ee/role/et-gaap_2011-01-01/ProfitDistributionResolution_role-703010" xlink:type="simple" xlink:href="role-703000.xsd#ProfitDistributionResolution_role-703010"/>
  <link:calculationLink xlink:type="extended" xlink:role="http://xbrl.eesti.ee/role/et-gaap_2011-01-01/ProfitDistributionResolution_role-703010">
    <link:loc xlink:type="locator" xlink:href="../../et-gaap-cor_2011-01-01.xsd#et-gaap_RetainedEarningsLossWithAnnualPeriodProfitLoss" xlink:label="RetainedEarningsLossWithAnnualPeriodProfitLoss" xlink:title="RetainedEarningsLossWithAnnualPeriodProfitLoss"/>
    <link:loc xlink:type="locator" xlink:href="../../et-gaap-cor_2011-01-01.xsd#et-gaap_RetainedEarningsLoss" xlink:label="RetainedEarningsLoss" xlink:title="RetainedEarningsLoss"/>
    <link:calculationArc xlink:type="arc" xlink:arcrole="http://www.xbrl.org/2003/arcrole/summation-item" xlink:from="RetainedEarningsLossWithAnnualPeriodProfitLoss" xlink:to="RetainedEarningsLoss" xlink:title="calculation: RetainedEarningsLossWithAnnualPeriodProfitLoss to RetainedEarningsLoss" use="optional" order="1.0" weight="1.0"/>
    <link:loc xlink:type="locator" xlink:href="../../et-gaap-cor_2011-01-01.xsd#et-gaap_AnnualPeriodProfitLoss" xlink:label="AnnualPeriodProfitLoss" xlink:title="AnnualPeriodProfitLoss"/>
    <link:calculationArc xlink:type="arc" xlink:arcrole="http://www.xbrl.org/2003/arcrole/summation-item" xlink:from="RetainedEarningsLossWithAnnualPeriodProfitLoss" xlink:to="AnnualPeriodProfitLoss" xlink:title="calculation: RetainedEarningsLossWithAnnualPeriodProfitLoss to AnnualPeriodProfitLoss" use="optional" order="2.0" weight="1.0"/>
    <link:loc xlink:type="locator" xlink:href="../../et-gaap-cor_2011-01-01.xsd#et-gaap_ResolutionDistributionCoveringTotal" xlink:label="ResolutionDistributionCoveringTotal" xlink:title="ResolutionDistributionCoveringTotal"/>
    <link:loc xlink:type="locator" xlink:href="../../et-gaap-cor_2011-01-01.xsd#et-gaap_ResolutionRetainedEarningsAfterDistributionCovering" xlink:label="ResolutionRetainedEarningsAfterDistributionCovering" xlink:title="ResolutionRetainedEarningsAfterDistributionCovering"/>
    <link:calculationArc xlink:type="arc" xlink:arcrole="http://www.xbrl.org/2003/arcrole/summation-item" xlink:from="ResolutionDistributionCoveringTotal" xlink:to="ResolutionRetainedEarningsAfterDistributionCovering" xlink:title="calculation: ResolutionDistributionCoveringTotal to ResolutionRetainedEarningsAfterDistributionCovering" order="1.0" weight="1.0"/>
    <link:loc xlink:type="locator" xlink:href="../../et-gaap-cor_2011-01-01.xsd#et-gaap_ResolutionOtherAdditionalItemValue" xlink:label="ResolutionOtherAdditionalItemValue" xlink:title="ResolutionOtherAdditionalItemValue"/>
    <link:calculationArc xlink:type="arc" xlink:arcrole="http://www.xbrl.org/2003/arcrole/summation-item" xlink:from="ResolutionDistributionCoveringTotal" xlink:to="ResolutionOtherAdditionalItemValue" xlink:title="calculation: ResolutionDistributionCoveringTotal to ResolutionOtherAdditionalItemValue" order="2.0" weight="1.0"/>
    <link:loc xlink:type="locator" xlink:href="../../et-gaap-cor_2011-01-01.xsd#et-gaap_ResolutionStatutoryReserveCapitalIncreaseDecrease" xlink:label="ResolutionStatutoryReserveCapitalIncreaseDecrease" xlink:title="ResolutionStatutoryReserveCapitalIncreaseDecrease"/>
    <link:calculationArc xlink:type="arc" xlink:arcrole="http://www.xbrl.org/2003/arcrole/summation-item" xlink:from="ResolutionDistributionCoveringTotal" xlink:to="ResolutionStatutoryReserveCapitalIncreaseDecrease" xlink:title="calculation: ResolutionDistributionCoveringTotal to ResolutionStatutoryReserveCapitalIncreaseDecrease" use="optional" order="3.0" weight="1.0"/>
    <link:loc xlink:type="locator" xlink:href="../../et-gaap-cor_2011-01-01.xsd#et-gaap_ResolutionOtherReservesIncreaseDecrease" xlink:label="ResolutionOtherReservesIncreaseDecrease" xlink:title="ResolutionOtherReservesIncreaseDecrease"/>
    <link:calculationArc xlink:type="arc" xlink:arcrole="http://www.xbrl.org/2003/arcrole/summation-item" xlink:from="ResolutionDistributionCoveringTotal" xlink:to="ResolutionOtherReservesIncreaseDecrease" xlink:title="calculation: ResolutionDistributionCoveringTotal to ResolutionOtherReservesIncreaseDecrease" use="optional" order="4.0" weight="1.0"/>
    <link:loc xlink:type="locator" xlink:href="../../et-gaap-cor_2011-01-01.xsd#et-gaap_ResolutionDividends" xlink:label="ResolutionDividends" xlink:title="ResolutionDividends"/>
    <link:calculationArc xlink:type="arc" xlink:arcrole="http://www.xbrl.org/2003/arcrole/summation-item" xlink:from="ResolutionDistributionCoveringTotal" xlink:to="ResolutionDividends" xlink:title="calculation: ResolutionDistributionCoveringTotal to ResolutionDividends" use="optional" order="5.0" weight="1.0"/>
    <link:loc xlink:type="locator" xlink:href="../../et-gaap-cor_2011-01-01.xsd#et-gaap_ResolutionSharePremiumDecrease" xlink:label="ResolutionSharePremiumDecrease" xlink:title="ResolutionSharePremiumDecrease"/>
    <link:calculationArc xlink:type="arc" xlink:arcrole="http://www.xbrl.org/2003/arcrole/summation-item" xlink:from="ResolutionDistributionCoveringTotal" xlink:to="ResolutionSharePremiumDecrease" xlink:title="calculation: ResolutionDistributionCoveringTotal to ResolutionSharePremiumDecrease" use="optional" order="6.0" weight="1.0"/>
    <link:loc xlink:type="locator" xlink:href="../../et-gaap-cor_2011-01-01.xsd#et-gaap_ResolutionShareCapitalIncreaseDecrease" xlink:label="ResolutionShareCapitalIncreaseDecrease" xlink:title="ResolutionShareCapitalIncreaseDecrease"/>
    <link:calculationArc xlink:type="arc" xlink:arcrole="http://www.xbrl.org/2003/arcrole/summation-item" xlink:from="ResolutionDistributionCoveringTotal" xlink:to="ResolutionShareCapitalIncreaseDecrease" xlink:title="calculation: ResolutionDistributionCoveringTotal to ResolutionShareCapitalIncreaseDecrease" use="optional" order="7.0" weight="1.0"/>
    <link:loc xlink:type="locator" xlink:href="../../et-gaap-cor_2011-01-01.xsd#et-gaap_ResolutionAdditionalPaymentsIntoShareCapital" xlink:label="ResolutionAdditionalPaymentsIntoShareCapital" xlink:title="ResolutionAdditionalPaymentsIntoShareCapital"/>
    <link:calculationArc xlink:type="arc" xlink:arcrole="http://www.xbrl.org/2003/arcrole/summation-item" xlink:from="ResolutionDistributionCoveringTotal" xlink:to="ResolutionAdditionalPaymentsIntoShareCapital" xlink:title="calculation: ResolutionDistributionCoveringTotal to ResolutionAdditionalPaymentsIntoShareCapital" use="optional" order="8.0" weight="1.0"/>
  </link:calculationLink>
</link:linkbase>
