<?xml version="1.0" encoding="UTF-8"?>
<!--
**************************************************************
et-gaap Taxonomy: 2011-01-01 (Final)

Copyright (C) 2010 Centre of Registers and Information Systems
**************************************************************
-->
<link:linkbase xmlns:xsi="http://www.w3.org/2001/XMLSchema-instance" xsi:schemaLocation="http://www.xbrl.org/2003/linkbase http://www.xbrl.org/2003/xbrl-linkbase-2003-12-31.xsd" xmlns:link="http://www.xbrl.org/2003/linkbase" xmlns:p0="http://xbrl.org/2005/xbrldt" xmlns:xlink="http://www.w3.org/1999/xlink">
  <link:roleRef roleURI="http://xbrl.eesti.ee/role/et-gaap_2011-01-01/ProfitDistributionResolution_role-703030" xlink:type="simple" xlink:href="role-703000.xsd#ProfitDistributionResolution_role-703030"/>
  <link:arcroleRef arcroleURI="http://xbrl.org/int/dim/arcrole/domain-member" xlink:type="simple" xlink:href="http://www.xbrl.org/2005/xbrldt-2005.xsd#domain-member"/>
  <link:definitionLink xlink:type="extended" xlink:role="http://xbrl.eesti.ee/role/et-gaap_2011-01-01/ProfitDistributionResolution_role-703030">
    <link:loc xlink:type="locator" xlink:href="../../et-gaap-cor_2011-01-01.xsd#et-gaap_ProfitDistributionResolutionAbstract" xlink:label="ProfitDistributionResolutionAbstract" xlink:title="ProfitDistributionResolutionAbstract"/>
    <link:loc xlink:type="locator" xlink:href="../../et-gaap-cor_2011-01-01.xsd#et-gaap_RetainedEarningsLoss" xlink:label="RetainedEarningsLoss" xlink:title="RetainedEarningsLoss"/>
    <link:definitionArc xlink:type="arc" xlink:arcrole="http://xbrl.org/int/dim/arcrole/domain-member" xlink:from="ProfitDistributionResolutionAbstract" xlink:to="RetainedEarningsLoss" xlink:title="definition: ProfitDistributionResolutionAbstract to RetainedEarningsLoss" use="optional" order="1.0"/>
    <link:loc xlink:type="locator" xlink:href="../../et-gaap-cor_2011-01-01.xsd#et-gaap_AnnualPeriodProfitLoss" xlink:label="AnnualPeriodProfitLoss" xlink:title="AnnualPeriodProfitLoss"/>
    <link:definitionArc xlink:type="arc" xlink:arcrole="http://xbrl.org/int/dim/arcrole/domain-member" xlink:from="ProfitDistributionResolutionAbstract" xlink:to="AnnualPeriodProfitLoss" xlink:title="definition: ProfitDistributionResolutionAbstract to AnnualPeriodProfitLoss" use="optional" order="2.0"/>
    <link:loc xlink:type="locator" xlink:href="../../et-gaap-cor_2011-01-01.xsd#et-gaap_RetainedEarningsLossWithAnnualPeriodProfitLoss" xlink:label="RetainedEarningsLossWithAnnualPeriodProfitLoss" xlink:title="RetainedEarningsLossWithAnnualPeriodProfitLoss"/>
    <link:definitionArc xlink:type="arc" xlink:arcrole="http://xbrl.org/int/dim/arcrole/domain-member" xlink:from="ProfitDistributionResolutionAbstract" xlink:to="RetainedEarningsLossWithAnnualPeriodProfitLoss" xlink:title="definition: ProfitDistributionResolutionAbstract to RetainedEarningsLossWithAnnualPeriodProfitLoss" use="optional" order="3.0"/>
    <link:loc xlink:type="locator" xlink:href="../../et-gaap-cor_2011-01-01.xsd#et-gaap_ProfitDistributionAbstract" xlink:label="ProfitDistributionAbstract" xlink:title="ProfitDistributionAbstract"/>
    <link:definitionArc xlink:type="arc" xlink:arcrole="http://xbrl.org/int/dim/arcrole/domain-member" xlink:from="ProfitDistributionResolutionAbstract" xlink:to="ProfitDistributionAbstract" xlink:title="definition: ProfitDistributionResolutionAbstract to ProfitDistributionAbstract" use="optional" order="4.0"/>
    <link:loc xlink:type="locator" xlink:href="../../et-gaap-cor_2011-01-01.xsd#et-gaap_ResolutionStatutoryReserveCapitalIncreaseDecrease" xlink:label="ResolutionStatutoryReserveCapitalIncreaseDecrease" xlink:title="ResolutionStatutoryReserveCapitalIncreaseDecrease"/>
    <link:definitionArc xlink:type="arc" xlink:arcrole="http://xbrl.org/int/dim/arcrole/domain-member" xlink:from="ProfitDistributionAbstract" xlink:to="ResolutionStatutoryReserveCapitalIncreaseDecrease" xlink:title="definition: ProfitDistributionAbstract to ResolutionStatutoryReserveCapitalIncreaseDecrease" use="optional" order="1.0"/>
    <link:loc xlink:type="locator" xlink:href="../../et-gaap-cor_2011-01-01.xsd#et-gaap_ResolutionOtherReservesIncreaseDecrease" xlink:label="ResolutionOtherReservesIncreaseDecrease" xlink:title="ResolutionOtherReservesIncreaseDecrease"/>
    <link:definitionArc xlink:type="arc" xlink:arcrole="http://xbrl.org/int/dim/arcrole/domain-member" xlink:from="ProfitDistributionAbstract" xlink:to="ResolutionOtherReservesIncreaseDecrease" xlink:title="definition: ProfitDistributionAbstract to ResolutionOtherReservesIncreaseDecrease" use="optional" order="2.0"/>
    <link:loc xlink:type="locator" xlink:href="../../et-gaap-cor_2011-01-01.xsd#et-gaap_ResolutionDividends" xlink:label="ResolutionDividends" xlink:title="ResolutionDividends"/>
    <link:definitionArc xlink:type="arc" xlink:arcrole="http://xbrl.org/int/dim/arcrole/domain-member" xlink:from="ProfitDistributionAbstract" xlink:to="ResolutionDividends" xlink:title="definition: ProfitDistributionAbstract to ResolutionDividends" use="optional" order="3.0"/>
    <link:loc xlink:type="locator" xlink:href="../../et-gaap-cor_2011-01-01.xsd#et-gaap_ResolutionSharePremiumDecrease" xlink:label="ResolutionSharePremiumDecrease" xlink:title="ResolutionSharePremiumDecrease"/>
    <link:definitionArc xlink:type="arc" xlink:arcrole="http://xbrl.org/int/dim/arcrole/domain-member" xlink:from="ProfitDistributionAbstract" xlink:to="ResolutionSharePremiumDecrease" xlink:title="definition: ProfitDistributionAbstract to ResolutionSharePremiumDecrease" use="optional" order="4.0"/>
    <link:loc xlink:type="locator" xlink:href="../../et-gaap-cor_2011-01-01.xsd#et-gaap_ResolutionRetainedEarningsAfterDistributionCovering" xlink:label="ResolutionRetainedEarningsAfterDistributionCovering" xlink:title="ResolutionRetainedEarningsAfterDistributionCoverning"/>
    <link:definitionArc xlink:type="arc" xlink:arcrole="http://xbrl.org/int/dim/arcrole/domain-member" xlink:from="ProfitDistributionAbstract" xlink:to="ResolutionRetainedEarningsAfterDistributionCovering" xlink:title="definition: ProfitDistributionAbstract to ResolutionRetainedEarningsAfterDistributionCovering" use="optional" order="8.0"/>
    <link:loc xlink:type="locator" xlink:href="../../et-gaap-cor_2011-01-01.xsd#et-gaap_ResolutionDistributionCoveringTotal" xlink:label="ResolutionDistributionCoveringTotal" xlink:title="ResolutionDistributionCoverningTotal"/>
    <link:definitionArc xlink:type="arc" xlink:arcrole="http://xbrl.org/int/dim/arcrole/domain-member" xlink:from="ProfitDistributionAbstract" xlink:to="ResolutionDistributionCoveringTotal" xlink:title="definition: ProfitDistributionAbstract to ResolutionDistributionCoveringTotal" use="optional" order="9.0"/>
    <link:loc xlink:type="locator" xlink:href="../../et-gaap-cor_2011-01-01.xsd#et-gaap_ResolutionShareCapitalIncreaseDecreaseType2" xlink:label="ResolutionShareCapitalIncreaseDecreaseType2" xlink:title="ResolutionShareCapitalIncreaseDecreaseType2"/>
    <link:definitionArc xlink:type="arc" xlink:arcrole="http://xbrl.org/int/dim/arcrole/domain-member" xlink:from="ProfitDistributionAbstract" xlink:to="ResolutionShareCapitalIncreaseDecreaseType2" xlink:title="definition: ProfitDistributionAbstract to ResolutionShareCapitalIncreaseDecreaseType2" use="optional" order="5.0"/>
    <link:loc xlink:type="locator" xlink:href="../../et-gaap-cor_2011-01-01.xsd#et-gaap_ResolutionAdditionalPaymentsIntoShareCapitalType2" xlink:label="ResolutionAdditionalPaymentsIntoShareCapitalType2" xlink:title="ResolutionAdditionalPaymentsIntoShareCapitalType2"/>
    <link:definitionArc xlink:type="arc" xlink:arcrole="http://xbrl.org/int/dim/arcrole/domain-member" xlink:from="ProfitDistributionAbstract" xlink:to="ResolutionAdditionalPaymentsIntoShareCapitalType2" xlink:title="definition: ProfitDistributionAbstract to ResolutionAdditionalPaymentsIntoShareCapitalType2" use="optional" order="6.0"/>
    <link:loc xlink:type="locator" xlink:href="../../et-gaap-cor_2011-01-01.xsd#et-gaap_ProfitDistributionResolution" xlink:label="ProfitDistributionResolution" xlink:title="ProfitDistributionResolution"/>
    <link:definitionArc xlink:type="arc" xlink:arcrole="http://xbrl.org/int/dim/arcrole/domain-member" xlink:from="ProfitDistributionResolutionAbstract" xlink:to="ProfitDistributionResolution" xlink:title="definition: ProfitDistributionResolutionAbstract to ProfitDistributionResolution" use="optional" order="5.0"/>
  </link:definitionLink>
</link:linkbase>
