<?xml version="1.0" encoding="UTF-8"?>
<!--
**************************************************************
et-gaap Taxonomy: 2011-01-01 (Final)

Copyright (C) 2010 Centre of Registers and Information Systems
**************************************************************
-->
<link:linkbase xmlns:xsi="http://www.w3.org/2001/XMLSchema-instance" xsi:schemaLocation="http://www.xbrl.org/2003/linkbase http://www.xbrl.org/2003/xbrl-linkbase-2003-12-31.xsd" xmlns:link="http://www.xbrl.org/2003/linkbase" xmlns:p0="http://xbrl.org/2005/xbrldt" xmlns:xlink="http://www.w3.org/1999/xlink">
  <link:roleRef roleURI="http://xbrl.eesti.ee/role/et-gaap_2011-01-01/ResolutionForCoveringTheLoss_role-703020" xlink:type="simple" xlink:href="role-703000.xsd#ResolutionForCoveringTheLoss_role-703020"/>
  <link:arcroleRef arcroleURI="http://xbrl.org/int/dim/arcrole/domain-member" xlink:type="simple" xlink:href="http://www.xbrl.org/2005/xbrldt-2005.xsd#domain-member"/>
  <link:definitionLink xlink:type="extended" xlink:role="http://xbrl.eesti.ee/role/et-gaap_2011-01-01/ResolutionForCoveringTheLoss_role-703020">
    <link:loc xlink:type="locator" xlink:href="../../et-gaap-cor_2011-01-01.xsd#et-gaap_ResolutionForCoveringLossAbstract" xlink:label="ResolutionForCoveringLossAbstract" xlink:title="ResolutionForCoveringLossAbstract"/>
    <link:loc xlink:type="locator" xlink:href="../../et-gaap-cor_2011-01-01.xsd#et-gaap_RetainedEarningsLoss" xlink:label="RetainedEarningsLoss" xlink:title="RetainedEarningsLoss"/>
    <link:definitionArc xlink:type="arc" xlink:arcrole="http://xbrl.org/int/dim/arcrole/domain-member" xlink:from="ResolutionForCoveringLossAbstract" xlink:to="RetainedEarningsLoss" xlink:title="definition: ResolutionForCoveringLossAbstract to RetainedEarningsLoss" use="optional" order="1.0"/>
    <link:loc xlink:type="locator" xlink:href="../../et-gaap-cor_2011-01-01.xsd#et-gaap_AnnualPeriodProfitLoss" xlink:label="AnnualPeriodProfitLoss" xlink:title="AnnualPeriodProfitLoss"/>
    <link:definitionArc xlink:type="arc" xlink:arcrole="http://xbrl.org/int/dim/arcrole/domain-member" xlink:from="ResolutionForCoveringLossAbstract" xlink:to="AnnualPeriodProfitLoss" xlink:title="definition: ResolutionForCoveringLossAbstract to AnnualPeriodProfitLoss" use="optional" order="2.0"/>
    <link:loc xlink:type="locator" xlink:href="../../et-gaap-cor_2011-01-01.xsd#et-gaap_RetainedEarningsLossWithAnnualPeriodProfitLoss" xlink:label="RetainedEarningsLossWithAnnualPeriodProfitLoss" xlink:title="RetainedEarningsLossWithAnnualPeriodProfitLoss"/>
    <link:definitionArc xlink:type="arc" xlink:arcrole="http://xbrl.org/int/dim/arcrole/domain-member" xlink:from="ResolutionForCoveringLossAbstract" xlink:to="RetainedEarningsLossWithAnnualPeriodProfitLoss" xlink:title="definition: ResolutionForCoveringLossAbstract to RetainedEarningsLossWithAnnualPeriodProfitLoss" use="optional" order="3.0"/>
    <link:loc xlink:type="locator" xlink:href="../../et-gaap-cor_2011-01-01.xsd#et-gaap_CoveringLossAbstract" xlink:label="CoveringLossAbstract" xlink:title="CoveringLossAbstract"/>
    <link:definitionArc xlink:type="arc" xlink:arcrole="http://xbrl.org/int/dim/arcrole/domain-member" xlink:from="ResolutionForCoveringLossAbstract" xlink:to="CoveringLossAbstract" xlink:title="definition: ResolutionForCoveringLossAbstract to CoveringLossAbstract" use="optional" order="4.0"/>
    <link:loc xlink:type="locator" xlink:href="../../et-gaap-cor_2011-01-01.xsd#et-gaap_ResolutionStatutoryReserveCapitalIncreaseDecrease" xlink:label="ResolutionStatutoryReserveCapitalIncreaseDecrease" xlink:title="ResolutionStatutoryReserveCapitalIncreaseDecrease"/>
    <link:definitionArc xlink:type="arc" xlink:arcrole="http://xbrl.org/int/dim/arcrole/domain-member" xlink:from="CoveringLossAbstract" xlink:to="ResolutionStatutoryReserveCapitalIncreaseDecrease" xlink:title="definition: CoveringLossAbstract to ResolutionStatutoryReserveCapitalIncreaseDecrease" use="optional" order="1.0"/>
    <link:loc xlink:type="locator" xlink:href="../../et-gaap-cor_2011-01-01.xsd#et-gaap_ResolutionOtherReservesIncreaseDecrease" xlink:label="ResolutionOtherReservesIncreaseDecrease" xlink:title="ResolutionOtherReservesIncreaseDecrease"/>
    <link:definitionArc xlink:type="arc" xlink:arcrole="http://xbrl.org/int/dim/arcrole/domain-member" xlink:from="CoveringLossAbstract" xlink:to="ResolutionOtherReservesIncreaseDecrease" xlink:title="definition: CoveringLossAbstract to ResolutionOtherReservesIncreaseDecrease" use="optional" order="2.0"/>
    <link:loc xlink:type="locator" xlink:href="../../et-gaap-cor_2011-01-01.xsd#et-gaap_ResolutionDividends" xlink:label="ResolutionDividends" xlink:title="ResolutionDividends"/>
    <link:definitionArc xlink:type="arc" xlink:arcrole="http://xbrl.org/int/dim/arcrole/domain-member" xlink:from="CoveringLossAbstract" xlink:to="ResolutionDividends" xlink:title="definition: CoveringLossAbstract to ResolutionDividends" use="optional" order="3.0"/>
    <link:loc xlink:type="locator" xlink:href="../../et-gaap-cor_2011-01-01.xsd#et-gaap_ResolutionSharePremiumDecrease" xlink:label="ResolutionSharePremiumDecrease" xlink:title="ResolutionSharePremiumDecrease"/>
    <link:definitionArc xlink:type="arc" xlink:arcrole="http://xbrl.org/int/dim/arcrole/domain-member" xlink:from="CoveringLossAbstract" xlink:to="ResolutionSharePremiumDecrease" xlink:title="definition: CoveringLossAbstract to ResolutionSharePremiumDecrease" use="optional" order="4.0"/>
    <link:loc xlink:type="locator" xlink:href="../../et-gaap-cor_2011-01-01.xsd#et-gaap_ResolutionShareCapitalIncreaseDecrease" xlink:label="ResolutionShareCapitalIncreaseDecrease" xlink:title="ResolutionShareCapitalIncreaseDecrease"/>
    <link:definitionArc xlink:type="arc" xlink:arcrole="http://xbrl.org/int/dim/arcrole/domain-member" xlink:from="CoveringLossAbstract" xlink:to="ResolutionShareCapitalIncreaseDecrease" xlink:title="definition: CoveringLossAbstract to ResolutionShareCapitalIncreaseDecrease" use="optional" order="5.0"/>
    <link:loc xlink:type="locator" xlink:href="../../et-gaap-cor_2011-01-01.xsd#et-gaap_ResolutionAdditionalPaymentsIntoShareCapital" xlink:label="ResolutionAdditionalPaymentsIntoShareCapital" xlink:title="ResolutionAdditionalPaymentsIntoShareCapital"/>
    <link:definitionArc xlink:type="arc" xlink:arcrole="http://xbrl.org/int/dim/arcrole/domain-member" xlink:from="CoveringLossAbstract" xlink:to="ResolutionAdditionalPaymentsIntoShareCapital" xlink:title="definition: CoveringLossAbstract to ResolutionAdditionalPaymentsIntoShareCapital" use="optional" order="6.0"/>
    <link:loc xlink:type="locator" xlink:href="../../et-gaap-cor_2011-01-01.xsd#et-gaap_ResolutionRetainedEarningsAfterDistributionCovering" xlink:label="ResolutionRetainedEarningsAfterDistributionCoverning" xlink:title="ResolutionRetainedEarningsAfterDistributionCoverning"/>
    <link:definitionArc xlink:type="arc" xlink:arcrole="http://xbrl.org/int/dim/arcrole/domain-member" xlink:from="CoveringLossAbstract" xlink:to="ResolutionRetainedEarningsAfterDistributionCoverning" xlink:title="definition: CoveringLossAbstract to ResolutionRetainedEarningsAfterDistributionCoverning" use="optional" order="8.0"/>
    <link:loc xlink:type="locator" xlink:href="../../et-gaap-cor_2011-01-01.xsd#et-gaap_ResolutionDistributionCoveringTotal" xlink:label="ResolutionDistributionCoverningTotal" xlink:title="ResolutionDistributionCoverningTotal"/>
    <link:definitionArc xlink:type="arc" xlink:arcrole="http://xbrl.org/int/dim/arcrole/domain-member" xlink:from="CoveringLossAbstract" xlink:to="ResolutionDistributionCoverningTotal" xlink:title="definition: CoveringLossAbstract to ResolutionDistributionCoverningTotal" use="optional" order="9.0"/>
    <link:loc xlink:type="locator" xlink:href="../../et-gaap-cor_2011-01-01.xsd#et-gaap_ResolutionForCoveringLoss" xlink:label="ResolutionForCoveringLoss" xlink:title="ResolutionForCoveringLoss"/>
    <link:definitionArc xlink:type="arc" xlink:arcrole="http://xbrl.org/int/dim/arcrole/domain-member" xlink:from="ResolutionForCoveringLossAbstract" xlink:to="ResolutionForCoveringLoss" xlink:title="definition: ResolutionForCoveringLossAbstract to ResolutionForCoveringLoss" use="optional" order="5.0"/>
  </link:definitionLink>
</link:linkbase>
