<?xml version="1.0" encoding="UTF-8"?>
<!--
**************************************************************
et-gaap Taxonomy: 2011-01-01 (Final)

Copyright (C) 2010 Centre of Registers and Information Systems
**************************************************************
-->
<link:linkbase xmlns:xsi="http://www.w3.org/2001/XMLSchema-instance" xsi:schemaLocation="http://www.xbrl.org/2003/linkbase http://www.xbrl.org/2003/xbrl-linkbase-2003-12-31.xsd" xmlns:link="http://www.xbrl.org/2003/linkbase" xmlns:xlink="http://www.w3.org/1999/xlink" xmlns:p0="http://xbrl.org/2005/xbrldt">
  <link:roleRef roleURI="http://xbrl.eesti.ee/role/et-gaap_2011-01-01/NoteIntangibleAssets_role-818000" xlink:type="simple" xlink:href="role-818000.xsd#NoteIntangibleAssets_role-818000"/>
  <link:arcroleRef arcroleURI="http://xbrl.org/int/dim/arcrole/all" xlink:type="simple" xlink:href="http://www.xbrl.org/2005/xbrldt-2005.xsd#all"/>
  <link:arcroleRef arcroleURI="http://xbrl.org/int/dim/arcrole/dimension-domain" xlink:type="simple" xlink:href="http://www.xbrl.org/2005/xbrldt-2005.xsd#dimension-domain"/>
  <link:arcroleRef arcroleURI="http://xbrl.org/int/dim/arcrole/domain-member" xlink:type="simple" xlink:href="http://www.xbrl.org/2005/xbrldt-2005.xsd#domain-member"/>
  <link:arcroleRef arcroleURI="http://xbrl.org/int/dim/arcrole/hypercube-dimension" xlink:type="simple" xlink:href="http://www.xbrl.org/2005/xbrldt-2005.xsd#hypercube-dimension"/>
  <link:definitionLink xlink:type="extended" xlink:role="http://xbrl.eesti.ee/role/et-gaap_2011-01-01/NoteIntangibleAssets_role-818000">
    <link:loc xlink:type="locator" xlink:href="../../et-gaap-cor_2011-01-01.xsd#et-gaap_NoteIntangibleAssetsAbstract" xlink:label="NoteIntangibleAssetsAbstract" xlink:title="NoteIntangibleAssetsAbstract"/>
    <link:loc xlink:type="locator" xlink:href="../../et-gaap-cor_2011-01-01.xsd#et-gaap_IntangibleAssetsAbstract" xlink:label="IntangibleAssetsAbstract" xlink:title="IntangibleAssetsAbstract"/>
    <link:definitionArc xlink:type="arc" xlink:arcrole="http://xbrl.org/int/dim/arcrole/domain-member" xlink:from="NoteIntangibleAssetsAbstract" xlink:to="IntangibleAssetsAbstract" xlink:title="definition: NoteIntangibleAssetsAbstract to IntangibleAssetsAbstract" order="1.0"/>
    <link:loc xlink:type="locator" xlink:href="../../et-gaap-cor_2011-01-01.xsd#et-gaap_IntangibleAssetsAtEndOfPreviousPeriodAbstract" xlink:label="IntangibleAssetsAtEndOfPreviousPeriodAbstract" xlink:title="IntangibleAssetsAtEndOfPreviousPeriodAbstract"/>
    <link:definitionArc xlink:type="arc" xlink:arcrole="http://xbrl.org/int/dim/arcrole/domain-member" xlink:from="IntangibleAssetsAbstract" xlink:to="IntangibleAssetsAtEndOfPreviousPeriodAbstract" xlink:title="definition: IntangibleAssetsAbstract to IntangibleAssetsAtEndOfPreviousPeriodAbstract" order="1.0"/>
    <link:loc xlink:type="locator" xlink:href="../../et-gaap-cor_2011-01-01.xsd#et-gaap_IntangibleAssetsAtEndOfPreviousPeriodCarriedAtCost" xlink:label="IntangibleAssetsAtEndOfPreviousPeriodCarriedAtCost" xlink:title="IntangibleAssetsAtEndOfPreviousPeriodCarriedAtCost"/>
    <link:definitionArc xlink:type="arc" xlink:arcrole="http://xbrl.org/int/dim/arcrole/domain-member" xlink:from="IntangibleAssetsAtEndOfPreviousPeriodAbstract" xlink:to="IntangibleAssetsAtEndOfPreviousPeriodCarriedAtCost" xlink:title="definition: IntangibleAssetsAtEndOfPreviousPeriodAbstract to IntangibleAssetsAtEndOfPreviousPeriodCarriedAtCost" order="1.0"/>
    <link:loc xlink:type="locator" xlink:href="../../et-gaap-cor_2011-01-01.xsd#et-gaap_IntangibleAssetsAtEndOfPreviousPeriodAccumulatedDepreciation" xlink:label="IntangibleAssetsAtEndOfPreviousPeriodAccumulatedDepreciation" xlink:title="IntangibleAssetsAtEndOfPreviousPeriodAccumulatedDepreciation"/>
    <link:definitionArc xlink:type="arc" xlink:arcrole="http://xbrl.org/int/dim/arcrole/domain-member" xlink:from="IntangibleAssetsAtEndOfPreviousPeriodAbstract" xlink:to="IntangibleAssetsAtEndOfPreviousPeriodAccumulatedDepreciation" xlink:title="definition: IntangibleAssetsAtEndOfPreviousPeriodAbstract to IntangibleAssetsAtEndOfPreviousPeriodAccumulatedDepreciation" order="2.0"/>
    <link:loc xlink:type="locator" xlink:href="../../et-gaap-cor_2011-01-01.xsd#et-gaap_IntangibleAssetsAtEndOfPreviousPeriodResidualCost" xlink:label="IntangibleAssetsAtEndOfPreviousPeriodResidualCost" xlink:title="IntangibleAssetsAtEndOfPreviousPeriodResidualCost"/>
    <link:definitionArc xlink:type="arc" xlink:arcrole="http://xbrl.org/int/dim/arcrole/domain-member" xlink:from="IntangibleAssetsAtEndOfPreviousPeriodAbstract" xlink:to="IntangibleAssetsAtEndOfPreviousPeriodResidualCost" xlink:title="definition: IntangibleAssetsAtEndOfPreviousPeriodAbstract to IntangibleAssetsAtEndOfPreviousPeriodResidualCost" order="3.0"/>
    <link:loc xlink:type="locator" xlink:href="../../et-gaap-cor_2011-01-01.xsd#et-gaap_IntangibleAssetsAcquisitionsAndAdditions" xlink:label="IntangibleAssetsAcquisitionsAndAdditions" xlink:title="IntangibleAssetsAcquisitionsAndAdditions"/>
    <link:definitionArc xlink:type="arc" xlink:arcrole="http://xbrl.org/int/dim/arcrole/domain-member" xlink:from="IntangibleAssetsAbstract" xlink:to="IntangibleAssetsAcquisitionsAndAdditions" xlink:title="definition: IntangibleAssetsAbstract to IntangibleAssetsAcquisitionsAndAdditions" order="2.0"/>
    <link:loc xlink:type="locator" xlink:href="../../et-gaap-cor_2011-01-01.xsd#et-gaap_IntangibleAssetsAdditionsViaBusinessCombinations" xlink:label="IntangibleAssetsAdditionsViaBusinessCombinations" xlink:title="IntangibleAssetsAdditionsViaBusinessCombinations"/>
    <link:definitionArc xlink:type="arc" xlink:arcrole="http://xbrl.org/int/dim/arcrole/domain-member" xlink:from="IntangibleAssetsAbstract" xlink:to="IntangibleAssetsAdditionsViaBusinessCombinations" xlink:title="definition: IntangibleAssetsAbstract to IntangibleAssetsAdditionsViaBusinessCombinations" order="3.0"/>
    <link:loc xlink:type="locator" xlink:href="../../et-gaap-cor_2011-01-01.xsd#et-gaap_IntangibleAssetsDepreciation" xlink:label="IntangibleAssetsDepreciation" xlink:title="IntangibleAssetsDepreciation"/>
    <link:definitionArc xlink:type="arc" xlink:arcrole="http://xbrl.org/int/dim/arcrole/domain-member" xlink:from="IntangibleAssetsAbstract" xlink:to="IntangibleAssetsDepreciation" xlink:title="definition: IntangibleAssetsAbstract to IntangibleAssetsDepreciation" order="4.0"/>
    <link:loc xlink:type="locator" xlink:href="../../et-gaap-cor_2011-01-01.xsd#et-gaap_IntangibleAssetsImpairmentLoss" xlink:label="IntangibleAssetsImpairmentLoss" xlink:title="IntangibleAssetsImpairmentLoss"/>
    <link:definitionArc xlink:type="arc" xlink:arcrole="http://xbrl.org/int/dim/arcrole/domain-member" xlink:from="IntangibleAssetsAbstract" xlink:to="IntangibleAssetsImpairmentLoss" xlink:title="definition: IntangibleAssetsAbstract to IntangibleAssetsImpairmentLoss" order="5.0"/>
    <link:loc xlink:type="locator" xlink:href="../../et-gaap-cor_2011-01-01.xsd#et-gaap_IntangibleAssetsReversingOfImpairmentLoss" xlink:label="IntangibleAssetsReversingOfImpairmentLoss" xlink:title="IntangibleAssetsReversingOfImpairmentLoss"/>
    <link:definitionArc xlink:type="arc" xlink:arcrole="http://xbrl.org/int/dim/arcrole/domain-member" xlink:from="IntangibleAssetsAbstract" xlink:to="IntangibleAssetsReversingOfImpairmentLoss" xlink:title="definition: IntangibleAssetsAbstract to IntangibleAssetsReversingOfImpairmentLoss" order="6.0"/>
    <link:loc xlink:type="locator" xlink:href="../../et-gaap-cor_2011-01-01.xsd#et-gaap_IntangibleAssetsDisposals" xlink:label="IntangibleAssetsDisposals" xlink:title="IntangibleAssetsDisposals"/>
    <link:definitionArc xlink:type="arc" xlink:arcrole="http://xbrl.org/int/dim/arcrole/domain-member" xlink:from="IntangibleAssetsAbstract" xlink:to="IntangibleAssetsDisposals" xlink:title="definition: IntangibleAssetsAbstract to IntangibleAssetsDisposals" order="7.0"/>
    <link:loc xlink:type="locator" xlink:href="../../et-gaap-cor_2011-01-01.xsd#et-gaap_IntangibleAssetsWriteOffs" xlink:label="IntangibleAssetsWriteOffs" xlink:title="IntangibleAssetsWriteOffs"/>
    <link:definitionArc xlink:type="arc" xlink:arcrole="http://xbrl.org/int/dim/arcrole/domain-member" xlink:from="IntangibleAssetsAbstract" xlink:to="IntangibleAssetsWriteOffs" xlink:title="definition: IntangibleAssetsAbstract to IntangibleAssetsWriteOffs" order="8.0"/>
    <link:loc xlink:type="locator" xlink:href="../../et-gaap-cor_2011-01-01.xsd#et-gaap_IntangibleAssetsReclassifications" xlink:label="IntangibleAssetsReclassifications" xlink:title="IntangibleAssetsReclassifications"/>
    <link:definitionArc xlink:type="arc" xlink:arcrole="http://xbrl.org/int/dim/arcrole/domain-member" xlink:from="IntangibleAssetsAbstract" xlink:to="IntangibleAssetsReclassifications" xlink:title="definition: IntangibleAssetsAbstract to IntangibleAssetsReclassifications" order="9.0"/>
    <link:loc xlink:type="locator" xlink:href="../../et-gaap-cor_2011-01-01.xsd#et-gaap_IntangibleAssetsOtherChanges" xlink:label="IntangibleAssetsOtherChanges" xlink:title="IntangibleAssetsOtherChanges"/>
    <link:definitionArc xlink:type="arc" xlink:arcrole="http://xbrl.org/int/dim/arcrole/domain-member" xlink:from="IntangibleAssetsAbstract" xlink:to="IntangibleAssetsOtherChanges" xlink:title="definition: IntangibleAssetsAbstract to IntangibleAssetsOtherChanges" order="10.0"/>
    <link:loc xlink:type="locator" xlink:href="../../et-gaap-cor_2011-01-01.xsd#et-gaap_IntangibleAssetsAtEndOfPeriodAbstract" xlink:label="IntangibleAssetsAtEndOfPeriodAbstract" xlink:title="IntangibleAssetsAtEndOfPeriodAbstract"/>
    <link:definitionArc xlink:type="arc" xlink:arcrole="http://xbrl.org/int/dim/arcrole/domain-member" xlink:from="IntangibleAssetsAbstract" xlink:to="IntangibleAssetsAtEndOfPeriodAbstract" xlink:title="definition: IntangibleAssetsAbstract to IntangibleAssetsAtEndOfPeriodAbstract" order="11.0"/>
    <link:loc xlink:type="locator" xlink:href="../../et-gaap-cor_2011-01-01.xsd#et-gaap_IntangibleAssetsAtEndOfPeriodCarriedAtCost" xlink:label="IntangibleAssetsAtEndOfPeriodCarriedAtCost" xlink:title="IntangibleAssetsAtEndOfPeriodCarriedAtCost"/>
    <link:definitionArc xlink:type="arc" xlink:arcrole="http://xbrl.org/int/dim/arcrole/domain-member" xlink:from="IntangibleAssetsAtEndOfPeriodAbstract" xlink:to="IntangibleAssetsAtEndOfPeriodCarriedAtCost" xlink:title="definition: IntangibleAssetsAtEndOfPeriodAbstract to IntangibleAssetsAtEndOfPeriodCarriedAtCost" order="1.0"/>
    <link:loc xlink:type="locator" xlink:href="../../et-gaap-cor_2011-01-01.xsd#et-gaap_IntangibleAssetsAtEndOfPeriodAccumulatedDepreciation" xlink:label="IntangibleAssetsAtEndOfPeriodAccumulatedDepreciation" xlink:title="IntangibleAssetsAtEndOfPeriodAccumulatedDepreciation"/>
    <link:definitionArc xlink:type="arc" xlink:arcrole="http://xbrl.org/int/dim/arcrole/domain-member" xlink:from="IntangibleAssetsAtEndOfPeriodAbstract" xlink:to="IntangibleAssetsAtEndOfPeriodAccumulatedDepreciation" xlink:title="definition: IntangibleAssetsAtEndOfPeriodAbstract to IntangibleAssetsAtEndOfPeriodAccumulatedDepreciation" order="2.0"/>
    <link:loc xlink:type="locator" xlink:href="../../et-gaap-cor_2011-01-01.xsd#et-gaap_IntangibleAssetsAtEndOfPeriodResidualCost" xlink:label="IntangibleAssetsAtEndOfPeriodResidualCost" xlink:title="IntangibleAssetsAtEndOfPeriodResidualCost"/>
    <link:definitionArc xlink:type="arc" xlink:arcrole="http://xbrl.org/int/dim/arcrole/domain-member" xlink:from="IntangibleAssetsAtEndOfPeriodAbstract" xlink:to="IntangibleAssetsAtEndOfPeriodResidualCost" xlink:title="definition: IntangibleAssetsAtEndOfPeriodAbstract to IntangibleAssetsAtEndOfPeriodResidualCost" order="3.0"/>
    <link:loc xlink:type="locator" xlink:href="../../et-gaap-cor_2011-01-01.xsd#et-gaap_AllocationByIntangibleAssetsHypercube" xlink:label="AllocationByIntangibleAssetsHypercube" xlink:title="AllocationByIntangibleAssetsHypercube"/>
    <link:definitionArc xlink:type="arc" xlink:arcrole="http://xbrl.org/int/dim/arcrole/all" xlink:from="IntangibleAssetsAbstract" xlink:to="AllocationByIntangibleAssetsHypercube" xlink:title="definition: IntangibleAssetsAbstract to AllocationByIntangibleAssetsHypercube" order="12.0" p0:contextElement="scenario" p0:closed="true"/>
    <link:loc xlink:type="locator" xlink:href="../../et-gaap-cor_2011-01-01.xsd#et-gaap_IntangibleAssetsDimension" xlink:label="IntangibleAssetsDimension" xlink:title="IntangibleAssetsDimension"/>
    <link:definitionArc xlink:type="arc" xlink:arcrole="http://xbrl.org/int/dim/arcrole/hypercube-dimension" xlink:from="AllocationByIntangibleAssetsHypercube" xlink:to="IntangibleAssetsDimension" xlink:title="definition: AllocationByIntangibleAssetsHypercube to IntangibleAssetsDimension" order="1.0"/>
    <link:loc xlink:type="locator" xlink:href="../../et-gaap-cor_2011-01-01.xsd#et-gaap_IntangibleAssetsTotalAbstract" xlink:label="IntangibleAssetsTotalAbstract" xlink:title="IntangibleAssetsTotalAbstract"/>
    <link:definitionArc xlink:type="arc" xlink:arcrole="http://xbrl.org/int/dim/arcrole/dimension-domain" xlink:from="IntangibleAssetsDimension" xlink:to="IntangibleAssetsTotalAbstract" xlink:title="definition: IntangibleAssetsDimension to IntangibleAssetsTotalAbstract" order="1.0"/>
    <link:loc xlink:type="locator" xlink:href="../../et-gaap-cor_2011-01-01.xsd#et-gaap_IntangibleAssetsGoodwillAbstract" xlink:label="IntangibleAssetsGoodwillAbstract" xlink:title="IntangibleAssetsGoodwillAbstract"/>
    <link:definitionArc xlink:type="arc" xlink:arcrole="http://xbrl.org/int/dim/arcrole/domain-member" xlink:from="IntangibleAssetsTotalAbstract" xlink:to="IntangibleAssetsGoodwillAbstract" xlink:title="definition: IntangibleAssetsTotalAbstract to IntangibleAssetsGoodwillAbstract" order="1.0"/>
    <link:loc xlink:type="locator" xlink:href="../../et-gaap-cor_2011-01-01.xsd#et-gaap_IntangibleAssetsDevelopmentExpendituresAbstract" xlink:label="IntangibleAssetsDevelopmentExpendituresAbstract" xlink:title="IntangibleAssetsDevelopmentExpendituresAbstract"/>
    <link:definitionArc xlink:type="arc" xlink:arcrole="http://xbrl.org/int/dim/arcrole/domain-member" xlink:from="IntangibleAssetsTotalAbstract" xlink:to="IntangibleAssetsDevelopmentExpendituresAbstract" xlink:title="definition: IntangibleAssetsTotalAbstract to IntangibleAssetsDevelopmentExpendituresAbstract" order="2.0"/>
    <link:loc xlink:type="locator" xlink:href="../../et-gaap-cor_2011-01-01.xsd#et-gaap_IntangibleAssetsComputerSoftwareAbstract" xlink:label="IntangibleAssetsComputerSoftwareAbstract" xlink:title="IntangibleAssetsComputerSoftwareAbstract"/>
    <link:definitionArc xlink:type="arc" xlink:arcrole="http://xbrl.org/int/dim/arcrole/domain-member" xlink:from="IntangibleAssetsTotalAbstract" xlink:to="IntangibleAssetsComputerSoftwareAbstract" xlink:title="definition: IntangibleAssetsTotalAbstract to IntangibleAssetsComputerSoftwareAbstract" order="3.0"/>
    <link:loc xlink:type="locator" xlink:href="../../et-gaap-cor_2011-01-01.xsd#et-gaap_IntangibleAssetsConcessionsPatentsLicencesTrademarksAbstract" xlink:label="IntangibleAssetsConcessionsPatentsLicencesTrademarksAbstract" xlink:title="IntangibleAssetsConcessionsPatentsLicencesTrademarksAbstract"/>
    <link:definitionArc xlink:type="arc" xlink:arcrole="http://xbrl.org/int/dim/arcrole/domain-member" xlink:from="IntangibleAssetsTotalAbstract" xlink:to="IntangibleAssetsConcessionsPatentsLicencesTrademarksAbstract" xlink:title="definition: IntangibleAssetsTotalAbstract to IntangibleAssetsConcessionsPatentsLicencesTrademarksAbstract" order="4.0"/>
    <link:loc xlink:type="locator" xlink:href="../../et-gaap-cor_2011-01-01.xsd#et-gaap_IntangibleAssetsOtherIntangibleAssetsAbstract" xlink:label="IntangibleAssetsOtherIntangibleAssetsAbstract" xlink:title="IntangibleAssetsOtherIntangibleAssetsAbstract"/>
    <link:definitionArc xlink:type="arc" xlink:arcrole="http://xbrl.org/int/dim/arcrole/domain-member" xlink:from="IntangibleAssetsTotalAbstract" xlink:to="IntangibleAssetsOtherIntangibleAssetsAbstract" xlink:title="definition: IntangibleAssetsTotalAbstract to IntangibleAssetsOtherIntangibleAssetsAbstract" order="5.0"/>
    <link:loc xlink:type="locator" xlink:href="../../et-gaap-cor_2011-01-01.xsd#et-gaap_IntangibleAssetsUnfinishedProjectsAndPrepaymentsAbstract" xlink:label="IntangibleAssetsUnfinishedProjectsAndPrepaymentsAbstract" xlink:title="IntangibleAssetsUnfinishedProjectsAndPrepaymentsAbstract"/>
    <link:definitionArc xlink:type="arc" xlink:arcrole="http://xbrl.org/int/dim/arcrole/domain-member" xlink:from="IntangibleAssetsTotalAbstract" xlink:to="IntangibleAssetsUnfinishedProjectsAndPrepaymentsAbstract" xlink:title="definition: IntangibleAssetsTotalAbstract to IntangibleAssetsUnfinishedProjectsAndPrepaymentsAbstract" order="6.0"/>
    <link:loc xlink:type="locator" xlink:href="../../et-gaap-cor_2011-01-01.xsd#et-gaap_DisposalOfIntangibleAssetsAtSellingPriceAbstract" xlink:label="DisposalOfIntangibleAssetsAtSellingPriceAbstract" xlink:title="DisposalOfIntangibleAssetsAtSellingPriceAbstract"/>
    <link:definitionArc xlink:type="arc" xlink:arcrole="http://xbrl.org/int/dim/arcrole/domain-member" xlink:from="NoteIntangibleAssetsAbstract" xlink:to="DisposalOfIntangibleAssetsAtSellingPriceAbstract" xlink:title="definition: NoteIntangibleAssetsAbstract to DisposalOfIntangibleAssetsAtSellingPriceAbstract" order="2.0"/>
    <link:loc xlink:type="locator" xlink:href="../../et-gaap-cor_2011-01-01.xsd#et-gaap_DisposalOfIntangibleAssetsAtSellingPriceGoodwill" xlink:label="DisposalOfIntangibleAssetsAtSellingPriceGoodwill" xlink:title="DisposalOfIntangibleAssetsAtSellingPriceGoodwill"/>
    <link:definitionArc xlink:type="arc" xlink:arcrole="http://xbrl.org/int/dim/arcrole/domain-member" xlink:from="DisposalOfIntangibleAssetsAtSellingPriceAbstract" xlink:to="DisposalOfIntangibleAssetsAtSellingPriceGoodwill" xlink:title="definition: DisposalOfIntangibleAssetsAtSellingPriceAbstract to DisposalOfIntangibleAssetsAtSellingPriceGoodwill" order="1.0"/>
    <link:loc xlink:type="locator" xlink:href="../../et-gaap-cor_2011-01-01.xsd#et-gaap_DisposalOfIntangibleAssetsAtSellingPriceDevelopmentExpenditures" xlink:label="DisposalOfIntangibleAssetsAtSellingPriceDevelopmentExpenditures" xlink:title="DisposalOfIntangibleAssetsAtSellingPriceDevelopmentExpenditures"/>
    <link:definitionArc xlink:type="arc" xlink:arcrole="http://xbrl.org/int/dim/arcrole/domain-member" xlink:from="DisposalOfIntangibleAssetsAtSellingPriceAbstract" xlink:to="DisposalOfIntangibleAssetsAtSellingPriceDevelopmentExpenditures" xlink:title="definition: DisposalOfIntangibleAssetsAtSellingPriceAbstract to DisposalOfIntangibleAssetsAtSellingPriceDevelopmentExpenditures" order="2.0"/>
    <link:loc xlink:type="locator" xlink:href="../../et-gaap-cor_2011-01-01.xsd#et-gaap_DisposalOfIntangibleAssetsAtSellingPriceComputerSoftware" xlink:label="DisposalOfIntangibleAssetsAtSellingPriceComputerSoftware" xlink:title="DisposalOfIntangibleAssetsAtSellingPriceComputerSoftware"/>
    <link:definitionArc xlink:type="arc" xlink:arcrole="http://xbrl.org/int/dim/arcrole/domain-member" xlink:from="DisposalOfIntangibleAssetsAtSellingPriceAbstract" xlink:to="DisposalOfIntangibleAssetsAtSellingPriceComputerSoftware" xlink:title="definition: DisposalOfIntangibleAssetsAtSellingPriceAbstract to DisposalOfIntangibleAssetsAtSellingPriceComputerSoftware" order="3.0"/>
    <link:loc xlink:type="locator" xlink:href="../../et-gaap-cor_2011-01-01.xsd#et-gaap_DisposalOfIntangibleAssetsAtSellingPriceConcessionsPatentsLicencesTrademarks" xlink:label="DisposalOfIntangibleAssetsAtSellingPriceConcessionsPatentsLicencesTrademarks" xlink:title="DisposalOfIntangibleAssetsAtSellingPriceConcessionsPatentsLicencesTrademarks"/>
    <link:definitionArc xlink:type="arc" xlink:arcrole="http://xbrl.org/int/dim/arcrole/domain-member" xlink:from="DisposalOfIntangibleAssetsAtSellingPriceAbstract" xlink:to="DisposalOfIntangibleAssetsAtSellingPriceConcessionsPatentsLicencesTrademarks" xlink:title="definition: DisposalOfIntangibleAssetsAtSellingPriceAbstract to DisposalOfIntangibleAssetsAtSellingPriceConcessionsPatentsLicencesTrademarks" order="4.0"/>
    <link:loc xlink:type="locator" xlink:href="../../et-gaap-cor_2011-01-01.xsd#et-gaap_DisposalOfIntangibleAssetsAtSellingPriceOtherIntangibleAssets" xlink:label="DisposalOfIntangibleAssetsAtSellingPriceOtherIntangibleAssets" xlink:title="DisposalOfIntangibleAssetsAtSellingPriceOtherIntangibleAssets"/>
    <link:definitionArc xlink:type="arc" xlink:arcrole="http://xbrl.org/int/dim/arcrole/domain-member" xlink:from="DisposalOfIntangibleAssetsAtSellingPriceAbstract" xlink:to="DisposalOfIntangibleAssetsAtSellingPriceOtherIntangibleAssets" xlink:title="definition: DisposalOfIntangibleAssetsAtSellingPriceAbstract to DisposalOfIntangibleAssetsAtSellingPriceOtherIntangibleAssets" order="5.0"/>
    <link:loc xlink:type="locator" xlink:href="../../et-gaap-cor_2011-01-01.xsd#et-gaap_DisposalOfIntangibleAssetsAtSellingPriceUnfinishedProjectsAndPrepayments" xlink:label="DisposalOfIntangibleAssetsAtSellingPriceUnfinishedProjectsAndPrepayments" xlink:title="DisposalOfIntangibleAssetsAtSellingPriceUnfinishedProjectsAndPrepayments"/>
    <link:definitionArc xlink:type="arc" xlink:arcrole="http://xbrl.org/int/dim/arcrole/domain-member" xlink:from="DisposalOfIntangibleAssetsAtSellingPriceAbstract" xlink:to="DisposalOfIntangibleAssetsAtSellingPriceUnfinishedProjectsAndPrepayments" xlink:title="definition: DisposalOfIntangibleAssetsAtSellingPriceAbstract to DisposalOfIntangibleAssetsAtSellingPriceUnfinishedProjectsAndPrepayments" order="6.0"/>
    <link:loc xlink:type="locator" xlink:href="../../et-gaap-cor_2011-01-01.xsd#et-gaap_DisposalOfIntangibleAssetsAtSellingPriceTotal" xlink:label="DisposalOfIntangibleAssetsAtSellingPriceTotal" xlink:title="DisposalOfIntangibleAssetsAtSellingPriceTotal"/>
    <link:definitionArc xlink:type="arc" xlink:arcrole="http://xbrl.org/int/dim/arcrole/domain-member" xlink:from="DisposalOfIntangibleAssetsAtSellingPriceAbstract" xlink:to="DisposalOfIntangibleAssetsAtSellingPriceTotal" xlink:title="definition: DisposalOfIntangibleAssetsAtSellingPriceAbstract to DisposalOfIntangibleAssetsAtSellingPriceTotal" order="7.0"/>
    <link:loc xlink:type="locator" xlink:href="../../et-gaap-cor_2011-01-01.xsd#et-gaap_NoteIntangibleAssets" xlink:label="NoteIntangibleAssets" xlink:title="NoteIntangibleAssets"/>
    <link:definitionArc xlink:type="arc" xlink:arcrole="http://xbrl.org/int/dim/arcrole/domain-member" xlink:from="NoteIntangibleAssetsAbstract" xlink:to="NoteIntangibleAssets" xlink:title="definition: NoteIntangibleAssetsAbstract to NoteIntangibleAssets" order="3.0"/>
  </link:definitionLink>
</link:linkbase>
