<?xml version="1.0" encoding="UTF-8"?>
<!--
**************************************************************
et-gaap Taxonomy: 2011-01-01 (Final)

Copyright (C) 2010 Centre of Registers and Information Systems
**************************************************************
-->
<link:linkbase xmlns:xsi="http://www.w3.org/2001/XMLSchema-instance" xsi:schemaLocation="http://www.xbrl.org/2003/linkbase http://www.xbrl.org/2003/xbrl-linkbase-2003-12-31.xsd" xmlns:link="http://www.xbrl.org/2003/linkbase" xmlns:xlink="http://www.w3.org/1999/xlink" xmlns:xbrldt="http://xbrl.org/2005/xbrldt">
  <link:roleRef roleURI="http://xbrl.eesti.ee/role/et-gaap_2011-01-01/NoteIntangibleAssets_role-818000" xlink:type="simple" xlink:href="role-818000.xsd#NoteIntangibleAssets_role-818000"/>
  <link:presentationLink xlink:type="extended" xlink:role="http://xbrl.eesti.ee/role/et-gaap_2011-01-01/NoteIntangibleAssets_role-818000">
    <link:loc xlink:type="locator" xlink:href="../../et-gaap-cor_2011-01-01.xsd#et-gaap_NoteIntangibleAssetsAbstract" xlink:label="NoteIntangibleAssetsAbstract" xlink:title="NoteIntangibleAssetsAbstract"/>
    <link:loc xlink:type="locator" xlink:href="../../et-gaap-cor_2011-01-01.xsd#et-gaap_IntangibleAssetsAbstract" xlink:label="IntangibleAssetsAbstract" xlink:title="IntangibleAssetsAbstract"/>
    <link:presentationArc xlink:type="arc" xlink:arcrole="http://www.xbrl.org/2003/arcrole/parent-child" xlink:from="NoteIntangibleAssetsAbstract" xlink:to="IntangibleAssetsAbstract" xlink:title="presentation: NoteIntangibleAssetsAbstract to IntangibleAssetsAbstract" use="optional" order="1.0"/>
    <link:loc xlink:type="locator" xlink:href="../../et-gaap-cor_2011-01-01.xsd#et-gaap_IntangibleAssetsAtEndOfPreviousPeriodAbstract" xlink:label="IntangibleAssetsAtEndOfPreviousPeriodAbstract" xlink:title="IntangibleAssetsAtEndOfPreviousPeriodAbstract"/>
    <link:presentationArc xlink:type="arc" xlink:arcrole="http://www.xbrl.org/2003/arcrole/parent-child" xlink:from="IntangibleAssetsAbstract" xlink:to="IntangibleAssetsAtEndOfPreviousPeriodAbstract" xlink:title="presentation: IntangibleAssetsAbstract to IntangibleAssetsAtEndOfPreviousPeriodAbstract" use="optional" order="1.0"/>
    <link:loc xlink:type="locator" xlink:href="../../et-gaap-cor_2011-01-01.xsd#et-gaap_IntangibleAssetsAtEndOfPreviousPeriodCarriedAtCost" xlink:label="IntangibleAssetsAtEndOfPreviousPeriodCarriedAtCost" xlink:title="IntangibleAssetsAtEndOfPreviousPeriodCarriedAtCost"/>
    <link:presentationArc xlink:type="arc" xlink:arcrole="http://www.xbrl.org/2003/arcrole/parent-child" xlink:from="IntangibleAssetsAtEndOfPreviousPeriodAbstract" xlink:to="IntangibleAssetsAtEndOfPreviousPeriodCarriedAtCost" xlink:title="presentation: IntangibleAssetsAtEndOfPreviousPeriodAbstract to IntangibleAssetsAtEndOfPreviousPeriodCarriedAtCost" use="optional" order="1.0"/>
    <link:loc xlink:type="locator" xlink:href="../../et-gaap-cor_2011-01-01.xsd#et-gaap_IntangibleAssetsAtEndOfPreviousPeriodAccumulatedDepreciation" xlink:label="IntangibleAssetsAtEndOfPreviousPeriodAccumulatedDepreciation" xlink:title="IntangibleAssetsAtEndOfPreviousPeriodAccumulatedDepreciation"/>
    <link:presentationArc xlink:type="arc" xlink:arcrole="http://www.xbrl.org/2003/arcrole/parent-child" xlink:from="IntangibleAssetsAtEndOfPreviousPeriodAbstract" xlink:to="IntangibleAssetsAtEndOfPreviousPeriodAccumulatedDepreciation" xlink:title="presentation: IntangibleAssetsAtEndOfPreviousPeriodAbstract to IntangibleAssetsAtEndOfPreviousPeriodAccumulatedDepreciation" use="optional" order="2.0"/>
    <link:loc xlink:type="locator" xlink:href="../../et-gaap-cor_2011-01-01.xsd#et-gaap_IntangibleAssetsAtEndOfPreviousPeriodResidualCost" xlink:label="IntangibleAssetsAtEndOfPreviousPeriodResidualCost" xlink:title="IntangibleAssetsAtEndOfPreviousPeriodResidualCost"/>
    <link:presentationArc xlink:type="arc" xlink:arcrole="http://www.xbrl.org/2003/arcrole/parent-child" xlink:from="IntangibleAssetsAtEndOfPreviousPeriodAbstract" xlink:to="IntangibleAssetsAtEndOfPreviousPeriodResidualCost" xlink:title="presentation: IntangibleAssetsAtEndOfPreviousPeriodAbstract to IntangibleAssetsAtEndOfPreviousPeriodResidualCost" use="optional" order="3.0"/>
    <link:loc xlink:type="locator" xlink:href="../../et-gaap-cor_2011-01-01.xsd#et-gaap_IntangibleAssetsAcquisitionsAndAdditions" xlink:label="IntangibleAssetsAcquisitionsAndAdditions" xlink:title="IntangibleAssetsAcquisitionsAndAdditions"/>
    <link:presentationArc xlink:type="arc" xlink:arcrole="http://www.xbrl.org/2003/arcrole/parent-child" xlink:from="IntangibleAssetsAbstract" xlink:to="IntangibleAssetsAcquisitionsAndAdditions" xlink:title="presentation: IntangibleAssetsAbstract to IntangibleAssetsAcquisitionsAndAdditions" use="optional" order="2.0"/>
    <link:loc xlink:type="locator" xlink:href="../../et-gaap-cor_2011-01-01.xsd#et-gaap_IntangibleAssetsAdditionsViaBusinessCombinations" xlink:label="IntangibleAssetsAdditionsViaBusinessCombinations" xlink:title="IntangibleAssetsAdditionsViaBusinessCombinations"/>
    <link:presentationArc xlink:type="arc" xlink:arcrole="http://www.xbrl.org/2003/arcrole/parent-child" xlink:from="IntangibleAssetsAbstract" xlink:to="IntangibleAssetsAdditionsViaBusinessCombinations" xlink:title="presentation: IntangibleAssetsAbstract to IntangibleAssetsAdditionsViaBusinessCombinations" use="optional" order="3.0"/>
    <link:loc xlink:type="locator" xlink:href="../../et-gaap-cor_2011-01-01.xsd#et-gaap_IntangibleAssetsDepreciation" xlink:label="IntangibleAssetsDepreciation" xlink:title="IntangibleAssetsDepreciation"/>
    <link:presentationArc xlink:type="arc" xlink:arcrole="http://www.xbrl.org/2003/arcrole/parent-child" xlink:from="IntangibleAssetsAbstract" xlink:to="IntangibleAssetsDepreciation" xlink:title="presentation: IntangibleAssetsAbstract to IntangibleAssetsDepreciation" use="optional" order="4.0"/>
    <link:loc xlink:type="locator" xlink:href="../../et-gaap-cor_2011-01-01.xsd#et-gaap_IntangibleAssetsImpairmentLoss" xlink:label="IntangibleAssetsImpairmentLoss" xlink:title="IntangibleAssetsImpairmentLoss"/>
    <link:presentationArc xlink:type="arc" xlink:arcrole="http://www.xbrl.org/2003/arcrole/parent-child" xlink:from="IntangibleAssetsAbstract" xlink:to="IntangibleAssetsImpairmentLoss" xlink:title="presentation: IntangibleAssetsAbstract to IntangibleAssetsImpairmentLoss" use="optional" order="5.0"/>
    <link:loc xlink:type="locator" xlink:href="../../et-gaap-cor_2011-01-01.xsd#et-gaap_IntangibleAssetsReversingOfImpairmentLoss" xlink:label="IntangibleAssetsReversingOfImpairmentLoss" xlink:title="IntangibleAssetsReversingOfImpairmentLoss"/>
    <link:presentationArc xlink:type="arc" xlink:arcrole="http://www.xbrl.org/2003/arcrole/parent-child" xlink:from="IntangibleAssetsAbstract" xlink:to="IntangibleAssetsReversingOfImpairmentLoss" xlink:title="presentation: IntangibleAssetsAbstract to IntangibleAssetsReversingOfImpairmentLoss" use="optional" order="6.0"/>
    <link:loc xlink:type="locator" xlink:href="../../et-gaap-cor_2011-01-01.xsd#et-gaap_IntangibleAssetsDisposals" xlink:label="IntangibleAssetsDisposals" xlink:title="IntangibleAssetsDisposals"/>
    <link:presentationArc xlink:type="arc" xlink:arcrole="http://www.xbrl.org/2003/arcrole/parent-child" xlink:from="IntangibleAssetsAbstract" xlink:to="IntangibleAssetsDisposals" xlink:title="presentation: IntangibleAssetsAbstract to IntangibleAssetsDisposals" use="optional" order="7.0"/>
    <link:loc xlink:type="locator" xlink:href="../../et-gaap-cor_2011-01-01.xsd#et-gaap_IntangibleAssetsWriteOffs" xlink:label="IntangibleAssetsWriteOffs" xlink:title="IntangibleAssetsWriteOffs"/>
    <link:presentationArc xlink:type="arc" xlink:arcrole="http://www.xbrl.org/2003/arcrole/parent-child" xlink:from="IntangibleAssetsAbstract" xlink:to="IntangibleAssetsWriteOffs" xlink:title="presentation: IntangibleAssetsAbstract to IntangibleAssetsWriteOffs" use="optional" order="8.0"/>
    <link:loc xlink:type="locator" xlink:href="../../et-gaap-cor_2011-01-01.xsd#et-gaap_IntangibleAssetsReclassifications" xlink:label="IntangibleAssetsReclassifications" xlink:title="IntangibleAssetsReclassifications"/>
    <link:presentationArc xlink:type="arc" xlink:arcrole="http://www.xbrl.org/2003/arcrole/parent-child" xlink:from="IntangibleAssetsAbstract" xlink:to="IntangibleAssetsReclassifications" xlink:title="presentation: IntangibleAssetsAbstract to IntangibleAssetsReclassifications" use="optional" order="9.0"/>
    <link:loc xlink:type="locator" xlink:href="../../et-gaap-cor_2011-01-01.xsd#et-gaap_IntangibleAssetsOtherChanges" xlink:label="IntangibleAssetsOtherChanges" xlink:title="IntangibleAssetsOtherChanges"/>
    <link:presentationArc xlink:type="arc" xlink:arcrole="http://www.xbrl.org/2003/arcrole/parent-child" xlink:from="IntangibleAssetsAbstract" xlink:to="IntangibleAssetsOtherChanges" xlink:title="presentation: IntangibleAssetsAbstract to IntangibleAssetsOtherChanges" use="optional" order="10.0"/>
    <link:loc xlink:type="locator" xlink:href="../../et-gaap-cor_2011-01-01.xsd#et-gaap_IntangibleAssetsAtEndOfPeriodAbstract" xlink:label="IntangibleAssetsAtEndOfPeriodAbstract" xlink:title="IntangibleAssetsAtEndOfPeriodAbstract"/>
    <link:presentationArc xlink:type="arc" xlink:arcrole="http://www.xbrl.org/2003/arcrole/parent-child" xlink:from="IntangibleAssetsAbstract" xlink:to="IntangibleAssetsAtEndOfPeriodAbstract" xlink:title="presentation: IntangibleAssetsAbstract to IntangibleAssetsAtEndOfPeriodAbstract" use="optional" order="11.0"/>
    <link:loc xlink:type="locator" xlink:href="../../et-gaap-cor_2011-01-01.xsd#et-gaap_IntangibleAssetsAtEndOfPeriodCarriedAtCost" xlink:label="IntangibleAssetsAtEndOfPeriodCarriedAtCost" xlink:title="IntangibleAssetsAtEndOfPeriodCarriedAtCost"/>
    <link:presentationArc xlink:type="arc" xlink:arcrole="http://www.xbrl.org/2003/arcrole/parent-child" xlink:from="IntangibleAssetsAtEndOfPeriodAbstract" xlink:to="IntangibleAssetsAtEndOfPeriodCarriedAtCost" xlink:title="presentation: IntangibleAssetsAtEndOfPeriodAbstract to IntangibleAssetsAtEndOfPeriodCarriedAtCost" use="optional" order="1.0"/>
    <link:loc xlink:type="locator" xlink:href="../../et-gaap-cor_2011-01-01.xsd#et-gaap_IntangibleAssetsAtEndOfPeriodAccumulatedDepreciation" xlink:label="IntangibleAssetsAtEndOfPeriodAccumulatedDepreciation" xlink:title="IntangibleAssetsAtEndOfPeriodAccumulatedDepreciation"/>
    <link:presentationArc xlink:type="arc" xlink:arcrole="http://www.xbrl.org/2003/arcrole/parent-child" xlink:from="IntangibleAssetsAtEndOfPeriodAbstract" xlink:to="IntangibleAssetsAtEndOfPeriodAccumulatedDepreciation" xlink:title="presentation: IntangibleAssetsAtEndOfPeriodAbstract to IntangibleAssetsAtEndOfPeriodAccumulatedDepreciation" use="optional" order="2.0"/>
    <link:loc xlink:type="locator" xlink:href="../../et-gaap-cor_2011-01-01.xsd#et-gaap_IntangibleAssetsAtEndOfPeriodResidualCost" xlink:label="IntangibleAssetsAtEndOfPeriodResidualCost" xlink:title="IntangibleAssetsAtEndOfPeriodResidualCost"/>
    <link:presentationArc xlink:type="arc" xlink:arcrole="http://www.xbrl.org/2003/arcrole/parent-child" xlink:from="IntangibleAssetsAtEndOfPeriodAbstract" xlink:to="IntangibleAssetsAtEndOfPeriodResidualCost" xlink:title="presentation: IntangibleAssetsAtEndOfPeriodAbstract to IntangibleAssetsAtEndOfPeriodResidualCost" use="optional" order="3.0"/>
    <link:loc xlink:type="locator" xlink:href="../../et-gaap-cor_2011-01-01.xsd#et-gaap_AllocationByIntangibleAssetsHypercube" xlink:label="AllocationByIntangibleAssetsHypercube" xlink:title="AllocationByIntangibleAssetsHypercube"/>
    <link:presentationArc xlink:type="arc" xlink:arcrole="http://www.xbrl.org/2003/arcrole/parent-child" xlink:from="IntangibleAssetsAbstract" xlink:to="AllocationByIntangibleAssetsHypercube" xlink:title="presentation: IntangibleAssetsAbstract to AllocationByIntangibleAssetsHypercube" use="optional" order="12.0" xbrldt:contextElement="scenario" xbrldt:closed="true"/>
    <link:loc xlink:type="locator" xlink:href="../../et-gaap-cor_2011-01-01.xsd#et-gaap_IntangibleAssetsDimension" xlink:label="IntangibleAssetsDimension" xlink:title="IntangibleAssetsDimension"/>
    <link:presentationArc xlink:type="arc" xlink:arcrole="http://www.xbrl.org/2003/arcrole/parent-child" xlink:from="AllocationByIntangibleAssetsHypercube" xlink:to="IntangibleAssetsDimension" xlink:title="presentation: AllocationByIntangibleAssetsHypercube to IntangibleAssetsDimension" use="optional" order="1.0"/>
    <link:loc xlink:type="locator" xlink:href="../../et-gaap-cor_2011-01-01.xsd#et-gaap_IntangibleAssetsTotalAbstract" xlink:label="IntangibleAssetsTotalAbstract" xlink:title="IntangibleAssetsTotalAbstract"/>
    <link:presentationArc xlink:type="arc" xlink:arcrole="http://www.xbrl.org/2003/arcrole/parent-child" xlink:from="IntangibleAssetsDimension" xlink:to="IntangibleAssetsTotalAbstract" xlink:title="presentation: IntangibleAssetsDimension to IntangibleAssetsTotalAbstract" use="optional" order="1.0"/>
    <link:loc xlink:type="locator" xlink:href="../../et-gaap-cor_2011-01-01.xsd#et-gaap_IntangibleAssetsGoodwillAbstract" xlink:label="IntangibleAssetsGoodwillAbstract" xlink:title="IntangibleAssetsGoodwillAbstract"/>
    <link:presentationArc xlink:type="arc" xlink:arcrole="http://www.xbrl.org/2003/arcrole/parent-child" xlink:from="IntangibleAssetsTotalAbstract" xlink:to="IntangibleAssetsGoodwillAbstract" xlink:title="presentation: IntangibleAssetsTotalAbstract to IntangibleAssetsGoodwillAbstract" use="optional" order="1.0"/>
    <link:loc xlink:type="locator" xlink:href="../../et-gaap-cor_2011-01-01.xsd#et-gaap_IntangibleAssetsDevelopmentExpendituresAbstract" xlink:label="IntangibleAssetsDevelopmentExpendituresAbstract" xlink:title="IntangibleAssetsDevelopmentExpendituresAbstract"/>
    <link:presentationArc xlink:type="arc" xlink:arcrole="http://www.xbrl.org/2003/arcrole/parent-child" xlink:from="IntangibleAssetsTotalAbstract" xlink:to="IntangibleAssetsDevelopmentExpendituresAbstract" xlink:title="presentation: IntangibleAssetsTotalAbstract to IntangibleAssetsDevelopmentExpendituresAbstract" use="optional" order="2.0"/>
    <link:loc xlink:type="locator" xlink:href="../../et-gaap-cor_2011-01-01.xsd#et-gaap_IntangibleAssetsComputerSoftwareAbstract" xlink:label="IntangibleAssetsComputerSoftwareAbstract" xlink:title="IntangibleAssetsComputerSoftwareAbstract"/>
    <link:presentationArc xlink:type="arc" xlink:arcrole="http://www.xbrl.org/2003/arcrole/parent-child" xlink:from="IntangibleAssetsTotalAbstract" xlink:to="IntangibleAssetsComputerSoftwareAbstract" xlink:title="presentation: IntangibleAssetsTotalAbstract to IntangibleAssetsComputerSoftwareAbstract" use="optional" order="3.0"/>
    <link:loc xlink:type="locator" xlink:href="../../et-gaap-cor_2011-01-01.xsd#et-gaap_IntangibleAssetsConcessionsPatentsLicencesTrademarksAbstract" xlink:label="IntangibleAssetsConcessionsPatentsLicencesTrademarksAbstract" xlink:title="IntangibleAssetsConcessionsPatentsLicencesTrademarksAbstract"/>
    <link:presentationArc xlink:type="arc" xlink:arcrole="http://www.xbrl.org/2003/arcrole/parent-child" xlink:from="IntangibleAssetsTotalAbstract" xlink:to="IntangibleAssetsConcessionsPatentsLicencesTrademarksAbstract" xlink:title="presentation: IntangibleAssetsTotalAbstract to IntangibleAssetsConcessionsPatentsLicencesTrademarksAbstract" use="optional" order="4.0"/>
    <link:loc xlink:type="locator" xlink:href="../../et-gaap-cor_2011-01-01.xsd#et-gaap_IntangibleAssetsOtherIntangibleAssetsAbstract" xlink:label="IntangibleAssetsOtherIntangibleAssetsAbstract" xlink:title="IntangibleAssetsOtherIntangibleAssetsAbstract"/>
    <link:presentationArc xlink:type="arc" xlink:arcrole="http://www.xbrl.org/2003/arcrole/parent-child" xlink:from="IntangibleAssetsTotalAbstract" xlink:to="IntangibleAssetsOtherIntangibleAssetsAbstract" xlink:title="presentation: IntangibleAssetsTotalAbstract to IntangibleAssetsOtherIntangibleAssetsAbstract" use="optional" order="5.0"/>
    <link:loc xlink:type="locator" xlink:href="../../et-gaap-cor_2011-01-01.xsd#et-gaap_IntangibleAssetsUnfinishedProjectsAndPrepaymentsAbstract" xlink:label="IntangibleAssetsUnfinishedProjectsAndPrepaymentsAbstract" xlink:title="IntangibleAssetsUnfinishedProjectsAndPrepaymentsAbstract"/>
    <link:presentationArc xlink:type="arc" xlink:arcrole="http://www.xbrl.org/2003/arcrole/parent-child" xlink:from="IntangibleAssetsTotalAbstract" xlink:to="IntangibleAssetsUnfinishedProjectsAndPrepaymentsAbstract" xlink:title="presentation: IntangibleAssetsTotalAbstract to IntangibleAssetsUnfinishedProjectsAndPrepaymentsAbstract" use="optional" order="6.0"/>
    <link:loc xlink:type="locator" xlink:href="../../et-gaap-cor_2011-01-01.xsd#et-gaap_DisposalOfIntangibleAssetsAtSellingPriceAbstract" xlink:label="DisposalOfIntangibleAssetsAtSellingPriceAbstract" xlink:title="DisposalOfIntangibleAssetsAtSellingPriceAbstract"/>
    <link:presentationArc xlink:type="arc" xlink:arcrole="http://www.xbrl.org/2003/arcrole/parent-child" xlink:from="NoteIntangibleAssetsAbstract" xlink:to="DisposalOfIntangibleAssetsAtSellingPriceAbstract" xlink:title="presentation: NoteIntangibleAssetsAbstract to DisposalOfIntangibleAssetsAtSellingPriceAbstract" use="optional" order="2.0"/>
    <link:loc xlink:type="locator" xlink:href="../../et-gaap-cor_2011-01-01.xsd#et-gaap_DisposalOfIntangibleAssetsAtSellingPriceGoodwill" xlink:label="DisposalOfIntangibleAssetsAtSellingPriceGoodwill" xlink:title="DisposalOfIntangibleAssetsAtSellingPriceGoodwill"/>
    <link:presentationArc xlink:type="arc" xlink:arcrole="http://www.xbrl.org/2003/arcrole/parent-child" xlink:from="DisposalOfIntangibleAssetsAtSellingPriceAbstract" xlink:to="DisposalOfIntangibleAssetsAtSellingPriceGoodwill" xlink:title="presentation: DisposalOfIntangibleAssetsAtSellingPriceAbstract to DisposalOfIntangibleAssetsAtSellingPriceGoodwill" use="optional" order="1.0"/>
    <link:loc xlink:type="locator" xlink:href="../../et-gaap-cor_2011-01-01.xsd#et-gaap_DisposalOfIntangibleAssetsAtSellingPriceDevelopmentExpenditures" xlink:label="DisposalOfIntangibleAssetsAtSellingPriceDevelopmentExpenditures" xlink:title="DisposalOfIntangibleAssetsAtSellingPriceDevelopmentExpenditures"/>
    <link:presentationArc xlink:type="arc" xlink:arcrole="http://www.xbrl.org/2003/arcrole/parent-child" xlink:from="DisposalOfIntangibleAssetsAtSellingPriceAbstract" xlink:to="DisposalOfIntangibleAssetsAtSellingPriceDevelopmentExpenditures" xlink:title="presentation: DisposalOfIntangibleAssetsAtSellingPriceAbstract to DisposalOfIntangibleAssetsAtSellingPriceDevelopmentExpenditures" use="optional" order="2.0"/>
    <link:loc xlink:type="locator" xlink:href="../../et-gaap-cor_2011-01-01.xsd#et-gaap_DisposalOfIntangibleAssetsAtSellingPriceComputerSoftware" xlink:label="DisposalOfIntangibleAssetsAtSellingPriceComputerSoftware" xlink:title="DisposalOfIntangibleAssetsAtSellingPriceComputerSoftware"/>
    <link:presentationArc xlink:type="arc" xlink:arcrole="http://www.xbrl.org/2003/arcrole/parent-child" xlink:from="DisposalOfIntangibleAssetsAtSellingPriceAbstract" xlink:to="DisposalOfIntangibleAssetsAtSellingPriceComputerSoftware" xlink:title="presentation: DisposalOfIntangibleAssetsAtSellingPriceAbstract to DisposalOfIntangibleAssetsAtSellingPriceComputerSoftware" use="optional" order="3.0"/>
    <link:loc xlink:type="locator" xlink:href="../../et-gaap-cor_2011-01-01.xsd#et-gaap_DisposalOfIntangibleAssetsAtSellingPriceConcessionsPatentsLicencesTrademarks" xlink:label="DisposalOfIntangibleAssetsAtSellingPriceConcessionsPatentsLicencesTrademarks" xlink:title="DisposalOfIntangibleAssetsAtSellingPriceConcessionsPatentsLicencesTrademarks"/>
    <link:presentationArc xlink:type="arc" xlink:arcrole="http://www.xbrl.org/2003/arcrole/parent-child" xlink:from="DisposalOfIntangibleAssetsAtSellingPriceAbstract" xlink:to="DisposalOfIntangibleAssetsAtSellingPriceConcessionsPatentsLicencesTrademarks" xlink:title="presentation: DisposalOfIntangibleAssetsAtSellingPriceAbstract to DisposalOfIntangibleAssetsAtSellingPriceConcessionsPatentsLicencesTrademarks" use="optional" order="4.0"/>
    <link:loc xlink:type="locator" xlink:href="../../et-gaap-cor_2011-01-01.xsd#et-gaap_DisposalOfIntangibleAssetsAtSellingPriceOtherIntangibleAssets" xlink:label="DisposalOfIntangibleAssetsAtSellingPriceOtherIntangibleAssets" xlink:title="DisposalOfIntangibleAssetsAtSellingPriceOtherIntangibleAssets"/>
    <link:presentationArc xlink:type="arc" xlink:arcrole="http://www.xbrl.org/2003/arcrole/parent-child" xlink:from="DisposalOfIntangibleAssetsAtSellingPriceAbstract" xlink:to="DisposalOfIntangibleAssetsAtSellingPriceOtherIntangibleAssets" xlink:title="presentation: DisposalOfIntangibleAssetsAtSellingPriceAbstract to DisposalOfIntangibleAssetsAtSellingPriceOtherIntangibleAssets" use="optional" order="5.0"/>
    <link:loc xlink:type="locator" xlink:href="../../et-gaap-cor_2011-01-01.xsd#et-gaap_DisposalOfIntangibleAssetsAtSellingPriceUnfinishedProjectsAndPrepayments" xlink:label="DisposalOfIntangibleAssetsAtSellingPriceUnfinishedProjectsAndPrepayments" xlink:title="DisposalOfIntangibleAssetsAtSellingPriceUnfinishedProjectsAndPrepayments"/>
    <link:presentationArc xlink:type="arc" xlink:arcrole="http://www.xbrl.org/2003/arcrole/parent-child" xlink:from="DisposalOfIntangibleAssetsAtSellingPriceAbstract" xlink:to="DisposalOfIntangibleAssetsAtSellingPriceUnfinishedProjectsAndPrepayments" xlink:title="presentation: DisposalOfIntangibleAssetsAtSellingPriceAbstract to DisposalOfIntangibleAssetsAtSellingPriceUnfinishedProjectsAndPrepayments" use="optional" order="6.0"/>
    <link:loc xlink:type="locator" xlink:href="../../et-gaap-cor_2011-01-01.xsd#et-gaap_DisposalOfIntangibleAssetsAtSellingPriceTotal" xlink:label="DisposalOfIntangibleAssetsAtSellingPriceTotal" xlink:title="DisposalOfIntangibleAssetsAtSellingPriceTotal"/>
    <link:presentationArc xlink:type="arc" xlink:arcrole="http://www.xbrl.org/2003/arcrole/parent-child" xlink:from="DisposalOfIntangibleAssetsAtSellingPriceAbstract" xlink:to="DisposalOfIntangibleAssetsAtSellingPriceTotal" xlink:title="presentation: DisposalOfIntangibleAssetsAtSellingPriceAbstract to DisposalOfIntangibleAssetsAtSellingPriceTotal" use="optional" order="7.0"/>
    <link:loc xlink:type="locator" xlink:href="../../et-gaap-cor_2011-01-01.xsd#et-gaap_NoteIntangibleAssets" xlink:label="NoteIntangibleAssets" xlink:title="NoteIntangibleAssets"/>
    <link:presentationArc xlink:type="arc" xlink:arcrole="http://www.xbrl.org/2003/arcrole/parent-child" xlink:from="NoteIntangibleAssetsAbstract" xlink:to="NoteIntangibleAssets" xlink:title="presentation: NoteIntangibleAssetsAbstract to NoteIntangibleAssets" use="optional" order="3.0"/>
  </link:presentationLink>
</link:linkbase>
