<?xml version="1.0" encoding="UTF-8"?>
<!--
**************************************************************
et-gaap Taxonomy: 2011-01-01 (Final)

Copyright (C) 2010 Centre of Registers and Information Systems
**************************************************************
-->
<link:linkbase xmlns:xsi="http://www.w3.org/2001/XMLSchema-instance" xsi:schemaLocation="http://www.xbrl.org/2003/linkbase http://www.xbrl.org/2003/xbrl-linkbase-2003-12-31.xsd" xmlns:link="http://www.xbrl.org/2003/linkbase" xmlns:xlink="http://www.w3.org/1999/xlink">
  <link:roleRef roleURI="http://xbrl.eesti.ee/role/et-gaap_2011-01-01/NoteDirectExpensesOfProjectsFinancedByGrantsAndDonations_role-845000" xlink:type="simple" xlink:href="role-845000.xsd#NoteOtherOperatingIncome_role-845000"/>
  <link:calculationLink xlink:type="extended" xlink:role="http://xbrl.eesti.ee/role/et-gaap_2011-01-01/NoteDirectExpensesOfProjectsFinancedByGrantsAndDonations_role-845000">
    <link:loc xlink:type="locator" xlink:href="../../et-gaap-cor_2011-01-01.xsd#et-gaap_DirectExpensesOfProjectsFinancedByGrantsAndDonations" xlink:label="DirectExpensesOfProjectsFinancedByGrantsAndDonations" xlink:title="DirectExpensesOfProjectsFinancedByGrantsAndDonations"/>
    <link:loc xlink:type="locator" xlink:href="../../et-gaap-cor_2011-01-01.xsd#et-gaap_DirectExpensesOfProjectsFinancedByGrantsAndDonationsRawMaterials" xlink:label="DirectExpensesOfProjectsFinancedByGrantsAndDonationsRawMaterials" xlink:title="DirectExpensesOfProjectsFinancedByGrantsAndDonationsRawMaterials"/>
    <link:calculationArc xlink:type="arc" xlink:arcrole="http://www.xbrl.org/2003/arcrole/summation-item" xlink:from="DirectExpensesOfProjectsFinancedByGrantsAndDonations" xlink:to="DirectExpensesOfProjectsFinancedByGrantsAndDonationsRawMaterials" xlink:title="calculation: DirectExpensesOfProjectsFinancedByGrantsAndDonations to DirectExpensesOfProjectsFinancedByGrantsAndDonationsRawMaterials" order="1.0" weight="1.0"/>
    <link:loc xlink:type="locator" xlink:href="../../et-gaap-cor_2011-01-01.xsd#et-gaap_DirectExpensesOfProjectsFinancedByGrantsAndDonationsWriteOff" xlink:label="DirectExpensesOfProjectsFinancedByGrantsAndDonationsWriteOff" xlink:title="DirectExpensesOfProjectsFinancedByGrantsAndDonationsWriteOff"/>
    <link:calculationArc xlink:type="arc" xlink:arcrole="http://www.xbrl.org/2003/arcrole/summation-item" xlink:from="DirectExpensesOfProjectsFinancedByGrantsAndDonations" xlink:to="DirectExpensesOfProjectsFinancedByGrantsAndDonationsWriteOff" xlink:title="calculation: DirectExpensesOfProjectsFinancedByGrantsAndDonations to DirectExpensesOfProjectsFinancedByGrantsAndDonationsWriteOff" order="2.0" weight="1.0"/>
    <link:loc xlink:type="locator" xlink:href="../../et-gaap-cor_2011-01-01.xsd#et-gaap_DirectExpensesOfProjectsFinancedByGrantsAndDonationsGoodsPurchasedForResale" xlink:label="DirectExpensesOfProjectsFinancedByGrantsAndDonationsGoodsPurchasedForResale" xlink:title="DirectExpensesOfProjectsFinancedByGrantsAndDonationsGoodsPurchasedForResale"/>
    <link:calculationArc xlink:type="arc" xlink:arcrole="http://www.xbrl.org/2003/arcrole/summation-item" xlink:from="DirectExpensesOfProjectsFinancedByGrantsAndDonations" xlink:to="DirectExpensesOfProjectsFinancedByGrantsAndDonationsGoodsPurchasedForResale" xlink:title="calculation: DirectExpensesOfProjectsFinancedByGrantsAndDonations to DirectExpensesOfProjectsFinancedByGrantsAndDonationsGoodsPurchasedForResale" order="3.0" weight="1.0"/>
    <link:loc xlink:type="locator" xlink:href="../../et-gaap-cor_2011-01-01.xsd#et-gaap_DirectExpensesOfProjectsFinancedByGrantsAndDonationsInvestmentPropertyPurchasedForResale" xlink:label="DirectExpensesOfProjectsFinancedByGrantsAndDonationsInvestmentPropertyPurchasedForResale" xlink:title="DirectExpensesOfProjectsFinancedByGrantsAndDonationsInvestmentPropertyPurchasedForResale"/>
    <link:calculationArc xlink:type="arc" xlink:arcrole="http://www.xbrl.org/2003/arcrole/summation-item" xlink:from="DirectExpensesOfProjectsFinancedByGrantsAndDonations" xlink:to="DirectExpensesOfProjectsFinancedByGrantsAndDonationsInvestmentPropertyPurchasedForResale" xlink:title="calculation: DirectExpensesOfProjectsFinancedByGrantsAndDonations to DirectExpensesOfProjectsFinancedByGrantsAndDonationsInvestmentPropertyPurchasedForResale" order="4.0" weight="1.0"/>
    <link:loc xlink:type="locator" xlink:href="../../et-gaap-cor_2011-01-01.xsd#et-gaap_DirectExpensesOfProjectsFinancedByGrantsAndDonationsPurchasedForResale" xlink:label="DirectExpensesOfProjectsFinancedByGrantsAndDonationsPurchasedForResale" xlink:title="DirectExpensesOfProjectsFinancedByGrantsAndDonationsPurchasedForResale"/>
    <link:calculationArc xlink:type="arc" xlink:arcrole="http://www.xbrl.org/2003/arcrole/summation-item" xlink:from="DirectExpensesOfProjectsFinancedByGrantsAndDonations" xlink:to="DirectExpensesOfProjectsFinancedByGrantsAndDonationsPurchasedForResale" xlink:title="calculation: DirectExpensesOfProjectsFinancedByGrantsAndDonations to DirectExpensesOfProjectsFinancedByGrantsAndDonationsPurchasedForResale" order="5.0" weight="1.0"/>
    <link:loc xlink:type="locator" xlink:href="../../et-gaap-cor_2011-01-01.xsd#et-gaap_DirectExpensesOfProjectsFinancedByGrantsAndDonationsEnergy" xlink:label="DirectExpensesOfProjectsFinancedByGrantsAndDonationsEnergy" xlink:title="DirectExpensesOfProjectsFinancedByGrantsAndDonationsEnergy"/>
    <link:calculationArc xlink:type="arc" xlink:arcrole="http://www.xbrl.org/2003/arcrole/summation-item" xlink:from="DirectExpensesOfProjectsFinancedByGrantsAndDonations" xlink:to="DirectExpensesOfProjectsFinancedByGrantsAndDonationsEnergy" xlink:title="calculation: DirectExpensesOfProjectsFinancedByGrantsAndDonations to DirectExpensesOfProjectsFinancedByGrantsAndDonationsEnergy" order="6.0" weight="1.0"/>
    <link:loc xlink:type="locator" xlink:href="../../et-gaap-cor_2011-01-01.xsd#et-gaap_DirectExpensesOfProjectsFinancedByGrantsAndDonationsElectricity" xlink:label="DirectExpensesOfProjectsFinancedByGrantsAndDonationsElectricity" xlink:title="DirectExpensesOfProjectsFinancedByGrantsAndDonationsElectricity"/>
    <link:calculationArc xlink:type="arc" xlink:arcrole="http://www.xbrl.org/2003/arcrole/summation-item" xlink:from="DirectExpensesOfProjectsFinancedByGrantsAndDonationsEnergy" xlink:to="DirectExpensesOfProjectsFinancedByGrantsAndDonationsElectricity" xlink:title="calculation: DirectExpensesOfProjectsFinancedByGrantsAndDonationsEnergy to DirectExpensesOfProjectsFinancedByGrantsAndDonationsElectricity" order="1.0" weight="1.0"/>
    <link:loc xlink:type="locator" xlink:href="../../et-gaap-cor_2011-01-01.xsd#et-gaap_DirectExpensesOfProjectsFinancedByGrantsAndDonationsHeatEnergy" xlink:label="DirectExpensesOfProjectsFinancedByGrantsAndDonationsHeatEnergy" xlink:title="DirectExpensesOfProjectsFinancedByGrantsAndDonationsHeatEnergy"/>
    <link:calculationArc xlink:type="arc" xlink:arcrole="http://www.xbrl.org/2003/arcrole/summation-item" xlink:from="DirectExpensesOfProjectsFinancedByGrantsAndDonationsEnergy" xlink:to="DirectExpensesOfProjectsFinancedByGrantsAndDonationsHeatEnergy" xlink:title="calculation: DirectExpensesOfProjectsFinancedByGrantsAndDonationsEnergy to DirectExpensesOfProjectsFinancedByGrantsAndDonationsHeatEnergy" order="2.0" weight="1.0"/>
    <link:loc xlink:type="locator" xlink:href="../../et-gaap-cor_2011-01-01.xsd#et-gaap_DirectExpensesOfProjectsFinancedByGrantsAndDonationsFuel" xlink:label="DirectExpensesOfProjectsFinancedByGrantsAndDonationsFuel" xlink:title="DirectExpensesOfProjectsFinancedByGrantsAndDonationsFuel"/>
    <link:calculationArc xlink:type="arc" xlink:arcrole="http://www.xbrl.org/2003/arcrole/summation-item" xlink:from="DirectExpensesOfProjectsFinancedByGrantsAndDonationsEnergy" xlink:to="DirectExpensesOfProjectsFinancedByGrantsAndDonationsFuel" xlink:title="calculation: DirectExpensesOfProjectsFinancedByGrantsAndDonationsEnergy to DirectExpensesOfProjectsFinancedByGrantsAndDonationsFuel" order="3.0" weight="1.0"/>
    <link:loc xlink:type="locator" xlink:href="../../et-gaap-cor_2011-01-01.xsd#et-gaap_DirectExpensesOfProjectsFinancedByGrantsAndDonationsRepairExpense" xlink:label="DirectExpensesOfProjectsFinancedByGrantsAndDonationsRepairExpense" xlink:title="DirectExpensesOfProjectsFinancedByGrantsAndDonationsRepairExpense"/>
    <link:calculationArc xlink:type="arc" xlink:arcrole="http://www.xbrl.org/2003/arcrole/summation-item" xlink:from="DirectExpensesOfProjectsFinancedByGrantsAndDonations" xlink:to="DirectExpensesOfProjectsFinancedByGrantsAndDonationsRepairExpense" xlink:title="calculation: DirectExpensesOfProjectsFinancedByGrantsAndDonations to DirectExpensesOfProjectsFinancedByGrantsAndDonationsRepairExpense" order="7.0" weight="1.0"/>
    <link:loc xlink:type="locator" xlink:href="../../et-gaap-cor_2011-01-01.xsd#et-gaap_DirectExpensesOfProjectsFinancedByGrantsAndDonationsMaintenanceExpense" xlink:label="DirectExpensesOfProjectsFinancedByGrantsAndDonationsMaintenanceExpense" xlink:title="DirectExpensesOfProjectsFinancedByGrantsAndDonationsMaintenanceExpense"/>
    <link:calculationArc xlink:type="arc" xlink:arcrole="http://www.xbrl.org/2003/arcrole/summation-item" xlink:from="DirectExpensesOfProjectsFinancedByGrantsAndDonations" xlink:to="DirectExpensesOfProjectsFinancedByGrantsAndDonationsMaintenanceExpense" xlink:title="calculation: DirectExpensesOfProjectsFinancedByGrantsAndDonations to DirectExpensesOfProjectsFinancedByGrantsAndDonationsMaintenanceExpense" order="8.0" weight="1.0"/>
    <link:loc xlink:type="locator" xlink:href="../../et-gaap-cor_2011-01-01.xsd#et-gaap_DirectExpensesOfProjectsFinancedByGrantsAndDonationsTransportationExpense" xlink:label="DirectExpensesOfProjectsFinancedByGrantsAndDonationsTransportationExpense" xlink:title="DirectExpensesOfProjectsFinancedByGrantsAndDonationsTransportationExpense"/>
    <link:calculationArc xlink:type="arc" xlink:arcrole="http://www.xbrl.org/2003/arcrole/summation-item" xlink:from="DirectExpensesOfProjectsFinancedByGrantsAndDonations" xlink:to="DirectExpensesOfProjectsFinancedByGrantsAndDonationsTransportationExpense" xlink:title="calculation: DirectExpensesOfProjectsFinancedByGrantsAndDonations to DirectExpensesOfProjectsFinancedByGrantsAndDonationsTransportationExpense" order="9.0" weight="1.0"/>
    <link:loc xlink:type="locator" xlink:href="../../et-gaap-cor_2011-01-01.xsd#et-gaap_DirectExpensesOfProjectsFinancedByGrantsAndDonationsLogisticsExpense" xlink:label="DirectExpensesOfProjectsFinancedByGrantsAndDonationsLogisticsExpense" xlink:title="DirectExpensesOfProjectsFinancedByGrantsAndDonationsLogisticsExpense"/>
    <link:calculationArc xlink:type="arc" xlink:arcrole="http://www.xbrl.org/2003/arcrole/summation-item" xlink:from="DirectExpensesOfProjectsFinancedByGrantsAndDonations" xlink:to="DirectExpensesOfProjectsFinancedByGrantsAndDonationsLogisticsExpense" xlink:title="calculation: DirectExpensesOfProjectsFinancedByGrantsAndDonations to DirectExpensesOfProjectsFinancedByGrantsAndDonationsLogisticsExpense" order="10.0" weight="1.0"/>
    <link:loc xlink:type="locator" xlink:href="../../et-gaap-cor_2011-01-01.xsd#et-gaap_DirectExpensesOfProjectsFinancedByGrantsAndDonationsLandRent" xlink:label="DirectExpensesOfProjectsFinancedByGrantsAndDonationsLandRent" xlink:title="DirectExpensesOfProjectsFinancedByGrantsAndDonationsLandRent"/>
    <link:calculationArc xlink:type="arc" xlink:arcrole="http://www.xbrl.org/2003/arcrole/summation-item" xlink:from="DirectExpensesOfProjectsFinancedByGrantsAndDonations" xlink:to="DirectExpensesOfProjectsFinancedByGrantsAndDonationsLandRent" xlink:title="calculation: DirectExpensesOfProjectsFinancedByGrantsAndDonations to DirectExpensesOfProjectsFinancedByGrantsAndDonationsLandRent" order="11.0" weight="1.0"/>
    <link:loc xlink:type="locator" xlink:href="../../et-gaap-cor_2011-01-01.xsd#et-gaap_DirectExpensesOfProjectsFinancedByGrantsAndDonationsLeases" xlink:label="DirectExpensesOfProjectsFinancedByGrantsAndDonationsLeases" xlink:title="DirectExpensesOfProjectsFinancedByGrantsAndDonationsLeases"/>
    <link:calculationArc xlink:type="arc" xlink:arcrole="http://www.xbrl.org/2003/arcrole/summation-item" xlink:from="DirectExpensesOfProjectsFinancedByGrantsAndDonations" xlink:to="DirectExpensesOfProjectsFinancedByGrantsAndDonationsLeases" xlink:title="calculation: DirectExpensesOfProjectsFinancedByGrantsAndDonations to DirectExpensesOfProjectsFinancedByGrantsAndDonationsLeases" order="12.0" weight="1.0"/>
    <link:loc xlink:type="locator" xlink:href="../../et-gaap-cor_2011-01-01.xsd#et-gaap_DirectExpensesOfProjectsFinancedByGrantsAndDonationsOfficeExpense" xlink:label="DirectExpensesOfProjectsFinancedByGrantsAndDonationsOfficeExpense" xlink:title="DirectExpensesOfProjectsFinancedByGrantsAndDonationsOfficeExpense"/>
    <link:calculationArc xlink:type="arc" xlink:arcrole="http://www.xbrl.org/2003/arcrole/summation-item" xlink:from="DirectExpensesOfProjectsFinancedByGrantsAndDonations" xlink:to="DirectExpensesOfProjectsFinancedByGrantsAndDonationsOfficeExpense" xlink:title="calculation: DirectExpensesOfProjectsFinancedByGrantsAndDonations to DirectExpensesOfProjectsFinancedByGrantsAndDonationsOfficeExpense" order="13.0" weight="1.0"/>
    <link:loc xlink:type="locator" xlink:href="../../et-gaap-cor_2011-01-01.xsd#et-gaap_DirectExpensesOfProjectsFinancedByGrantsAndDonationsResearchAndDevelopmentExpense" xlink:label="DirectExpensesOfProjectsFinancedByGrantsAndDonationsResearchAndDevelopmentExpense" xlink:title="DirectExpensesOfProjectsFinancedByGrantsAndDonationsResearchAndDevelopmentExpense"/>
    <link:calculationArc xlink:type="arc" xlink:arcrole="http://www.xbrl.org/2003/arcrole/summation-item" xlink:from="DirectExpensesOfProjectsFinancedByGrantsAndDonations" xlink:to="DirectExpensesOfProjectsFinancedByGrantsAndDonationsResearchAndDevelopmentExpense" xlink:title="calculation: DirectExpensesOfProjectsFinancedByGrantsAndDonations to DirectExpensesOfProjectsFinancedByGrantsAndDonationsResearchAndDevelopmentExpense" order="14.0" weight="1.0"/>
    <link:loc xlink:type="locator" xlink:href="../../et-gaap-cor_2011-01-01.xsd#et-gaap_DirectExpensesOfProjectsFinancedByGrantsAndDonationsTravelExpense" xlink:label="DirectExpensesOfProjectsFinancedByGrantsAndDonationsTravelExpense" xlink:title="DirectExpensesOfProjectsFinancedByGrantsAndDonationsTravelExpense"/>
    <link:calculationArc xlink:type="arc" xlink:arcrole="http://www.xbrl.org/2003/arcrole/summation-item" xlink:from="DirectExpensesOfProjectsFinancedByGrantsAndDonations" xlink:to="DirectExpensesOfProjectsFinancedByGrantsAndDonationsTravelExpense" xlink:title="calculation: DirectExpensesOfProjectsFinancedByGrantsAndDonations to DirectExpensesOfProjectsFinancedByGrantsAndDonationsTravelExpense" order="15.0" weight="1.0"/>
    <link:loc xlink:type="locator" xlink:href="../../et-gaap-cor_2011-01-01.xsd#et-gaap_DirectExpensesOfProjectsFinancedByGrantsAndDonationsTrainingExpense" xlink:label="DirectExpensesOfProjectsFinancedByGrantsAndDonationsTrainingExpense" xlink:title="DirectExpensesOfProjectsFinancedByGrantsAndDonationsTrainingExpense"/>
    <link:calculationArc xlink:type="arc" xlink:arcrole="http://www.xbrl.org/2003/arcrole/summation-item" xlink:from="DirectExpensesOfProjectsFinancedByGrantsAndDonations" xlink:to="DirectExpensesOfProjectsFinancedByGrantsAndDonationsTrainingExpense" xlink:title="calculation: DirectExpensesOfProjectsFinancedByGrantsAndDonations to DirectExpensesOfProjectsFinancedByGrantsAndDonationsTrainingExpense" order="16.0" weight="1.0"/>
    <link:loc xlink:type="locator" xlink:href="../../et-gaap-cor_2011-01-01.xsd#et-gaap_DirectExpensesOfProjectsFinancedByGrantsAndDonationsStateAndLocalTaxes" xlink:label="DirectExpensesOfProjectsFinancedByGrantsAndDonationsStateAndLocalTaxes" xlink:title="DirectExpensesOfProjectsFinancedByGrantsAndDonationsStateAndLocalTaxes"/>
    <link:calculationArc xlink:type="arc" xlink:arcrole="http://www.xbrl.org/2003/arcrole/summation-item" xlink:from="DirectExpensesOfProjectsFinancedByGrantsAndDonations" xlink:to="DirectExpensesOfProjectsFinancedByGrantsAndDonationsStateAndLocalTaxes" xlink:title="calculation: DirectExpensesOfProjectsFinancedByGrantsAndDonations to DirectExpensesOfProjectsFinancedByGrantsAndDonationsStateAndLocalTaxes" order="17.0" weight="1.0"/>
    <link:loc xlink:type="locator" xlink:href="../../et-gaap-cor_2011-01-01.xsd#et-gaap_DirectExpensesOfProjectsFinancedByGrantsAndDonationsLaborExpense" xlink:label="DirectExpensesOfProjectsFinancedByGrantsAndDonationsLaborExpense" xlink:title="DirectExpensesOfProjectsFinancedByGrantsAndDonationsLaborExpense"/>
    <link:calculationArc xlink:type="arc" xlink:arcrole="http://www.xbrl.org/2003/arcrole/summation-item" xlink:from="DirectExpensesOfProjectsFinancedByGrantsAndDonations" xlink:to="DirectExpensesOfProjectsFinancedByGrantsAndDonationsLaborExpense" xlink:title="calculation: DirectExpensesOfProjectsFinancedByGrantsAndDonations to DirectExpensesOfProjectsFinancedByGrantsAndDonationsLaborExpense" order="18.0" weight="1.0"/>
    <link:loc xlink:type="locator" xlink:href="../../et-gaap-cor_2011-01-01.xsd#et-gaap_DirectExpensesOfProjectsFinancedByGrantsAndDonationsDepreciation" xlink:label="DirectExpensesOfProjectsFinancedByGrantsAndDonationsDepreciation" xlink:title="DirectExpensesOfProjectsFinancedByGrantsAndDonationsDepreciation"/>
    <link:calculationArc xlink:type="arc" xlink:arcrole="http://www.xbrl.org/2003/arcrole/summation-item" xlink:from="DirectExpensesOfProjectsFinancedByGrantsAndDonations" xlink:to="DirectExpensesOfProjectsFinancedByGrantsAndDonationsDepreciation" xlink:title="calculation: DirectExpensesOfProjectsFinancedByGrantsAndDonations to DirectExpensesOfProjectsFinancedByGrantsAndDonationsDepreciation" order="19.0" weight="1.0"/>
    <link:loc xlink:type="locator" xlink:href="../../et-gaap-cor_2011-01-01.xsd#et-gaap_DirectExpensesOfProjectsFinancedByGrantsAndDonationsAssetImpairmentExpense" xlink:label="DirectExpensesOfProjectsFinancedByGrantsAndDonationsAssetImpairmentExpense" xlink:title="DirectExpensesOfProjectsFinancedByGrantsAndDonationsAssetImpairmentExpense"/>
    <link:calculationArc xlink:type="arc" xlink:arcrole="http://www.xbrl.org/2003/arcrole/summation-item" xlink:from="DirectExpensesOfProjectsFinancedByGrantsAndDonations" xlink:to="DirectExpensesOfProjectsFinancedByGrantsAndDonationsAssetImpairmentExpense" xlink:title="calculation: DirectExpensesOfProjectsFinancedByGrantsAndDonations to DirectExpensesOfProjectsFinancedByGrantsAndDonationsAssetImpairmentExpense" order="20.0" weight="1.0"/>
    <link:loc xlink:type="locator" xlink:href="../../et-gaap-cor_2011-01-01.xsd#et-gaap_DirectExpensesOfProjectsFinancedByGrantsAndDonationsAdditionalItemValue" xlink:label="DirectExpensesOfProjectsFinancedByGrantsAndDonationsAdditionalItemValue" xlink:title="DirectExpensesOfProjectsFinancedByGrantsAndDonationsAdditionalItemValue"/>
    <link:calculationArc xlink:type="arc" xlink:arcrole="http://www.xbrl.org/2003/arcrole/summation-item" xlink:from="DirectExpensesOfProjectsFinancedByGrantsAndDonations" xlink:to="DirectExpensesOfProjectsFinancedByGrantsAndDonationsAdditionalItemValue" xlink:title="calculation: DirectExpensesOfProjectsFinancedByGrantsAndDonations to DirectExpensesOfProjectsFinancedByGrantsAndDonationsAdditionalItemValue" order="21.0" weight="1.0"/>
    <link:loc xlink:type="locator" xlink:href="../../et-gaap-cor_2011-01-01.xsd#et-gaap_DirectExpensesOfProjectsFinancedByGrantsAndDonationsOther" xlink:label="DirectExpensesOfProjectsFinancedByGrantsAndDonationsOther" xlink:title="DirectExpensesOfProjectsFinancedByGrantsAndDonationsOther"/>
    <link:calculationArc xlink:type="arc" xlink:arcrole="http://www.xbrl.org/2003/arcrole/summation-item" xlink:from="DirectExpensesOfProjectsFinancedByGrantsAndDonations" xlink:to="DirectExpensesOfProjectsFinancedByGrantsAndDonationsOther" xlink:title="calculation: DirectExpensesOfProjectsFinancedByGrantsAndDonations to DirectExpensesOfProjectsFinancedByGrantsAndDonationsOther" order="22.0" weight="1.0"/>
  </link:calculationLink>
</link:linkbase>
