<?xml version="1.0" encoding="UTF-8"?>
<!--
**************************************************************
et-gaap Taxonomy: 2011-01-01 (Final)

Copyright (C) 2010 Centre of Registers and Information Systems
**************************************************************
-->
<link:linkbase xmlns:xsi="http://www.w3.org/2001/XMLSchema-instance" xsi:schemaLocation="http://www.xbrl.org/2003/linkbase http://www.xbrl.org/2003/xbrl-linkbase-2003-12-31.xsd" xmlns:link="http://www.xbrl.org/2003/linkbase" xmlns:xlink="http://www.w3.org/1999/xlink" xmlns:p0="http://xbrl.org/2005/xbrldt">
  <link:roleRef roleURI="http://xbrl.eesti.ee/role/et-gaap_2011-01-01/NoteDirectExpensesOfProjectsFinancedByGrantsAndDonations_role-845000" xlink:type="simple" xlink:href="role-845000.xsd#NoteOtherOperatingIncome_role-845000"/>
  <link:arcroleRef arcroleURI="http://xbrl.org/int/dim/arcrole/domain-member" xlink:type="simple" xlink:href="http://www.xbrl.org/2005/xbrldt-2005.xsd#domain-member"/>
  <link:definitionLink xlink:type="extended" xlink:role="http://xbrl.eesti.ee/role/et-gaap_2011-01-01/NoteDirectExpensesOfProjectsFinancedByGrantsAndDonations_role-845000">
    <link:loc xlink:type="locator" xlink:href="../../et-gaap-cor_2011-01-01.xsd#et-gaap_NoteDirectExpensesOfProjectsFinancedByGrantsAndDonationsAbstract" xlink:label="NoteDirectExpensesOfProjectsFinancedByGrantsAndDonationsAbstract" xlink:title="NoteDirectExpensesOfProjectsFinancedByGrantsAndDonationsAbstract"/>
    <link:loc xlink:type="locator" xlink:href="../../et-gaap-cor_2011-01-01.xsd#et-gaap_DirectExpensesOfProjectsFinancedByGrantsAndDonationsRawMaterials" xlink:label="DirectExpensesOfProjectsFinancedByGrantsAndDonationsRawMaterials" xlink:title="DirectExpensesOfProjectsFinancedByGrantsAndDonationsRawMaterials"/>
    <link:definitionArc xlink:type="arc" xlink:arcrole="http://xbrl.org/int/dim/arcrole/domain-member" xlink:from="NoteDirectExpensesOfProjectsFinancedByGrantsAndDonationsAbstract" xlink:to="DirectExpensesOfProjectsFinancedByGrantsAndDonationsRawMaterials" xlink:title="definition: NoteDirectExpensesOfProjectsFinancedByGrantsAndDonationsAbstract to DirectExpensesOfProjectsFinancedByGrantsAndDonationsRawMaterials" use="optional" order="1.0"/>
    <link:loc xlink:type="locator" xlink:href="../../et-gaap-cor_2011-01-01.xsd#et-gaap_DirectExpensesOfProjectsFinancedByGrantsAndDonationsWriteOff" xlink:label="DirectExpensesOfProjectsFinancedByGrantsAndDonationsWriteOff" xlink:title="DirectExpensesOfProjectsFinancedByGrantsAndDonationsWriteOff"/>
    <link:definitionArc xlink:type="arc" xlink:arcrole="http://xbrl.org/int/dim/arcrole/domain-member" xlink:from="NoteDirectExpensesOfProjectsFinancedByGrantsAndDonationsAbstract" xlink:to="DirectExpensesOfProjectsFinancedByGrantsAndDonationsWriteOff" xlink:title="definition: NoteDirectExpensesOfProjectsFinancedByGrantsAndDonationsAbstract to DirectExpensesOfProjectsFinancedByGrantsAndDonationsWriteOff" use="optional" order="2.0"/>
    <link:loc xlink:type="locator" xlink:href="../../et-gaap-cor_2011-01-01.xsd#et-gaap_DirectExpensesOfProjectsFinancedByGrantsAndDonationsGoodsPurchasedForResale" xlink:label="DirectExpensesOfProjectsFinancedByGrantsAndDonationsGoodsPurchasedForResale" xlink:title="DirectExpensesOfProjectsFinancedByGrantsAndDonationsGoodsPurchasedForResale"/>
    <link:definitionArc xlink:type="arc" xlink:arcrole="http://xbrl.org/int/dim/arcrole/domain-member" xlink:from="NoteDirectExpensesOfProjectsFinancedByGrantsAndDonationsAbstract" xlink:to="DirectExpensesOfProjectsFinancedByGrantsAndDonationsGoodsPurchasedForResale" xlink:title="definition: NoteDirectExpensesOfProjectsFinancedByGrantsAndDonationsAbstract to DirectExpensesOfProjectsFinancedByGrantsAndDonationsGoodsPurchasedForResale" use="optional" order="3.0"/>
    <link:loc xlink:type="locator" xlink:href="../../et-gaap-cor_2011-01-01.xsd#et-gaap_DirectExpensesOfProjectsFinancedByGrantsAndDonationsInvestmentPropertyPurchasedForResale" xlink:label="DirectExpensesOfProjectsFinancedByGrantsAndDonationsInvestmentPropertyPurchasedForResale" xlink:title="DirectExpensesOfProjectsFinancedByGrantsAndDonationsInvestmentPropertyPurchasedForResale"/>
    <link:definitionArc xlink:type="arc" xlink:arcrole="http://xbrl.org/int/dim/arcrole/domain-member" xlink:from="NoteDirectExpensesOfProjectsFinancedByGrantsAndDonationsAbstract" xlink:to="DirectExpensesOfProjectsFinancedByGrantsAndDonationsInvestmentPropertyPurchasedForResale" xlink:title="definition: NoteDirectExpensesOfProjectsFinancedByGrantsAndDonationsAbstract to DirectExpensesOfProjectsFinancedByGrantsAndDonationsInvestmentPropertyPurchasedForResale" use="optional" order="4.0"/>
    <link:loc xlink:type="locator" xlink:href="../../et-gaap-cor_2011-01-01.xsd#et-gaap_DirectExpensesOfProjectsFinancedByGrantsAndDonationsPurchasedForResale" xlink:label="DirectExpensesOfProjectsFinancedByGrantsAndDonationsPurchasedForResale" xlink:title="DirectExpensesOfProjectsFinancedByGrantsAndDonationsPurchasedForResale"/>
    <link:definitionArc xlink:type="arc" xlink:arcrole="http://xbrl.org/int/dim/arcrole/domain-member" xlink:from="NoteDirectExpensesOfProjectsFinancedByGrantsAndDonationsAbstract" xlink:to="DirectExpensesOfProjectsFinancedByGrantsAndDonationsPurchasedForResale" xlink:title="definition: NoteDirectExpensesOfProjectsFinancedByGrantsAndDonationsAbstract to DirectExpensesOfProjectsFinancedByGrantsAndDonationsPurchasedForResale" use="optional" order="5.0"/>
    <link:loc xlink:type="locator" xlink:href="../../et-gaap-cor_2011-01-01.xsd#et-gaap_DirectExpensesOfProjectsFinancedByGrantsAndDonationsEnergy" xlink:label="DirectExpensesOfProjectsFinancedByGrantsAndDonationsEnergy" xlink:title="DirectExpensesOfProjectsFinancedByGrantsAndDonationsEnergy"/>
    <link:definitionArc xlink:type="arc" xlink:arcrole="http://xbrl.org/int/dim/arcrole/domain-member" xlink:from="NoteDirectExpensesOfProjectsFinancedByGrantsAndDonationsAbstract" xlink:to="DirectExpensesOfProjectsFinancedByGrantsAndDonationsEnergy" xlink:title="definition: NoteDirectExpensesOfProjectsFinancedByGrantsAndDonationsAbstract to DirectExpensesOfProjectsFinancedByGrantsAndDonationsEnergy" use="optional" order="6.0"/>
    <link:loc xlink:type="locator" xlink:href="../../et-gaap-cor_2011-01-01.xsd#et-gaap_DirectExpensesOfProjectsFinancedByGrantsAndDonationsElectricity" xlink:label="DirectExpensesOfProjectsFinancedByGrantsAndDonationsElectricity" xlink:title="DirectExpensesOfProjectsFinancedByGrantsAndDonationsElectricity"/>
    <link:definitionArc xlink:type="arc" xlink:arcrole="http://xbrl.org/int/dim/arcrole/domain-member" xlink:from="DirectExpensesOfProjectsFinancedByGrantsAndDonationsEnergy" xlink:to="DirectExpensesOfProjectsFinancedByGrantsAndDonationsElectricity" xlink:title="definition: DirectExpensesOfProjectsFinancedByGrantsAndDonationsEnergy to DirectExpensesOfProjectsFinancedByGrantsAndDonationsElectricity" use="optional" order="1.0"/>
    <link:loc xlink:type="locator" xlink:href="../../et-gaap-cor_2011-01-01.xsd#et-gaap_DirectExpensesOfProjectsFinancedByGrantsAndDonationsHeatEnergy" xlink:label="DirectExpensesOfProjectsFinancedByGrantsAndDonationsHeatEnergy" xlink:title="DirectExpensesOfProjectsFinancedByGrantsAndDonationsHeatEnergy"/>
    <link:definitionArc xlink:type="arc" xlink:arcrole="http://xbrl.org/int/dim/arcrole/domain-member" xlink:from="DirectExpensesOfProjectsFinancedByGrantsAndDonationsEnergy" xlink:to="DirectExpensesOfProjectsFinancedByGrantsAndDonationsHeatEnergy" xlink:title="definition: DirectExpensesOfProjectsFinancedByGrantsAndDonationsEnergy to DirectExpensesOfProjectsFinancedByGrantsAndDonationsHeatEnergy" use="optional" order="2.0"/>
    <link:loc xlink:type="locator" xlink:href="../../et-gaap-cor_2011-01-01.xsd#et-gaap_DirectExpensesOfProjectsFinancedByGrantsAndDonationsFuel" xlink:label="DirectExpensesOfProjectsFinancedByGrantsAndDonationsFuel" xlink:title="DirectExpensesOfProjectsFinancedByGrantsAndDonationsFuel"/>
    <link:definitionArc xlink:type="arc" xlink:arcrole="http://xbrl.org/int/dim/arcrole/domain-member" xlink:from="DirectExpensesOfProjectsFinancedByGrantsAndDonationsEnergy" xlink:to="DirectExpensesOfProjectsFinancedByGrantsAndDonationsFuel" xlink:title="definition: DirectExpensesOfProjectsFinancedByGrantsAndDonationsEnergy to DirectExpensesOfProjectsFinancedByGrantsAndDonationsFuel" use="optional" order="3.0"/>
    <link:loc xlink:type="locator" xlink:href="../../et-gaap-cor_2011-01-01.xsd#et-gaap_DirectExpensesOfProjectsFinancedByGrantsAndDonationsRepairExpense" xlink:label="DirectExpensesOfProjectsFinancedByGrantsAndDonationsRepairExpense" xlink:title="DirectExpensesOfProjectsFinancedByGrantsAndDonationsRepairExpense"/>
    <link:definitionArc xlink:type="arc" xlink:arcrole="http://xbrl.org/int/dim/arcrole/domain-member" xlink:from="NoteDirectExpensesOfProjectsFinancedByGrantsAndDonationsAbstract" xlink:to="DirectExpensesOfProjectsFinancedByGrantsAndDonationsRepairExpense" xlink:title="definition: NoteDirectExpensesOfProjectsFinancedByGrantsAndDonationsAbstract to DirectExpensesOfProjectsFinancedByGrantsAndDonationsRepairExpense" use="optional" order="7.0"/>
    <link:loc xlink:type="locator" xlink:href="../../et-gaap-cor_2011-01-01.xsd#et-gaap_DirectExpensesOfProjectsFinancedByGrantsAndDonationsMaintenanceExpense" xlink:label="DirectExpensesOfProjectsFinancedByGrantsAndDonationsMaintenanceExpense" xlink:title="DirectExpensesOfProjectsFinancedByGrantsAndDonationsMaintenanceExpense"/>
    <link:definitionArc xlink:type="arc" xlink:arcrole="http://xbrl.org/int/dim/arcrole/domain-member" xlink:from="NoteDirectExpensesOfProjectsFinancedByGrantsAndDonationsAbstract" xlink:to="DirectExpensesOfProjectsFinancedByGrantsAndDonationsMaintenanceExpense" xlink:title="definition: NoteDirectExpensesOfProjectsFinancedByGrantsAndDonationsAbstract to DirectExpensesOfProjectsFinancedByGrantsAndDonationsMaintenanceExpense" use="optional" order="8.0"/>
    <link:loc xlink:type="locator" xlink:href="../../et-gaap-cor_2011-01-01.xsd#et-gaap_DirectExpensesOfProjectsFinancedByGrantsAndDonationsTransportationExpense" xlink:label="DirectExpensesOfProjectsFinancedByGrantsAndDonationsTransportationExpense" xlink:title="DirectExpensesOfProjectsFinancedByGrantsAndDonationsTransportationExpense"/>
    <link:definitionArc xlink:type="arc" xlink:arcrole="http://xbrl.org/int/dim/arcrole/domain-member" xlink:from="NoteDirectExpensesOfProjectsFinancedByGrantsAndDonationsAbstract" xlink:to="DirectExpensesOfProjectsFinancedByGrantsAndDonationsTransportationExpense" xlink:title="definition: NoteDirectExpensesOfProjectsFinancedByGrantsAndDonationsAbstract to DirectExpensesOfProjectsFinancedByGrantsAndDonationsTransportationExpense" use="optional" order="9.0"/>
    <link:loc xlink:type="locator" xlink:href="../../et-gaap-cor_2011-01-01.xsd#et-gaap_DirectExpensesOfProjectsFinancedByGrantsAndDonationsLogisticsExpense" xlink:label="DirectExpensesOfProjectsFinancedByGrantsAndDonationsLogisticsExpense" xlink:title="DirectExpensesOfProjectsFinancedByGrantsAndDonationsLogisticsExpense"/>
    <link:definitionArc xlink:type="arc" xlink:arcrole="http://xbrl.org/int/dim/arcrole/domain-member" xlink:from="NoteDirectExpensesOfProjectsFinancedByGrantsAndDonationsAbstract" xlink:to="DirectExpensesOfProjectsFinancedByGrantsAndDonationsLogisticsExpense" xlink:title="definition: NoteDirectExpensesOfProjectsFinancedByGrantsAndDonationsAbstract to DirectExpensesOfProjectsFinancedByGrantsAndDonationsLogisticsExpense" use="optional" order="10.0"/>
    <link:loc xlink:type="locator" xlink:href="../../et-gaap-cor_2011-01-01.xsd#et-gaap_DirectExpensesOfProjectsFinancedByGrantsAndDonationsLandRent" xlink:label="DirectExpensesOfProjectsFinancedByGrantsAndDonationsLandRent" xlink:title="DirectExpensesOfProjectsFinancedByGrantsAndDonationsLandRent"/>
    <link:definitionArc xlink:type="arc" xlink:arcrole="http://xbrl.org/int/dim/arcrole/domain-member" xlink:from="NoteDirectExpensesOfProjectsFinancedByGrantsAndDonationsAbstract" xlink:to="DirectExpensesOfProjectsFinancedByGrantsAndDonationsLandRent" xlink:title="definition: NoteDirectExpensesOfProjectsFinancedByGrantsAndDonationsAbstract to DirectExpensesOfProjectsFinancedByGrantsAndDonationsLandRent" use="optional" order="11.0"/>
    <link:loc xlink:type="locator" xlink:href="../../et-gaap-cor_2011-01-01.xsd#et-gaap_DirectExpensesOfProjectsFinancedByGrantsAndDonationsLeases" xlink:label="DirectExpensesOfProjectsFinancedByGrantsAndDonationsLeases" xlink:title="DirectExpensesOfProjectsFinancedByGrantsAndDonationsLeases"/>
    <link:definitionArc xlink:type="arc" xlink:arcrole="http://xbrl.org/int/dim/arcrole/domain-member" xlink:from="NoteDirectExpensesOfProjectsFinancedByGrantsAndDonationsAbstract" xlink:to="DirectExpensesOfProjectsFinancedByGrantsAndDonationsLeases" xlink:title="definition: NoteDirectExpensesOfProjectsFinancedByGrantsAndDonationsAbstract to DirectExpensesOfProjectsFinancedByGrantsAndDonationsLeases" use="optional" order="12.0"/>
    <link:loc xlink:type="locator" xlink:href="../../et-gaap-cor_2011-01-01.xsd#et-gaap_DirectExpensesOfProjectsFinancedByGrantsAndDonationsOfficeExpense" xlink:label="DirectExpensesOfProjectsFinancedByGrantsAndDonationsOfficeExpense" xlink:title="DirectExpensesOfProjectsFinancedByGrantsAndDonationsOfficeExpense"/>
    <link:definitionArc xlink:type="arc" xlink:arcrole="http://xbrl.org/int/dim/arcrole/domain-member" xlink:from="NoteDirectExpensesOfProjectsFinancedByGrantsAndDonationsAbstract" xlink:to="DirectExpensesOfProjectsFinancedByGrantsAndDonationsOfficeExpense" xlink:title="definition: NoteDirectExpensesOfProjectsFinancedByGrantsAndDonationsAbstract to DirectExpensesOfProjectsFinancedByGrantsAndDonationsOfficeExpense" use="optional" order="13.0"/>
    <link:loc xlink:type="locator" xlink:href="../../et-gaap-cor_2011-01-01.xsd#et-gaap_DirectExpensesOfProjectsFinancedByGrantsAndDonationsResearchAndDevelopmentExpense" xlink:label="DirectExpensesOfProjectsFinancedByGrantsAndDonationsResearchAndDevelopmentExpense" xlink:title="DirectExpensesOfProjectsFinancedByGrantsAndDonationsResearchAndDevelopmentExpense"/>
    <link:definitionArc xlink:type="arc" xlink:arcrole="http://xbrl.org/int/dim/arcrole/domain-member" xlink:from="NoteDirectExpensesOfProjectsFinancedByGrantsAndDonationsAbstract" xlink:to="DirectExpensesOfProjectsFinancedByGrantsAndDonationsResearchAndDevelopmentExpense" xlink:title="definition: NoteDirectExpensesOfProjectsFinancedByGrantsAndDonationsAbstract to DirectExpensesOfProjectsFinancedByGrantsAndDonationsResearchAndDevelopmentExpense" use="optional" order="14.0"/>
    <link:loc xlink:type="locator" xlink:href="../../et-gaap-cor_2011-01-01.xsd#et-gaap_DirectExpensesOfProjectsFinancedByGrantsAndDonationsTravelExpense" xlink:label="DirectExpensesOfProjectsFinancedByGrantsAndDonationsTravelExpense" xlink:title="DirectExpensesOfProjectsFinancedByGrantsAndDonationsTravelExpense"/>
    <link:definitionArc xlink:type="arc" xlink:arcrole="http://xbrl.org/int/dim/arcrole/domain-member" xlink:from="NoteDirectExpensesOfProjectsFinancedByGrantsAndDonationsAbstract" xlink:to="DirectExpensesOfProjectsFinancedByGrantsAndDonationsTravelExpense" xlink:title="definition: NoteDirectExpensesOfProjectsFinancedByGrantsAndDonationsAbstract to DirectExpensesOfProjectsFinancedByGrantsAndDonationsTravelExpense" use="optional" order="15.0"/>
    <link:loc xlink:type="locator" xlink:href="../../et-gaap-cor_2011-01-01.xsd#et-gaap_DirectExpensesOfProjectsFinancedByGrantsAndDonationsTrainingExpense" xlink:label="DirectExpensesOfProjectsFinancedByGrantsAndDonationsTrainingExpense" xlink:title="DirectExpensesOfProjectsFinancedByGrantsAndDonationsTrainingExpense"/>
    <link:definitionArc xlink:type="arc" xlink:arcrole="http://xbrl.org/int/dim/arcrole/domain-member" xlink:from="NoteDirectExpensesOfProjectsFinancedByGrantsAndDonationsAbstract" xlink:to="DirectExpensesOfProjectsFinancedByGrantsAndDonationsTrainingExpense" xlink:title="definition: NoteDirectExpensesOfProjectsFinancedByGrantsAndDonationsAbstract to DirectExpensesOfProjectsFinancedByGrantsAndDonationsTrainingExpense" use="optional" order="16.0"/>
    <link:loc xlink:type="locator" xlink:href="../../et-gaap-cor_2011-01-01.xsd#et-gaap_DirectExpensesOfProjectsFinancedByGrantsAndDonationsStateAndLocalTaxes" xlink:label="DirectExpensesOfProjectsFinancedByGrantsAndDonationsStateAndLocalTaxes" xlink:title="DirectExpensesOfProjectsFinancedByGrantsAndDonationsStateAndLocalTaxes"/>
    <link:definitionArc xlink:type="arc" xlink:arcrole="http://xbrl.org/int/dim/arcrole/domain-member" xlink:from="NoteDirectExpensesOfProjectsFinancedByGrantsAndDonationsAbstract" xlink:to="DirectExpensesOfProjectsFinancedByGrantsAndDonationsStateAndLocalTaxes" xlink:title="definition: NoteDirectExpensesOfProjectsFinancedByGrantsAndDonationsAbstract to DirectExpensesOfProjectsFinancedByGrantsAndDonationsStateAndLocalTaxes" use="optional" order="17.0"/>
    <link:loc xlink:type="locator" xlink:href="../../et-gaap-cor_2011-01-01.xsd#et-gaap_DirectExpensesOfProjectsFinancedByGrantsAndDonationsLaborExpense" xlink:label="DirectExpensesOfProjectsFinancedByGrantsAndDonationsLaborExpense" xlink:title="DirectExpensesOfProjectsFinancedByGrantsAndDonationsLaborExpense"/>
    <link:definitionArc xlink:type="arc" xlink:arcrole="http://xbrl.org/int/dim/arcrole/domain-member" xlink:from="NoteDirectExpensesOfProjectsFinancedByGrantsAndDonationsAbstract" xlink:to="DirectExpensesOfProjectsFinancedByGrantsAndDonationsLaborExpense" xlink:title="definition: NoteDirectExpensesOfProjectsFinancedByGrantsAndDonationsAbstract to DirectExpensesOfProjectsFinancedByGrantsAndDonationsLaborExpense" use="optional" order="18.0"/>
    <link:loc xlink:type="locator" xlink:href="../../et-gaap-cor_2011-01-01.xsd#et-gaap_DirectExpensesOfProjectsFinancedByGrantsAndDonationsDepreciation" xlink:label="DirectExpensesOfProjectsFinancedByGrantsAndDonationsDepreciation" xlink:title="DirectExpensesOfProjectsFinancedByGrantsAndDonationsDepreciation"/>
    <link:definitionArc xlink:type="arc" xlink:arcrole="http://xbrl.org/int/dim/arcrole/domain-member" xlink:from="NoteDirectExpensesOfProjectsFinancedByGrantsAndDonationsAbstract" xlink:to="DirectExpensesOfProjectsFinancedByGrantsAndDonationsDepreciation" xlink:title="definition: NoteDirectExpensesOfProjectsFinancedByGrantsAndDonationsAbstract to DirectExpensesOfProjectsFinancedByGrantsAndDonationsDepreciation" use="optional" order="19.0"/>
    <link:loc xlink:type="locator" xlink:href="../../et-gaap-cor_2011-01-01.xsd#et-gaap_DirectExpensesOfProjectsFinancedByGrantsAndDonationsAssetImpairmentExpense" xlink:label="DirectExpensesOfProjectsFinancedByGrantsAndDonationsAssetImpairmentExpense" xlink:title="DirectExpensesOfProjectsFinancedByGrantsAndDonationsAssetImpairmentExpense"/>
    <link:definitionArc xlink:type="arc" xlink:arcrole="http://xbrl.org/int/dim/arcrole/domain-member" xlink:from="NoteDirectExpensesOfProjectsFinancedByGrantsAndDonationsAbstract" xlink:to="DirectExpensesOfProjectsFinancedByGrantsAndDonationsAssetImpairmentExpense" xlink:title="definition: NoteDirectExpensesOfProjectsFinancedByGrantsAndDonationsAbstract to DirectExpensesOfProjectsFinancedByGrantsAndDonationsAssetImpairmentExpense" use="optional" order="20.0"/>
    <link:loc xlink:type="locator" xlink:href="../../et-gaap-cor_2011-01-01.xsd#et-gaap_DirectExpensesOfProjectsFinancedByGrantsAndDonationsOther" xlink:label="DirectExpensesOfProjectsFinancedByGrantsAndDonationsOther" xlink:title="DirectExpensesOfProjectsFinancedByGrantsAndDonationsOther"/>
    <link:definitionArc xlink:type="arc" xlink:arcrole="http://xbrl.org/int/dim/arcrole/domain-member" xlink:from="NoteDirectExpensesOfProjectsFinancedByGrantsAndDonationsAbstract" xlink:to="DirectExpensesOfProjectsFinancedByGrantsAndDonationsOther" xlink:title="definition: NoteDirectExpensesOfProjectsFinancedByGrantsAndDonationsAbstract to DirectExpensesOfProjectsFinancedByGrantsAndDonationsOther" use="optional" order="21.0"/>
    <link:loc xlink:type="locator" xlink:href="../../et-gaap-cor_2011-01-01.xsd#et-gaap_DirectExpensesOfProjectsFinancedByGrantsAndDonations" xlink:label="DirectExpensesOfProjectsFinancedByGrantsAndDonations" xlink:title="DirectExpensesOfProjectsFinancedByGrantsAndDonations"/>
    <link:definitionArc xlink:type="arc" xlink:arcrole="http://xbrl.org/int/dim/arcrole/domain-member" xlink:from="NoteDirectExpensesOfProjectsFinancedByGrantsAndDonationsAbstract" xlink:to="DirectExpensesOfProjectsFinancedByGrantsAndDonations" xlink:title="definition: NoteDirectExpensesOfProjectsFinancedByGrantsAndDonationsAbstract to DirectExpensesOfProjectsFinancedByGrantsAndDonations" use="optional" order="22.0"/>
    <link:loc xlink:type="locator" xlink:href="../../et-gaap-cor_2011-01-01.xsd#et-gaap_NoteDirectExpensesOfProjectsFinancedByGrantsAndDonations" xlink:label="NoteDirectExpensesOfProjectsFinancedByGrantsAndDonations" xlink:title="NoteDirectExpensesOfProjectsFinancedByGrantsAndDonations"/>
    <link:definitionArc xlink:type="arc" xlink:arcrole="http://xbrl.org/int/dim/arcrole/domain-member" xlink:from="NoteDirectExpensesOfProjectsFinancedByGrantsAndDonationsAbstract" xlink:to="NoteDirectExpensesOfProjectsFinancedByGrantsAndDonations" xlink:title="definition: NoteDirectExpensesOfProjectsFinancedByGrantsAndDonationsAbstract to NoteDirectExpensesOfProjectsFinancedByGrantsAndDonations" use="optional" order="23.0"/>
  </link:definitionLink>
</link:linkbase>
