<?xml version="1.0" encoding="UTF-8"?>
<!--
**************************************************************
et-gaap Taxonomy: 2011-01-01 (Final)

Copyright (C) 2010 Centre of Registers and Information Systems
**************************************************************
-->
<link:linkbase xmlns:xsi="http://www.w3.org/2001/XMLSchema-instance" xsi:schemaLocation="http://www.xbrl.org/2003/linkbase http://www.xbrl.org/2003/xbrl-linkbase-2003-12-31.xsd" xmlns:link="http://www.xbrl.org/2003/linkbase" xmlns:xlink="http://www.w3.org/1999/xlink" xmlns:xbrldt="http://xbrl.org/2005/xbrldt">
  <link:roleRef roleURI="http://xbrl.eesti.ee/role/et-gaap_2011-01-01/NoteDirectExpensesOfProjectsFinancedByGrantsAndDonations_role-845000" xlink:type="simple" xlink:href="role-845000.xsd#NoteOtherOperatingIncome_role-845000"/>
  <link:presentationLink xlink:type="extended" xlink:role="http://xbrl.eesti.ee/role/et-gaap_2011-01-01/NoteDirectExpensesOfProjectsFinancedByGrantsAndDonations_role-845000">
    <link:loc xlink:type="locator" xlink:href="../../et-gaap-cor_2011-01-01.xsd#et-gaap_NoteDirectExpensesOfProjectsFinancedByGrantsAndDonationsAbstract" xlink:label="NoteDirectExpensesOfProjectsFinancedByGrantsAndDonationsAbstract" xlink:title="NoteDirectExpensesOfProjectsFinancedByGrantsAndDonationsAbstract"/>
    <link:loc xlink:type="locator" xlink:href="../../et-gaap-cor_2011-01-01.xsd#et-gaap_DirectExpensesOfProjectsFinancedByGrantsAndDonationsRawMaterials" xlink:label="DirectExpensesOfProjectsFinancedByGrantsAndDonationsRawMaterials" xlink:title="DirectExpensesOfProjectsFinancedByGrantsAndDonationsRawMaterials"/>
    <link:presentationArc xlink:type="arc" xlink:arcrole="http://www.xbrl.org/2003/arcrole/parent-child" xlink:from="NoteDirectExpensesOfProjectsFinancedByGrantsAndDonationsAbstract" xlink:to="DirectExpensesOfProjectsFinancedByGrantsAndDonationsRawMaterials" xlink:title="presentation: NoteDirectExpensesOfProjectsFinancedByGrantsAndDonationsAbstract to DirectExpensesOfProjectsFinancedByGrantsAndDonationsRawMaterials" order="1.0"/>
    <link:loc xlink:type="locator" xlink:href="../../et-gaap-cor_2011-01-01.xsd#et-gaap_DirectExpensesOfProjectsFinancedByGrantsAndDonationsWriteOff" xlink:label="DirectExpensesOfProjectsFinancedByGrantsAndDonationsWriteOff" xlink:title="DirectExpensesOfProjectsFinancedByGrantsAndDonationsWriteOff"/>
    <link:presentationArc xlink:type="arc" xlink:arcrole="http://www.xbrl.org/2003/arcrole/parent-child" xlink:from="NoteDirectExpensesOfProjectsFinancedByGrantsAndDonationsAbstract" xlink:to="DirectExpensesOfProjectsFinancedByGrantsAndDonationsWriteOff" xlink:title="presentation: NoteDirectExpensesOfProjectsFinancedByGrantsAndDonationsAbstract to DirectExpensesOfProjectsFinancedByGrantsAndDonationsWriteOff" order="2.0"/>
    <link:loc xlink:type="locator" xlink:href="../../et-gaap-cor_2011-01-01.xsd#et-gaap_DirectExpensesOfProjectsFinancedByGrantsAndDonationsGoodsPurchasedForResale" xlink:label="DirectExpensesOfProjectsFinancedByGrantsAndDonationsGoodsPurchasedForResale" xlink:title="DirectExpensesOfProjectsFinancedByGrantsAndDonationsGoodsPurchasedForResale"/>
    <link:presentationArc xlink:type="arc" xlink:arcrole="http://www.xbrl.org/2003/arcrole/parent-child" xlink:from="NoteDirectExpensesOfProjectsFinancedByGrantsAndDonationsAbstract" xlink:to="DirectExpensesOfProjectsFinancedByGrantsAndDonationsGoodsPurchasedForResale" xlink:title="presentation: NoteDirectExpensesOfProjectsFinancedByGrantsAndDonationsAbstract to DirectExpensesOfProjectsFinancedByGrantsAndDonationsGoodsPurchasedForResale" order="3.0"/>
    <link:loc xlink:type="locator" xlink:href="../../et-gaap-cor_2011-01-01.xsd#et-gaap_DirectExpensesOfProjectsFinancedByGrantsAndDonationsInvestmentPropertyPurchasedForResale" xlink:label="DirectExpensesOfProjectsFinancedByGrantsAndDonationsInvestmentPropertyPurchasedForResale" xlink:title="DirectExpensesOfProjectsFinancedByGrantsAndDonationsInvestmentPropertyPurchasedForResale"/>
    <link:presentationArc xlink:type="arc" xlink:arcrole="http://www.xbrl.org/2003/arcrole/parent-child" xlink:from="NoteDirectExpensesOfProjectsFinancedByGrantsAndDonationsAbstract" xlink:to="DirectExpensesOfProjectsFinancedByGrantsAndDonationsInvestmentPropertyPurchasedForResale" xlink:title="presentation: NoteDirectExpensesOfProjectsFinancedByGrantsAndDonationsAbstract to DirectExpensesOfProjectsFinancedByGrantsAndDonationsInvestmentPropertyPurchasedForResale" order="4.0"/>
    <link:loc xlink:type="locator" xlink:href="../../et-gaap-cor_2011-01-01.xsd#et-gaap_DirectExpensesOfProjectsFinancedByGrantsAndDonationsPurchasedForResale" xlink:label="DirectExpensesOfProjectsFinancedByGrantsAndDonationsPurchasedForResale" xlink:title="DirectExpensesOfProjectsFinancedByGrantsAndDonationsPurchasedForResale"/>
    <link:presentationArc xlink:type="arc" xlink:arcrole="http://www.xbrl.org/2003/arcrole/parent-child" xlink:from="NoteDirectExpensesOfProjectsFinancedByGrantsAndDonationsAbstract" xlink:to="DirectExpensesOfProjectsFinancedByGrantsAndDonationsPurchasedForResale" xlink:title="presentation: NoteDirectExpensesOfProjectsFinancedByGrantsAndDonationsAbstract to DirectExpensesOfProjectsFinancedByGrantsAndDonationsPurchasedForResale" order="5.0"/>
    <link:loc xlink:type="locator" xlink:href="../../et-gaap-cor_2011-01-01.xsd#et-gaap_DirectExpensesOfProjectsFinancedByGrantsAndDonationsEnergy" xlink:label="DirectExpensesOfProjectsFinancedByGrantsAndDonationsEnergy" xlink:title="DirectExpensesOfProjectsFinancedByGrantsAndDonationsEnergy"/>
    <link:presentationArc xlink:type="arc" xlink:arcrole="http://www.xbrl.org/2003/arcrole/parent-child" xlink:from="NoteDirectExpensesOfProjectsFinancedByGrantsAndDonationsAbstract" xlink:to="DirectExpensesOfProjectsFinancedByGrantsAndDonationsEnergy" xlink:title="presentation: NoteDirectExpensesOfProjectsFinancedByGrantsAndDonationsAbstract to DirectExpensesOfProjectsFinancedByGrantsAndDonationsEnergy" order="6.0"/>
    <link:loc xlink:type="locator" xlink:href="../../et-gaap-cor_2011-01-01.xsd#et-gaap_DirectExpensesOfProjectsFinancedByGrantsAndDonationsElectricity" xlink:label="DirectExpensesOfProjectsFinancedByGrantsAndDonationsElectricity" xlink:title="DirectExpensesOfProjectsFinancedByGrantsAndDonationsElectricity"/>
    <link:presentationArc xlink:type="arc" xlink:arcrole="http://www.xbrl.org/2003/arcrole/parent-child" xlink:from="DirectExpensesOfProjectsFinancedByGrantsAndDonationsEnergy" xlink:to="DirectExpensesOfProjectsFinancedByGrantsAndDonationsElectricity" xlink:title="presentation: DirectExpensesOfProjectsFinancedByGrantsAndDonationsEnergy to DirectExpensesOfProjectsFinancedByGrantsAndDonationsElectricity" use="optional" order="1.0"/>
    <link:loc xlink:type="locator" xlink:href="../../et-gaap-cor_2011-01-01.xsd#et-gaap_DirectExpensesOfProjectsFinancedByGrantsAndDonationsHeatEnergy" xlink:label="DirectExpensesOfProjectsFinancedByGrantsAndDonationsHeatEnergy" xlink:title="DirectExpensesOfProjectsFinancedByGrantsAndDonationsHeatEnergy"/>
    <link:presentationArc xlink:type="arc" xlink:arcrole="http://www.xbrl.org/2003/arcrole/parent-child" xlink:from="DirectExpensesOfProjectsFinancedByGrantsAndDonationsEnergy" xlink:to="DirectExpensesOfProjectsFinancedByGrantsAndDonationsHeatEnergy" xlink:title="presentation: DirectExpensesOfProjectsFinancedByGrantsAndDonationsEnergy to DirectExpensesOfProjectsFinancedByGrantsAndDonationsHeatEnergy" use="optional" order="2.0"/>
    <link:loc xlink:type="locator" xlink:href="../../et-gaap-cor_2011-01-01.xsd#et-gaap_DirectExpensesOfProjectsFinancedByGrantsAndDonationsFuel" xlink:label="DirectExpensesOfProjectsFinancedByGrantsAndDonationsFuel" xlink:title="DirectExpensesOfProjectsFinancedByGrantsAndDonationsFuel"/>
    <link:presentationArc xlink:type="arc" xlink:arcrole="http://www.xbrl.org/2003/arcrole/parent-child" xlink:from="DirectExpensesOfProjectsFinancedByGrantsAndDonationsEnergy" xlink:to="DirectExpensesOfProjectsFinancedByGrantsAndDonationsFuel" xlink:title="presentation: DirectExpensesOfProjectsFinancedByGrantsAndDonationsEnergy to DirectExpensesOfProjectsFinancedByGrantsAndDonationsFuel" use="optional" order="3.0"/>
    <link:loc xlink:type="locator" xlink:href="../../et-gaap-cor_2011-01-01.xsd#et-gaap_DirectExpensesOfProjectsFinancedByGrantsAndDonationsRepairExpense" xlink:label="DirectExpensesOfProjectsFinancedByGrantsAndDonationsRepairExpense" xlink:title="DirectExpensesOfProjectsFinancedByGrantsAndDonationsRepairExpense"/>
    <link:presentationArc xlink:type="arc" xlink:arcrole="http://www.xbrl.org/2003/arcrole/parent-child" xlink:from="NoteDirectExpensesOfProjectsFinancedByGrantsAndDonationsAbstract" xlink:to="DirectExpensesOfProjectsFinancedByGrantsAndDonationsRepairExpense" xlink:title="presentation: NoteDirectExpensesOfProjectsFinancedByGrantsAndDonationsAbstract to DirectExpensesOfProjectsFinancedByGrantsAndDonationsRepairExpense" order="7.0"/>
    <link:loc xlink:type="locator" xlink:href="../../et-gaap-cor_2011-01-01.xsd#et-gaap_DirectExpensesOfProjectsFinancedByGrantsAndDonationsMaintenanceExpense" xlink:label="DirectExpensesOfProjectsFinancedByGrantsAndDonationsMaintenanceExpense" xlink:title="DirectExpensesOfProjectsFinancedByGrantsAndDonationsMaintenanceExpense"/>
    <link:presentationArc xlink:type="arc" xlink:arcrole="http://www.xbrl.org/2003/arcrole/parent-child" xlink:from="NoteDirectExpensesOfProjectsFinancedByGrantsAndDonationsAbstract" xlink:to="DirectExpensesOfProjectsFinancedByGrantsAndDonationsMaintenanceExpense" xlink:title="presentation: NoteDirectExpensesOfProjectsFinancedByGrantsAndDonationsAbstract to DirectExpensesOfProjectsFinancedByGrantsAndDonationsMaintenanceExpense" order="8.0"/>
    <link:loc xlink:type="locator" xlink:href="../../et-gaap-cor_2011-01-01.xsd#et-gaap_DirectExpensesOfProjectsFinancedByGrantsAndDonationsTransportationExpense" xlink:label="DirectExpensesOfProjectsFinancedByGrantsAndDonationsTransportationExpense" xlink:title="DirectExpensesOfProjectsFinancedByGrantsAndDonationsTransportationExpense"/>
    <link:presentationArc xlink:type="arc" xlink:arcrole="http://www.xbrl.org/2003/arcrole/parent-child" xlink:from="NoteDirectExpensesOfProjectsFinancedByGrantsAndDonationsAbstract" xlink:to="DirectExpensesOfProjectsFinancedByGrantsAndDonationsTransportationExpense" xlink:title="presentation: NoteDirectExpensesOfProjectsFinancedByGrantsAndDonationsAbstract to DirectExpensesOfProjectsFinancedByGrantsAndDonationsTransportationExpense" order="9.0"/>
    <link:loc xlink:type="locator" xlink:href="../../et-gaap-cor_2011-01-01.xsd#et-gaap_DirectExpensesOfProjectsFinancedByGrantsAndDonationsLogisticsExpense" xlink:label="DirectExpensesOfProjectsFinancedByGrantsAndDonationsLogisticsExpense" xlink:title="DirectExpensesOfProjectsFinancedByGrantsAndDonationsLogisticsExpense"/>
    <link:presentationArc xlink:type="arc" xlink:arcrole="http://www.xbrl.org/2003/arcrole/parent-child" xlink:from="NoteDirectExpensesOfProjectsFinancedByGrantsAndDonationsAbstract" xlink:to="DirectExpensesOfProjectsFinancedByGrantsAndDonationsLogisticsExpense" xlink:title="presentation: NoteDirectExpensesOfProjectsFinancedByGrantsAndDonationsAbstract to DirectExpensesOfProjectsFinancedByGrantsAndDonationsLogisticsExpense" order="10.0"/>
    <link:loc xlink:type="locator" xlink:href="../../et-gaap-cor_2011-01-01.xsd#et-gaap_DirectExpensesOfProjectsFinancedByGrantsAndDonationsLandRent" xlink:label="DirectExpensesOfProjectsFinancedByGrantsAndDonationsLandRent" xlink:title="DirectExpensesOfProjectsFinancedByGrantsAndDonationsLandRent"/>
    <link:presentationArc xlink:type="arc" xlink:arcrole="http://www.xbrl.org/2003/arcrole/parent-child" xlink:from="NoteDirectExpensesOfProjectsFinancedByGrantsAndDonationsAbstract" xlink:to="DirectExpensesOfProjectsFinancedByGrantsAndDonationsLandRent" xlink:title="presentation: NoteDirectExpensesOfProjectsFinancedByGrantsAndDonationsAbstract to DirectExpensesOfProjectsFinancedByGrantsAndDonationsLandRent" order="11.0"/>
    <link:loc xlink:type="locator" xlink:href="../../et-gaap-cor_2011-01-01.xsd#et-gaap_DirectExpensesOfProjectsFinancedByGrantsAndDonationsLeases" xlink:label="DirectExpensesOfProjectsFinancedByGrantsAndDonationsLeases" xlink:title="DirectExpensesOfProjectsFinancedByGrantsAndDonationsLeases"/>
    <link:presentationArc xlink:type="arc" xlink:arcrole="http://www.xbrl.org/2003/arcrole/parent-child" xlink:from="NoteDirectExpensesOfProjectsFinancedByGrantsAndDonationsAbstract" xlink:to="DirectExpensesOfProjectsFinancedByGrantsAndDonationsLeases" xlink:title="presentation: NoteDirectExpensesOfProjectsFinancedByGrantsAndDonationsAbstract to DirectExpensesOfProjectsFinancedByGrantsAndDonationsLeases" order="12.0"/>
    <link:loc xlink:type="locator" xlink:href="../../et-gaap-cor_2011-01-01.xsd#et-gaap_DirectExpensesOfProjectsFinancedByGrantsAndDonationsOfficeExpense" xlink:label="DirectExpensesOfProjectsFinancedByGrantsAndDonationsOfficeExpense" xlink:title="DirectExpensesOfProjectsFinancedByGrantsAndDonationsOfficeExpense"/>
    <link:presentationArc xlink:type="arc" xlink:arcrole="http://www.xbrl.org/2003/arcrole/parent-child" xlink:from="NoteDirectExpensesOfProjectsFinancedByGrantsAndDonationsAbstract" xlink:to="DirectExpensesOfProjectsFinancedByGrantsAndDonationsOfficeExpense" xlink:title="presentation: NoteDirectExpensesOfProjectsFinancedByGrantsAndDonationsAbstract to DirectExpensesOfProjectsFinancedByGrantsAndDonationsOfficeExpense" order="13.0"/>
    <link:loc xlink:type="locator" xlink:href="../../et-gaap-cor_2011-01-01.xsd#et-gaap_DirectExpensesOfProjectsFinancedByGrantsAndDonationsResearchAndDevelopmentExpense" xlink:label="DirectExpensesOfProjectsFinancedByGrantsAndDonationsResearchAndDevelopmentExpense" xlink:title="DirectExpensesOfProjectsFinancedByGrantsAndDonationsResearchAndDevelopmentExpense"/>
    <link:presentationArc xlink:type="arc" xlink:arcrole="http://www.xbrl.org/2003/arcrole/parent-child" xlink:from="NoteDirectExpensesOfProjectsFinancedByGrantsAndDonationsAbstract" xlink:to="DirectExpensesOfProjectsFinancedByGrantsAndDonationsResearchAndDevelopmentExpense" xlink:title="presentation: NoteDirectExpensesOfProjectsFinancedByGrantsAndDonationsAbstract to DirectExpensesOfProjectsFinancedByGrantsAndDonationsResearchAndDevelopmentExpense" order="14.0"/>
    <link:loc xlink:type="locator" xlink:href="../../et-gaap-cor_2011-01-01.xsd#et-gaap_DirectExpensesOfProjectsFinancedByGrantsAndDonationsTravelExpense" xlink:label="DirectExpensesOfProjectsFinancedByGrantsAndDonationsTravelExpense" xlink:title="DirectExpensesOfProjectsFinancedByGrantsAndDonationsTravelExpense"/>
    <link:presentationArc xlink:type="arc" xlink:arcrole="http://www.xbrl.org/2003/arcrole/parent-child" xlink:from="NoteDirectExpensesOfProjectsFinancedByGrantsAndDonationsAbstract" xlink:to="DirectExpensesOfProjectsFinancedByGrantsAndDonationsTravelExpense" xlink:title="presentation: NoteDirectExpensesOfProjectsFinancedByGrantsAndDonationsAbstract to DirectExpensesOfProjectsFinancedByGrantsAndDonationsTravelExpense" order="15.0"/>
    <link:loc xlink:type="locator" xlink:href="../../et-gaap-cor_2011-01-01.xsd#et-gaap_DirectExpensesOfProjectsFinancedByGrantsAndDonationsTrainingExpense" xlink:label="DirectExpensesOfProjectsFinancedByGrantsAndDonationsTrainingExpense" xlink:title="DirectExpensesOfProjectsFinancedByGrantsAndDonationsTrainingExpense"/>
    <link:presentationArc xlink:type="arc" xlink:arcrole="http://www.xbrl.org/2003/arcrole/parent-child" xlink:from="NoteDirectExpensesOfProjectsFinancedByGrantsAndDonationsAbstract" xlink:to="DirectExpensesOfProjectsFinancedByGrantsAndDonationsTrainingExpense" xlink:title="presentation: NoteDirectExpensesOfProjectsFinancedByGrantsAndDonationsAbstract to DirectExpensesOfProjectsFinancedByGrantsAndDonationsTrainingExpense" order="16.0"/>
    <link:loc xlink:type="locator" xlink:href="../../et-gaap-cor_2011-01-01.xsd#et-gaap_DirectExpensesOfProjectsFinancedByGrantsAndDonationsStateAndLocalTaxes" xlink:label="DirectExpensesOfProjectsFinancedByGrantsAndDonationsStateAndLocalTaxes" xlink:title="DirectExpensesOfProjectsFinancedByGrantsAndDonationsStateAndLocalTaxes"/>
    <link:presentationArc xlink:type="arc" xlink:arcrole="http://www.xbrl.org/2003/arcrole/parent-child" xlink:from="NoteDirectExpensesOfProjectsFinancedByGrantsAndDonationsAbstract" xlink:to="DirectExpensesOfProjectsFinancedByGrantsAndDonationsStateAndLocalTaxes" xlink:title="presentation: NoteDirectExpensesOfProjectsFinancedByGrantsAndDonationsAbstract to DirectExpensesOfProjectsFinancedByGrantsAndDonationsStateAndLocalTaxes" order="17.0"/>
    <link:loc xlink:type="locator" xlink:href="../../et-gaap-cor_2011-01-01.xsd#et-gaap_DirectExpensesOfProjectsFinancedByGrantsAndDonationsLaborExpense" xlink:label="DirectExpensesOfProjectsFinancedByGrantsAndDonationsLaborExpense" xlink:title="DirectExpensesOfProjectsFinancedByGrantsAndDonationsLaborExpense"/>
    <link:presentationArc xlink:type="arc" xlink:arcrole="http://www.xbrl.org/2003/arcrole/parent-child" xlink:from="NoteDirectExpensesOfProjectsFinancedByGrantsAndDonationsAbstract" xlink:to="DirectExpensesOfProjectsFinancedByGrantsAndDonationsLaborExpense" xlink:title="presentation: NoteDirectExpensesOfProjectsFinancedByGrantsAndDonationsAbstract to DirectExpensesOfProjectsFinancedByGrantsAndDonationsLaborExpense" order="18.0"/>
    <link:loc xlink:type="locator" xlink:href="../../et-gaap-cor_2011-01-01.xsd#et-gaap_DirectExpensesOfProjectsFinancedByGrantsAndDonationsDepreciation" xlink:label="DirectExpensesOfProjectsFinancedByGrantsAndDonationsDepreciation" xlink:title="DirectExpensesOfProjectsFinancedByGrantsAndDonationsDepreciation"/>
    <link:presentationArc xlink:type="arc" xlink:arcrole="http://www.xbrl.org/2003/arcrole/parent-child" xlink:from="NoteDirectExpensesOfProjectsFinancedByGrantsAndDonationsAbstract" xlink:to="DirectExpensesOfProjectsFinancedByGrantsAndDonationsDepreciation" xlink:title="presentation: NoteDirectExpensesOfProjectsFinancedByGrantsAndDonationsAbstract to DirectExpensesOfProjectsFinancedByGrantsAndDonationsDepreciation" order="19.0"/>
    <link:loc xlink:type="locator" xlink:href="../../et-gaap-cor_2011-01-01.xsd#et-gaap_DirectExpensesOfProjectsFinancedByGrantsAndDonationsAssetImpairmentExpense" xlink:label="DirectExpensesOfProjectsFinancedByGrantsAndDonationsAssetImpairmentExpense" xlink:title="DirectExpensesOfProjectsFinancedByGrantsAndDonationsAssetImpairmentExpense"/>
    <link:presentationArc xlink:type="arc" xlink:arcrole="http://www.xbrl.org/2003/arcrole/parent-child" xlink:from="NoteDirectExpensesOfProjectsFinancedByGrantsAndDonationsAbstract" xlink:to="DirectExpensesOfProjectsFinancedByGrantsAndDonationsAssetImpairmentExpense" xlink:title="presentation: NoteDirectExpensesOfProjectsFinancedByGrantsAndDonationsAbstract to DirectExpensesOfProjectsFinancedByGrantsAndDonationsAssetImpairmentExpense" order="20.0"/>
    <link:loc xlink:type="locator" xlink:href="../../et-gaap-cor_2011-01-01.xsd#et-gaap_DirectExpensesOfProjectsFinancedByGrantsAndDonationsAdditionalItemTuple" xlink:label="DirectExpensesOfProjectsFinancedByGrantsAndDonationsAdditionalItemTuple" xlink:title="DirectExpensesOfProjectsFinancedByGrantsAndDonationsAdditionalItemTuple"/>
    <link:presentationArc xlink:type="arc" xlink:arcrole="http://www.xbrl.org/2003/arcrole/parent-child" xlink:from="NoteDirectExpensesOfProjectsFinancedByGrantsAndDonationsAbstract" xlink:to="DirectExpensesOfProjectsFinancedByGrantsAndDonationsAdditionalItemTuple" xlink:title="presentation: NoteDirectExpensesOfProjectsFinancedByGrantsAndDonationsAbstract to DirectExpensesOfProjectsFinancedByGrantsAndDonationsAdditionalItemTuple" order="21.0"/>
    <link:loc xlink:type="locator" xlink:href="../../et-gaap-cor_2011-01-01.xsd#et-gaap_DirectExpensesOfProjectsFinancedByGrantsAndDonationsAdditionalItemName" xlink:label="DirectExpensesOfProjectsFinancedByGrantsAndDonationsAdditionalItemName" xlink:title="DirectExpensesOfProjectsFinancedByGrantsAndDonationsAdditionalItemName"/>
    <link:presentationArc xlink:type="arc" xlink:arcrole="http://www.xbrl.org/2003/arcrole/parent-child" xlink:from="DirectExpensesOfProjectsFinancedByGrantsAndDonationsAdditionalItemTuple" xlink:to="DirectExpensesOfProjectsFinancedByGrantsAndDonationsAdditionalItemName" xlink:title="presentation: DirectExpensesOfProjectsFinancedByGrantsAndDonationsAdditionalItemTuple to DirectExpensesOfProjectsFinancedByGrantsAndDonationsAdditionalItemName" order="1.0"/>
    <link:loc xlink:type="locator" xlink:href="../../et-gaap-cor_2011-01-01.xsd#et-gaap_DirectExpensesOfProjectsFinancedByGrantsAndDonationsAdditionalItemValue" xlink:label="DirectExpensesOfProjectsFinancedByGrantsAndDonationsAdditionalItemValue" xlink:title="DirectExpensesOfProjectsFinancedByGrantsAndDonationsAdditionalItemValue"/>
    <link:presentationArc xlink:type="arc" xlink:arcrole="http://www.xbrl.org/2003/arcrole/parent-child" xlink:from="DirectExpensesOfProjectsFinancedByGrantsAndDonationsAdditionalItemTuple" xlink:to="DirectExpensesOfProjectsFinancedByGrantsAndDonationsAdditionalItemValue" xlink:title="presentation: DirectExpensesOfProjectsFinancedByGrantsAndDonationsAdditionalItemTuple to DirectExpensesOfProjectsFinancedByGrantsAndDonationsAdditionalItemValue" order="2.0"/>
    <link:loc xlink:type="locator" xlink:href="../../et-gaap-cor_2011-01-01.xsd#et-gaap_DirectExpensesOfProjectsFinancedByGrantsAndDonationsOther" xlink:label="DirectExpensesOfProjectsFinancedByGrantsAndDonationsOther" xlink:title="DirectExpensesOfProjectsFinancedByGrantsAndDonationsOther"/>
    <link:presentationArc xlink:type="arc" xlink:arcrole="http://www.xbrl.org/2003/arcrole/parent-child" xlink:from="NoteDirectExpensesOfProjectsFinancedByGrantsAndDonationsAbstract" xlink:to="DirectExpensesOfProjectsFinancedByGrantsAndDonationsOther" xlink:title="presentation: NoteDirectExpensesOfProjectsFinancedByGrantsAndDonationsAbstract to DirectExpensesOfProjectsFinancedByGrantsAndDonationsOther" order="22.0"/>
    <link:loc xlink:type="locator" xlink:href="../../et-gaap-cor_2011-01-01.xsd#et-gaap_DirectExpensesOfProjectsFinancedByGrantsAndDonations" xlink:label="DirectExpensesOfProjectsFinancedByGrantsAndDonations" xlink:title="DirectExpensesOfProjectsFinancedByGrantsAndDonations"/>
    <link:presentationArc xlink:type="arc" xlink:arcrole="http://www.xbrl.org/2003/arcrole/parent-child" xlink:from="NoteDirectExpensesOfProjectsFinancedByGrantsAndDonationsAbstract" xlink:to="DirectExpensesOfProjectsFinancedByGrantsAndDonations" xlink:title="presentation: NoteDirectExpensesOfProjectsFinancedByGrantsAndDonationsAbstract to DirectExpensesOfProjectsFinancedByGrantsAndDonations" order="23.0" preferredLabel="http://www.xbrl.org/2003/role/totalLabel"/>
    <link:loc xlink:type="locator" xlink:href="../../et-gaap-cor_2011-01-01.xsd#et-gaap_NoteDirectExpensesOfProjectsFinancedByGrantsAndDonations" xlink:label="NoteDirectExpensesOfProjectsFinancedByGrantsAndDonations" xlink:title="NoteDirectExpensesOfProjectsFinancedByGrantsAndDonations"/>
    <link:presentationArc xlink:type="arc" xlink:arcrole="http://www.xbrl.org/2003/arcrole/parent-child" xlink:from="NoteDirectExpensesOfProjectsFinancedByGrantsAndDonationsAbstract" xlink:to="NoteDirectExpensesOfProjectsFinancedByGrantsAndDonations" xlink:title="presentation: NoteDirectExpensesOfProjectsFinancedByGrantsAndDonationsAbstract to NoteDirectExpensesOfProjectsFinancedByGrantsAndDonations" order="24.0"/>
  </link:presentationLink>
</link:linkbase>
