<?xml version="1.0" encoding="UTF-8"?>
<!--
**************************************************************
et-gaap Taxonomy: 2011-01-01 (Final)

Copyright (C) 2010 Centre of Registers and Information Systems
**************************************************************
-->
<link:linkbase xmlns:xsi="http://www.w3.org/2001/XMLSchema-instance" xsi:schemaLocation="http://www.xbrl.org/2003/linkbase http://www.xbrl.org/2003/xbrl-linkbase-2003-12-31.xsd" xmlns:link="http://www.xbrl.org/2003/linkbase" xmlns:xlink="http://www.w3.org/1999/xlink">
  <link:roleRef roleURI="http://xbrl.eesti.ee/role/et-gaap_2011-01-01/NoteCashAndCashEquivalents_role-802000" xlink:type="simple" xlink:href="role-802000.xsd#NoteCashAndCashEquivalents_role-802000"/>
  <link:calculationLink xlink:type="extended" xlink:role="http://xbrl.eesti.ee/role/et-gaap_2011-01-01/NoteCashAndCashEquivalents_role-802000">
    <link:loc xlink:type="locator" xlink:href="../../et-gaap-cor_2011-01-01.xsd#et-gaap_CashAndCashEquivalentsTotal" xlink:label="CashAndCashEquivalentsTotal" xlink:title="CashAndCashEquivalentsTotal"/>
    <link:loc xlink:type="locator" xlink:href="../../et-gaap-cor_2011-01-01.xsd#et-gaap_CashOnHand" xlink:label="CashOnHand" xlink:title="CashOnHand"/>
    <link:calculationArc xlink:type="arc" xlink:arcrole="http://www.xbrl.org/2003/arcrole/summation-item" xlink:from="CashAndCashEquivalentsTotal" xlink:to="CashOnHand" xlink:title="calculation: CashAndCashEquivalentsTotal to CashOnHand" use="optional" order="1.0" weight="1.0"/>
    <link:loc xlink:type="locator" xlink:href="../../et-gaap-cor_2011-01-01.xsd#et-gaap_CashOnHandAdditionalItemValue" xlink:label="CashOnHandAdditionalItemValue" xlink:title="CashOnHandAdditionalItemValue"/>
    <link:calculationArc xlink:type="arc" xlink:arcrole="http://www.xbrl.org/2003/arcrole/summation-item" xlink:from="CashOnHand" xlink:to="CashOnHandAdditionalItemValue" xlink:title="calculation: CashOnHand to CashOnHandAdditionalItemValue" order="1.0" weight="1.0"/>
    <link:loc xlink:type="locator" xlink:href="../../et-gaap-cor_2011-01-01.xsd#et-gaap_SettlementAccounts" xlink:label="SettlementAccounts" xlink:title="SettlementAccounts"/>
    <link:calculationArc xlink:type="arc" xlink:arcrole="http://www.xbrl.org/2003/arcrole/summation-item" xlink:from="CashAndCashEquivalentsTotal" xlink:to="SettlementAccounts" xlink:title="calculation: CashAndCashEquivalentsTotal to SettlementAccounts" use="optional" order="2.0" weight="1.0"/>
    <link:loc xlink:type="locator" xlink:href="../../et-gaap-cor_2011-01-01.xsd#et-gaap_SettlementAccountsAdditionalItemValue" xlink:label="SettlementAccountsAdditionalItemValue" xlink:title="SettlementAccountsAdditionalItemValue"/>
    <link:calculationArc xlink:type="arc" xlink:arcrole="http://www.xbrl.org/2003/arcrole/summation-item" xlink:from="SettlementAccounts" xlink:to="SettlementAccountsAdditionalItemValue" xlink:title="calculation: SettlementAccounts to SettlementAccountsAdditionalItemValue" order="1.0" weight="1.0"/>
    <link:loc xlink:type="locator" xlink:href="../../et-gaap-cor_2011-01-01.xsd#et-gaap_DepositAccounts" xlink:label="DepositAccounts" xlink:title="DepositAccounts"/>
    <link:calculationArc xlink:type="arc" xlink:arcrole="http://www.xbrl.org/2003/arcrole/summation-item" xlink:from="CashAndCashEquivalentsTotal" xlink:to="DepositAccounts" xlink:title="calculation: CashAndCashEquivalentsTotal to DepositAccounts" use="optional" order="3.0" weight="1.0"/>
    <link:loc xlink:type="locator" xlink:href="../../et-gaap-cor_2011-01-01.xsd#et-gaap_DepositAccountsAdditionalItemValue" xlink:label="DepositAccountsAdditionalItemValue" xlink:title="DepositAccountsAdditionalItemValue"/>
    <link:calculationArc xlink:type="arc" xlink:arcrole="http://www.xbrl.org/2003/arcrole/summation-item" xlink:from="DepositAccounts" xlink:to="DepositAccountsAdditionalItemValue" xlink:title="calculation: DepositAccounts to DepositAccountsAdditionalItemValue" order="1.0" weight="1.0"/>
    <link:loc xlink:type="locator" xlink:href="../../et-gaap-cor_2011-01-01.xsd#et-gaap_DepositsInHighlyLiquidFunds" xlink:label="DepositsInHighlyLiquidFunds" xlink:title="DepositsInHighlyLiquidFunds"/>
    <link:calculationArc xlink:type="arc" xlink:arcrole="http://www.xbrl.org/2003/arcrole/summation-item" xlink:from="CashAndCashEquivalentsTotal" xlink:to="DepositsInHighlyLiquidFunds" xlink:title="calculation: CashAndCashEquivalentsTotal to DepositsInHighlyLiquidFunds" use="optional" order="4.0" weight="1.0"/>
    <link:loc xlink:type="locator" xlink:href="../../et-gaap-cor_2011-01-01.xsd#et-gaap_CashTransit" xlink:label="CashTransit" xlink:title="CashTransit"/>
    <link:calculationArc xlink:type="arc" xlink:arcrole="http://www.xbrl.org/2003/arcrole/summation-item" xlink:from="CashAndCashEquivalentsTotal" xlink:to="CashTransit" xlink:title="calculation: CashAndCashEquivalentsTotal to CashTransit" use="optional" order="5.0" weight="1.0"/>
    <link:loc xlink:type="locator" xlink:href="../../et-gaap-cor_2011-01-01.xsd#et-gaap_CashAndCashEquivalentsOther" xlink:label="CashAndCashEquivalentsOther" xlink:title="CashAndCashEquivalentsOther"/>
    <link:calculationArc xlink:type="arc" xlink:arcrole="http://www.xbrl.org/2003/arcrole/summation-item" xlink:from="CashAndCashEquivalentsTotal" xlink:to="CashAndCashEquivalentsOther" xlink:title="calculation: CashAndCashEquivalentsTotal to CashAndCashEquivalentsOther" use="optional" order="6.0" weight="1.0"/>
    <link:loc xlink:type="locator" xlink:href="../../et-gaap-cor_2011-01-01.xsd#et-gaap_NoteCashAndCashEquivalentsAdditionalItemValue" xlink:label="NoteCashAndCashEquivalentsAdditionalItemValue" xlink:title="NoteCashAndCashEquivalentsAdditionalItemValue"/>
    <link:calculationArc xlink:type="arc" xlink:arcrole="http://www.xbrl.org/2003/arcrole/summation-item" xlink:from="CashAndCashEquivalentsTotal" xlink:to="NoteCashAndCashEquivalentsAdditionalItemValue" xlink:title="calculation: CashAndCashEquivalentsTotal to NoteCashAndCashEquivalentsAdditionalItemValue" use="optional" order="7.0" weight="1.0"/>
  </link:calculationLink>
</link:linkbase>
