<?xml version="1.0" encoding="UTF-8"?>
<!--
**************************************************************
et-gaap Taxonomy: 2011-01-01 (Final)

Copyright (C) 2010 Centre of Registers and Information Systems
**************************************************************
-->
<link:linkbase xmlns:xsi="http://www.w3.org/2001/XMLSchema-instance" xsi:schemaLocation="http://www.xbrl.org/2003/linkbase http://www.xbrl.org/2003/xbrl-linkbase-2003-12-31.xsd" xmlns:link="http://www.xbrl.org/2003/linkbase" xmlns:xlink="http://www.w3.org/1999/xlink" xmlns:p0="http://xbrl.org/2005/xbrldt">
  <link:roleRef roleURI="http://xbrl.eesti.ee/role/et-gaap_2011-01-01/NoteCashAndCashEquivalents_role-802000" xlink:type="simple" xlink:href="role-802000.xsd#NoteCashAndCashEquivalents_role-802000"/>
  <link:arcroleRef arcroleURI="http://xbrl.org/int/dim/arcrole/domain-member" xlink:type="simple" xlink:href="http://www.xbrl.org/2005/xbrldt-2005.xsd#domain-member"/>
  <link:definitionLink xlink:type="extended" xlink:role="http://xbrl.eesti.ee/role/et-gaap_2011-01-01/NoteCashAndCashEquivalents_role-802000">
    <link:loc xlink:type="locator" xlink:href="../../et-gaap-cor_2011-01-01.xsd#et-gaap_NoteCashAndCashEquivalentsAbstract" xlink:label="NoteCashAndCashEquivalentsAbstract" xlink:title="NoteCashAndCashEquivalentsAbstract"/>
    <link:loc xlink:type="locator" xlink:href="../../et-gaap-cor_2011-01-01.xsd#et-gaap_CashOnHand" xlink:label="CashOnHand" xlink:title="CashOnHand"/>
    <link:definitionArc xlink:type="arc" xlink:arcrole="http://xbrl.org/int/dim/arcrole/domain-member" xlink:from="NoteCashAndCashEquivalentsAbstract" xlink:to="CashOnHand" xlink:title="definition: NoteCashAndCashEquivalentsAbstract to CashOnHand" use="optional" order="1.0"/>
    <link:loc xlink:type="locator" xlink:href="../../et-gaap-cor_2011-01-01.xsd#et-gaap_SettlementAccounts" xlink:label="SettlementAccounts" xlink:title="SettlementAccounts"/>
    <link:definitionArc xlink:type="arc" xlink:arcrole="http://xbrl.org/int/dim/arcrole/domain-member" xlink:from="NoteCashAndCashEquivalentsAbstract" xlink:to="SettlementAccounts" xlink:title="definition: NoteCashAndCashEquivalentsAbstract to SettlementAccounts" use="optional" order="2.0"/>
    <link:loc xlink:type="locator" xlink:href="../../et-gaap-cor_2011-01-01.xsd#et-gaap_DepositAccounts" xlink:label="DepositAccounts" xlink:title="DepositAccounts"/>
    <link:definitionArc xlink:type="arc" xlink:arcrole="http://xbrl.org/int/dim/arcrole/domain-member" xlink:from="NoteCashAndCashEquivalentsAbstract" xlink:to="DepositAccounts" xlink:title="definition: NoteCashAndCashEquivalentsAbstract to DepositAccounts" use="optional" order="3.0"/>
    <link:loc xlink:type="locator" xlink:href="../../et-gaap-cor_2011-01-01.xsd#et-gaap_DepositsInHighlyLiquidFunds" xlink:label="DepositsInHighlyLiquidFunds" xlink:title="DepositsInHighlyLiquidFunds"/>
    <link:definitionArc xlink:type="arc" xlink:arcrole="http://xbrl.org/int/dim/arcrole/domain-member" xlink:from="NoteCashAndCashEquivalentsAbstract" xlink:to="DepositsInHighlyLiquidFunds" xlink:title="definition: NoteCashAndCashEquivalentsAbstract to DepositsInHighlyLiquidFunds" use="optional" order="4.0"/>
    <link:loc xlink:type="locator" xlink:href="../../et-gaap-cor_2011-01-01.xsd#et-gaap_CashTransit" xlink:label="CashTransit" xlink:title="CashTransit"/>
    <link:definitionArc xlink:type="arc" xlink:arcrole="http://xbrl.org/int/dim/arcrole/domain-member" xlink:from="NoteCashAndCashEquivalentsAbstract" xlink:to="CashTransit" xlink:title="definition: NoteCashAndCashEquivalentsAbstract to CashTransit" use="optional" order="5.0"/>
    <link:loc xlink:type="locator" xlink:href="../../et-gaap-cor_2011-01-01.xsd#et-gaap_CashAndCashEquivalentsOther" xlink:label="CashAndCashEquivalentsOther" xlink:title="CashAndCashEquivalentsOther"/>
    <link:definitionArc xlink:type="arc" xlink:arcrole="http://xbrl.org/int/dim/arcrole/domain-member" xlink:from="NoteCashAndCashEquivalentsAbstract" xlink:to="CashAndCashEquivalentsOther" xlink:title="definition: NoteCashAndCashEquivalentsAbstract to CashAndCashEquivalentsOther" use="optional" order="6.0"/>
    <link:loc xlink:type="locator" xlink:href="../../et-gaap-cor_2011-01-01.xsd#et-gaap_NoteCashAndCashEquivalents" xlink:label="NoteCashAndCashEquivalents" xlink:title="NoteCashAndCashEquivalents"/>
    <link:definitionArc xlink:type="arc" xlink:arcrole="http://xbrl.org/int/dim/arcrole/domain-member" xlink:from="NoteCashAndCashEquivalentsAbstract" xlink:to="NoteCashAndCashEquivalents" xlink:title="definition: NoteCashAndCashEquivalentsAbstract to NoteCashAndCashEquivalents" use="optional" order="8.0"/>
    <link:loc xlink:type="locator" xlink:href="../../et-gaap-cor_2011-01-01.xsd#et-gaap_CashAndCashEquivalentsTotal" xlink:label="CashAndCashEquivalentsTotal" xlink:title="CashAndCashEquivalentsTotal"/>
    <link:definitionArc xlink:type="arc" xlink:arcrole="http://xbrl.org/int/dim/arcrole/domain-member" xlink:from="NoteCashAndCashEquivalentsAbstract" xlink:to="CashAndCashEquivalentsTotal" xlink:title="definition: NoteCashAndCashEquivalentsAbstract to CashAndCashEquivalentsTotal" order="7.0"/>
  </link:definitionLink>
</link:linkbase>
