<?xml version="1.0" encoding="UTF-8"?>
<!--
**************************************************************
et-gaap Taxonomy: 2011-01-01 (Final)

Copyright (C) 2010 Centre of Registers and Information Systems
**************************************************************
-->
<link:linkbase xmlns:xsi="http://www.w3.org/2001/XMLSchema-instance" xsi:schemaLocation="http://www.xbrl.org/2003/linkbase http://www.xbrl.org/2003/xbrl-linkbase-2003-12-31.xsd" xmlns:link="http://www.xbrl.org/2003/linkbase" xmlns:xlink="http://www.w3.org/1999/xlink">
  <link:roleRef roleURI="http://xbrl.eesti.ee/role/et-gaap_2011-01-01/NoteCashAndCashEquivalents_role-802000" xlink:type="simple" xlink:href="role-802000.xsd#NoteCashAndCashEquivalents_role-802000"/>
  <link:presentationLink xlink:type="extended" xlink:role="http://xbrl.eesti.ee/role/et-gaap_2011-01-01/NoteCashAndCashEquivalents_role-802000">
    <link:loc xlink:type="locator" xlink:href="../../et-gaap-cor_2011-01-01.xsd#et-gaap_NoteCashAndCashEquivalentsAbstract" xlink:label="NoteCashAndCashEquivalentsAbstract" xlink:title="NoteCashAndCashEquivalentsAbstract"/>
    <link:loc xlink:type="locator" xlink:href="../../et-gaap-cor_2011-01-01.xsd#et-gaap_CashOnHand" xlink:label="CashOnHand" xlink:title="CashOnHand"/>
    <link:presentationArc xlink:type="arc" xlink:arcrole="http://www.xbrl.org/2003/arcrole/parent-child" xlink:from="NoteCashAndCashEquivalentsAbstract" xlink:to="CashOnHand" xlink:title="presentation: NoteCashAndCashEquivalentsAbstract to CashOnHand" order="1.0"/>
    <link:loc xlink:type="locator" xlink:href="../../et-gaap-cor_2011-01-01.xsd#et-gaap_CashOnHandAdditionalItemTuple" xlink:label="CashOnHandAdditionalItemTuple" xlink:title="CashOnHandAdditionalItemTuple"/>
    <link:presentationArc xlink:type="arc" xlink:arcrole="http://www.xbrl.org/2003/arcrole/parent-child" xlink:from="CashOnHand" xlink:to="CashOnHandAdditionalItemTuple" xlink:title="presentation: CashOnHand to CashOnHandAdditionalItemTuple" order="1.0"/>
    <link:loc xlink:type="locator" xlink:href="../../et-gaap-cor_2011-01-01.xsd#et-gaap_CashOnHandAdditionalItemName" xlink:label="CashOnHandAdditionalItemName" xlink:title="CashOnHandAdditionalItemName"/>
    <link:presentationArc xlink:type="arc" xlink:arcrole="http://www.xbrl.org/2003/arcrole/parent-child" xlink:from="CashOnHandAdditionalItemTuple" xlink:to="CashOnHandAdditionalItemName" xlink:title="presentation: CashOnHandAdditionalItemTuple to CashOnHandAdditionalItemName" order="1.0"/>
    <link:loc xlink:type="locator" xlink:href="../../et-gaap-cor_2011-01-01.xsd#et-gaap_CashOnHandAdditionalItemValue" xlink:label="CashOnHandAdditionalItemValue" xlink:title="CashOnHandAdditionalItemValue"/>
    <link:presentationArc xlink:type="arc" xlink:arcrole="http://www.xbrl.org/2003/arcrole/parent-child" xlink:from="CashOnHandAdditionalItemTuple" xlink:to="CashOnHandAdditionalItemValue" xlink:title="presentation: CashOnHandAdditionalItemTuple to CashOnHandAdditionalItemValue" order="2.0"/>
    <link:loc xlink:type="locator" xlink:href="../../et-gaap-cor_2011-01-01.xsd#et-gaap_SettlementAccounts" xlink:label="SettlementAccounts" xlink:title="SettlementAccounts"/>
    <link:presentationArc xlink:type="arc" xlink:arcrole="http://www.xbrl.org/2003/arcrole/parent-child" xlink:from="NoteCashAndCashEquivalentsAbstract" xlink:to="SettlementAccounts" xlink:title="presentation: NoteCashAndCashEquivalentsAbstract to SettlementAccounts" order="2.0"/>
    <link:loc xlink:type="locator" xlink:href="../../et-gaap-cor_2011-01-01.xsd#et-gaap_SettlementAccountsAdditionalItemTuple" xlink:label="SettlementAccountsAdditionalItemTuple" xlink:title="SettlementAccountsAdditionalItemTuple"/>
    <link:presentationArc xlink:type="arc" xlink:arcrole="http://www.xbrl.org/2003/arcrole/parent-child" xlink:from="SettlementAccounts" xlink:to="SettlementAccountsAdditionalItemTuple" xlink:title="presentation: SettlementAccounts to SettlementAccountsAdditionalItemTuple" order="1.0"/>
    <link:loc xlink:type="locator" xlink:href="../../et-gaap-cor_2011-01-01.xsd#et-gaap_SettlementAccountsAdditionalItemName" xlink:label="SettlementAccountsAdditionalItemName" xlink:title="SettlementAccountsAdditionalItemName"/>
    <link:presentationArc xlink:type="arc" xlink:arcrole="http://www.xbrl.org/2003/arcrole/parent-child" xlink:from="SettlementAccountsAdditionalItemTuple" xlink:to="SettlementAccountsAdditionalItemName" xlink:title="presentation: SettlementAccountsAdditionalItemTuple to SettlementAccountsAdditionalItemName" order="1.0"/>
    <link:loc xlink:type="locator" xlink:href="../../et-gaap-cor_2011-01-01.xsd#et-gaap_SettlementAccountsAdditionalItemValue" xlink:label="SettlementAccountsAdditionalItemValue" xlink:title="SettlementAccountsAdditionalItemValue"/>
    <link:presentationArc xlink:type="arc" xlink:arcrole="http://www.xbrl.org/2003/arcrole/parent-child" xlink:from="SettlementAccountsAdditionalItemTuple" xlink:to="SettlementAccountsAdditionalItemValue" xlink:title="presentation: SettlementAccountsAdditionalItemTuple to SettlementAccountsAdditionalItemValue" order="2.0"/>
    <link:loc xlink:type="locator" xlink:href="../../et-gaap-cor_2011-01-01.xsd#et-gaap_DepositAccounts" xlink:label="DepositAccounts" xlink:title="DepositAccounts"/>
    <link:presentationArc xlink:type="arc" xlink:arcrole="http://www.xbrl.org/2003/arcrole/parent-child" xlink:from="NoteCashAndCashEquivalentsAbstract" xlink:to="DepositAccounts" xlink:title="presentation: NoteCashAndCashEquivalentsAbstract to DepositAccounts" order="3.0"/>
    <link:loc xlink:type="locator" xlink:href="../../et-gaap-cor_2011-01-01.xsd#et-gaap_DepositAccountsAdditionalItemTuple" xlink:label="DepositAccountsAdditionalItemTuple" xlink:title="DepositAccountsAdditionalItemTuple"/>
    <link:presentationArc xlink:type="arc" xlink:arcrole="http://www.xbrl.org/2003/arcrole/parent-child" xlink:from="DepositAccounts" xlink:to="DepositAccountsAdditionalItemTuple" xlink:title="presentation: DepositAccounts to DepositAccountsAdditionalItemTuple" order="1.0"/>
    <link:loc xlink:type="locator" xlink:href="../../et-gaap-cor_2011-01-01.xsd#et-gaap_DepositAccountsAdditionalItemName" xlink:label="DepositAccountsAdditionalItemName" xlink:title="DepositAccountsAdditionalItemName"/>
    <link:presentationArc xlink:type="arc" xlink:arcrole="http://www.xbrl.org/2003/arcrole/parent-child" xlink:from="DepositAccountsAdditionalItemTuple" xlink:to="DepositAccountsAdditionalItemName" xlink:title="presentation: DepositAccountsAdditionalItemTuple to DepositAccountsAdditionalItemName" order="1.0"/>
    <link:loc xlink:type="locator" xlink:href="../../et-gaap-cor_2011-01-01.xsd#et-gaap_DepositAccountsAdditionalItemValue" xlink:label="DepositAccountsAdditionalItemValue" xlink:title="DepositAccountsAdditionalItemValue"/>
    <link:presentationArc xlink:type="arc" xlink:arcrole="http://www.xbrl.org/2003/arcrole/parent-child" xlink:from="DepositAccountsAdditionalItemTuple" xlink:to="DepositAccountsAdditionalItemValue" xlink:title="presentation: DepositAccountsAdditionalItemTuple to DepositAccountsAdditionalItemValue" order="2.0"/>
    <link:loc xlink:type="locator" xlink:href="../../et-gaap-cor_2011-01-01.xsd#et-gaap_DepositsInHighlyLiquidFunds" xlink:label="DepositsInHighlyLiquidFunds" xlink:title="DepositsInHighlyLiquidFunds"/>
    <link:presentationArc xlink:type="arc" xlink:arcrole="http://www.xbrl.org/2003/arcrole/parent-child" xlink:from="NoteCashAndCashEquivalentsAbstract" xlink:to="DepositsInHighlyLiquidFunds" xlink:title="presentation: NoteCashAndCashEquivalentsAbstract to DepositsInHighlyLiquidFunds" order="4.0"/>
    <link:loc xlink:type="locator" xlink:href="../../et-gaap-cor_2011-01-01.xsd#et-gaap_CashTransit" xlink:label="CashTransit" xlink:title="CashTransit"/>
    <link:presentationArc xlink:type="arc" xlink:arcrole="http://www.xbrl.org/2003/arcrole/parent-child" xlink:from="NoteCashAndCashEquivalentsAbstract" xlink:to="CashTransit" xlink:title="presentation: NoteCashAndCashEquivalentsAbstract to CashTransit" order="5.0"/>
    <link:loc xlink:type="locator" xlink:href="../../et-gaap-cor_2011-01-01.xsd#et-gaap_CashAndCashEquivalentsOther" xlink:label="CashAndCashEquivalentsOther" xlink:title="CashAndCashEquivalentsOther"/>
    <link:presentationArc xlink:type="arc" xlink:arcrole="http://www.xbrl.org/2003/arcrole/parent-child" xlink:from="NoteCashAndCashEquivalentsAbstract" xlink:to="CashAndCashEquivalentsOther" xlink:title="presentation: NoteCashAndCashEquivalentsAbstract to CashAndCashEquivalentsOther" order="7.0"/>
    <link:loc xlink:type="locator" xlink:href="../../et-gaap-cor_2011-01-01.xsd#et-gaap_NoteCashAndCashEquivalents" xlink:label="NoteCashAndCashEquivalents" xlink:title="NoteCashAndCashEquivalents"/>
    <link:presentationArc xlink:type="arc" xlink:arcrole="http://www.xbrl.org/2003/arcrole/parent-child" xlink:from="NoteCashAndCashEquivalentsAbstract" xlink:to="NoteCashAndCashEquivalents" xlink:title="presentation: NoteCashAndCashEquivalentsAbstract to NoteCashAndCashEquivalents" order="9.0"/>
    <link:loc xlink:type="locator" xlink:href="../../et-gaap-cor_2011-01-01.xsd#et-gaap_NoteCashAndCashEquivalentsAdditionalItemTuple" xlink:label="NoteCashAndCashEquivalentsAdditionalItemTuple" xlink:title="NoteCashAndCashEquivalentsAdditionalItemTuple"/>
    <link:presentationArc xlink:type="arc" xlink:arcrole="http://www.xbrl.org/2003/arcrole/parent-child" xlink:from="NoteCashAndCashEquivalentsAbstract" xlink:to="NoteCashAndCashEquivalentsAdditionalItemTuple" xlink:title="presentation: NoteCashAndCashEquivalentsAbstract to NoteCashAndCashEquivalentsAdditionalItemTuple" order="6.0"/>
    <link:loc xlink:type="locator" xlink:href="../../et-gaap-cor_2011-01-01.xsd#et-gaap_NoteCashAndCashEquivalentsAdditionalItemName" xlink:label="NoteCashAndCashEquivalentsAdditionalItemName" xlink:title="NoteCashAndCashEquivalentsAdditionalItemName"/>
    <link:presentationArc xlink:type="arc" xlink:arcrole="http://www.xbrl.org/2003/arcrole/parent-child" xlink:from="NoteCashAndCashEquivalentsAdditionalItemTuple" xlink:to="NoteCashAndCashEquivalentsAdditionalItemName" xlink:title="presentation: NoteCashAndCashEquivalentsAdditionalItemTuple to NoteCashAndCashEquivalentsAdditionalItemName" order="1.0"/>
    <link:loc xlink:type="locator" xlink:href="../../et-gaap-cor_2011-01-01.xsd#et-gaap_NoteCashAndCashEquivalentsAdditionalItemValue" xlink:label="NoteCashAndCashEquivalentsAdditionalItemValue" xlink:title="NoteCashAndCashEquivalentsAdditionalItemValue"/>
    <link:presentationArc xlink:type="arc" xlink:arcrole="http://www.xbrl.org/2003/arcrole/parent-child" xlink:from="NoteCashAndCashEquivalentsAdditionalItemTuple" xlink:to="NoteCashAndCashEquivalentsAdditionalItemValue" xlink:title="presentation: NoteCashAndCashEquivalentsAdditionalItemTuple to NoteCashAndCashEquivalentsAdditionalItemValue" order="2.0"/>
    <link:loc xlink:type="locator" xlink:href="../../et-gaap-cor_2011-01-01.xsd#et-gaap_CashAndCashEquivalentsTotal" xlink:label="CashAndCashEquivalentsTotal" xlink:title="CashAndCashEquivalentsTotal"/>
    <link:presentationArc xlink:type="arc" xlink:arcrole="http://www.xbrl.org/2003/arcrole/parent-child" xlink:from="NoteCashAndCashEquivalentsAbstract" xlink:to="CashAndCashEquivalentsTotal" xlink:title="presentation: NoteCashAndCashEquivalentsAbstract to CashAndCashEquivalentsTotal" order="8.0" preferredLabel="http://www.xbrl.org/2003/role/totalLabel"/>
  </link:presentationLink>
</link:linkbase>
