<?xml version="1.0" encoding="UTF-8"?>
<!--
**************************************************************
et-gaap Taxonomy: 2011-01-01 (Final)

Copyright (C) 2010 Centre of Registers and Information Systems
**************************************************************
-->
<link:linkbase xmlns:xsi="http://www.w3.org/2001/XMLSchema-instance" xsi:schemaLocation="http://www.xbrl.org/2003/linkbase http://www.xbrl.org/2003/xbrl-linkbase-2003-12-31.xsd" xmlns:link="http://www.xbrl.org/2003/linkbase" xmlns:xlink="http://www.w3.org/1999/xlink">
  <link:roleRef roleURI="http://xbrl.eesti.ee/role/et-gaap_2011-01-01/NoteFinanceLease_role-819000" xlink:type="simple" xlink:href="role-819000.xsd#NoteFinanceLease_role-819000"/>
  <link:calculationLink xlink:type="extended" xlink:role="http://xbrl.eesti.ee/role/et-gaap_2011-01-01/NoteFinanceLease_role-819000">
    <link:loc xlink:type="locator" xlink:href="../../et-gaap-cor_2011-01-01.xsd#et-gaap_FinanceLeaseResidualCostOfLeasedAssetsTotal" xlink:label="FinanceLeaseResidualCostOfLeasedAssetsTotal" xlink:title="FinanceLeaseResidualCostOfLeasedAssetsTotal"/>
    <link:loc xlink:type="locator" xlink:href="../../et-gaap-cor_2011-01-01.xsd#et-gaap_FinanceLeaseResidualCostOfLeasedAssetsLand" xlink:label="FinanceLeaseResidualCostOfLeasedAssetsLand" xlink:title="FinanceLeaseResidualCostOfLeasedAssetsLand"/>
    <link:calculationArc xlink:type="arc" xlink:arcrole="http://www.xbrl.org/2003/arcrole/summation-item" xlink:from="FinanceLeaseResidualCostOfLeasedAssetsTotal" xlink:to="FinanceLeaseResidualCostOfLeasedAssetsLand" xlink:title="calculation: FinanceLeaseResidualCostOfLeasedAssetsTotal to FinanceLeaseResidualCostOfLeasedAssetsLand" order="1.0" weight="1.0"/>
    <link:loc xlink:type="locator" xlink:href="../../et-gaap-cor_2011-01-01.xsd#et-gaap_FinanceLeaseResidualCostOfLeasedAssetsBuildings" xlink:label="FinanceLeaseResidualCostOfLeasedAssetsBuildings" xlink:title="FinanceLeaseResidualCostOfLeasedAssetsBuildings"/>
    <link:calculationArc xlink:type="arc" xlink:arcrole="http://www.xbrl.org/2003/arcrole/summation-item" xlink:from="FinanceLeaseResidualCostOfLeasedAssetsTotal" xlink:to="FinanceLeaseResidualCostOfLeasedAssetsBuildings" xlink:title="calculation: FinanceLeaseResidualCostOfLeasedAssetsTotal to FinanceLeaseResidualCostOfLeasedAssetsBuildings" order="2.0" weight="1.0"/>
    <link:loc xlink:type="locator" xlink:href="../../et-gaap-cor_2011-01-01.xsd#et-gaap_FinanceLeaseResidualCostOfLeasedAssetsMachineryAndEquipment" xlink:label="FinanceLeaseResidualCostOfLeasedAssetsMachineryAndEquipment" xlink:title="FinanceLeaseResidualCostOfLeasedAssetsMachineryAndEquipment"/>
    <link:calculationArc xlink:type="arc" xlink:arcrole="http://www.xbrl.org/2003/arcrole/summation-item" xlink:from="FinanceLeaseResidualCostOfLeasedAssetsTotal" xlink:to="FinanceLeaseResidualCostOfLeasedAssetsMachineryAndEquipment" xlink:title="calculation: FinanceLeaseResidualCostOfLeasedAssetsTotal to FinanceLeaseResidualCostOfLeasedAssetsMachineryAndEquipment" order="3.0" weight="1.0"/>
    <link:loc xlink:type="locator" xlink:href="../../et-gaap-cor_2011-01-01.xsd#et-gaap_FinanceLeaseResidualCostOfLeasedAssetsOtherPropertyPlantAndEquipment" xlink:label="FinanceLeaseResidualCostOfLeasedAssetsOtherPropertyPlantAndEquipment" xlink:title="FinanceLeaseResidualCostOfLeasedAssetsOtherPropertyPlantAndEquipment"/>
    <link:calculationArc xlink:type="arc" xlink:arcrole="http://www.xbrl.org/2003/arcrole/summation-item" xlink:from="FinanceLeaseResidualCostOfLeasedAssetsTotal" xlink:to="FinanceLeaseResidualCostOfLeasedAssetsOtherPropertyPlantAndEquipment" xlink:title="calculation: FinanceLeaseResidualCostOfLeasedAssetsTotal to FinanceLeaseResidualCostOfLeasedAssetsOtherPropertyPlantAndEquipment" order="4.0" weight="1.0"/>
    <link:loc xlink:type="locator" xlink:href="../../et-gaap-cor_2011-01-01.xsd#et-gaap_FinanceLeaseResidualCostOfLeasedAssetsOtherAssets" xlink:label="FinanceLeaseResidualCostOfLeasedAssetsOtherAssets" xlink:title="FinanceLeaseResidualCostOfLeasedAssetsOtherAssets"/>
    <link:calculationArc xlink:type="arc" xlink:arcrole="http://www.xbrl.org/2003/arcrole/summation-item" xlink:from="FinanceLeaseResidualCostOfLeasedAssetsTotal" xlink:to="FinanceLeaseResidualCostOfLeasedAssetsOtherAssets" xlink:title="calculation: FinanceLeaseResidualCostOfLeasedAssetsTotal to FinanceLeaseResidualCostOfLeasedAssetsOtherAssets" order="5.0" weight="1.0"/>
  </link:calculationLink>
</link:linkbase>
