<?xml version="1.0" encoding="UTF-8"?>
<!--
**************************************************************
et-gaap Taxonomy: 2011-01-01 (Final)

Copyright (C) 2010 Centre of Registers and Information Systems
**************************************************************
-->
<link:linkbase xmlns:xsi="http://www.w3.org/2001/XMLSchema-instance" xsi:schemaLocation="http://www.xbrl.org/2003/linkbase http://www.xbrl.org/2003/xbrl-linkbase-2003-12-31.xsd" xmlns:link="http://www.xbrl.org/2003/linkbase" xmlns:xlink="http://www.w3.org/1999/xlink" xmlns:p0="http://xbrl.org/2005/xbrldt">
  <link:roleRef roleURI="http://xbrl.eesti.ee/role/et-gaap_2011-01-01/NoteFinanceLease_role-819000" xlink:type="simple" xlink:href="role-819000.xsd#NoteFinanceLease_role-819000"/>
  <link:roleRef roleURI="http://xbrl.eesti.ee/role/et-gaap_2011-01-01/AllocationByRemainingMaturity_role-901000" xlink:type="simple" xlink:href="../role-901000/role-901000.xsd#AllocationByRemainingMaturity_role-901000"/>
  <link:roleRef roleURI="http://xbrl.eesti.ee/role/et-gaap_2011-01-01/AdditionalDimensionalAllocationByInterestRateBaseCurrenciesAndDueDate_role-903000" xlink:type="simple" xlink:href="../role-903000/role-903000.xsd#AdditionalDimensionalAllocationByInterestRateBaseCurrenciesAndDueDate_role-903000"/>
  <link:arcroleRef arcroleURI="http://xbrl.org/int/dim/arcrole/all" xlink:type="simple" xlink:href="http://www.xbrl.org/2005/xbrldt-2005.xsd#all"/>
  <link:arcroleRef arcroleURI="http://xbrl.org/int/dim/arcrole/domain-member" xlink:type="simple" xlink:href="http://www.xbrl.org/2005/xbrldt-2005.xsd#domain-member"/>
  <link:arcroleRef arcroleURI="http://xbrl.org/int/dim/arcrole/hypercube-dimension" xlink:type="simple" xlink:href="http://www.xbrl.org/2005/xbrldt-2005.xsd#hypercube-dimension"/>
  <link:arcroleRef arcroleURI="http://xbrl.org/int/dim/arcrole/dimension-domain" xlink:type="simple" xlink:href="http://www.xbrl.org/2005/xbrldt-2005.xsd#dimension-domain"/>
  <link:definitionLink xlink:type="extended" xlink:role="http://xbrl.eesti.ee/role/et-gaap_2011-01-01/NoteFinanceLease_role-819000">
    <link:loc xlink:type="locator" xlink:href="../../et-gaap-cor_2011-01-01.xsd#et-gaap_AllocationByRemainingMaturityHypercube" xlink:label="AllocationByRemainingMaturityHypercube" xlink:title="AllocationByRemainingMaturityHypercube"/>
    <link:loc xlink:type="locator" xlink:href="../../et-gaap-cor_2011-01-01.xsd#et-gaap_AllocationByRemainingMaturityDimension" xlink:label="AllocationByRemainingMaturityDimension" xlink:title="AllocationByRemainingMaturityDimension"/>
    <link:definitionArc xlink:type="arc" xlink:arcrole="http://xbrl.org/int/dim/arcrole/hypercube-dimension" xlink:from="AllocationByRemainingMaturityHypercube" xlink:to="AllocationByRemainingMaturityDimension" xlink:title="definition: AllocationByRemainingMaturityHypercube to AllocationByRemainingMaturityDimension" order="1.0" p0:targetRole="http://xbrl.eesti.ee/role/et-gaap_2011-01-01/AllocationByRemainingMaturity_role-901000"/>
    <link:loc xlink:type="locator" xlink:href="../../et-gaap-cor_2011-01-01.xsd#et-gaap_NoteFinanceLeaseAbstract" xlink:label="NoteFinanceLeaseAbstract" xlink:title="NoteFinanceLeaseAbstract"/>
    <link:loc xlink:type="locator" xlink:href="../../et-gaap-cor_2011-01-01.xsd#et-gaap_AccountingEntityAsLesseeAbstract" xlink:label="AccountingEntityAsLesseeAbstract" xlink:title="AccountingEntityAsLesseeAbstract"/>
    <link:definitionArc xlink:type="arc" xlink:arcrole="http://xbrl.org/int/dim/arcrole/domain-member" xlink:from="NoteFinanceLeaseAbstract" xlink:to="AccountingEntityAsLesseeAbstract" xlink:title="definition: NoteFinanceLeaseAbstract to AccountingEntityAsLesseeAbstract" order="2.0"/>
    <link:loc xlink:type="locator" xlink:href="../../et-gaap-cor_2011-01-01.xsd#et-gaap_FinanceLeaseObligations" xlink:label="FinanceLeaseObligations" xlink:title="FinanceLeaseObligations"/>
    <link:definitionArc xlink:type="arc" xlink:arcrole="http://xbrl.org/int/dim/arcrole/domain-member" xlink:from="AccountingEntityAsLesseeAbstract" xlink:to="FinanceLeaseObligations" xlink:title="definition: AccountingEntityAsLesseeAbstract to FinanceLeaseObligations" use="optional" order="1.0"/>
    <link:loc xlink:type="locator" xlink:href="../../et-gaap-cor_2011-01-01.xsd#et-gaap_AllocationByRemainingMaturityAndFinanceLeaseObligationsTypeHypercube" xlink:label="AllocationByRemainingMaturityAndFinanceLeaseObligationsTypeHypercube" xlink:title="AllocationByRemainingMaturityAndFinanceLeaseObligationsTypeHypercube"/>
    <link:definitionArc xlink:type="arc" xlink:arcrole="http://xbrl.org/int/dim/arcrole/all" xlink:from="FinanceLeaseObligations" xlink:to="AllocationByRemainingMaturityAndFinanceLeaseObligationsTypeHypercube" xlink:title="definition: FinanceLeaseObligations to AllocationByRemainingMaturityAndFinanceLeaseObligationsTypeHypercube" order="1.0" p0:contextElement="scenario"/>
    <link:definitionArc xlink:type="arc" xlink:arcrole="http://xbrl.org/int/dim/arcrole/hypercube-dimension" xlink:from="AllocationByRemainingMaturityAndFinanceLeaseObligationsTypeHypercube" xlink:to="AllocationByRemainingMaturityDimension" xlink:title="definition: AllocationByRemainingMaturityAndFinanceLeaseObligationsTypeHypercube to AllocationByRemainingMaturityDimension" order="2.0" p0:targetRole="http://xbrl.eesti.ee/role/et-gaap_2011-01-01/AllocationByRemainingMaturity_role-901000"/>
    <link:loc xlink:type="locator" xlink:href="../../et-gaap-cor_2011-01-01.xsd#et-gaap_FinanceLeaseObligationsDimension" xlink:label="FinanceLeaseObligationsDimension" xlink:title="FinanceLeaseObligationsDimension"/>
    <link:definitionArc xlink:type="arc" xlink:arcrole="http://xbrl.org/int/dim/arcrole/hypercube-dimension" xlink:from="AllocationByRemainingMaturityAndFinanceLeaseObligationsTypeHypercube" xlink:to="FinanceLeaseObligationsDimension" xlink:title="definition: AllocationByRemainingMaturityAndFinanceLeaseObligationsTypeHypercube to FinanceLeaseObligationsDimension" order="1.0"/>
    <link:loc xlink:type="locator" xlink:href="../../et-gaap-cor_2011-01-01.xsd#et-gaap_FinanceLeaseObligationsTotal" xlink:label="FinanceLeaseObligationsTotal" xlink:title="FinanceLeaseObligationsTotal"/>
    <link:definitionArc xlink:type="arc" xlink:arcrole="http://xbrl.org/int/dim/arcrole/domain-member" xlink:from="AccountingEntityAsLesseeAbstract" xlink:to="FinanceLeaseObligationsTotal" xlink:title="definition: AccountingEntityAsLesseeAbstract to FinanceLeaseObligationsTotal" use="optional" order="3.0"/>
    <link:definitionArc xlink:type="arc" xlink:arcrole="http://xbrl.org/int/dim/arcrole/all" xlink:from="FinanceLeaseObligationsTotal" xlink:to="AllocationByRemainingMaturityHypercube" xlink:title="definition: FinanceLeaseObligationsTotal to AllocationByRemainingMaturityHypercube" order="1.0" p0:contextElement="scenario" p0:closed="true"/>
    <link:loc xlink:type="locator" xlink:href="../../et-gaap-cor_2011-01-01.xsd#et-gaap_FinanceLeaseResidualCostOfLeasedAssetsAbstract" xlink:label="FinanceLeaseResidualCostOfLeasedAssetsAbstract" xlink:title="FinanceLeaseResidualCostOfLeasedAssetsAbstract"/>
    <link:definitionArc xlink:type="arc" xlink:arcrole="http://xbrl.org/int/dim/arcrole/domain-member" xlink:from="AccountingEntityAsLesseeAbstract" xlink:to="FinanceLeaseResidualCostOfLeasedAssetsAbstract" xlink:title="definition: AccountingEntityAsLesseeAbstract to FinanceLeaseResidualCostOfLeasedAssetsAbstract" use="optional" order="4.0"/>
    <link:loc xlink:type="locator" xlink:href="../../et-gaap-cor_2011-01-01.xsd#et-gaap_FinanceLeaseResidualCostOfLeasedAssetsLand" xlink:label="FinanceLeaseResidualCostOfLeasedAssetsLand" xlink:title="FinanceLeaseResidualCostOfLeasedAssetsLand"/>
    <link:definitionArc xlink:type="arc" xlink:arcrole="http://xbrl.org/int/dim/arcrole/domain-member" xlink:from="FinanceLeaseResidualCostOfLeasedAssetsAbstract" xlink:to="FinanceLeaseResidualCostOfLeasedAssetsLand" xlink:title="definition: FinanceLeaseResidualCostOfLeasedAssetsAbstract to FinanceLeaseResidualCostOfLeasedAssetsLand" order="1.0"/>
    <link:loc xlink:type="locator" xlink:href="../../et-gaap-cor_2011-01-01.xsd#et-gaap_FinanceLeaseResidualCostOfLeasedAssetsBuildings" xlink:label="FinanceLeaseResidualCostOfLeasedAssetsBuildings" xlink:title="FinanceLeaseResidualCostOfLeasedAssetsBuildings"/>
    <link:definitionArc xlink:type="arc" xlink:arcrole="http://xbrl.org/int/dim/arcrole/domain-member" xlink:from="FinanceLeaseResidualCostOfLeasedAssetsAbstract" xlink:to="FinanceLeaseResidualCostOfLeasedAssetsBuildings" xlink:title="definition: FinanceLeaseResidualCostOfLeasedAssetsAbstract to FinanceLeaseResidualCostOfLeasedAssetsBuildings" order="2.0"/>
    <link:loc xlink:type="locator" xlink:href="../../et-gaap-cor_2011-01-01.xsd#et-gaap_FinanceLeaseResidualCostOfLeasedAssetsMachineryAndEquipment" xlink:label="FinanceLeaseResidualCostOfLeasedAssetsMachineryAndEquipment" xlink:title="FinanceLeaseResidualCostOfLeasedAssetsMachineryAndEquipment"/>
    <link:definitionArc xlink:type="arc" xlink:arcrole="http://xbrl.org/int/dim/arcrole/domain-member" xlink:from="FinanceLeaseResidualCostOfLeasedAssetsAbstract" xlink:to="FinanceLeaseResidualCostOfLeasedAssetsMachineryAndEquipment" xlink:title="definition: FinanceLeaseResidualCostOfLeasedAssetsAbstract to FinanceLeaseResidualCostOfLeasedAssetsMachineryAndEquipment" order="3.0"/>
    <link:loc xlink:type="locator" xlink:href="../../et-gaap-cor_2011-01-01.xsd#et-gaap_FinanceLeaseResidualCostOfLeasedAssetsOtherPropertyPlantAndEquipment" xlink:label="FinanceLeaseResidualCostOfLeasedAssetsOtherPropertyPlantAndEquipment" xlink:title="FinanceLeaseResidualCostOfLeasedAssetsOtherPropertyPlantAndEquipment"/>
    <link:definitionArc xlink:type="arc" xlink:arcrole="http://xbrl.org/int/dim/arcrole/domain-member" xlink:from="FinanceLeaseResidualCostOfLeasedAssetsAbstract" xlink:to="FinanceLeaseResidualCostOfLeasedAssetsOtherPropertyPlantAndEquipment" xlink:title="definition: FinanceLeaseResidualCostOfLeasedAssetsAbstract to FinanceLeaseResidualCostOfLeasedAssetsOtherPropertyPlantAndEquipment" order="4.0"/>
    <link:loc xlink:type="locator" xlink:href="../../et-gaap-cor_2011-01-01.xsd#et-gaap_FinanceLeaseResidualCostOfLeasedAssetsOtherAssets" xlink:label="FinanceLeaseResidualCostOfLeasedAssetsOtherAssets" xlink:title="FinanceLeaseResidualCostOfLeasedAssetsOtherAssets"/>
    <link:definitionArc xlink:type="arc" xlink:arcrole="http://xbrl.org/int/dim/arcrole/domain-member" xlink:from="FinanceLeaseResidualCostOfLeasedAssetsAbstract" xlink:to="FinanceLeaseResidualCostOfLeasedAssetsOtherAssets" xlink:title="definition: FinanceLeaseResidualCostOfLeasedAssetsAbstract to FinanceLeaseResidualCostOfLeasedAssetsOtherAssets" order="5.0"/>
    <link:loc xlink:type="locator" xlink:href="../../et-gaap-cor_2011-01-01.xsd#et-gaap_FinanceLeaseResidualCostOfLeasedAssetsTotal" xlink:label="FinanceLeaseResidualCostOfLeasedAssetsTotal" xlink:title="FinanceLeaseResidualCostOfLeasedAssetsTotal"/>
    <link:definitionArc xlink:type="arc" xlink:arcrole="http://xbrl.org/int/dim/arcrole/domain-member" xlink:from="FinanceLeaseResidualCostOfLeasedAssetsAbstract" xlink:to="FinanceLeaseResidualCostOfLeasedAssetsTotal" xlink:title="definition: FinanceLeaseResidualCostOfLeasedAssetsAbstract to FinanceLeaseResidualCostOfLeasedAssetsTotal" order="6.0"/>
    <link:loc xlink:type="locator" xlink:href="../../et-gaap-cor_2011-01-01.xsd#et-gaap_NoteFinanceLeaseAccountingEntityAsLessee" xlink:label="NoteFinanceLeaseAccountingEntityAsLessee" xlink:title="NoteFinanceLeaseAccountingEntityAsLessee"/>
    <link:definitionArc xlink:type="arc" xlink:arcrole="http://xbrl.org/int/dim/arcrole/domain-member" xlink:from="AccountingEntityAsLesseeAbstract" xlink:to="NoteFinanceLeaseAccountingEntityAsLessee" xlink:title="definition: AccountingEntityAsLesseeAbstract to NoteFinanceLeaseAccountingEntityAsLessee" use="optional" order="5.0"/>
    <link:loc xlink:type="locator" xlink:href="../../et-gaap-cor_2011-01-01.xsd#et-gaap_FinanceLeaseObligationsForAdditionalDimensionalAllocation" xlink:label="FinanceLeaseObligationsForAdditionalDimensionalAllocation" xlink:title="FinanceLeaseObligationsForAdditionalDimensionalAllocation"/>
    <link:definitionArc xlink:type="arc" xlink:arcrole="http://xbrl.org/int/dim/arcrole/domain-member" xlink:from="AccountingEntityAsLesseeAbstract" xlink:to="FinanceLeaseObligationsForAdditionalDimensionalAllocation" xlink:title="definition: AccountingEntityAsLesseeAbstract to FinanceLeaseObligationsForAdditionalDimensionalAllocation" order="2.0"/>
    <link:loc xlink:type="locator" xlink:href="../../et-gaap-cor_2011-01-01.xsd#et-gaap_AdditionalDimensionalAllocationFinanceLeaseObligationsTypeHypercube" xlink:label="AdditionalDimensionalAllocationFinanceLeaseObligationsTypeHypercube" xlink:title="AdditionalDimensionalAllocationFinanceLeaseObligationsTypeHypercube"/>
    <link:definitionArc xlink:type="arc" xlink:arcrole="http://xbrl.org/int/dim/arcrole/all" xlink:from="FinanceLeaseObligationsForAdditionalDimensionalAllocation" xlink:to="AdditionalDimensionalAllocationFinanceLeaseObligationsTypeHypercube" xlink:title="definition: FinanceLeaseObligationsForAdditionalDimensionalAllocation to AdditionalDimensionalAllocationFinanceLeaseObligationsTypeHypercube" order="1.0" p0:contextElement="scenario"/>
    <link:definitionArc xlink:type="arc" xlink:arcrole="http://xbrl.org/int/dim/arcrole/hypercube-dimension" xlink:from="AdditionalDimensionalAllocationFinanceLeaseObligationsTypeHypercube" xlink:to="FinanceLeaseObligationsDimension" xlink:title="definition: AdditionalDimensionalAllocationFinanceLeaseObligationsTypeHypercube to FinanceLeaseObligationsDimension" order="1.0"/>
    <link:loc xlink:type="locator" xlink:href="../../et-gaap-cor_2011-01-01.xsd#et-gaap_AdditionalDimensionalAllocationByInterestRateBaseCurrenciesAndDueDateDimension" xlink:label="AdditionalDimensionalAllocationByInterestRateBaseCurrenciesAndDueDateDimension" xlink:title="AdditionalDimensionalAllocationByInterestRateBaseCurrenciesAndDueDateDimension"/>
    <link:definitionArc xlink:type="arc" xlink:arcrole="http://xbrl.org/int/dim/arcrole/hypercube-dimension" xlink:from="AdditionalDimensionalAllocationFinanceLeaseObligationsTypeHypercube" xlink:to="AdditionalDimensionalAllocationByInterestRateBaseCurrenciesAndDueDateDimension" xlink:title="definition: AdditionalDimensionalAllocationFinanceLeaseObligationsTypeHypercube to AdditionalDimensionalAllocationByInterestRateBaseCurrenciesAndDueDateDimension" order="2.0" p0:targetRole="http://xbrl.eesti.ee/role/et-gaap_2011-01-01/AdditionalDimensionalAllocationByInterestRateBaseCurrenciesAndDueDate_role-903000"/>
    <link:loc xlink:type="locator" xlink:href="../../et-gaap-cor_2011-01-01.xsd#et-gaap_AccountingEntityAsLessorAbstract" xlink:label="AccountingEntityAsLessorAbstract" xlink:title="AccountingEntityAsLessorAbstract"/>
    <link:definitionArc xlink:type="arc" xlink:arcrole="http://xbrl.org/int/dim/arcrole/domain-member" xlink:from="NoteFinanceLeaseAbstract" xlink:to="AccountingEntityAsLessorAbstract" xlink:title="definition: NoteFinanceLeaseAbstract to AccountingEntityAsLessorAbstract" order="1.0"/>
    <link:loc xlink:type="locator" xlink:href="../../et-gaap-cor_2011-01-01.xsd#et-gaap_FinanceLeaseReceivables" xlink:label="FinanceLeaseReceivables" xlink:title="FinanceLeaseReceivables"/>
    <link:definitionArc xlink:type="arc" xlink:arcrole="http://xbrl.org/int/dim/arcrole/domain-member" xlink:from="AccountingEntityAsLessorAbstract" xlink:to="FinanceLeaseReceivables" xlink:title="definition: AccountingEntityAsLessorAbstract to FinanceLeaseReceivables" use="optional" order="1.0"/>
    <link:loc xlink:type="locator" xlink:href="../../et-gaap-cor_2011-01-01.xsd#et-gaap_AllocationByRemainingMaturityAndFinanceLeaseReceivablesTypeHypercube" xlink:label="AllocationByRemainingMaturityAndFinanceLeaseReceivablesTypeHypercube" xlink:title="AllocationByRemainingMaturityAndFinanceLeaseReceivablesTypeHypercube"/>
    <link:definitionArc xlink:type="arc" xlink:arcrole="http://xbrl.org/int/dim/arcrole/all" xlink:from="FinanceLeaseReceivables" xlink:to="AllocationByRemainingMaturityAndFinanceLeaseReceivablesTypeHypercube" xlink:title="definition: FinanceLeaseReceivables to AllocationByRemainingMaturityAndFinanceLeaseReceivablesTypeHypercube" order="1.0" p0:contextElement="scenario"/>
    <link:loc xlink:type="locator" xlink:href="../../et-gaap-cor_2011-01-01.xsd#et-gaap_FinanceLeaseReceivablesDimension" xlink:label="FinanceLeaseReceivablesDimension" xlink:title="FinanceLeaseReceivablesDimension"/>
    <link:definitionArc xlink:type="arc" xlink:arcrole="http://xbrl.org/int/dim/arcrole/hypercube-dimension" xlink:from="AllocationByRemainingMaturityAndFinanceLeaseReceivablesTypeHypercube" xlink:to="FinanceLeaseReceivablesDimension" xlink:title="definition: AllocationByRemainingMaturityAndFinanceLeaseReceivablesTypeHypercube to FinanceLeaseReceivablesDimension" order="1.0"/>
    <link:definitionArc xlink:type="arc" xlink:arcrole="http://xbrl.org/int/dim/arcrole/hypercube-dimension" xlink:from="AllocationByRemainingMaturityAndFinanceLeaseReceivablesTypeHypercube" xlink:to="AllocationByRemainingMaturityDimension" xlink:title="definition: AllocationByRemainingMaturityAndFinanceLeaseReceivablesTypeHypercube to AllocationByRemainingMaturityDimension" order="2.0" p0:targetRole="http://xbrl.eesti.ee/role/et-gaap_2011-01-01/AllocationByRemainingMaturity_role-901000"/>
    <link:loc xlink:type="locator" xlink:href="../../et-gaap-cor_2011-01-01.xsd#et-gaap_FinanceLeaseReceivablesTotal" xlink:label="FinanceLeaseReceivablesTotal" xlink:title="FinanceLeaseReceivablesTotal"/>
    <link:definitionArc xlink:type="arc" xlink:arcrole="http://xbrl.org/int/dim/arcrole/domain-member" xlink:from="AccountingEntityAsLessorAbstract" xlink:to="FinanceLeaseReceivablesTotal" xlink:title="definition: AccountingEntityAsLessorAbstract to FinanceLeaseReceivablesTotal" use="optional" order="3.0"/>
    <link:definitionArc xlink:type="arc" xlink:arcrole="http://xbrl.org/int/dim/arcrole/all" xlink:from="FinanceLeaseReceivablesTotal" xlink:to="AllocationByRemainingMaturityHypercube" xlink:title="definition: FinanceLeaseReceivablesTotal to AllocationByRemainingMaturityHypercube" order="1.0" p0:contextElement="scenario" p0:closed="true"/>
    <link:loc xlink:type="locator" xlink:href="../../et-gaap-cor_2011-01-01.xsd#et-gaap_NoteFinanceLeaseAccountingEntityAsLessor" xlink:label="NoteFinanceLeaseAccountingEntityAsLessor" xlink:title="NoteFinanceLeaseAccountingEntityAsLessor"/>
    <link:definitionArc xlink:type="arc" xlink:arcrole="http://xbrl.org/int/dim/arcrole/domain-member" xlink:from="AccountingEntityAsLessorAbstract" xlink:to="NoteFinanceLeaseAccountingEntityAsLessor" xlink:title="definition: AccountingEntityAsLessorAbstract to NoteFinanceLeaseAccountingEntityAsLessor" use="optional" order="4.0"/>
    <link:loc xlink:type="locator" xlink:href="../../et-gaap-cor_2011-01-01.xsd#et-gaap_FinanceLeaseReceivablesForAdditionalDimensionalAllocation" xlink:label="FinanceLeaseReceivablesForAdditionalDimensionalAllocation" xlink:title="FinanceLeaseReceivablesForAdditionalDimensionalAllocation"/>
    <link:definitionArc xlink:type="arc" xlink:arcrole="http://xbrl.org/int/dim/arcrole/domain-member" xlink:from="AccountingEntityAsLessorAbstract" xlink:to="FinanceLeaseReceivablesForAdditionalDimensionalAllocation" xlink:title="definition: AccountingEntityAsLessorAbstract to FinanceLeaseReceivablesForAdditionalDimensionalAllocation" order="2.0"/>
    <link:loc xlink:type="locator" xlink:href="../../et-gaap-cor_2011-01-01.xsd#et-gaap_AdditionalDimensionalAllocationFinanceLeaseReceivablesTypeHypercube" xlink:label="AdditionalDimensionalAllocationFinanceLeaseReceivablesTypeHypercube" xlink:title="AdditionalDimensionalAllocationFinanceLeaseReceivablesTypeHypercube"/>
    <link:definitionArc xlink:type="arc" xlink:arcrole="http://xbrl.org/int/dim/arcrole/all" xlink:from="FinanceLeaseReceivablesForAdditionalDimensionalAllocation" xlink:to="AdditionalDimensionalAllocationFinanceLeaseReceivablesTypeHypercube" xlink:title="definition: FinanceLeaseReceivablesForAdditionalDimensionalAllocation to AdditionalDimensionalAllocationFinanceLeaseReceivablesTypeHypercube" use="optional" order="1.0" p0:contextElement="scenario"/>
    <link:definitionArc xlink:type="arc" xlink:arcrole="http://xbrl.org/int/dim/arcrole/hypercube-dimension" xlink:from="AdditionalDimensionalAllocationFinanceLeaseReceivablesTypeHypercube" xlink:to="FinanceLeaseReceivablesDimension" xlink:title="definition: AdditionalDimensionalAllocationFinanceLeaseReceivablesTypeHypercube to FinanceLeaseReceivablesDimension" use="optional" order="2.0"/>
    <link:definitionArc xlink:type="arc" xlink:arcrole="http://xbrl.org/int/dim/arcrole/hypercube-dimension" xlink:from="AdditionalDimensionalAllocationFinanceLeaseReceivablesTypeHypercube" xlink:to="AdditionalDimensionalAllocationByInterestRateBaseCurrenciesAndDueDateDimension" xlink:title="definition: AdditionalDimensionalAllocationFinanceLeaseReceivablesTypeHypercube to AdditionalDimensionalAllocationByInterestRateBaseCurrenciesAndDueDateDimension" order="3.0" p0:targetRole="http://xbrl.eesti.ee/role/et-gaap_2011-01-01/AdditionalDimensionalAllocationByInterestRateBaseCurrenciesAndDueDate_role-903000"/>
  </link:definitionLink>
</link:linkbase>
