<?xml version="1.0" encoding="UTF-8"?>
<!--
**************************************************************
et-gaap Taxonomy: 2011-01-01 (Final)

Copyright (C) 2010 Centre of Registers and Information Systems
**************************************************************
-->
<link:linkbase xmlns:xsi="http://www.w3.org/2001/XMLSchema-instance" xsi:schemaLocation="http://www.xbrl.org/2003/linkbase http://www.xbrl.org/2003/xbrl-linkbase-2003-12-31.xsd" xmlns:link="http://www.xbrl.org/2003/linkbase" xmlns:xbrldt="http://xbrl.org/2005/xbrldt" xmlns:xlink="http://www.w3.org/1999/xlink">
  <link:roleRef roleURI="http://xbrl.eesti.ee/role/et-gaap_2011-01-01/NoteCurrentFinancialInvestments_role-803000" xlink:type="simple" xlink:href="role-803000.xsd#NoteCurrentFinancialInvestments_role-803000"/>
  <link:presentationLink xlink:type="extended" xlink:role="http://xbrl.eesti.ee/role/et-gaap_2011-01-01/NoteCurrentFinancialInvestments_role-803000">
    <link:loc xlink:type="locator" xlink:href="../../et-gaap-cor_2011-01-01.xsd#et-gaap_NoteCurrentFinancialInvestmentsAbstract" xlink:label="NoteCurrentFinancialInvestmentsAbstract" xlink:title="NoteCurrentFinancialInvestmentsAbstract"/>
    <link:loc xlink:type="locator" xlink:href="../../et-gaap-cor_2011-01-01.xsd#et-gaap_CurrentFinancialInvestmentsAbstract" xlink:label="CurrentFinancialInvestmentsAbstract" xlink:title="CurrentFinancialInvestmentsAbstract"/>
    <link:presentationArc xlink:type="arc" xlink:arcrole="http://www.xbrl.org/2003/arcrole/parent-child" xlink:from="NoteCurrentFinancialInvestmentsAbstract" xlink:to="CurrentFinancialInvestmentsAbstract" xlink:title="presentation: NoteCurrentFinancialInvestmentsAbstract to CurrentFinancialInvestmentsAbstract" use="optional" order="1.0"/>
    <link:loc xlink:type="locator" xlink:href="../../et-gaap-cor_2011-01-01.xsd#et-gaap_CurrentFinancialInvestmentsAtEndOfPreviousPeriod" xlink:label="CurrentFinancialInvestmentsAtEndOfPreviousPeriod" xlink:title="CurrentFinancialInvestmentsAtEndOfPreviousPeriod"/>
    <link:presentationArc xlink:type="arc" xlink:arcrole="http://www.xbrl.org/2003/arcrole/parent-child" xlink:from="CurrentFinancialInvestmentsAbstract" xlink:to="CurrentFinancialInvestmentsAtEndOfPreviousPeriod" xlink:title="presentation: CurrentFinancialInvestmentsAbstract to CurrentFinancialInvestmentsAtEndOfPreviousPeriod" use="optional" order="1.0"/>
    <link:loc xlink:type="locator" xlink:href="../../et-gaap-cor_2011-01-01.xsd#et-gaap_CurrentFinancialInvestmentsAcquisition" xlink:label="CurrentFinancialInvestmentsAcquisition" xlink:title="CurrentFinancialInvestmentsAcquisition"/>
    <link:presentationArc xlink:type="arc" xlink:arcrole="http://www.xbrl.org/2003/arcrole/parent-child" xlink:from="CurrentFinancialInvestmentsAbstract" xlink:to="CurrentFinancialInvestmentsAcquisition" xlink:title="presentation: CurrentFinancialInvestmentsAbstract to CurrentFinancialInvestmentsAcquisition" use="optional" order="2.0" xbrldt:contextElement="segment"/>
    <link:loc xlink:type="locator" xlink:href="../../et-gaap-cor_2011-01-01.xsd#et-gaap_CurrentFinancialInvestmentsDisposalAtSellingPriceOrRedemption" xlink:label="CurrentFinancialInvestmentsDisposalAtSellingPriceOrRedemption" xlink:title="CurrentFinancialInvestmentsDisposalAtSellingPriceOrRedemption"/>
    <link:presentationArc xlink:type="arc" xlink:arcrole="http://www.xbrl.org/2003/arcrole/parent-child" xlink:from="CurrentFinancialInvestmentsAbstract" xlink:to="CurrentFinancialInvestmentsDisposalAtSellingPriceOrRedemption" xlink:title="presentation: CurrentFinancialInvestmentsAbstract to CurrentFinancialInvestmentsDisposalAtSellingPriceOrRedemption" use="optional" order="3.0"/>
    <link:loc xlink:type="locator" xlink:href="../../et-gaap-cor_2011-01-01.xsd#et-gaap_CurrentFinancialInvestmentsProfitLossFromDisposalAndRevaluation" xlink:label="CurrentFinancialInvestmentsProfitLossFromDisposalAndRevaluation" xlink:title="CurrentFinancialInvestmentsProfitLossFromDisposalAndRevaluation"/>
    <link:presentationArc xlink:type="arc" xlink:arcrole="http://www.xbrl.org/2003/arcrole/parent-child" xlink:from="CurrentFinancialInvestmentsAbstract" xlink:to="CurrentFinancialInvestmentsProfitLossFromDisposalAndRevaluation" xlink:title="presentation: CurrentFinancialInvestmentsAbstract to CurrentFinancialInvestmentsProfitLossFromDisposalAndRevaluation" use="optional" order="4.0"/>
    <link:loc xlink:type="locator" xlink:href="../../et-gaap-cor_2011-01-01.xsd#et-gaap_CurrentFinancialInvestmentsOther" xlink:label="CurrentFinancialInvestmentsOther" xlink:title="CurrentFinancialInvestmentsOther"/>
    <link:presentationArc xlink:type="arc" xlink:arcrole="http://www.xbrl.org/2003/arcrole/parent-child" xlink:from="CurrentFinancialInvestmentsAbstract" xlink:to="CurrentFinancialInvestmentsOther" xlink:title="presentation: CurrentFinancialInvestmentsAbstract to CurrentFinancialInvestmentsOther" use="optional" order="5.0"/>
    <link:loc xlink:type="locator" xlink:href="../../et-gaap-cor_2011-01-01.xsd#et-gaap_CurrentFinancialInvestmentsAtEndOfPeriod" xlink:label="CurrentFinancialInvestmentsAtEndOfPeriod" xlink:title="CurrentFinancialInvestmentsAtEndOfPeriod"/>
    <link:presentationArc xlink:type="arc" xlink:arcrole="http://www.xbrl.org/2003/arcrole/parent-child" xlink:from="CurrentFinancialInvestmentsAbstract" xlink:to="CurrentFinancialInvestmentsAtEndOfPeriod" xlink:title="presentation: CurrentFinancialInvestmentsAbstract to CurrentFinancialInvestmentsAtEndOfPeriod" use="optional" order="6.0"/>
    <link:loc xlink:type="locator" xlink:href="../../et-gaap-cor_2011-01-01.xsd#et-gaap_CurrentFinancialInvestmentsCarriedAtFairValue" xlink:label="CurrentFinancialInvestmentsCarriedAtFairValue" xlink:title="CurrentFinancialInvestmentsCarriedAtFairValue"/>
    <link:presentationArc xlink:type="arc" xlink:arcrole="http://www.xbrl.org/2003/arcrole/parent-child" xlink:from="CurrentFinancialInvestmentsAbstract" xlink:to="CurrentFinancialInvestmentsCarriedAtFairValue" xlink:title="presentation: CurrentFinancialInvestmentsAbstract to CurrentFinancialInvestmentsCarriedAtFairValue" use="optional" order="7.0"/>
    <link:loc xlink:type="locator" xlink:href="../../et-gaap-cor_2011-01-01.xsd#et-gaap_CurrentFinancialInvestmentsCarriedAtCost" xlink:label="CurrentFinancialInvestmentsCarriedAtCost" xlink:title="CurrentFinancialInvestmentsCarriedAtCost"/>
    <link:presentationArc xlink:type="arc" xlink:arcrole="http://www.xbrl.org/2003/arcrole/parent-child" xlink:from="CurrentFinancialInvestmentsAbstract" xlink:to="CurrentFinancialInvestmentsCarriedAtCost" xlink:title="presentation: CurrentFinancialInvestmentsAbstract to CurrentFinancialInvestmentsCarriedAtCost" use="optional" order="8.0"/>
    <link:loc xlink:type="locator" xlink:href="../../et-gaap-cor_2011-01-01.xsd#et-gaap_AllocationByFinancialInvestmentsHypercube" xlink:label="AllocationByFinancialInvestmentsHypercube" xlink:title="AllocationByFinancialInvestmentsHypercube"/>
    <link:presentationArc xlink:type="arc" xlink:arcrole="http://www.xbrl.org/2003/arcrole/parent-child" xlink:from="CurrentFinancialInvestmentsAbstract" xlink:to="AllocationByFinancialInvestmentsHypercube" xlink:title="presentation: CurrentFinancialInvestmentsAbstract to AllocationByFinancialInvestmentsHypercube" use="optional" order="9.0" xbrldt:targetRole="http://xbrl.eesti.ee/role/et-gaap_2011-01-01/AllocationByFinancialInstruments_role-902000" xbrldt:contextElement="scenario" xbrldt:closed="true"/>
    <link:loc xlink:type="locator" xlink:href="../../et-gaap-cor_2011-01-01.xsd#et-gaap_NoteCurrentFinancialInvestments" xlink:label="NoteCurrentFinancialInvestments" xlink:title="NoteCurrentFinancialInvestments"/>
    <link:presentationArc xlink:type="arc" xlink:arcrole="http://www.xbrl.org/2003/arcrole/parent-child" xlink:from="NoteCurrentFinancialInvestmentsAbstract" xlink:to="NoteCurrentFinancialInvestments" xlink:title="presentation: NoteCurrentFinancialInvestmentsAbstract to NoteCurrentFinancialInvestments" use="optional" order="2.0"/>
  </link:presentationLink>
</link:linkbase>
