<?xml version="1.0" encoding="UTF-8"?>
<!--
**************************************************************
et-gaap Taxonomy: 2011-01-01 (Final)

Copyright (C) 2010 Centre of Registers and Information Systems
**************************************************************
-->
<link:linkbase xmlns:xsi="http://www.w3.org/2001/XMLSchema-instance" xsi:schemaLocation="http://www.xbrl.org/2003/linkbase http://www.xbrl.org/2003/xbrl-linkbase-2003-12-31.xsd" xmlns:link="http://www.xbrl.org/2003/linkbase" xmlns:xlink="http://www.w3.org/1999/xlink" xmlns:p0="http://xbrl.org/2005/xbrldt">
  <link:roleRef roleURI="http://xbrl.eesti.ee/role/et-gaap_2011-01-01/NoteNetProceedsFromFinancialInvestements_role-848000" xlink:type="simple" xlink:href="role-848000.xsd#NoteNetProceedsFromFinancialInvestements_role-848000"/>
  <link:arcroleRef arcroleURI="http://xbrl.org/int/dim/arcrole/domain-member" xlink:type="simple" xlink:href="http://www.xbrl.org/2005/xbrldt-2005.xsd#domain-member"/>
  <link:definitionLink xlink:type="extended" xlink:role="http://xbrl.eesti.ee/role/et-gaap_2011-01-01/NoteNetProceedsFromFinancialInvestements_role-848000">
    <link:loc xlink:type="locator" xlink:href="../../et-gaap-cor_2011-01-01.xsd#et-gaap_NoteNetProceedsFromFinancialInvestementsAbstract" xlink:label="NoteNetProceedsFromFinancialInvestementsAbstract" xlink:title="NoteNetProceedsFromFinancialInvestementsAbstract"/>
    <link:loc xlink:type="locator" xlink:href="../../et-gaap-cor_2011-01-01.xsd#et-gaap_ProfitLossFromSaleOfFinancialInvestments" xlink:label="ProfitLossFromSaleOfFinancialInvestments" xlink:title="ProfitLossFromSaleOfFinancialInvestments"/>
    <link:definitionArc xlink:type="arc" xlink:arcrole="http://xbrl.org/int/dim/arcrole/domain-member" xlink:from="NoteNetProceedsFromFinancialInvestementsAbstract" xlink:to="ProfitLossFromSaleOfFinancialInvestments" xlink:title="definition: NoteNetProceedsFromFinancialInvestementsAbstract to ProfitLossFromSaleOfFinancialInvestments" use="optional" order="1.0"/>
    <link:loc xlink:type="locator" xlink:href="../../et-gaap-cor_2011-01-01.xsd#et-gaap_NetProceedsFromFinancialInvestementsInterestIncome" xlink:label="NetProceedsFromFinancialInvestementsInterestIncome" xlink:title="NetProceedsFromFinancialInvestementsInterestIncome"/>
    <link:definitionArc xlink:type="arc" xlink:arcrole="http://xbrl.org/int/dim/arcrole/domain-member" xlink:from="NoteNetProceedsFromFinancialInvestementsAbstract" xlink:to="NetProceedsFromFinancialInvestementsInterestIncome" xlink:title="definition: NoteNetProceedsFromFinancialInvestementsAbstract to NetProceedsFromFinancialInvestementsInterestIncome" use="optional" order="2.0"/>
    <link:loc xlink:type="locator" xlink:href="../../et-gaap-cor_2011-01-01.xsd#et-gaap_NetProceedsFromFinancialInvestementsDividendIncome" xlink:label="NetProceedsFromFinancialInvestementsDividendIncome" xlink:title="NetProceedsFromFinancialInvestementsDividendIncome"/>
    <link:definitionArc xlink:type="arc" xlink:arcrole="http://xbrl.org/int/dim/arcrole/domain-member" xlink:from="NoteNetProceedsFromFinancialInvestementsAbstract" xlink:to="NetProceedsFromFinancialInvestementsDividendIncome" xlink:title="definition: NoteNetProceedsFromFinancialInvestementsAbstract to NetProceedsFromFinancialInvestementsDividendIncome" use="optional" order="3.0"/>
    <link:loc xlink:type="locator" xlink:href="../../et-gaap-cor_2011-01-01.xsd#et-gaap_NetProceedsFromFinancialInvestements" xlink:label="NetProceedsFromFinancialInvestements" xlink:title="NetProceedsFromFinancialInvestements"/>
    <link:definitionArc xlink:type="arc" xlink:arcrole="http://xbrl.org/int/dim/arcrole/domain-member" xlink:from="NoteNetProceedsFromFinancialInvestementsAbstract" xlink:to="NetProceedsFromFinancialInvestements" xlink:title="definition: NoteNetProceedsFromFinancialInvestementsAbstract to NetProceedsFromFinancialInvestements" use="optional" order="4.0"/>
    <link:loc xlink:type="locator" xlink:href="../../et-gaap-cor_2011-01-01.xsd#et-gaap_NoteNetProceedsFromFinancialInvestements" xlink:label="NoteNetProceedsFromFinancialInvestements" xlink:title="NoteNetProceedsFromFinancialInvestements"/>
    <link:definitionArc xlink:type="arc" xlink:arcrole="http://xbrl.org/int/dim/arcrole/domain-member" xlink:from="NoteNetProceedsFromFinancialInvestementsAbstract" xlink:to="NoteNetProceedsFromFinancialInvestements" xlink:title="definition: NoteNetProceedsFromFinancialInvestementsAbstract to NoteNetProceedsFromFinancialInvestements" use="optional" order="5.0"/>
  </link:definitionLink>
</link:linkbase>
