<?xml version="1.0" encoding="UTF-8"?>
<!--
**************************************************************
et-gaap Taxonomy: 2011-01-01 (Final)

Copyright (C) 2010 Centre of Registers and Information Systems
**************************************************************
-->
<link:linkbase xmlns:xsi="http://www.w3.org/2001/XMLSchema-instance" xsi:schemaLocation="http://www.xbrl.org/2003/linkbase http://www.xbrl.org/2003/xbrl-linkbase-2003-12-31.xsd" xmlns:link="http://www.xbrl.org/2003/linkbase" xmlns:xlink="http://www.w3.org/1999/xlink" xmlns:p0="http://xbrl.org/2005/xbrldt">
  <link:roleRef roleURI="http://xbrl.eesti.ee/role/et-gaap_2011-01-01/NoteFeesReceivedFromMembers_role-846000" xlink:type="simple" xlink:href="role-846000.xsd#NoteFeesReceivedFromMembers_role-846000"/>
  <link:arcroleRef arcroleURI="http://xbrl.org/int/dim/arcrole/domain-member" xlink:type="simple" xlink:href="http://www.xbrl.org/2005/xbrldt-2005.xsd#domain-member"/>
  <link:definitionLink xlink:type="extended" xlink:role="http://xbrl.eesti.ee/role/et-gaap_2011-01-01/NoteFeesReceivedFromMembers_role-846000">
    <link:loc xlink:type="locator" xlink:href="../../et-gaap-cor_2011-01-01.xsd#et-gaap_NoteFeesReceivedFromMembersAbstract" xlink:label="NoteFeesReceivedFromMembersAbstract" xlink:title="NoteFeesReceivedFromMembersAbstract"/>
    <link:loc xlink:type="locator" xlink:href="../../et-gaap-cor_2011-01-01.xsd#et-gaap_FeesNotIntendedForSpecificPurposesAbstract" xlink:label="FeesNotIntendedForSpecificPurposesAbstract" xlink:title="FeesNotIntendedForSpecificPurposesAbstract"/>
    <link:definitionArc xlink:type="arc" xlink:arcrole="http://xbrl.org/int/dim/arcrole/domain-member" xlink:from="NoteFeesReceivedFromMembersAbstract" xlink:to="FeesNotIntendedForSpecificPurposesAbstract" xlink:title="definition: NoteFeesReceivedFromMembersAbstract to FeesNotIntendedForSpecificPurposesAbstract" use="optional" order="1.0"/>
    <link:loc xlink:type="locator" xlink:href="../../et-gaap-cor_2011-01-01.xsd#et-gaap_MembershipFees" xlink:label="MembershipFees" xlink:title="MembershipFees"/>
    <link:definitionArc xlink:type="arc" xlink:arcrole="http://xbrl.org/int/dim/arcrole/domain-member" xlink:from="FeesNotIntendedForSpecificPurposesAbstract" xlink:to="MembershipFees" xlink:title="definition: FeesNotIntendedForSpecificPurposesAbstract to MembershipFees" use="optional" order="1.0"/>
    <link:loc xlink:type="locator" xlink:href="../../et-gaap-cor_2011-01-01.xsd#et-gaap_EntranceFees" xlink:label="EntranceFees" xlink:title="EntranceFees"/>
    <link:definitionArc xlink:type="arc" xlink:arcrole="http://xbrl.org/int/dim/arcrole/domain-member" xlink:from="FeesNotIntendedForSpecificPurposesAbstract" xlink:to="EntranceFees" xlink:title="definition: FeesNotIntendedForSpecificPurposesAbstract to EntranceFees" use="optional" order="2.0"/>
    <link:loc xlink:type="locator" xlink:href="../../et-gaap-cor_2011-01-01.xsd#et-gaap_MaintenanceFees" xlink:label="MaintenanceFees" xlink:title="MaintenanceFees"/>
    <link:definitionArc xlink:type="arc" xlink:arcrole="http://xbrl.org/int/dim/arcrole/domain-member" xlink:from="FeesNotIntendedForSpecificPurposesAbstract" xlink:to="MaintenanceFees" xlink:title="definition: FeesNotIntendedForSpecificPurposesAbstract to MaintenanceFees" use="optional" order="3.0"/>
    <link:loc xlink:type="locator" xlink:href="../../et-gaap-cor_2011-01-01.xsd#et-gaap_FeesIntendedForSpecificPurposesAbstract" xlink:label="FeesIntendedForSpecificPurposesAbstract" xlink:title="FeesIntendedForSpecificPurposesAbstract"/>
    <link:definitionArc xlink:type="arc" xlink:arcrole="http://xbrl.org/int/dim/arcrole/domain-member" xlink:from="NoteFeesReceivedFromMembersAbstract" xlink:to="FeesIntendedForSpecificPurposesAbstract" xlink:title="definition: NoteFeesReceivedFromMembersAbstract to FeesIntendedForSpecificPurposesAbstract" use="optional" order="2.0"/>
    <link:loc xlink:type="locator" xlink:href="../../et-gaap-cor_2011-01-01.xsd#et-gaap_RepairFees" xlink:label="RepairFees" xlink:title="RepairFees"/>
    <link:definitionArc xlink:type="arc" xlink:arcrole="http://xbrl.org/int/dim/arcrole/domain-member" xlink:from="FeesIntendedForSpecificPurposesAbstract" xlink:to="RepairFees" xlink:title="definition: FeesIntendedForSpecificPurposesAbstract to RepairFees" use="optional" order="1.0"/>
    <link:loc xlink:type="locator" xlink:href="../../et-gaap-cor_2011-01-01.xsd#et-gaap_TotalFeesReceivedFromMembers" xlink:label="TotalFeesReceivedFromMembers" xlink:title="TotalFeesReceivedFromMembers"/>
    <link:definitionArc xlink:type="arc" xlink:arcrole="http://xbrl.org/int/dim/arcrole/domain-member" xlink:from="NoteFeesReceivedFromMembersAbstract" xlink:to="TotalFeesReceivedFromMembers" xlink:title="definition: NoteFeesReceivedFromMembersAbstract to TotalFeesReceivedFromMembers" use="optional" order="3.0"/>
    <link:loc xlink:type="locator" xlink:href="../../et-gaap-cor_2011-01-01.xsd#et-gaap_NoteFeesReceivedFromMembers" xlink:label="NoteFeesReceivedFromMembers" xlink:title="NoteFeesReceivedFromMembers"/>
    <link:definitionArc xlink:type="arc" xlink:arcrole="http://xbrl.org/int/dim/arcrole/domain-member" xlink:from="NoteFeesReceivedFromMembersAbstract" xlink:to="NoteFeesReceivedFromMembers" xlink:title="definition: NoteFeesReceivedFromMembersAbstract to NoteFeesReceivedFromMembers" use="optional" order="4.0"/>
  </link:definitionLink>
</link:linkbase>
