<?xml version="1.0" encoding="UTF-8"?>
<!--
**************************************************************
et-gaap Taxonomy: 2011-01-01 (Final)

Copyright (C) 2010 Centre of Registers and Information Systems
**************************************************************
-->
<link:linkbase xmlns:xsi="http://www.w3.org/2001/XMLSchema-instance" xsi:schemaLocation="http://www.xbrl.org/2003/linkbase http://www.xbrl.org/2003/xbrl-linkbase-2003-12-31.xsd" xmlns:link="http://www.xbrl.org/2003/linkbase" xmlns:xlink="http://www.w3.org/1999/xlink" xmlns:xbrldt="http://xbrl.org/2005/xbrldt">
  <link:roleRef roleURI="http://xbrl.eesti.ee/role/et-gaap_2011-01-01/NoteFeesReceivedFromMembers_role-846000" xlink:type="simple" xlink:href="role-846000.xsd#NoteFeesReceivedFromMembers_role-846000"/>
  <link:presentationLink xlink:type="extended" xlink:role="http://xbrl.eesti.ee/role/et-gaap_2011-01-01/NoteFeesReceivedFromMembers_role-846000">
    <link:loc xlink:type="locator" xlink:href="../../et-gaap-cor_2011-01-01.xsd#et-gaap_NoteFeesReceivedFromMembersAbstract" xlink:label="NoteFeesReceivedFromMembersAbstract" xlink:title="NoteFeesReceivedFromMembersAbstract"/>
    <link:loc xlink:type="locator" xlink:href="../../et-gaap-cor_2011-01-01.xsd#et-gaap_FeesNotIntendedForSpecificPurposesAbstract" xlink:label="FeesNotIntendedForSpecificPurposesAbstract" xlink:title="FeesNotIntendedForSpecificPurposesAbstract"/>
    <link:presentationArc xlink:type="arc" xlink:arcrole="http://www.xbrl.org/2003/arcrole/parent-child" xlink:from="NoteFeesReceivedFromMembersAbstract" xlink:to="FeesNotIntendedForSpecificPurposesAbstract" xlink:title="presentation: NoteFeesReceivedFromMembersAbstract to FeesNotIntendedForSpecificPurposesAbstract" order="1.0"/>
    <link:loc xlink:type="locator" xlink:href="../../et-gaap-cor_2011-01-01.xsd#et-gaap_MembershipFees" xlink:label="MembershipFees" xlink:title="MembershipFees"/>
    <link:presentationArc xlink:type="arc" xlink:arcrole="http://www.xbrl.org/2003/arcrole/parent-child" xlink:from="FeesNotIntendedForSpecificPurposesAbstract" xlink:to="MembershipFees" xlink:title="presentation: FeesNotIntendedForSpecificPurposesAbstract to MembershipFees" order="1.0"/>
    <link:loc xlink:type="locator" xlink:href="../../et-gaap-cor_2011-01-01.xsd#et-gaap_EntranceFees" xlink:label="EntranceFees" xlink:title="EntranceFees"/>
    <link:presentationArc xlink:type="arc" xlink:arcrole="http://www.xbrl.org/2003/arcrole/parent-child" xlink:from="FeesNotIntendedForSpecificPurposesAbstract" xlink:to="EntranceFees" xlink:title="presentation: FeesNotIntendedForSpecificPurposesAbstract to EntranceFees" order="2.0"/>
    <link:loc xlink:type="locator" xlink:href="../../et-gaap-cor_2011-01-01.xsd#et-gaap_MaintenanceFees" xlink:label="MaintenanceFees" xlink:title="MaintenanceFees"/>
    <link:presentationArc xlink:type="arc" xlink:arcrole="http://www.xbrl.org/2003/arcrole/parent-child" xlink:from="FeesNotIntendedForSpecificPurposesAbstract" xlink:to="MaintenanceFees" xlink:title="presentation: FeesNotIntendedForSpecificPurposesAbstract to MaintenanceFees" order="3.0"/>
    <link:loc xlink:type="locator" xlink:href="../../et-gaap-cor_2011-01-01.xsd#et-gaap_FeesNotIntendedForSpecificPurposesAdditionalItemTuple" xlink:label="FeesNotIntendedForSpecificPurposesAdditionalItemTuple" xlink:title="FeesNotIntendedForSpecificPurposesAdditionalItemTuple"/>
    <link:presentationArc xlink:type="arc" xlink:arcrole="http://www.xbrl.org/2003/arcrole/parent-child" xlink:from="FeesNotIntendedForSpecificPurposesAbstract" xlink:to="FeesNotIntendedForSpecificPurposesAdditionalItemTuple" xlink:title="presentation: FeesNotIntendedForSpecificPurposesAbstract to FeesNotIntendedForSpecificPurposesAdditionalItemTuple" order="4.0"/>
    <link:loc xlink:type="locator" xlink:href="../../et-gaap-cor_2011-01-01.xsd#et-gaap_FeesNotIntendedForSpecificPurposesAdditionalItemName" xlink:label="FeesNotIntendedForSpecificPurposesAdditionalItemName" xlink:title="FeesNotIntendedForSpecificPurposesAdditionalItemName"/>
    <link:presentationArc xlink:type="arc" xlink:arcrole="http://www.xbrl.org/2003/arcrole/parent-child" xlink:from="FeesNotIntendedForSpecificPurposesAdditionalItemTuple" xlink:to="FeesNotIntendedForSpecificPurposesAdditionalItemName" xlink:title="presentation: FeesNotIntendedForSpecificPurposesAdditionalItemTuple to FeesNotIntendedForSpecificPurposesAdditionalItemName" order="1.0"/>
    <link:loc xlink:type="locator" xlink:href="../../et-gaap-cor_2011-01-01.xsd#et-gaap_FeesNotIntendedForSpecificPurposesAdditionalItemValue" xlink:label="FeesNotIntendedForSpecificPurposesAdditionalItemValue" xlink:title="FeesNotIntendedForSpecificPurposesAdditionalItemValue"/>
    <link:presentationArc xlink:type="arc" xlink:arcrole="http://www.xbrl.org/2003/arcrole/parent-child" xlink:from="FeesNotIntendedForSpecificPurposesAdditionalItemTuple" xlink:to="FeesNotIntendedForSpecificPurposesAdditionalItemValue" xlink:title="presentation: FeesNotIntendedForSpecificPurposesAdditionalItemTuple to FeesNotIntendedForSpecificPurposesAdditionalItemValue" order="2.0"/>
    <link:loc xlink:type="locator" xlink:href="../../et-gaap-cor_2011-01-01.xsd#et-gaap_FeesIntendedForSpecificPurposesAbstract" xlink:label="FeesIntendedForSpecificPurposesAbstract" xlink:title="FeesIntendedForSpecificPurposesAbstract"/>
    <link:presentationArc xlink:type="arc" xlink:arcrole="http://www.xbrl.org/2003/arcrole/parent-child" xlink:from="NoteFeesReceivedFromMembersAbstract" xlink:to="FeesIntendedForSpecificPurposesAbstract" xlink:title="presentation: NoteFeesReceivedFromMembersAbstract to FeesIntendedForSpecificPurposesAbstract" order="2.0"/>
    <link:loc xlink:type="locator" xlink:href="../../et-gaap-cor_2011-01-01.xsd#et-gaap_RepairFees" xlink:label="RepairFees" xlink:title="RepairFees"/>
    <link:presentationArc xlink:type="arc" xlink:arcrole="http://www.xbrl.org/2003/arcrole/parent-child" xlink:from="FeesIntendedForSpecificPurposesAbstract" xlink:to="RepairFees" xlink:title="presentation: FeesIntendedForSpecificPurposesAbstract to RepairFees" order="1.0"/>
    <link:loc xlink:type="locator" xlink:href="../../et-gaap-cor_2011-01-01.xsd#et-gaap_FeesIntendedForSpecificPurposesAdditionalItemTuple" xlink:label="FeesIntendedForSpecificPurposesAdditionalItemTuple" xlink:title="FeesIntendedForSpecificPurposesAdditionalItemTuple"/>
    <link:presentationArc xlink:type="arc" xlink:arcrole="http://www.xbrl.org/2003/arcrole/parent-child" xlink:from="FeesIntendedForSpecificPurposesAbstract" xlink:to="FeesIntendedForSpecificPurposesAdditionalItemTuple" xlink:title="presentation: FeesIntendedForSpecificPurposesAbstract to FeesIntendedForSpecificPurposesAdditionalItemTuple" order="2.0"/>
    <link:loc xlink:type="locator" xlink:href="../../et-gaap-cor_2011-01-01.xsd#et-gaap_FeesIntendedForSpecificPurposesAdditionalItemName" xlink:label="FeesIntendedForSpecificPurposesAdditionalItemName" xlink:title="FeesIntendedForSpecificPurposesAdditionalItemName"/>
    <link:presentationArc xlink:type="arc" xlink:arcrole="http://www.xbrl.org/2003/arcrole/parent-child" xlink:from="FeesIntendedForSpecificPurposesAdditionalItemTuple" xlink:to="FeesIntendedForSpecificPurposesAdditionalItemName" xlink:title="presentation: FeesIntendedForSpecificPurposesAdditionalItemTuple to FeesIntendedForSpecificPurposesAdditionalItemName" order="1.0"/>
    <link:loc xlink:type="locator" xlink:href="../../et-gaap-cor_2011-01-01.xsd#et-gaap_FeesIntendedForSpecificPurposesAdditionalItemValue" xlink:label="FeesIntendedForSpecificPurposesAdditionalItemValue" xlink:title="FeesIntendedForSpecificPurposesAdditionalItemValue"/>
    <link:presentationArc xlink:type="arc" xlink:arcrole="http://www.xbrl.org/2003/arcrole/parent-child" xlink:from="FeesIntendedForSpecificPurposesAdditionalItemTuple" xlink:to="FeesIntendedForSpecificPurposesAdditionalItemValue" xlink:title="presentation: FeesIntendedForSpecificPurposesAdditionalItemTuple to FeesIntendedForSpecificPurposesAdditionalItemValue" order="2.0"/>
    <link:loc xlink:type="locator" xlink:href="../../et-gaap-cor_2011-01-01.xsd#et-gaap_TotalFeesReceivedFromMembers" xlink:label="TotalFeesReceivedFromMembers" xlink:title="TotalFeesReceivedFromMembers"/>
    <link:presentationArc xlink:type="arc" xlink:arcrole="http://www.xbrl.org/2003/arcrole/parent-child" xlink:from="NoteFeesReceivedFromMembersAbstract" xlink:to="TotalFeesReceivedFromMembers" xlink:title="presentation: NoteFeesReceivedFromMembersAbstract to TotalFeesReceivedFromMembers" order="3.0" preferredLabel="http://www.xbrl.org/2003/role/totalLabel"/>
    <link:loc xlink:type="locator" xlink:href="../../et-gaap-cor_2011-01-01.xsd#et-gaap_NoteFeesReceivedFromMembers" xlink:label="NoteFeesReceivedFromMembers" xlink:title="NoteFeesReceivedFromMembers"/>
    <link:presentationArc xlink:type="arc" xlink:arcrole="http://www.xbrl.org/2003/arcrole/parent-child" xlink:from="NoteFeesReceivedFromMembersAbstract" xlink:to="NoteFeesReceivedFromMembers" xlink:title="presentation: NoteFeesReceivedFromMembersAbstract to NoteFeesReceivedFromMembers" order="4.0"/>
  </link:presentationLink>
</link:linkbase>
