<?xml version="1.0" encoding="UTF-8"?>
<!--
**************************************************************
et-gaap Taxonomy: 2011-01-01 (Final)

Copyright (C) 2010 Centre of Registers and Information Systems
**************************************************************
-->
<link:linkbase xmlns:xsi="http://www.w3.org/2001/XMLSchema-instance" xsi:schemaLocation="http://www.xbrl.org/2003/linkbase http://www.xbrl.org/2003/xbrl-linkbase-2003-12-31.xsd" xmlns:link="http://www.xbrl.org/2003/linkbase" xmlns:xbrldt="http://xbrl.org/2005/xbrldt" xmlns:xlink="http://www.w3.org/1999/xlink">
  <link:roleRef roleURI="http://xbrl.eesti.ee/role/et-gaap_2011-01-01/NotePrepayments_role-812000" xlink:type="simple" xlink:href="role-812000.xsd#NotePrepayments_role-812000"/>
  <link:calculationLink xlink:type="extended" xlink:role="http://xbrl.eesti.ee/role/et-gaap_2011-01-01/NotePrepayments_role-812000">
    <link:loc xlink:type="locator" xlink:href="../../et-gaap-cor_2011-01-01.xsd#et-gaap_PrepaymentsTotal" xlink:label="PrepaymentsTotal" xlink:title="PrepaymentsTotal"/>
    <link:loc xlink:type="locator" xlink:href="../../et-gaap-cor_2011-01-01.xsd#et-gaap_DeferredExpenses" xlink:label="DeferredExpenses" xlink:title="DeferredExpenses"/>
    <link:calculationArc xlink:type="arc" xlink:arcrole="http://www.xbrl.org/2003/arcrole/summation-item" xlink:from="PrepaymentsTotal" xlink:to="DeferredExpenses" xlink:title="calculation: PrepaymentsTotal to DeferredExpenses" order="1.0" weight="1.0"/>
    <link:loc xlink:type="locator" xlink:href="../../et-gaap-cor_2011-01-01.xsd#et-gaap_OtherPaidPrepayments" xlink:label="OtherPaidPrepayments" xlink:title="OtherPaidPrepayments"/>
    <link:calculationArc xlink:type="arc" xlink:arcrole="http://www.xbrl.org/2003/arcrole/summation-item" xlink:from="PrepaymentsTotal" xlink:to="OtherPaidPrepayments" xlink:title="calculation: PrepaymentsTotal to OtherPaidPrepayments" order="2.0" weight="1.0"/>
  </link:calculationLink>
</link:linkbase>
