<?xml version="1.0" encoding="UTF-8"?>
<!--
**************************************************************
et-gaap Taxonomy: 2011-01-01 (Final)

Copyright (C) 2010 Centre of Registers and Information Systems
**************************************************************
-->
<link:linkbase xmlns:xsi="http://www.w3.org/2001/XMLSchema-instance" xsi:schemaLocation="http://www.xbrl.org/2003/linkbase http://www.xbrl.org/2003/xbrl-linkbase-2003-12-31.xsd" xmlns:link="http://www.xbrl.org/2003/linkbase" xmlns:xbrldt="http://xbrl.org/2005/xbrldt" xmlns:xlink="http://www.w3.org/1999/xlink">
  <link:roleRef roleURI="http://xbrl.eesti.ee/role/et-gaap_2011-01-01/NotePrepayments_role-812000" xlink:type="simple" xlink:href="role-812000.xsd#NotePrepayments_role-812000"/>
  <link:presentationLink xlink:type="extended" xlink:role="http://xbrl.eesti.ee/role/et-gaap_2011-01-01/NotePrepayments_role-812000">
    <link:loc xlink:type="locator" xlink:href="../../et-gaap-cor_2011-01-01.xsd#et-gaap_AllocationByRemainingMaturityHypercube" xlink:label="AllocationByRemainingMaturityHypercube" xlink:title="AllocationByRemainingMaturityHypercube"/>
    <link:loc xlink:type="locator" xlink:href="../../et-gaap-cor_2011-01-01.xsd#et-gaap_AllocationByRemainingMaturityDimension" xlink:label="AllocationByRemainingMaturityDimension" xlink:title="AllocationByRemainingMaturityDimension"/>
    <link:presentationArc xlink:type="arc" xlink:arcrole="http://www.xbrl.org/2003/arcrole/parent-child" xlink:from="AllocationByRemainingMaturityHypercube" xlink:to="AllocationByRemainingMaturityDimension" xlink:title="presentation: AllocationByRemainingMaturityHypercube to AllocationByRemainingMaturityDimension" use="optional" order="1.0" xbrldt:targetRole="http://xbrl.eesti.ee/role/et-gaap_2011-01-01/AllocationByRemainingMaturity_role-901000"/>
    <link:loc xlink:type="locator" xlink:href="../../et-gaap-cor_2011-01-01.xsd#et-gaap_NotePrepaymentsAbstract" xlink:label="NotePrepaymentsAbstract" xlink:title="NotePrepaymentsAbstract"/>
    <link:loc xlink:type="locator" xlink:href="../../et-gaap-cor_2011-01-01.xsd#et-gaap_PrepaymentsAllocationAbstract" xlink:label="PrepaymentsAllocationAbstract" xlink:title="PrepaymentsAllocationAbstract"/>
    <link:presentationArc xlink:type="arc" xlink:arcrole="http://www.xbrl.org/2003/arcrole/parent-child" xlink:from="NotePrepaymentsAbstract" xlink:to="PrepaymentsAllocationAbstract" xlink:title="presentation: NotePrepaymentsAbstract to PrepaymentsAllocationAbstract" order="5.0"/>
    <link:loc xlink:type="locator" xlink:href="../../et-gaap-cor_2011-01-01.xsd#et-gaap_DeferredExpenses" xlink:label="DeferredExpenses" xlink:title="DeferredExpenses"/>
    <link:presentationArc xlink:type="arc" xlink:arcrole="http://www.xbrl.org/2003/arcrole/parent-child" xlink:from="PrepaymentsAllocationAbstract" xlink:to="DeferredExpenses" xlink:title="presentation: PrepaymentsAllocationAbstract to DeferredExpenses" use="optional" order="1.0"/>
    <link:loc xlink:type="locator" xlink:href="../../et-gaap-cor_2011-01-01.xsd#et-gaap_OtherPaidPrepayments" xlink:label="OtherPaidPrepayments" xlink:title="OtherPaidPrepayments"/>
    <link:presentationArc xlink:type="arc" xlink:arcrole="http://www.xbrl.org/2003/arcrole/parent-child" xlink:from="PrepaymentsAllocationAbstract" xlink:to="OtherPaidPrepayments" xlink:title="presentation: PrepaymentsAllocationAbstract to OtherPaidPrepayments" use="optional" order="2.0"/>
    <link:loc xlink:type="locator" xlink:href="../../et-gaap-cor_2011-01-01.xsd#et-gaap_PrepaymentsTotal" xlink:label="PrepaymentsTotal" xlink:title="PrepaymentsTotal"/>
    <link:presentationArc xlink:type="arc" xlink:arcrole="http://www.xbrl.org/2003/arcrole/parent-child" xlink:from="PrepaymentsAllocationAbstract" xlink:to="PrepaymentsTotal" xlink:title="presentation: PrepaymentsAllocationAbstract to PrepaymentsTotal" use="optional" order="3.0"/>
    <link:presentationArc xlink:type="arc" xlink:arcrole="http://www.xbrl.org/2003/arcrole/parent-child" xlink:from="PrepaymentsAllocationAbstract" xlink:to="AllocationByRemainingMaturityHypercube" xlink:title="presentation: PrepaymentsAllocationAbstract to AllocationByRemainingMaturityHypercube" use="optional" order="4.0" xbrldt:contextElement="scenario" xbrldt:closed="true"/>
    <link:loc xlink:type="locator" xlink:href="../../et-gaap-cor_2011-01-01.xsd#et-gaap_NotePrepayments" xlink:label="NotePrepayments" xlink:title="NotePrepayments"/>
    <link:presentationArc xlink:type="arc" xlink:arcrole="http://www.xbrl.org/2003/arcrole/parent-child" xlink:from="NotePrepaymentsAbstract" xlink:to="NotePrepayments" xlink:title="presentation: NotePrepaymentsAbstract to NotePrepayments" order="6.0"/>
  </link:presentationLink>
</link:linkbase>
