<?xml version="1.0" encoding="UTF-8"?>
<!--
**************************************************************
et-gaap Taxonomy: 2011-01-01 (Final)

Copyright (C) 2010 Centre of Registers and Information Systems
**************************************************************
-->
<link:linkbase xmlns:xsi="http://www.w3.org/2001/XMLSchema-instance" xsi:schemaLocation="http://www.xbrl.org/2003/linkbase http://www.xbrl.org/2003/xbrl-linkbase-2003-12-31.xsd" xmlns:link="http://www.xbrl.org/2003/linkbase" xmlns:xlink="http://www.w3.org/1999/xlink">
  <link:roleRef roleURI="http://xbrl.eesti.ee/role/et-gaap_2011-01-01/NoteIncomeTax_role-842000" xlink:type="simple" xlink:href="role-842000.xsd#NoteIncomeTax_role-842000"/>
  <link:calculationLink xlink:type="extended" xlink:role="http://xbrl.eesti.ee/role/et-gaap_2011-01-01/NoteIncomeTax_role-842000">
    <link:loc xlink:type="locator" xlink:href="../../et-gaap-cor_2011-01-01.xsd#et-gaap_IncomeTaxExpenseComponentsTotal" xlink:label="IncomeTaxExpenseComponentsTotal" xlink:title="IncomeTaxExpenseComponentsTotal"/>
    <link:loc xlink:type="locator" xlink:href="../../et-gaap-cor_2011-01-01.xsd#et-gaap_DeclaredDividends" xlink:label="DeclaredDividends" xlink:title="DeclaredDividends"/>
    <link:calculationArc xlink:type="arc" xlink:arcrole="http://www.xbrl.org/2003/arcrole/summation-item" xlink:from="IncomeTaxExpenseComponentsTotal" xlink:to="DeclaredDividends" xlink:title="calculation: IncomeTaxExpenseComponentsTotal to DeclaredDividends" use="optional" priority="0" order="1.0" weight="1.0"/>
    <link:loc xlink:type="locator" xlink:href="../../et-gaap-cor_2011-01-01.xsd#et-gaap_ShareCapitalReduction" xlink:label="ShareCapitalReduction" xlink:title="ShareCapitalReduction"/>
    <link:calculationArc xlink:type="arc" xlink:arcrole="http://www.xbrl.org/2003/arcrole/summation-item" xlink:from="IncomeTaxExpenseComponentsTotal" xlink:to="ShareCapitalReduction" xlink:title="calculation: IncomeTaxExpenseComponentsTotal to ShareCapitalReduction" use="optional" priority="0" order="2.0" weight="1.0"/>
    <link:loc xlink:type="locator" xlink:href="../../et-gaap-cor_2011-01-01.xsd#et-gaap_OtherCashOutflowsFromEquity" xlink:label="OtherCashOutflowsFromEquity" xlink:title="OtherCashOutflowsFromEquity"/>
    <link:calculationArc xlink:type="arc" xlink:arcrole="http://www.xbrl.org/2003/arcrole/summation-item" xlink:from="IncomeTaxExpenseComponentsTotal" xlink:to="OtherCashOutflowsFromEquity" xlink:title="calculation: IncomeTaxExpenseComponentsTotal to OtherCashOutflowsFromEquity" use="optional" priority="0" order="3.0" weight="1.0"/>
  </link:calculationLink>
</link:linkbase>
