<?xml version="1.0" encoding="UTF-8"?>
<!--
**************************************************************
et-gaap Taxonomy: 2011-01-01 (Final)

Copyright (C) 2010 Centre of Registers and Information Systems
**************************************************************
-->
<link:linkbase xmlns:xsi="http://www.w3.org/2001/XMLSchema-instance" xsi:schemaLocation="http://www.xbrl.org/2003/linkbase http://www.xbrl.org/2003/xbrl-linkbase-2003-12-31.xsd" xmlns:link="http://www.xbrl.org/2003/linkbase" xmlns:xlink="http://www.w3.org/1999/xlink" xmlns:p0="http://xbrl.org/2005/xbrldt">
  <link:roleRef roleURI="http://xbrl.eesti.ee/role/et-gaap_2011-01-01/NoteIncomeTax_role-842000" xlink:type="simple" xlink:href="role-842000.xsd#NoteIncomeTax_role-842000"/>
  <link:arcroleRef arcroleURI="http://xbrl.org/int/dim/arcrole/all" xlink:type="simple" xlink:href="http://www.xbrl.org/2005/xbrldt-2005.xsd#all"/>
  <link:arcroleRef arcroleURI="http://xbrl.org/int/dim/arcrole/dimension-domain" xlink:type="simple" xlink:href="http://www.xbrl.org/2005/xbrldt-2005.xsd#dimension-domain"/>
  <link:arcroleRef arcroleURI="http://xbrl.org/int/dim/arcrole/domain-member" xlink:type="simple" xlink:href="http://www.xbrl.org/2005/xbrldt-2005.xsd#domain-member"/>
  <link:arcroleRef arcroleURI="http://xbrl.org/int/dim/arcrole/hypercube-dimension" xlink:type="simple" xlink:href="http://www.xbrl.org/2005/xbrldt-2005.xsd#hypercube-dimension"/>
  <link:definitionLink xlink:type="extended" xlink:role="http://xbrl.eesti.ee/role/et-gaap_2011-01-01/NoteIncomeTax_role-842000">
    <link:loc xlink:type="locator" xlink:href="../../et-gaap-cor_2011-01-01.xsd#et-gaap_NoteIncomeTaxAbstract" xlink:label="NoteIncomeTaxAbstract" xlink:title="NoteIncomeTaxAbstract"/>
    <link:loc xlink:type="locator" xlink:href="../../et-gaap-cor_2011-01-01.xsd#et-gaap_IncomeTaxExpenseComponentsAbstract" xlink:label="IncomeTaxExpenseComponentsAbstract" xlink:title="IncomeTaxExpenseComponentsAbstract"/>
    <link:definitionArc xlink:type="arc" xlink:arcrole="http://xbrl.org/int/dim/arcrole/domain-member" xlink:from="NoteIncomeTaxAbstract" xlink:to="IncomeTaxExpenseComponentsAbstract" xlink:title="definition: NoteIncomeTaxAbstract to IncomeTaxExpenseComponentsAbstract" order="1.0"/>
    <link:loc xlink:type="locator" xlink:href="../../et-gaap-cor_2011-01-01.xsd#et-gaap_DeclaredDividends" xlink:label="DeclaredDividends" xlink:title="DeclaredDividends"/>
    <link:definitionArc xlink:type="arc" xlink:arcrole="http://xbrl.org/int/dim/arcrole/domain-member" xlink:from="IncomeTaxExpenseComponentsAbstract" xlink:to="DeclaredDividends" xlink:title="definition: IncomeTaxExpenseComponentsAbstract to DeclaredDividends" order="1.0"/>
    <link:loc xlink:type="locator" xlink:href="../../et-gaap-cor_2011-01-01.xsd#et-gaap_ShareCapitalReduction" xlink:label="ShareCapitalReduction" xlink:title="ShareCapitalReduction"/>
    <link:definitionArc xlink:type="arc" xlink:arcrole="http://xbrl.org/int/dim/arcrole/domain-member" xlink:from="IncomeTaxExpenseComponentsAbstract" xlink:to="ShareCapitalReduction" xlink:title="definition: IncomeTaxExpenseComponentsAbstract to ShareCapitalReduction" order="2.0"/>
    <link:loc xlink:type="locator" xlink:href="../../et-gaap-cor_2011-01-01.xsd#et-gaap_OtherCashOutflowsFromEquity" xlink:label="OtherCashOutflowsFromEquity" xlink:title="OtherCashOutflowsFromEquity"/>
    <link:definitionArc xlink:type="arc" xlink:arcrole="http://xbrl.org/int/dim/arcrole/domain-member" xlink:from="IncomeTaxExpenseComponentsAbstract" xlink:to="OtherCashOutflowsFromEquity" xlink:title="definition: IncomeTaxExpenseComponentsAbstract to OtherCashOutflowsFromEquity" order="3.0"/>
    <link:loc xlink:type="locator" xlink:href="../../et-gaap-cor_2011-01-01.xsd#et-gaap_IncomeTaxExpenseComponentsTotal" xlink:label="IncomeTaxExpenseComponentsTotal" xlink:title="IncomeTaxExpenseComponentsTotal"/>
    <link:definitionArc xlink:type="arc" xlink:arcrole="http://xbrl.org/int/dim/arcrole/domain-member" xlink:from="IncomeTaxExpenseComponentsAbstract" xlink:to="IncomeTaxExpenseComponentsTotal" xlink:title="definition: IncomeTaxExpenseComponentsAbstract to IncomeTaxExpenseComponentsTotal" order="4.0"/>
    <link:loc xlink:type="locator" xlink:href="../../et-gaap-cor_2011-01-01.xsd#et-gaap_AllocationByIncomeTaxExpenseComponentsHypercube" xlink:label="AllocationByIncomeTaxExpenseComponentsHypercube" xlink:title="AllocationByIncomeTaxExpenseComponentsHypercube"/>
    <link:definitionArc xlink:type="arc" xlink:arcrole="http://xbrl.org/int/dim/arcrole/all" xlink:from="IncomeTaxExpenseComponentsAbstract" xlink:to="AllocationByIncomeTaxExpenseComponentsHypercube" xlink:title="definition: IncomeTaxExpenseComponentsAbstract to AllocationByIncomeTaxExpenseComponentsHypercube" order="5.0" p0:contextElement="scenario"/>
    <link:loc xlink:type="locator" xlink:href="../../et-gaap-cor_2011-01-01.xsd#et-gaap_AllocationByIncomeTaxExpenseComponentsDimension" xlink:label="AllocationByIncomeTaxExpenseComponentsDimension" xlink:title="AllocationByIncomeTaxExpenseComponentsDimension"/>
    <link:definitionArc xlink:type="arc" xlink:arcrole="http://xbrl.org/int/dim/arcrole/hypercube-dimension" xlink:from="AllocationByIncomeTaxExpenseComponentsHypercube" xlink:to="AllocationByIncomeTaxExpenseComponentsDimension" xlink:title="definition: AllocationByIncomeTaxExpenseComponentsHypercube to AllocationByIncomeTaxExpenseComponentsDimension" order="1.0"/>
    <link:loc xlink:type="locator" xlink:href="../../et-gaap-cor_2011-01-01.xsd#et-gaap_TaxableAmountAbstract" xlink:label="TaxableAmountAbstract" xlink:title="TaxableAmountAbstract"/>
    <link:definitionArc xlink:type="arc" xlink:arcrole="http://xbrl.org/int/dim/arcrole/dimension-domain" xlink:from="AllocationByIncomeTaxExpenseComponentsDimension" xlink:to="TaxableAmountAbstract" xlink:title="definition: AllocationByIncomeTaxExpenseComponentsDimension to TaxableAmountAbstract" order="1.0"/>
    <link:loc xlink:type="locator" xlink:href="../../et-gaap-cor_2011-01-01.xsd#et-gaap_IncomeTaxExpenseAbstract" xlink:label="IncomeTaxExpenseAbstract" xlink:title="IncomeTaxExpenseAbstract"/>
    <link:definitionArc xlink:type="arc" xlink:arcrole="http://xbrl.org/int/dim/arcrole/dimension-domain" xlink:from="AllocationByIncomeTaxExpenseComponentsDimension" xlink:to="IncomeTaxExpenseAbstract" xlink:title="definition: AllocationByIncomeTaxExpenseComponentsDimension to IncomeTaxExpenseAbstract" order="2.0"/>
    <link:loc xlink:type="locator" xlink:href="../../et-gaap-cor_2011-01-01.xsd#et-gaap_NoteIncomeTax" xlink:label="NoteIncomeTax" xlink:title="NoteIncomeTax"/>
    <link:definitionArc xlink:type="arc" xlink:arcrole="http://xbrl.org/int/dim/arcrole/domain-member" xlink:from="NoteIncomeTaxAbstract" xlink:to="NoteIncomeTax" xlink:title="definition: NoteIncomeTaxAbstract to NoteIncomeTax" order="2.0"/>
  </link:definitionLink>
</link:linkbase>
