<?xml version="1.0" encoding="UTF-8"?>
<!--
**************************************************************
et-gaap Taxonomy: 2011-01-01 (Final)

Copyright (C) 2010 Centre of Registers and Information Systems
**************************************************************
-->
<link:linkbase xmlns:xsi="http://www.w3.org/2001/XMLSchema-instance" xsi:schemaLocation="http://www.xbrl.org/2003/linkbase http://www.xbrl.org/2003/xbrl-linkbase-2003-12-31.xsd" xmlns:link="http://www.xbrl.org/2003/linkbase" xmlns:xlink="http://www.w3.org/1999/xlink" xmlns:xbrldt="http://xbrl.org/2005/xbrldt">
  <link:roleRef roleURI="http://xbrl.eesti.ee/role/et-gaap_2011-01-01/NoteIncomeTax_role-842000" xlink:type="simple" xlink:href="role-842000.xsd#NoteIncomeTax_role-842000"/>
  <link:presentationLink xlink:type="extended" xlink:role="http://xbrl.eesti.ee/role/et-gaap_2011-01-01/NoteIncomeTax_role-842000">
    <link:loc xlink:type="locator" xlink:href="../../et-gaap-cor_2011-01-01.xsd#et-gaap_NoteIncomeTaxAbstract" xlink:label="NoteIncomeTaxAbstract" xlink:title="NoteIncomeTaxAbstract"/>
    <link:loc xlink:type="locator" xlink:href="../../et-gaap-cor_2011-01-01.xsd#et-gaap_IncomeTaxExpenseComponentsAbstract" xlink:label="IncomeTaxExpenseComponentsAbstract" xlink:title="IncomeTaxExpenseComponentsAbstract"/>
    <link:presentationArc xlink:type="arc" xlink:arcrole="http://www.xbrl.org/2003/arcrole/parent-child" xlink:from="NoteIncomeTaxAbstract" xlink:to="IncomeTaxExpenseComponentsAbstract" xlink:title="presentation: NoteIncomeTaxAbstract to IncomeTaxExpenseComponentsAbstract" use="optional" order="1.0"/>
    <link:loc xlink:type="locator" xlink:href="../../et-gaap-cor_2011-01-01.xsd#et-gaap_DeclaredDividends" xlink:label="DeclaredDividends" xlink:title="DeclaredDividends"/>
    <link:presentationArc xlink:type="arc" xlink:arcrole="http://www.xbrl.org/2003/arcrole/parent-child" xlink:from="IncomeTaxExpenseComponentsAbstract" xlink:to="DeclaredDividends" xlink:title="presentation: IncomeTaxExpenseComponentsAbstract to DeclaredDividends" use="optional" order="1.0"/>
    <link:loc xlink:type="locator" xlink:href="../../et-gaap-cor_2011-01-01.xsd#et-gaap_ShareCapitalReduction" xlink:label="ShareCapitalReduction" xlink:title="ShareCapitalReduction"/>
    <link:presentationArc xlink:type="arc" xlink:arcrole="http://www.xbrl.org/2003/arcrole/parent-child" xlink:from="IncomeTaxExpenseComponentsAbstract" xlink:to="ShareCapitalReduction" xlink:title="presentation: IncomeTaxExpenseComponentsAbstract to ShareCapitalReduction" use="optional" order="2.0"/>
    <link:loc xlink:type="locator" xlink:href="../../et-gaap-cor_2011-01-01.xsd#et-gaap_OtherCashOutflowsFromEquity" xlink:label="OtherCashOutflowsFromEquity" xlink:title="OtherCashOutflowsFromEquity"/>
    <link:presentationArc xlink:type="arc" xlink:arcrole="http://www.xbrl.org/2003/arcrole/parent-child" xlink:from="IncomeTaxExpenseComponentsAbstract" xlink:to="OtherCashOutflowsFromEquity" xlink:title="presentation: IncomeTaxExpenseComponentsAbstract to OtherCashOutflowsFromEquity" use="optional" order="3.0"/>
    <link:loc xlink:type="locator" xlink:href="../../et-gaap-cor_2011-01-01.xsd#et-gaap_IncomeTaxExpenseComponentsTotal" xlink:label="IncomeTaxExpenseComponentsTotal" xlink:title="IncomeTaxExpenseComponentsTotal"/>
    <link:presentationArc xlink:type="arc" xlink:arcrole="http://www.xbrl.org/2003/arcrole/parent-child" xlink:from="IncomeTaxExpenseComponentsAbstract" xlink:to="IncomeTaxExpenseComponentsTotal" xlink:title="presentation: IncomeTaxExpenseComponentsAbstract to IncomeTaxExpenseComponentsTotal" use="optional" order="4.0"/>
    <link:loc xlink:type="locator" xlink:href="../../et-gaap-cor_2011-01-01.xsd#et-gaap_AllocationByIncomeTaxExpenseComponentsHypercube" xlink:label="AllocationByIncomeTaxExpenseComponentsHypercube" xlink:title="AllocationByIncomeTaxExpenseComponentsHypercube"/>
    <link:presentationArc xlink:type="arc" xlink:arcrole="http://www.xbrl.org/2003/arcrole/parent-child" xlink:from="IncomeTaxExpenseComponentsAbstract" xlink:to="AllocationByIncomeTaxExpenseComponentsHypercube" xlink:title="presentation: IncomeTaxExpenseComponentsAbstract to AllocationByIncomeTaxExpenseComponentsHypercube" use="optional" order="5.0" xbrldt:contextElement="scenario"/>
    <link:loc xlink:type="locator" xlink:href="../../et-gaap-cor_2011-01-01.xsd#et-gaap_AllocationByIncomeTaxExpenseComponentsDimension" xlink:label="AllocationByIncomeTaxExpenseComponentsDimension" xlink:title="AllocationByIncomeTaxExpenseComponentsDimension"/>
    <link:presentationArc xlink:type="arc" xlink:arcrole="http://www.xbrl.org/2003/arcrole/parent-child" xlink:from="AllocationByIncomeTaxExpenseComponentsHypercube" xlink:to="AllocationByIncomeTaxExpenseComponentsDimension" xlink:title="presentation: AllocationByIncomeTaxExpenseComponentsHypercube to AllocationByIncomeTaxExpenseComponentsDimension" use="optional" order="1.0"/>
    <link:loc xlink:type="locator" xlink:href="../../et-gaap-cor_2011-01-01.xsd#et-gaap_TaxableAmountAbstract" xlink:label="TaxableAmountAbstract" xlink:title="TaxableAmountAbstract"/>
    <link:presentationArc xlink:type="arc" xlink:arcrole="http://www.xbrl.org/2003/arcrole/parent-child" xlink:from="AllocationByIncomeTaxExpenseComponentsDimension" xlink:to="TaxableAmountAbstract" xlink:title="presentation: AllocationByIncomeTaxExpenseComponentsDimension to TaxableAmountAbstract" use="optional" order="1.0"/>
    <link:loc xlink:type="locator" xlink:href="../../et-gaap-cor_2011-01-01.xsd#et-gaap_IncomeTaxExpenseAbstract" xlink:label="IncomeTaxExpenseAbstract" xlink:title="IncomeTaxExpenseAbstract"/>
    <link:presentationArc xlink:type="arc" xlink:arcrole="http://www.xbrl.org/2003/arcrole/parent-child" xlink:from="AllocationByIncomeTaxExpenseComponentsDimension" xlink:to="IncomeTaxExpenseAbstract" xlink:title="presentation: AllocationByIncomeTaxExpenseComponentsDimension to IncomeTaxExpenseAbstract" use="optional" order="2.0"/>
    <link:loc xlink:type="locator" xlink:href="../../et-gaap-cor_2011-01-01.xsd#et-gaap_NoteIncomeTax" xlink:label="NoteIncomeTax" xlink:title="NoteIncomeTax"/>
    <link:presentationArc xlink:type="arc" xlink:arcrole="http://www.xbrl.org/2003/arcrole/parent-child" xlink:from="NoteIncomeTaxAbstract" xlink:to="NoteIncomeTax" xlink:title="presentation: NoteIncomeTaxAbstract to NoteIncomeTax" use="optional" order="2.0"/>
  </link:presentationLink>
</link:linkbase>
