<?xml version="1.0" encoding="UTF-8"?>
<!--
**************************************************************
et-gaap Taxonomy: 2011-01-01 (Final)

Copyright (C) 2010 Centre of Registers and Information Systems
**************************************************************
-->
<link:linkbase xmlns:xsi="http://www.w3.org/2001/XMLSchema-instance" xsi:schemaLocation="http://www.xbrl.org/2003/linkbase http://www.xbrl.org/2003/xbrl-linkbase-2003-12-31.xsd" xmlns:link="http://www.xbrl.org/2003/linkbase" xmlns:xlink="http://www.w3.org/1999/xlink">
  <link:roleRef roleURI="http://xbrl.eesti.ee/role/et-gaap_2011-01-01/NoteDistributionExpense_role-837002" xlink:type="simple" xlink:href="role-837000.xsd#NoteDistributionExpense_role-837002"/>
  <link:calculationLink xlink:type="extended" xlink:role="http://xbrl.eesti.ee/role/et-gaap_2011-01-01/NoteDistributionExpense_role-837002">
    <link:loc xlink:type="locator" xlink:href="../../et-gaap-cor_2011-01-01.xsd#et-gaap_DistributionExpense" xlink:label="DistributionExpense" xlink:title="DistributionExpense"/>
    <link:loc xlink:type="locator" xlink:href="../../et-gaap-cor_2011-01-01.xsd#et-gaap_DistributionExpenseLandRent" xlink:label="DistributionExpenseLandRent" xlink:title="DistributionExpenseLandRent"/>
    <link:calculationArc xlink:type="arc" xlink:arcrole="http://www.xbrl.org/2003/arcrole/summation-item" xlink:from="DistributionExpense" xlink:to="DistributionExpenseLandRent" xlink:title="calculation: DistributionExpense to DistributionExpenseLandRent" order="1.0" weight="1.0"/>
    <link:loc xlink:type="locator" xlink:href="../../et-gaap-cor_2011-01-01.xsd#et-gaap_DistributionExpenseLeases" xlink:label="DistributionExpenseLeases" xlink:title="DistributionExpenseLeases"/>
    <link:calculationArc xlink:type="arc" xlink:arcrole="http://www.xbrl.org/2003/arcrole/summation-item" xlink:from="DistributionExpense" xlink:to="DistributionExpenseLeases" xlink:title="calculation: DistributionExpense to DistributionExpenseLeases" order="2.0" weight="1.0"/>
    <link:loc xlink:type="locator" xlink:href="../../et-gaap-cor_2011-01-01.xsd#et-gaap_DistributionExpenseEnergy" xlink:label="DistributionExpenseEnergy" xlink:title="DistributionExpenseEnergy"/>
    <link:calculationArc xlink:type="arc" xlink:arcrole="http://www.xbrl.org/2003/arcrole/summation-item" xlink:from="DistributionExpense" xlink:to="DistributionExpenseEnergy" xlink:title="calculation: DistributionExpense to DistributionExpenseEnergy" order="3.0" weight="1.0"/>
    <link:loc xlink:type="locator" xlink:href="../../et-gaap-cor_2011-01-01.xsd#et-gaap_DistributionExpenseElectricity" xlink:label="DistributionExpenseElectricity" xlink:title="DistributionExpenseElectricity"/>
    <link:calculationArc xlink:type="arc" xlink:arcrole="http://www.xbrl.org/2003/arcrole/summation-item" xlink:from="DistributionExpenseEnergy" xlink:to="DistributionExpenseElectricity" xlink:title="calculation: DistributionExpenseEnergy to DistributionExpenseElectricity" use="optional" order="1.0" weight="1.0"/>
    <link:loc xlink:type="locator" xlink:href="../../et-gaap-cor_2011-01-01.xsd#et-gaap_DistributionExpenseHeatEnergy" xlink:label="DistributionExpenseHeatEnergy" xlink:title="DistributionExpenseHeatEnergy"/>
    <link:calculationArc xlink:type="arc" xlink:arcrole="http://www.xbrl.org/2003/arcrole/summation-item" xlink:from="DistributionExpenseEnergy" xlink:to="DistributionExpenseHeatEnergy" xlink:title="calculation: DistributionExpenseEnergy to DistributionExpenseHeatEnergy" use="optional" order="2.0" weight="1.0"/>
    <link:loc xlink:type="locator" xlink:href="../../et-gaap-cor_2011-01-01.xsd#et-gaap_DistributionExpenseFuel" xlink:label="DistributionExpenseFuel" xlink:title="DistributionExpenseFuel"/>
    <link:calculationArc xlink:type="arc" xlink:arcrole="http://www.xbrl.org/2003/arcrole/summation-item" xlink:from="DistributionExpenseEnergy" xlink:to="DistributionExpenseFuel" xlink:title="calculation: DistributionExpenseEnergy to DistributionExpenseFuel" use="optional" order="3.0" weight="1.0"/>
    <link:loc xlink:type="locator" xlink:href="../../et-gaap-cor_2011-01-01.xsd#et-gaap_DistributionExpenseTransportationExpense" xlink:label="DistributionExpenseTransportationExpense" xlink:title="DistributionExpenseTransportationExpense"/>
    <link:calculationArc xlink:type="arc" xlink:arcrole="http://www.xbrl.org/2003/arcrole/summation-item" xlink:from="DistributionExpense" xlink:to="DistributionExpenseTransportationExpense" xlink:title="calculation: DistributionExpense to DistributionExpenseTransportationExpense" order="7.0" weight="1.0"/>
    <link:loc xlink:type="locator" xlink:href="../../et-gaap-cor_2011-01-01.xsd#et-gaap_DistributionExpenseLogisticsExpense" xlink:label="DistributionExpenseLogisticsExpense" xlink:title="DistributionExpenseLogisticsExpense"/>
    <link:calculationArc xlink:type="arc" xlink:arcrole="http://www.xbrl.org/2003/arcrole/summation-item" xlink:from="DistributionExpense" xlink:to="DistributionExpenseLogisticsExpense" xlink:title="calculation: DistributionExpense to DistributionExpenseLogisticsExpense" order="8.0" weight="1.0"/>
    <link:loc xlink:type="locator" xlink:href="../../et-gaap-cor_2011-01-01.xsd#et-gaap_DistributionExpenseMiscellaneousOfficeExpense" xlink:label="DistributionExpenseMiscellaneousOfficeExpense" xlink:title="DistributionExpenseMiscellaneousOfficeExpense"/>
    <link:calculationArc xlink:type="arc" xlink:arcrole="http://www.xbrl.org/2003/arcrole/summation-item" xlink:from="DistributionExpense" xlink:to="DistributionExpenseMiscellaneousOfficeExpense" xlink:title="calculation: DistributionExpense to DistributionExpenseMiscellaneousOfficeExpense" order="9.0" weight="1.0"/>
    <link:loc xlink:type="locator" xlink:href="../../et-gaap-cor_2011-01-01.xsd#et-gaap_DistributionExpenseResearchAndDevelopmentExpense" xlink:label="DistributionExpenseResearchAndDevelopmentExpense" xlink:title="DistributionExpenseResearchAndDevelopmentExpense"/>
    <link:calculationArc xlink:type="arc" xlink:arcrole="http://www.xbrl.org/2003/arcrole/summation-item" xlink:from="DistributionExpense" xlink:to="DistributionExpenseResearchAndDevelopmentExpense" xlink:title="calculation: DistributionExpense to DistributionExpenseResearchAndDevelopmentExpense" order="10.0" weight="1.0"/>
    <link:loc xlink:type="locator" xlink:href="../../et-gaap-cor_2011-01-01.xsd#et-gaap_DistributionExpenseTravelExpense" xlink:label="DistributionExpenseTravelExpense" xlink:title="DistributionExpenseTravelExpense"/>
    <link:calculationArc xlink:type="arc" xlink:arcrole="http://www.xbrl.org/2003/arcrole/summation-item" xlink:from="DistributionExpense" xlink:to="DistributionExpenseTravelExpense" xlink:title="calculation: DistributionExpense to DistributionExpenseTravelExpense" order="11.0" weight="1.0"/>
    <link:loc xlink:type="locator" xlink:href="../../et-gaap-cor_2011-01-01.xsd#et-gaap_DistributionExpenseTrainingExpense" xlink:label="DistributionExpenseTrainingExpense" xlink:title="DistributionExpenseTrainingExpense"/>
    <link:calculationArc xlink:type="arc" xlink:arcrole="http://www.xbrl.org/2003/arcrole/summation-item" xlink:from="DistributionExpense" xlink:to="DistributionExpenseTrainingExpense" xlink:title="calculation: DistributionExpense to DistributionExpenseTrainingExpense" order="12.0" weight="1.0"/>
    <link:loc xlink:type="locator" xlink:href="../../et-gaap-cor_2011-01-01.xsd#et-gaap_DistributionExpenseStateAndLocalTaxes" xlink:label="DistributionExpenseStateAndLocalTaxes" xlink:title="DistributionExpenseStateAndLocalTaxes"/>
    <link:calculationArc xlink:type="arc" xlink:arcrole="http://www.xbrl.org/2003/arcrole/summation-item" xlink:from="DistributionExpense" xlink:to="DistributionExpenseStateAndLocalTaxes" xlink:title="calculation: DistributionExpense to DistributionExpenseStateAndLocalTaxes" order="13.0" weight="1.0"/>
    <link:loc xlink:type="locator" xlink:href="../../et-gaap-cor_2011-01-01.xsd#et-gaap_DistributionExpenseProvisionsRelatedExpense" xlink:label="DistributionExpenseProvisionsRelatedExpense" xlink:title="DistributionExpenseProvisionsRelatedExpense"/>
    <link:calculationArc xlink:type="arc" xlink:arcrole="http://www.xbrl.org/2003/arcrole/summation-item" xlink:from="DistributionExpense" xlink:to="DistributionExpenseProvisionsRelatedExpense" xlink:title="calculation: DistributionExpense to DistributionExpenseProvisionsRelatedExpense" order="14.0" weight="1.0"/>
    <link:loc xlink:type="locator" xlink:href="../../et-gaap-cor_2011-01-01.xsd#et-gaap_DistributionExpenseAllowanceForDoubtfulReceivables" xlink:label="DistributionExpenseAllowanceForDoubtfulReceivables" xlink:title="DistributionExpenseAllowanceForDoubtfulReceivables"/>
    <link:calculationArc xlink:type="arc" xlink:arcrole="http://www.xbrl.org/2003/arcrole/summation-item" xlink:from="DistributionExpense" xlink:to="DistributionExpenseAllowanceForDoubtfulReceivables" xlink:title="calculation: DistributionExpense to DistributionExpenseAllowanceForDoubtfulReceivables" order="15.0" weight="1.0"/>
    <link:loc xlink:type="locator" xlink:href="../../et-gaap-cor_2011-01-01.xsd#et-gaap_DistributionExpenseLaborExpense" xlink:label="DistributionExpenseLaborExpense" xlink:title="DistributionExpenseLaborExpense"/>
    <link:calculationArc xlink:type="arc" xlink:arcrole="http://www.xbrl.org/2003/arcrole/summation-item" xlink:from="DistributionExpense" xlink:to="DistributionExpenseLaborExpense" xlink:title="calculation: DistributionExpense to DistributionExpenseLaborExpense" order="16.0" weight="1.0"/>
    <link:loc xlink:type="locator" xlink:href="../../et-gaap-cor_2011-01-01.xsd#et-gaap_DistributionExpenseDepreciation" xlink:label="DistributionExpenseDepreciation" xlink:title="DistributionExpenseDepreciation"/>
    <link:calculationArc xlink:type="arc" xlink:arcrole="http://www.xbrl.org/2003/arcrole/summation-item" xlink:from="DistributionExpense" xlink:to="DistributionExpenseDepreciation" xlink:title="calculation: DistributionExpense to DistributionExpenseDepreciation" order="17.0" weight="1.0"/>
    <link:loc xlink:type="locator" xlink:href="../../et-gaap-cor_2011-01-01.xsd#et-gaap_DistributionExpenseAssetImpairmentExpense" xlink:label="DistributionExpenseAssetImpairmentExpense" xlink:title="DistributionExpenseAssetImpairmentExpense"/>
    <link:calculationArc xlink:type="arc" xlink:arcrole="http://www.xbrl.org/2003/arcrole/summation-item" xlink:from="DistributionExpense" xlink:to="DistributionExpenseAssetImpairmentExpense" xlink:title="calculation: DistributionExpense to DistributionExpenseAssetImpairmentExpense" order="18.0" weight="1.0"/>
    <link:loc xlink:type="locator" xlink:href="../../et-gaap-cor_2011-01-01.xsd#et-gaap_DistributionExpenseOther" xlink:label="DistributionExpenseOther" xlink:title="DistributionExpenseOther"/>
    <link:calculationArc xlink:type="arc" xlink:arcrole="http://www.xbrl.org/2003/arcrole/summation-item" xlink:from="DistributionExpense" xlink:to="DistributionExpenseOther" xlink:title="calculation: DistributionExpense to DistributionExpenseOther" order="19.0" weight="1.0"/>
    <link:loc xlink:type="locator" xlink:href="../../et-gaap-cor_2011-01-01.xsd#et-gaap_NoteDistributionExpenseAdditionalItemValue" xlink:label="NoteDistributionExpenseAdditionalItemValue" xlink:title="NoteDistributionExpenseAdditionalItemValue"/>
    <link:calculationArc xlink:type="arc" xlink:arcrole="http://www.xbrl.org/2003/arcrole/summation-item" xlink:from="DistributionExpense" xlink:to="NoteDistributionExpenseAdditionalItemValue" xlink:title="calculation: DistributionExpense to NoteDistributionExpenseAdditionalItemValue" order="20.0" weight="1.0"/>
  </link:calculationLink>
</link:linkbase>
