<?xml version="1.0" encoding="UTF-8"?>
<!--
**************************************************************
et-gaap Taxonomy: 2011-01-01 (Final)

Copyright (C) 2010 Centre of Registers and Information Systems
**************************************************************
-->
<link:linkbase xmlns:xsi="http://www.w3.org/2001/XMLSchema-instance" xsi:schemaLocation="http://www.xbrl.org/2003/linkbase http://www.xbrl.org/2003/xbrl-linkbase-2003-12-31.xsd" xmlns:link="http://www.xbrl.org/2003/linkbase" xmlns:p0="http://xbrl.org/2005/xbrldt" xmlns:xlink="http://www.w3.org/1999/xlink">
  <link:roleRef roleURI="http://xbrl.eesti.ee/role/et-gaap_2011-01-01/NoteDistributionExpense_role-837002" xlink:type="simple" xlink:href="role-837000.xsd#NoteDistributionExpense_role-837002"/>
  <link:arcroleRef arcroleURI="http://xbrl.org/int/dim/arcrole/domain-member" xlink:type="simple" xlink:href="http://www.xbrl.org/2005/xbrldt-2005.xsd#domain-member"/>
  <link:definitionLink xlink:type="extended" xlink:role="http://xbrl.eesti.ee/role/et-gaap_2011-01-01/NoteDistributionExpense_role-837002">
    <link:loc xlink:type="locator" xlink:href="../../et-gaap-cor_2011-01-01.xsd#et-gaap_NoteDistributionExpenseAbstract" xlink:label="NoteDistributionExpenseAbstract" xlink:title="NoteDistributionExpenseAbstract"/>
    <link:loc xlink:type="locator" xlink:href="../../et-gaap-cor_2011-01-01.xsd#et-gaap_DistributionExpenseLandRent" xlink:label="DistributionExpenseLandRent" xlink:title="DistributionExpenseLandRent"/>
    <link:definitionArc xlink:type="arc" xlink:arcrole="http://xbrl.org/int/dim/arcrole/domain-member" xlink:from="NoteDistributionExpenseAbstract" xlink:to="DistributionExpenseLandRent" xlink:title="definition: NoteDistributionExpenseAbstract to DistributionExpenseLandRent" use="optional" order="1.0"/>
    <link:loc xlink:type="locator" xlink:href="../../et-gaap-cor_2011-01-01.xsd#et-gaap_DistributionExpenseLeases" xlink:label="DistributionExpenseLeases" xlink:title="DistributionExpenseLeases"/>
    <link:definitionArc xlink:type="arc" xlink:arcrole="http://xbrl.org/int/dim/arcrole/domain-member" xlink:from="NoteDistributionExpenseAbstract" xlink:to="DistributionExpenseLeases" xlink:title="definition: NoteDistributionExpenseAbstract to DistributionExpenseLeases" use="optional" order="2.0"/>
    <link:loc xlink:type="locator" xlink:href="../../et-gaap-cor_2011-01-01.xsd#et-gaap_DistributionExpenseEnergy" xlink:label="DistributionExpenseEnergy" xlink:title="DistributionExpenseEnergy"/>
    <link:definitionArc xlink:type="arc" xlink:arcrole="http://xbrl.org/int/dim/arcrole/domain-member" xlink:from="NoteDistributionExpenseAbstract" xlink:to="DistributionExpenseEnergy" xlink:title="definition: NoteDistributionExpenseAbstract to DistributionExpenseEnergy" use="optional" order="3.0"/>
    <link:loc xlink:type="locator" xlink:href="../../et-gaap-cor_2011-01-01.xsd#et-gaap_DistributionExpenseElectricity" xlink:label="DistributionExpenseElectricity" xlink:title="DistributionExpenseElectricity"/>
    <link:definitionArc xlink:type="arc" xlink:arcrole="http://xbrl.org/int/dim/arcrole/domain-member" xlink:from="DistributionExpenseEnergy" xlink:to="DistributionExpenseElectricity" xlink:title="definition: DistributionExpenseEnergy to DistributionExpenseElectricity" use="optional" order="1.0"/>
    <link:loc xlink:type="locator" xlink:href="../../et-gaap-cor_2011-01-01.xsd#et-gaap_DistributionExpenseHeatEnergy" xlink:label="DistributionExpenseHeatEnergy" xlink:title="DistributionExpenseHeatEnergy"/>
    <link:definitionArc xlink:type="arc" xlink:arcrole="http://xbrl.org/int/dim/arcrole/domain-member" xlink:from="DistributionExpenseEnergy" xlink:to="DistributionExpenseHeatEnergy" xlink:title="definition: DistributionExpenseEnergy to DistributionExpenseHeatEnergy" use="optional" order="2.0"/>
    <link:loc xlink:type="locator" xlink:href="../../et-gaap-cor_2011-01-01.xsd#et-gaap_DistributionExpenseFuel" xlink:label="DistributionExpenseFuel" xlink:title="DistributionExpenseFuel"/>
    <link:definitionArc xlink:type="arc" xlink:arcrole="http://xbrl.org/int/dim/arcrole/domain-member" xlink:from="DistributionExpenseEnergy" xlink:to="DistributionExpenseFuel" xlink:title="definition: DistributionExpenseEnergy to DistributionExpenseFuel" use="optional" order="3.0"/>
    <link:loc xlink:type="locator" xlink:href="../../et-gaap-cor_2011-01-01.xsd#et-gaap_DistributionExpenseTransportationExpense" xlink:label="DistributionExpenseTransportationExpense" xlink:title="DistributionExpenseTransportationExpense"/>
    <link:definitionArc xlink:type="arc" xlink:arcrole="http://xbrl.org/int/dim/arcrole/domain-member" xlink:from="NoteDistributionExpenseAbstract" xlink:to="DistributionExpenseTransportationExpense" xlink:title="definition: NoteDistributionExpenseAbstract to DistributionExpenseTransportationExpense" use="optional" order="4.0"/>
    <link:loc xlink:type="locator" xlink:href="../../et-gaap-cor_2011-01-01.xsd#et-gaap_DistributionExpenseLogisticsExpense" xlink:label="DistributionExpenseLogisticsExpense" xlink:title="DistributionExpenseLogisticsExpense"/>
    <link:definitionArc xlink:type="arc" xlink:arcrole="http://xbrl.org/int/dim/arcrole/domain-member" xlink:from="NoteDistributionExpenseAbstract" xlink:to="DistributionExpenseLogisticsExpense" xlink:title="definition: NoteDistributionExpenseAbstract to DistributionExpenseLogisticsExpense" use="optional" order="5.0"/>
    <link:loc xlink:type="locator" xlink:href="../../et-gaap-cor_2011-01-01.xsd#et-gaap_DistributionExpenseMiscellaneousOfficeExpense" xlink:label="DistributionExpenseMiscellaneousOfficeExpense" xlink:title="DistributionExpenseMiscellaneousOfficeExpense"/>
    <link:definitionArc xlink:type="arc" xlink:arcrole="http://xbrl.org/int/dim/arcrole/domain-member" xlink:from="NoteDistributionExpenseAbstract" xlink:to="DistributionExpenseMiscellaneousOfficeExpense" xlink:title="definition: NoteDistributionExpenseAbstract to DistributionExpenseMiscellaneousOfficeExpense" use="optional" order="6.0"/>
    <link:loc xlink:type="locator" xlink:href="../../et-gaap-cor_2011-01-01.xsd#et-gaap_DistributionExpenseResearchAndDevelopmentExpense" xlink:label="DistributionExpenseResearchAndDevelopmentExpense" xlink:title="DistributionExpenseResearchAndDevelopmentExpense"/>
    <link:definitionArc xlink:type="arc" xlink:arcrole="http://xbrl.org/int/dim/arcrole/domain-member" xlink:from="NoteDistributionExpenseAbstract" xlink:to="DistributionExpenseResearchAndDevelopmentExpense" xlink:title="definition: NoteDistributionExpenseAbstract to DistributionExpenseResearchAndDevelopmentExpense" use="optional" order="7.0"/>
    <link:loc xlink:type="locator" xlink:href="../../et-gaap-cor_2011-01-01.xsd#et-gaap_DistributionExpenseTravelExpense" xlink:label="DistributionExpenseTravelExpense" xlink:title="DistributionExpenseTravelExpense"/>
    <link:definitionArc xlink:type="arc" xlink:arcrole="http://xbrl.org/int/dim/arcrole/domain-member" xlink:from="NoteDistributionExpenseAbstract" xlink:to="DistributionExpenseTravelExpense" xlink:title="definition: NoteDistributionExpenseAbstract to DistributionExpenseTravelExpense" use="optional" order="8.0"/>
    <link:loc xlink:type="locator" xlink:href="../../et-gaap-cor_2011-01-01.xsd#et-gaap_DistributionExpenseTrainingExpense" xlink:label="DistributionExpenseTrainingExpense" xlink:title="DistributionExpenseTrainingExpense"/>
    <link:definitionArc xlink:type="arc" xlink:arcrole="http://xbrl.org/int/dim/arcrole/domain-member" xlink:from="NoteDistributionExpenseAbstract" xlink:to="DistributionExpenseTrainingExpense" xlink:title="definition: NoteDistributionExpenseAbstract to DistributionExpenseTrainingExpense" use="optional" order="9.0"/>
    <link:loc xlink:type="locator" xlink:href="../../et-gaap-cor_2011-01-01.xsd#et-gaap_DistributionExpenseStateAndLocalTaxes" xlink:label="DistributionExpenseStateAndLocalTaxes" xlink:title="DistributionExpenseStateAndLocalTaxes"/>
    <link:definitionArc xlink:type="arc" xlink:arcrole="http://xbrl.org/int/dim/arcrole/domain-member" xlink:from="NoteDistributionExpenseAbstract" xlink:to="DistributionExpenseStateAndLocalTaxes" xlink:title="definition: NoteDistributionExpenseAbstract to DistributionExpenseStateAndLocalTaxes" use="optional" order="10.0"/>
    <link:loc xlink:type="locator" xlink:href="../../et-gaap-cor_2011-01-01.xsd#et-gaap_DistributionExpenseProvisionsRelatedExpense" xlink:label="DistributionExpenseProvisionsRelatedExpense" xlink:title="DistributionExpenseProvisionsRelatedExpense"/>
    <link:definitionArc xlink:type="arc" xlink:arcrole="http://xbrl.org/int/dim/arcrole/domain-member" xlink:from="NoteDistributionExpenseAbstract" xlink:to="DistributionExpenseProvisionsRelatedExpense" xlink:title="definition: NoteDistributionExpenseAbstract to DistributionExpenseProvisionsRelatedExpense" use="optional" order="11.0"/>
    <link:loc xlink:type="locator" xlink:href="../../et-gaap-cor_2011-01-01.xsd#et-gaap_DistributionExpenseAllowanceForDoubtfulReceivables" xlink:label="DistributionExpenseAllowanceForDoubtfulReceivables" xlink:title="DistributionExpenseAllowanceForDoubtfulReceivables"/>
    <link:definitionArc xlink:type="arc" xlink:arcrole="http://xbrl.org/int/dim/arcrole/domain-member" xlink:from="NoteDistributionExpenseAbstract" xlink:to="DistributionExpenseAllowanceForDoubtfulReceivables" xlink:title="definition: NoteDistributionExpenseAbstract to DistributionExpenseAllowanceForDoubtfulReceivables" use="optional" order="12.0"/>
    <link:loc xlink:type="locator" xlink:href="../../et-gaap-cor_2011-01-01.xsd#et-gaap_DistributionExpenseLaborExpense" xlink:label="DistributionExpenseLaborExpense" xlink:title="DistributionExpenseLaborExpense"/>
    <link:definitionArc xlink:type="arc" xlink:arcrole="http://xbrl.org/int/dim/arcrole/domain-member" xlink:from="NoteDistributionExpenseAbstract" xlink:to="DistributionExpenseLaborExpense" xlink:title="definition: NoteDistributionExpenseAbstract to DistributionExpenseLaborExpense" use="optional" order="13.0"/>
    <link:loc xlink:type="locator" xlink:href="../../et-gaap-cor_2011-01-01.xsd#et-gaap_DistributionExpenseDepreciation" xlink:label="DistributionExpenseDepreciation" xlink:title="DistributionExpenseDepreciation"/>
    <link:definitionArc xlink:type="arc" xlink:arcrole="http://xbrl.org/int/dim/arcrole/domain-member" xlink:from="NoteDistributionExpenseAbstract" xlink:to="DistributionExpenseDepreciation" xlink:title="definition: NoteDistributionExpenseAbstract to DistributionExpenseDepreciation" use="optional" order="14.0"/>
    <link:loc xlink:type="locator" xlink:href="../../et-gaap-cor_2011-01-01.xsd#et-gaap_DistributionExpenseAssetImpairmentExpense" xlink:label="DistributionExpenseAssetImpairmentExpense" xlink:title="DistributionExpenseAssetImpairmentExpense"/>
    <link:definitionArc xlink:type="arc" xlink:arcrole="http://xbrl.org/int/dim/arcrole/domain-member" xlink:from="NoteDistributionExpenseAbstract" xlink:to="DistributionExpenseAssetImpairmentExpense" xlink:title="definition: NoteDistributionExpenseAbstract to DistributionExpenseAssetImpairmentExpense" use="optional" order="15.0"/>
    <link:loc xlink:type="locator" xlink:href="../../et-gaap-cor_2011-01-01.xsd#et-gaap_DistributionExpenseOther" xlink:label="DistributionExpenseOther" xlink:title="DistributionExpenseOther"/>
    <link:definitionArc xlink:type="arc" xlink:arcrole="http://xbrl.org/int/dim/arcrole/domain-member" xlink:from="NoteDistributionExpenseAbstract" xlink:to="DistributionExpenseOther" xlink:title="definition: NoteDistributionExpenseAbstract to DistributionExpenseOther" use="optional" order="16.0"/>
    <link:loc xlink:type="locator" xlink:href="../../et-gaap-cor_2011-01-01.xsd#et-gaap_DistributionExpense" xlink:label="DistributionExpense" xlink:title="DistributionExpense"/>
    <link:definitionArc xlink:type="arc" xlink:arcrole="http://xbrl.org/int/dim/arcrole/domain-member" xlink:from="NoteDistributionExpenseAbstract" xlink:to="DistributionExpense" xlink:title="definition: NoteDistributionExpenseAbstract to DistributionExpense" use="optional" order="17.0"/>
    <link:loc xlink:type="locator" xlink:href="../../et-gaap-cor_2011-01-01.xsd#et-gaap_NoteDistributionExpense" xlink:label="NoteDistributionExpense" xlink:title="NoteDistributionExpense"/>
    <link:definitionArc xlink:type="arc" xlink:arcrole="http://xbrl.org/int/dim/arcrole/domain-member" xlink:from="NoteDistributionExpenseAbstract" xlink:to="NoteDistributionExpense" xlink:title="definition: NoteDistributionExpenseAbstract to NoteDistributionExpense" use="optional" order="18.0"/>
  </link:definitionLink>
</link:linkbase>
