<?xml version="1.0" encoding="UTF-8"?>
<!--
**************************************************************
et-gaap Taxonomy: 2011-01-01 (Final)

Copyright (C) 2010 Centre of Registers and Information Systems
**************************************************************
-->
<link:linkbase xmlns:xsi="http://www.w3.org/2001/XMLSchema-instance" xsi:schemaLocation="http://www.xbrl.org/2003/linkbase http://www.xbrl.org/2003/xbrl-linkbase-2003-12-31.xsd" xmlns:link="http://www.xbrl.org/2003/linkbase" xmlns:xbrldt="http://xbrl.org/2005/xbrldt" xmlns:xlink="http://www.w3.org/1999/xlink">
  <link:roleRef roleURI="http://xbrl.eesti.ee/role/et-gaap_2011-01-01/NotePrepaymentsReceived_role-826000" xlink:type="simple" xlink:href="role-826000.xsd#NotePrepaymentsReceived_role-826000"/>
  <link:presentationLink xlink:type="extended" xlink:role="http://xbrl.eesti.ee/role/et-gaap_2011-01-01/NotePrepaymentsReceived_role-826000">
    <link:loc xlink:type="locator" xlink:href="../../et-gaap-cor_2011-01-01.xsd#et-gaap_NotePrepaymentsReceivedAbstract" xlink:label="NotePrepaymentsReceivedAbstract" xlink:title="NotePrepaymentsReceivedAbstract"/>
    <link:loc xlink:type="locator" xlink:href="../../et-gaap-cor_2011-01-01.xsd#et-gaap_PrepaymentsReceivedTotal" xlink:label="PrepaymentsReceivedTotal" xlink:title="PrepaymentsReceivedTotal"/>
    <link:presentationArc xlink:type="arc" xlink:arcrole="http://www.xbrl.org/2003/arcrole/parent-child" xlink:from="NotePrepaymentsReceivedAbstract" xlink:to="PrepaymentsReceivedTotal" xlink:title="presentation: NotePrepaymentsReceivedAbstract to PrepaymentsReceivedTotal" order="2.0" preferredLabel="http://www.xbrl.org/2003/role/totalLabel"/>
    <link:loc xlink:type="locator" xlink:href="../../et-gaap-cor_2011-01-01.xsd#et-gaap_NotePrepaymentsReceived" xlink:label="NotePrepaymentsReceived" xlink:title="NotePrepaymentsReceived"/>
    <link:presentationArc xlink:type="arc" xlink:arcrole="http://www.xbrl.org/2003/arcrole/parent-child" xlink:from="NotePrepaymentsReceivedAbstract" xlink:to="NotePrepaymentsReceived" xlink:title="presentation: NotePrepaymentsReceivedAbstract to NotePrepaymentsReceived" order="3.0"/>
    <link:loc xlink:type="locator" xlink:href="../../et-gaap-cor_2011-01-01.xsd#et-gaap_PrepaymentsReceivedTuple" xlink:label="PrepaymentsReceivedTuple" xlink:title="PrepaymentsReceivedTuple"/>
    <link:presentationArc xlink:type="arc" xlink:arcrole="http://www.xbrl.org/2003/arcrole/parent-child" xlink:from="NotePrepaymentsReceivedAbstract" xlink:to="PrepaymentsReceivedTuple" xlink:title="presentation: NotePrepaymentsReceivedAbstract to PrepaymentsReceivedTuple" order="1.0"/>
    <link:loc xlink:type="locator" xlink:href="../../et-gaap-cor_2011-01-01.xsd#et-gaap_PrepaymentsReceivedName" xlink:label="PrepaymentsReceivedName" xlink:title="PrepaymentsReceivedName"/>
    <link:presentationArc xlink:type="arc" xlink:arcrole="http://www.xbrl.org/2003/arcrole/parent-child" xlink:from="PrepaymentsReceivedTuple" xlink:to="PrepaymentsReceivedName" xlink:title="presentation: PrepaymentsReceivedTuple to PrepaymentsReceivedName" order="1.0"/>
    <link:loc xlink:type="locator" xlink:href="../../et-gaap-cor_2011-01-01.xsd#et-gaap_PrepaymentsReceivedValue" xlink:label="PrepaymentsReceivedValue" xlink:title="PrepaymentsReceivedValue"/>
    <link:presentationArc xlink:type="arc" xlink:arcrole="http://www.xbrl.org/2003/arcrole/parent-child" xlink:from="PrepaymentsReceivedTuple" xlink:to="PrepaymentsReceivedValue" xlink:title="presentation: PrepaymentsReceivedTuple to PrepaymentsReceivedValue" order="2.0"/>
  </link:presentationLink>
</link:linkbase>
