<?xml version="1.0" encoding="UTF-8"?>
<!--
**************************************************************
et-gaap Taxonomy: 2011-01-01 (Final)

Copyright (C) 2010 Centre of Registers and Information Systems
**************************************************************
-->
<link:linkbase xmlns:xsi="http://www.w3.org/2001/XMLSchema-instance" xsi:schemaLocation="http://www.xbrl.org/2003/linkbase http://www.xbrl.org/2003/xbrl-linkbase-2003-12-31.xsd" xmlns:link="http://www.xbrl.org/2003/linkbase" xmlns:xlink="http://www.w3.org/1999/xlink">
  <link:roleRef roleURI="http://xbrl.eesti.ee/role/et-gaap_2011-01-01/NoteCostOfGoodsSold_role-836002" xlink:type="simple" xlink:href="role-836000.xsd#NoteCostOfGoodsSold_role-836002"/>
  <link:calculationLink xlink:type="extended" xlink:role="http://xbrl.eesti.ee/role/et-gaap_2011-01-01/NoteCostOfGoodsSold_role-836002">
    <link:loc xlink:type="locator" xlink:href="../../et-gaap-cor_2011-01-01.xsd#et-gaap_CostOfGoodsSold" xlink:label="CostOfGoodsSold" xlink:title="CostOfGoodsSold"/>
    <link:loc xlink:type="locator" xlink:href="../../et-gaap-cor_2011-01-01.xsd#et-gaap_CostOfGoodsSoldRawMaterials" xlink:label="CostOfGoodsSoldRawMaterials" xlink:title="CostOfGoodsSoldRawMaterials"/>
    <link:calculationArc xlink:type="arc" xlink:arcrole="http://www.xbrl.org/2003/arcrole/summation-item" xlink:from="CostOfGoodsSold" xlink:to="CostOfGoodsSoldRawMaterials" xlink:title="calculation: CostOfGoodsSold to CostOfGoodsSoldRawMaterials" order="1.0" weight="1.0"/>
    <link:loc xlink:type="locator" xlink:href="../../et-gaap-cor_2011-01-01.xsd#et-gaap_CostOfGoodsSoldInventoryWriteOff" xlink:label="CostOfGoodsSoldInventoryWriteOff" xlink:title="CostOfGoodsSoldInventoryWriteOff"/>
    <link:calculationArc xlink:type="arc" xlink:arcrole="http://www.xbrl.org/2003/arcrole/summation-item" xlink:from="CostOfGoodsSold" xlink:to="CostOfGoodsSoldInventoryWriteOff" xlink:title="calculation: CostOfGoodsSold to CostOfGoodsSoldInventoryWriteOff" order="2.0" weight="1.0"/>
    <link:loc xlink:type="locator" xlink:href="../../et-gaap-cor_2011-01-01.xsd#et-gaap_CostOfGoodsSoldGoodsPurchasedForResale" xlink:label="CostOfGoodsSoldGoodsPurchasedForResale" xlink:title="CostOfGoodsSoldGoodsPurchasedForResale"/>
    <link:calculationArc xlink:type="arc" xlink:arcrole="http://www.xbrl.org/2003/arcrole/summation-item" xlink:from="CostOfGoodsSold" xlink:to="CostOfGoodsSoldGoodsPurchasedForResale" xlink:title="calculation: CostOfGoodsSold to CostOfGoodsSoldGoodsPurchasedForResale" order="3.0" weight="1.0"/>
    <link:loc xlink:type="locator" xlink:href="../../et-gaap-cor_2011-01-01.xsd#et-gaap_CostOfGoodsSoldInvestmentPropertyPurchasedForResale" xlink:label="CostOfGoodsSoldInvestmentPropertyPurchasedForResale" xlink:title="CostOfGoodsSoldInvestmentPropertyPurchasedForResale"/>
    <link:calculationArc xlink:type="arc" xlink:arcrole="http://www.xbrl.org/2003/arcrole/summation-item" xlink:from="CostOfGoodsSold" xlink:to="CostOfGoodsSoldInvestmentPropertyPurchasedForResale" xlink:title="calculation: CostOfGoodsSold to CostOfGoodsSoldInvestmentPropertyPurchasedForResale" order="4.0" weight="1.0"/>
    <link:loc xlink:type="locator" xlink:href="../../et-gaap-cor_2011-01-01.xsd#et-gaap_CostOfGoodsSoldServicesPurchasedForResale" xlink:label="CostOfGoodsSoldServicesPurchasedForResale" xlink:title="CostOfGoodsSoldServicesPurchasedForResale"/>
    <link:calculationArc xlink:type="arc" xlink:arcrole="http://www.xbrl.org/2003/arcrole/summation-item" xlink:from="CostOfGoodsSold" xlink:to="CostOfGoodsSoldServicesPurchasedForResale" xlink:title="calculation: CostOfGoodsSold to CostOfGoodsSoldServicesPurchasedForResale" order="5.0" weight="1.0"/>
    <link:loc xlink:type="locator" xlink:href="../../et-gaap-cor_2011-01-01.xsd#et-gaap_CostOfGoodsSoldEnergy" xlink:label="CostOfGoodsSoldEnergy" xlink:title="CostOfGoodsSoldEnergy"/>
    <link:calculationArc xlink:type="arc" xlink:arcrole="http://www.xbrl.org/2003/arcrole/summation-item" xlink:from="CostOfGoodsSold" xlink:to="CostOfGoodsSoldEnergy" xlink:title="calculation: CostOfGoodsSold to CostOfGoodsSoldEnergy" order="6.0" weight="1.0"/>
    <link:loc xlink:type="locator" xlink:href="../../et-gaap-cor_2011-01-01.xsd#et-gaap_CostOfGoodsSoldElectricity" xlink:label="CostOfGoodsSoldElectricity" xlink:title="CostOfGoodsSoldElectricity"/>
    <link:calculationArc xlink:type="arc" xlink:arcrole="http://www.xbrl.org/2003/arcrole/summation-item" xlink:from="CostOfGoodsSoldEnergy" xlink:to="CostOfGoodsSoldElectricity" xlink:title="calculation: CostOfGoodsSoldEnergy to CostOfGoodsSoldElectricity" use="optional" order="1.0" weight="1.0"/>
    <link:loc xlink:type="locator" xlink:href="../../et-gaap-cor_2011-01-01.xsd#et-gaap_CostOfGoodsSoldHeatEnergy" xlink:label="CostOfGoodsSoldHeatEnergy" xlink:title="CostOfGoodsSoldHeatEnergy"/>
    <link:calculationArc xlink:type="arc" xlink:arcrole="http://www.xbrl.org/2003/arcrole/summation-item" xlink:from="CostOfGoodsSoldEnergy" xlink:to="CostOfGoodsSoldHeatEnergy" xlink:title="calculation: CostOfGoodsSoldEnergy to CostOfGoodsSoldHeatEnergy" use="optional" order="2.0" weight="1.0"/>
    <link:loc xlink:type="locator" xlink:href="../../et-gaap-cor_2011-01-01.xsd#et-gaap_CostOfGoodsSoldFuel" xlink:label="CostOfGoodsSoldFuel" xlink:title="CostOfGoodsSoldFuel"/>
    <link:calculationArc xlink:type="arc" xlink:arcrole="http://www.xbrl.org/2003/arcrole/summation-item" xlink:from="CostOfGoodsSoldEnergy" xlink:to="CostOfGoodsSoldFuel" xlink:title="calculation: CostOfGoodsSoldEnergy to CostOfGoodsSoldFuel" use="optional" order="3.0" weight="1.0"/>
    <link:loc xlink:type="locator" xlink:href="../../et-gaap-cor_2011-01-01.xsd#et-gaap_CostOfGoodsSoldSubcontractingWork" xlink:label="CostOfGoodsSoldSubcontractingWork" xlink:title="CostOfGoodsSoldSubcontractingWork"/>
    <link:calculationArc xlink:type="arc" xlink:arcrole="http://www.xbrl.org/2003/arcrole/summation-item" xlink:from="CostOfGoodsSold" xlink:to="CostOfGoodsSoldSubcontractingWork" xlink:title="calculation: CostOfGoodsSold to CostOfGoodsSoldSubcontractingWork" order="10.0" weight="1.0"/>
    <link:loc xlink:type="locator" xlink:href="../../et-gaap-cor_2011-01-01.xsd#et-gaap_CostOfGoodsSoldTransportationExpense" xlink:label="CostOfGoodsSoldTransportationExpense" xlink:title="CostOfGoodsSoldTransportationExpense"/>
    <link:calculationArc xlink:type="arc" xlink:arcrole="http://www.xbrl.org/2003/arcrole/summation-item" xlink:from="CostOfGoodsSold" xlink:to="CostOfGoodsSoldTransportationExpense" xlink:title="calculation: CostOfGoodsSold to CostOfGoodsSoldTransportationExpense" order="11.0" weight="1.0"/>
    <link:loc xlink:type="locator" xlink:href="../../et-gaap-cor_2011-01-01.xsd#et-gaap_CostOfGoodsSoldLogisticsExpense" xlink:label="CostOfGoodsSoldLogisticsExpense" xlink:title="CostOfGoodsSoldLogisticsExpense"/>
    <link:calculationArc xlink:type="arc" xlink:arcrole="http://www.xbrl.org/2003/arcrole/summation-item" xlink:from="CostOfGoodsSold" xlink:to="CostOfGoodsSoldLogisticsExpense" xlink:title="calculation: CostOfGoodsSold to CostOfGoodsSoldLogisticsExpense" order="12.0" weight="1.0"/>
    <link:loc xlink:type="locator" xlink:href="../../et-gaap-cor_2011-01-01.xsd#et-gaap_CostOfGoodsSoldLandRent" xlink:label="CostOfGoodsSoldLandRent" xlink:title="CostOfGoodsSoldLandRent"/>
    <link:calculationArc xlink:type="arc" xlink:arcrole="http://www.xbrl.org/2003/arcrole/summation-item" xlink:from="CostOfGoodsSold" xlink:to="CostOfGoodsSoldLandRent" xlink:title="calculation: CostOfGoodsSold to CostOfGoodsSoldLandRent" order="13.0" weight="1.0"/>
    <link:loc xlink:type="locator" xlink:href="../../et-gaap-cor_2011-01-01.xsd#et-gaap_CostOfGoodsSoldLeases" xlink:label="CostOfGoodsSoldLeases" xlink:title="CostOfGoodsSoldLeases"/>
    <link:calculationArc xlink:type="arc" xlink:arcrole="http://www.xbrl.org/2003/arcrole/summation-item" xlink:from="CostOfGoodsSold" xlink:to="CostOfGoodsSoldLeases" xlink:title="calculation: CostOfGoodsSold to CostOfGoodsSoldLeases" order="14.0" weight="1.0"/>
    <link:loc xlink:type="locator" xlink:href="../../et-gaap-cor_2011-01-01.xsd#et-gaap_CostOfGoodsSoldMiscellaneousOfficeExpense" xlink:label="CostOfGoodsSoldMiscellaneousOfficeExpense" xlink:title="CostOfGoodsSoldMiscellaneousOfficeExpense"/>
    <link:calculationArc xlink:type="arc" xlink:arcrole="http://www.xbrl.org/2003/arcrole/summation-item" xlink:from="CostOfGoodsSold" xlink:to="CostOfGoodsSoldMiscellaneousOfficeExpense" xlink:title="calculation: CostOfGoodsSold to CostOfGoodsSoldMiscellaneousOfficeExpense" order="15.0" weight="1.0"/>
    <link:loc xlink:type="locator" xlink:href="../../et-gaap-cor_2011-01-01.xsd#et-gaap_CostOfGoodsSoldResearchAndDevelopmentExpense" xlink:label="CostOfGoodsSoldResearchAndDevelopmentExpense" xlink:title="CostOfGoodsSoldResearchAndDevelopmentExpense"/>
    <link:calculationArc xlink:type="arc" xlink:arcrole="http://www.xbrl.org/2003/arcrole/summation-item" xlink:from="CostOfGoodsSold" xlink:to="CostOfGoodsSoldResearchAndDevelopmentExpense" xlink:title="calculation: CostOfGoodsSold to CostOfGoodsSoldResearchAndDevelopmentExpense" order="16.0" weight="1.0"/>
    <link:loc xlink:type="locator" xlink:href="../../et-gaap-cor_2011-01-01.xsd#et-gaap_CostOfGoodsSoldTravelExpense" xlink:label="CostOfGoodsSoldTravelExpense" xlink:title="CostOfGoodsSoldTravelExpense"/>
    <link:calculationArc xlink:type="arc" xlink:arcrole="http://www.xbrl.org/2003/arcrole/summation-item" xlink:from="CostOfGoodsSold" xlink:to="CostOfGoodsSoldTravelExpense" xlink:title="calculation: CostOfGoodsSold to CostOfGoodsSoldTravelExpense" order="17.0" weight="1.0"/>
    <link:loc xlink:type="locator" xlink:href="../../et-gaap-cor_2011-01-01.xsd#et-gaap_CostOfGoodsSoldTrainingExpense" xlink:label="CostOfGoodsSoldTrainingExpense" xlink:title="CostOfGoodsSoldTrainingExpense"/>
    <link:calculationArc xlink:type="arc" xlink:arcrole="http://www.xbrl.org/2003/arcrole/summation-item" xlink:from="CostOfGoodsSold" xlink:to="CostOfGoodsSoldTrainingExpense" xlink:title="calculation: CostOfGoodsSold to CostOfGoodsSoldTrainingExpense" order="18.0" weight="1.0"/>
    <link:loc xlink:type="locator" xlink:href="../../et-gaap-cor_2011-01-01.xsd#et-gaap_CostOfGoodsSoldStateAndLocalTaxes" xlink:label="CostOfGoodsSoldStateAndLocalTaxes" xlink:title="CostOfGoodsSoldStateAndLocalTaxes"/>
    <link:calculationArc xlink:type="arc" xlink:arcrole="http://www.xbrl.org/2003/arcrole/summation-item" xlink:from="CostOfGoodsSold" xlink:to="CostOfGoodsSoldStateAndLocalTaxes" xlink:title="calculation: CostOfGoodsSold to CostOfGoodsSoldStateAndLocalTaxes" order="19.0" weight="1.0"/>
    <link:loc xlink:type="locator" xlink:href="../../et-gaap-cor_2011-01-01.xsd#et-gaap_CostOfGoodsSoldProvisionsRelatedExpense" xlink:label="CostOfGoodsSoldProvisionsRelatedExpense" xlink:title="CostOfGoodsSoldProvisionsRelatedExpense"/>
    <link:calculationArc xlink:type="arc" xlink:arcrole="http://www.xbrl.org/2003/arcrole/summation-item" xlink:from="CostOfGoodsSold" xlink:to="CostOfGoodsSoldProvisionsRelatedExpense" xlink:title="calculation: CostOfGoodsSold to CostOfGoodsSoldProvisionsRelatedExpense" order="20.0" weight="1.0"/>
    <link:loc xlink:type="locator" xlink:href="../../et-gaap-cor_2011-01-01.xsd#et-gaap_CostOfGoodsSoldAllowanceForDoubtfulReceivables" xlink:label="CostOfGoodsSoldAllowanceForDoubtfulReceivables" xlink:title="CostOfGoodsSoldAllowanceForDoubtfulReceivables"/>
    <link:calculationArc xlink:type="arc" xlink:arcrole="http://www.xbrl.org/2003/arcrole/summation-item" xlink:from="CostOfGoodsSold" xlink:to="CostOfGoodsSoldAllowanceForDoubtfulReceivables" xlink:title="calculation: CostOfGoodsSold to CostOfGoodsSoldAllowanceForDoubtfulReceivables" order="21.0" weight="1.0"/>
    <link:loc xlink:type="locator" xlink:href="../../et-gaap-cor_2011-01-01.xsd#et-gaap_CostOfGoodsSoldLaborExpense" xlink:label="CostOfGoodsSoldLaborExpense" xlink:title="CostOfGoodsSoldLaborExpense"/>
    <link:calculationArc xlink:type="arc" xlink:arcrole="http://www.xbrl.org/2003/arcrole/summation-item" xlink:from="CostOfGoodsSold" xlink:to="CostOfGoodsSoldLaborExpense" xlink:title="calculation: CostOfGoodsSold to CostOfGoodsSoldLaborExpense" order="22.0" weight="1.0"/>
    <link:loc xlink:type="locator" xlink:href="../../et-gaap-cor_2011-01-01.xsd#et-gaap_CostOfGoodsSoldDepreciation" xlink:label="CostOfGoodsSoldDepreciation" xlink:title="CostOfGoodsSoldDepreciation"/>
    <link:calculationArc xlink:type="arc" xlink:arcrole="http://www.xbrl.org/2003/arcrole/summation-item" xlink:from="CostOfGoodsSold" xlink:to="CostOfGoodsSoldDepreciation" xlink:title="calculation: CostOfGoodsSold to CostOfGoodsSoldDepreciation" order="23.0" weight="1.0"/>
    <link:loc xlink:type="locator" xlink:href="../../et-gaap-cor_2011-01-01.xsd#et-gaap_CostOfGoodsSoldAssetImpairmentExpense" xlink:label="CostOfGoodsSoldAssetImpairmentExpense" xlink:title="CostOfGoodsSoldAssetImpairmentExpense"/>
    <link:calculationArc xlink:type="arc" xlink:arcrole="http://www.xbrl.org/2003/arcrole/summation-item" xlink:from="CostOfGoodsSold" xlink:to="CostOfGoodsSoldAssetImpairmentExpense" xlink:title="calculation: CostOfGoodsSold to CostOfGoodsSoldAssetImpairmentExpense" order="24.0" weight="1.0"/>
    <link:loc xlink:type="locator" xlink:href="../../et-gaap-cor_2011-01-01.xsd#et-gaap_CostOfGoodsSoldOther" xlink:label="CostOfGoodsSoldOther" xlink:title="CostOfGoodsSoldOther"/>
    <link:calculationArc xlink:type="arc" xlink:arcrole="http://www.xbrl.org/2003/arcrole/summation-item" xlink:from="CostOfGoodsSold" xlink:to="CostOfGoodsSoldOther" xlink:title="calculation: CostOfGoodsSold to CostOfGoodsSoldOther" order="25.0" weight="1.0"/>
    <link:loc xlink:type="locator" xlink:href="../../et-gaap-cor_2011-01-01.xsd#et-gaap_NoteCostOfGoodsSoldAdditionalItemValue" xlink:label="NoteCostOfGoodsSoldAdditionalItemValue" xlink:title="NoteCostOfGoodsSoldAdditionalItemValue"/>
    <link:calculationArc xlink:type="arc" xlink:arcrole="http://www.xbrl.org/2003/arcrole/summation-item" xlink:from="CostOfGoodsSold" xlink:to="NoteCostOfGoodsSoldAdditionalItemValue" xlink:title="calculation: CostOfGoodsSold to NoteCostOfGoodsSoldAdditionalItemValue" order="26.0" weight="1.0"/>
  </link:calculationLink>
</link:linkbase>
