<?xml version="1.0" encoding="UTF-8"?>
<!--
**************************************************************
et-gaap Taxonomy: 2011-01-01 (Final)

Copyright (C) 2010 Centre of Registers and Information Systems
**************************************************************
-->
<link:linkbase xmlns:xsi="http://www.w3.org/2001/XMLSchema-instance" xsi:schemaLocation="http://www.xbrl.org/2003/linkbase http://www.xbrl.org/2003/xbrl-linkbase-2003-12-31.xsd" xmlns:link="http://www.xbrl.org/2003/linkbase" xmlns:xbrldt="http://xbrl.org/2005/xbrldt" xmlns:xlink="http://www.w3.org/1999/xlink">
  <link:roleRef roleURI="http://xbrl.eesti.ee/role/et-gaap_2011-01-01/NoteCostOfGoodsSold_role-836002" xlink:type="simple" xlink:href="role-836000.xsd#NoteCostOfGoodsSold_role-836002"/>
  <link:presentationLink xlink:type="extended" xlink:role="http://xbrl.eesti.ee/role/et-gaap_2011-01-01/NoteCostOfGoodsSold_role-836002">
    <link:loc xlink:type="locator" xlink:href="../../et-gaap-cor_2011-01-01.xsd#et-gaap_NoteCostOfGoodsSoldAbstract" xlink:label="NoteCostOfGoodsSoldAbstract" xlink:title="NoteCostOfGoodsSoldAbstract"/>
    <link:loc xlink:type="locator" xlink:href="../../et-gaap-cor_2011-01-01.xsd#et-gaap_CostOfGoodsSoldRawMaterials" xlink:label="CostOfGoodsSoldRawMaterials" xlink:title="CostOfGoodsSoldRawMaterials"/>
    <link:presentationArc xlink:type="arc" xlink:arcrole="http://www.xbrl.org/2003/arcrole/parent-child" xlink:from="NoteCostOfGoodsSoldAbstract" xlink:to="CostOfGoodsSoldRawMaterials" xlink:title="presentation: NoteCostOfGoodsSoldAbstract to CostOfGoodsSoldRawMaterials" use="optional" order="1.0"/>
    <link:loc xlink:type="locator" xlink:href="../../et-gaap-cor_2011-01-01.xsd#et-gaap_CostOfGoodsSoldInventoryWriteOff" xlink:label="CostOfGoodsSoldInventoryWriteOff" xlink:title="CostOfGoodsSoldInventoryWriteOff"/>
    <link:presentationArc xlink:type="arc" xlink:arcrole="http://www.xbrl.org/2003/arcrole/parent-child" xlink:from="NoteCostOfGoodsSoldAbstract" xlink:to="CostOfGoodsSoldInventoryWriteOff" xlink:title="presentation: NoteCostOfGoodsSoldAbstract to CostOfGoodsSoldInventoryWriteOff" use="optional" order="2.0"/>
    <link:loc xlink:type="locator" xlink:href="../../et-gaap-cor_2011-01-01.xsd#et-gaap_CostOfGoodsSoldGoodsPurchasedForResale" xlink:label="CostOfGoodsSoldGoodsPurchasedForResale" xlink:title="CostOfGoodsSoldGoodsPurchasedForResale"/>
    <link:presentationArc xlink:type="arc" xlink:arcrole="http://www.xbrl.org/2003/arcrole/parent-child" xlink:from="NoteCostOfGoodsSoldAbstract" xlink:to="CostOfGoodsSoldGoodsPurchasedForResale" xlink:title="presentation: NoteCostOfGoodsSoldAbstract to CostOfGoodsSoldGoodsPurchasedForResale" use="optional" order="3.0"/>
    <link:loc xlink:type="locator" xlink:href="../../et-gaap-cor_2011-01-01.xsd#et-gaap_CostOfGoodsSoldInvestmentPropertyPurchasedForResale" xlink:label="CostOfGoodsSoldInvestmentPropertyPurchasedForResale" xlink:title="CostOfGoodsSoldInvestmentPropertyPurchasedForResale"/>
    <link:presentationArc xlink:type="arc" xlink:arcrole="http://www.xbrl.org/2003/arcrole/parent-child" xlink:from="NoteCostOfGoodsSoldAbstract" xlink:to="CostOfGoodsSoldInvestmentPropertyPurchasedForResale" xlink:title="presentation: NoteCostOfGoodsSoldAbstract to CostOfGoodsSoldInvestmentPropertyPurchasedForResale" use="optional" order="4.0"/>
    <link:loc xlink:type="locator" xlink:href="../../et-gaap-cor_2011-01-01.xsd#et-gaap_CostOfGoodsSoldServicesPurchasedForResale" xlink:label="CostOfGoodsSoldServicesPurchasedForResale" xlink:title="CostOfGoodsSoldServicesPurchasedForResale"/>
    <link:presentationArc xlink:type="arc" xlink:arcrole="http://www.xbrl.org/2003/arcrole/parent-child" xlink:from="NoteCostOfGoodsSoldAbstract" xlink:to="CostOfGoodsSoldServicesPurchasedForResale" xlink:title="presentation: NoteCostOfGoodsSoldAbstract to CostOfGoodsSoldServicesPurchasedForResale" use="optional" order="5.0"/>
    <link:loc xlink:type="locator" xlink:href="../../et-gaap-cor_2011-01-01.xsd#et-gaap_CostOfGoodsSoldEnergy" xlink:label="CostOfGoodsSoldEnergy" xlink:title="CostOfGoodsSoldEnergy"/>
    <link:presentationArc xlink:type="arc" xlink:arcrole="http://www.xbrl.org/2003/arcrole/parent-child" xlink:from="NoteCostOfGoodsSoldAbstract" xlink:to="CostOfGoodsSoldEnergy" xlink:title="presentation: NoteCostOfGoodsSoldAbstract to CostOfGoodsSoldEnergy" use="optional" order="6.0"/>
    <link:loc xlink:type="locator" xlink:href="../../et-gaap-cor_2011-01-01.xsd#et-gaap_CostOfGoodsSoldElectricity" xlink:label="CostOfGoodsSoldElectricity" xlink:title="CostOfGoodsSoldElectricity"/>
    <link:presentationArc xlink:type="arc" xlink:arcrole="http://www.xbrl.org/2003/arcrole/parent-child" xlink:from="CostOfGoodsSoldEnergy" xlink:to="CostOfGoodsSoldElectricity" xlink:title="presentation: CostOfGoodsSoldEnergy to CostOfGoodsSoldElectricity" use="optional" order="1.0"/>
    <link:loc xlink:type="locator" xlink:href="../../et-gaap-cor_2011-01-01.xsd#et-gaap_CostOfGoodsSoldHeatEnergy" xlink:label="CostOfGoodsSoldHeatEnergy" xlink:title="CostOfGoodsSoldHeatEnergy"/>
    <link:presentationArc xlink:type="arc" xlink:arcrole="http://www.xbrl.org/2003/arcrole/parent-child" xlink:from="CostOfGoodsSoldEnergy" xlink:to="CostOfGoodsSoldHeatEnergy" xlink:title="presentation: CostOfGoodsSoldEnergy to CostOfGoodsSoldHeatEnergy" use="optional" order="2.0"/>
    <link:loc xlink:type="locator" xlink:href="../../et-gaap-cor_2011-01-01.xsd#et-gaap_CostOfGoodsSoldFuel" xlink:label="CostOfGoodsSoldFuel" xlink:title="CostOfGoodsSoldFuel"/>
    <link:presentationArc xlink:type="arc" xlink:arcrole="http://www.xbrl.org/2003/arcrole/parent-child" xlink:from="CostOfGoodsSoldEnergy" xlink:to="CostOfGoodsSoldFuel" xlink:title="presentation: CostOfGoodsSoldEnergy to CostOfGoodsSoldFuel" use="optional" order="3.0"/>
    <link:loc xlink:type="locator" xlink:href="../../et-gaap-cor_2011-01-01.xsd#et-gaap_CostOfGoodsSoldSubcontractingWork" xlink:label="CostOfGoodsSoldSubcontractingWork" xlink:title="CostOfGoodsSoldSubcontractingWork"/>
    <link:presentationArc xlink:type="arc" xlink:arcrole="http://www.xbrl.org/2003/arcrole/parent-child" xlink:from="NoteCostOfGoodsSoldAbstract" xlink:to="CostOfGoodsSoldSubcontractingWork" xlink:title="presentation: NoteCostOfGoodsSoldAbstract to CostOfGoodsSoldSubcontractingWork" use="optional" order="7.0"/>
    <link:loc xlink:type="locator" xlink:href="../../et-gaap-cor_2011-01-01.xsd#et-gaap_CostOfGoodsSoldTransportationExpense" xlink:label="CostOfGoodsSoldTransportationExpense" xlink:title="CostOfGoodsSoldTransportationExpense"/>
    <link:presentationArc xlink:type="arc" xlink:arcrole="http://www.xbrl.org/2003/arcrole/parent-child" xlink:from="NoteCostOfGoodsSoldAbstract" xlink:to="CostOfGoodsSoldTransportationExpense" xlink:title="presentation: NoteCostOfGoodsSoldAbstract to CostOfGoodsSoldTransportationExpense" use="optional" order="8.0"/>
    <link:loc xlink:type="locator" xlink:href="../../et-gaap-cor_2011-01-01.xsd#et-gaap_CostOfGoodsSoldLogisticsExpense" xlink:label="CostOfGoodsSoldLogisticsExpense" xlink:title="CostOfGoodsSoldLogisticsExpense"/>
    <link:presentationArc xlink:type="arc" xlink:arcrole="http://www.xbrl.org/2003/arcrole/parent-child" xlink:from="NoteCostOfGoodsSoldAbstract" xlink:to="CostOfGoodsSoldLogisticsExpense" xlink:title="presentation: NoteCostOfGoodsSoldAbstract to CostOfGoodsSoldLogisticsExpense" use="optional" order="9.0"/>
    <link:loc xlink:type="locator" xlink:href="../../et-gaap-cor_2011-01-01.xsd#et-gaap_CostOfGoodsSoldLandRent" xlink:label="CostOfGoodsSoldLandRent" xlink:title="CostOfGoodsSoldLandRent"/>
    <link:presentationArc xlink:type="arc" xlink:arcrole="http://www.xbrl.org/2003/arcrole/parent-child" xlink:from="NoteCostOfGoodsSoldAbstract" xlink:to="CostOfGoodsSoldLandRent" xlink:title="presentation: NoteCostOfGoodsSoldAbstract to CostOfGoodsSoldLandRent" use="optional" order="10.0"/>
    <link:loc xlink:type="locator" xlink:href="../../et-gaap-cor_2011-01-01.xsd#et-gaap_CostOfGoodsSoldLeases" xlink:label="CostOfGoodsSoldLeases" xlink:title="CostOfGoodsSoldLeases"/>
    <link:presentationArc xlink:type="arc" xlink:arcrole="http://www.xbrl.org/2003/arcrole/parent-child" xlink:from="NoteCostOfGoodsSoldAbstract" xlink:to="CostOfGoodsSoldLeases" xlink:title="presentation: NoteCostOfGoodsSoldAbstract to CostOfGoodsSoldLeases" use="optional" order="11.0"/>
    <link:loc xlink:type="locator" xlink:href="../../et-gaap-cor_2011-01-01.xsd#et-gaap_CostOfGoodsSoldMiscellaneousOfficeExpense" xlink:label="CostOfGoodsSoldMiscellaneousOfficeExpense" xlink:title="CostOfGoodsSoldMiscellaneousOfficeExpense"/>
    <link:presentationArc xlink:type="arc" xlink:arcrole="http://www.xbrl.org/2003/arcrole/parent-child" xlink:from="NoteCostOfGoodsSoldAbstract" xlink:to="CostOfGoodsSoldMiscellaneousOfficeExpense" xlink:title="presentation: NoteCostOfGoodsSoldAbstract to CostOfGoodsSoldMiscellaneousOfficeExpense" use="optional" order="12.0"/>
    <link:loc xlink:type="locator" xlink:href="../../et-gaap-cor_2011-01-01.xsd#et-gaap_CostOfGoodsSoldResearchAndDevelopmentExpense" xlink:label="CostOfGoodsSoldResearchAndDevelopmentExpense" xlink:title="CostOfGoodsSoldResearchAndDevelopmentExpense"/>
    <link:presentationArc xlink:type="arc" xlink:arcrole="http://www.xbrl.org/2003/arcrole/parent-child" xlink:from="NoteCostOfGoodsSoldAbstract" xlink:to="CostOfGoodsSoldResearchAndDevelopmentExpense" xlink:title="presentation: NoteCostOfGoodsSoldAbstract to CostOfGoodsSoldResearchAndDevelopmentExpense" use="optional" order="13.0"/>
    <link:loc xlink:type="locator" xlink:href="../../et-gaap-cor_2011-01-01.xsd#et-gaap_CostOfGoodsSoldTravelExpense" xlink:label="CostOfGoodsSoldTravelExpense" xlink:title="CostOfGoodsSoldTravelExpense"/>
    <link:presentationArc xlink:type="arc" xlink:arcrole="http://www.xbrl.org/2003/arcrole/parent-child" xlink:from="NoteCostOfGoodsSoldAbstract" xlink:to="CostOfGoodsSoldTravelExpense" xlink:title="presentation: NoteCostOfGoodsSoldAbstract to CostOfGoodsSoldTravelExpense" use="optional" order="14.0"/>
    <link:loc xlink:type="locator" xlink:href="../../et-gaap-cor_2011-01-01.xsd#et-gaap_CostOfGoodsSoldTrainingExpense" xlink:label="CostOfGoodsSoldTrainingExpense" xlink:title="CostOfGoodsSoldTrainingExpense"/>
    <link:presentationArc xlink:type="arc" xlink:arcrole="http://www.xbrl.org/2003/arcrole/parent-child" xlink:from="NoteCostOfGoodsSoldAbstract" xlink:to="CostOfGoodsSoldTrainingExpense" xlink:title="presentation: NoteCostOfGoodsSoldAbstract to CostOfGoodsSoldTrainingExpense" use="optional" order="15.0"/>
    <link:loc xlink:type="locator" xlink:href="../../et-gaap-cor_2011-01-01.xsd#et-gaap_CostOfGoodsSoldStateAndLocalTaxes" xlink:label="CostOfGoodsSoldStateAndLocalTaxes" xlink:title="CostOfGoodsSoldStateAndLocalTaxes"/>
    <link:presentationArc xlink:type="arc" xlink:arcrole="http://www.xbrl.org/2003/arcrole/parent-child" xlink:from="NoteCostOfGoodsSoldAbstract" xlink:to="CostOfGoodsSoldStateAndLocalTaxes" xlink:title="presentation: NoteCostOfGoodsSoldAbstract to CostOfGoodsSoldStateAndLocalTaxes" use="optional" order="16.0"/>
    <link:loc xlink:type="locator" xlink:href="../../et-gaap-cor_2011-01-01.xsd#et-gaap_CostOfGoodsSoldProvisionsRelatedExpense" xlink:label="CostOfGoodsSoldProvisionsRelatedExpense" xlink:title="CostOfGoodsSoldProvisionsRelatedExpense"/>
    <link:presentationArc xlink:type="arc" xlink:arcrole="http://www.xbrl.org/2003/arcrole/parent-child" xlink:from="NoteCostOfGoodsSoldAbstract" xlink:to="CostOfGoodsSoldProvisionsRelatedExpense" xlink:title="presentation: NoteCostOfGoodsSoldAbstract to CostOfGoodsSoldProvisionsRelatedExpense" use="optional" order="17.0"/>
    <link:loc xlink:type="locator" xlink:href="../../et-gaap-cor_2011-01-01.xsd#et-gaap_CostOfGoodsSoldAllowanceForDoubtfulReceivables" xlink:label="CostOfGoodsSoldAllowanceForDoubtfulReceivables" xlink:title="CostOfGoodsSoldAllowanceForDoubtfulReceivables"/>
    <link:presentationArc xlink:type="arc" xlink:arcrole="http://www.xbrl.org/2003/arcrole/parent-child" xlink:from="NoteCostOfGoodsSoldAbstract" xlink:to="CostOfGoodsSoldAllowanceForDoubtfulReceivables" xlink:title="presentation: NoteCostOfGoodsSoldAbstract to CostOfGoodsSoldAllowanceForDoubtfulReceivables" use="optional" order="18.0"/>
    <link:loc xlink:type="locator" xlink:href="../../et-gaap-cor_2011-01-01.xsd#et-gaap_CostOfGoodsSoldLaborExpense" xlink:label="CostOfGoodsSoldLaborExpense" xlink:title="CostOfGoodsSoldLaborExpense"/>
    <link:presentationArc xlink:type="arc" xlink:arcrole="http://www.xbrl.org/2003/arcrole/parent-child" xlink:from="NoteCostOfGoodsSoldAbstract" xlink:to="CostOfGoodsSoldLaborExpense" xlink:title="presentation: NoteCostOfGoodsSoldAbstract to CostOfGoodsSoldLaborExpense" use="optional" order="19.0"/>
    <link:loc xlink:type="locator" xlink:href="../../et-gaap-cor_2011-01-01.xsd#et-gaap_CostOfGoodsSoldDepreciation" xlink:label="CostOfGoodsSoldDepreciation" xlink:title="CostOfGoodsSoldDepreciation"/>
    <link:presentationArc xlink:type="arc" xlink:arcrole="http://www.xbrl.org/2003/arcrole/parent-child" xlink:from="NoteCostOfGoodsSoldAbstract" xlink:to="CostOfGoodsSoldDepreciation" xlink:title="presentation: NoteCostOfGoodsSoldAbstract to CostOfGoodsSoldDepreciation" use="optional" order="20.0"/>
    <link:loc xlink:type="locator" xlink:href="../../et-gaap-cor_2011-01-01.xsd#et-gaap_CostOfGoodsSoldAssetImpairmentExpense" xlink:label="CostOfGoodsSoldAssetImpairmentExpense" xlink:title="CostOfGoodsSoldAssetImpairmentExpense"/>
    <link:presentationArc xlink:type="arc" xlink:arcrole="http://www.xbrl.org/2003/arcrole/parent-child" xlink:from="NoteCostOfGoodsSoldAbstract" xlink:to="CostOfGoodsSoldAssetImpairmentExpense" xlink:title="presentation: NoteCostOfGoodsSoldAbstract to CostOfGoodsSoldAssetImpairmentExpense" use="optional" order="21.0"/>
    <link:loc xlink:type="locator" xlink:href="../../et-gaap-cor_2011-01-01.xsd#et-gaap_CostOfGoodsSoldOther" xlink:label="CostOfGoodsSoldOther" xlink:title="CostOfGoodsSoldOther"/>
    <link:presentationArc xlink:type="arc" xlink:arcrole="http://www.xbrl.org/2003/arcrole/parent-child" xlink:from="NoteCostOfGoodsSoldAbstract" xlink:to="CostOfGoodsSoldOther" xlink:title="presentation: NoteCostOfGoodsSoldAbstract to CostOfGoodsSoldOther" use="optional" order="23.0"/>
    <link:loc xlink:type="locator" xlink:href="../../et-gaap-cor_2011-01-01.xsd#et-gaap_CostOfGoodsSold" xlink:label="CostOfGoodsSold" xlink:title="CostOfGoodsSold"/>
    <link:presentationArc xlink:type="arc" xlink:arcrole="http://www.xbrl.org/2003/arcrole/parent-child" xlink:from="NoteCostOfGoodsSoldAbstract" xlink:to="CostOfGoodsSold" xlink:title="presentation: NoteCostOfGoodsSoldAbstract to CostOfGoodsSold" use="optional" order="24.0" preferredLabel="http://www.xbrl.org/2003/role/totalLabel"/>
    <link:loc xlink:type="locator" xlink:href="../../et-gaap-cor_2011-01-01.xsd#et-gaap_NoteCostOfGoodsSold" xlink:label="NoteCostOfGoodsSold" xlink:title="NoteCostOfGoodsSold"/>
    <link:presentationArc xlink:type="arc" xlink:arcrole="http://www.xbrl.org/2003/arcrole/parent-child" xlink:from="NoteCostOfGoodsSoldAbstract" xlink:to="NoteCostOfGoodsSold" xlink:title="presentation: NoteCostOfGoodsSoldAbstract to NoteCostOfGoodsSold" use="optional" order="25.0"/>
    <link:loc xlink:type="locator" xlink:href="../../et-gaap-cor_2011-01-01.xsd#et-gaap_NoteCostOfGoodsSoldAdditionalItemTuple" xlink:label="NoteCostOfGoodsSoldAdditionalItemTuple" xlink:title="NoteCostOfGoodsSoldAdditionalItemTuple"/>
    <link:presentationArc xlink:type="arc" xlink:arcrole="http://www.xbrl.org/2003/arcrole/parent-child" xlink:from="NoteCostOfGoodsSoldAbstract" xlink:to="NoteCostOfGoodsSoldAdditionalItemTuple" xlink:title="presentation: NoteCostOfGoodsSoldAbstract to NoteCostOfGoodsSoldAdditionalItemTuple" order="22.0"/>
    <link:loc xlink:type="locator" xlink:href="../../et-gaap-cor_2011-01-01.xsd#et-gaap_NoteCostOfGoodsSoldAdditionalItemName" xlink:label="NoteCostOfGoodsSoldAdditionalItemName" xlink:title="NoteCostOfGoodsSoldAdditionalItemName"/>
    <link:presentationArc xlink:type="arc" xlink:arcrole="http://www.xbrl.org/2003/arcrole/parent-child" xlink:from="NoteCostOfGoodsSoldAdditionalItemTuple" xlink:to="NoteCostOfGoodsSoldAdditionalItemName" xlink:title="presentation: NoteCostOfGoodsSoldAdditionalItemTuple to NoteCostOfGoodsSoldAdditionalItemName" order="1.0"/>
    <link:loc xlink:type="locator" xlink:href="../../et-gaap-cor_2011-01-01.xsd#et-gaap_NoteCostOfGoodsSoldAdditionalItemValue" xlink:label="NoteCostOfGoodsSoldAdditionalItemValue" xlink:title="NoteCostOfGoodsSoldAdditionalItemValue"/>
    <link:presentationArc xlink:type="arc" xlink:arcrole="http://www.xbrl.org/2003/arcrole/parent-child" xlink:from="NoteCostOfGoodsSoldAdditionalItemTuple" xlink:to="NoteCostOfGoodsSoldAdditionalItemValue" xlink:title="presentation: NoteCostOfGoodsSoldAdditionalItemTuple to NoteCostOfGoodsSoldAdditionalItemValue" order="2.0"/>
  </link:presentationLink>
</link:linkbase>
