<?xml version="1.0" encoding="UTF-8"?>
<!--
**************************************************************
et-gaap Taxonomy: 2011-01-01 (Final)

Copyright (C) 2010 Centre of Registers and Information Systems
**************************************************************
-->
<link:linkbase xmlns:xsi="http://www.w3.org/2001/XMLSchema-instance" xsi:schemaLocation="http://www.xbrl.org/2003/linkbase http://www.xbrl.org/2003/xbrl-linkbase-2003-12-31.xsd" xmlns:link="http://www.xbrl.org/2003/linkbase" xmlns:xlink="http://www.w3.org/1999/xlink">
  <link:roleRef roleURI="http://xbrl.eesti.ee/role/et-gaap_2011-01-01/NoteGrantsAndDonations_role-847000" xlink:type="simple" xlink:href="role-847000.xsd#NoteGrantsAndDonations_role-847000"/>
  <link:calculationLink xlink:type="extended" xlink:role="http://xbrl.eesti.ee/role/et-gaap_2011-01-01/NoteGrantsAndDonations_role-847000">
    <link:loc xlink:type="locator" xlink:href="../../et-gaap-cor_2011-01-01.xsd#et-gaap_TotalGrantsAndDonations" xlink:label="TotalGrantsAndDonations" xlink:title="TotalGrantsAndDonations"/>
    <link:loc xlink:type="locator" xlink:href="../../et-gaap-cor_2011-01-01.xsd#et-gaap_GrantsAndDonationsRelatedToIncome" xlink:label="GrantsAndDonationsRelatedToIncome" xlink:title="GrantsAndDonationsRelatedToIncome"/>
    <link:calculationArc xlink:type="arc" xlink:arcrole="http://www.xbrl.org/2003/arcrole/summation-item" xlink:from="TotalGrantsAndDonations" xlink:to="GrantsAndDonationsRelatedToIncome" xlink:title="calculation: TotalGrantsAndDonations to GrantsAndDonationsRelatedToIncome" order="1.0" weight="1.0"/>
    <link:loc xlink:type="locator" xlink:href="../../et-gaap-cor_2011-01-01.xsd#et-gaap_GrantsAndDonationsRealateToAssets" xlink:label="GrantsAndDonationsRealateToAssets" xlink:title="GrantsAndDonationsRealateToAssets"/>
    <link:calculationArc xlink:type="arc" xlink:arcrole="http://www.xbrl.org/2003/arcrole/summation-item" xlink:from="TotalGrantsAndDonations" xlink:to="GrantsAndDonationsRealateToAssets" xlink:title="calculation: TotalGrantsAndDonations to GrantsAndDonationsRealateToAssets" order="2.0" weight="1.0"/>
    <link:loc xlink:type="locator" xlink:href="../../et-gaap-cor_2011-01-01.xsd#et-gaap_AmortisationOfDeferredIncomeOfGrantsAndDonationsRelatedToAssets" xlink:label="AmortisationOfDeferredIncomeOfGrantsAndDonationsRelatedToAssets" xlink:title="AmortisationOfDeferredIncomeOfGrantsAndDonationsRelatedToAssets"/>
    <link:calculationArc xlink:type="arc" xlink:arcrole="http://www.xbrl.org/2003/arcrole/summation-item" xlink:from="TotalGrantsAndDonations" xlink:to="AmortisationOfDeferredIncomeOfGrantsAndDonationsRelatedToAssets" xlink:title="calculation: TotalGrantsAndDonations to AmortisationOfDeferredIncomeOfGrantsAndDonationsRelatedToAssets" order="3.0" weight="1.0"/>
    <link:loc xlink:type="locator" xlink:href="../../et-gaap-cor_2011-01-01.xsd#et-gaap_GrantsAndDonationsNotIntendedForSpecificIntention" xlink:label="GrantsAndDonationsNotIntendedForSpecificIntention" xlink:title="GrantsAndDonationsNotIntendedForSpecificIntention"/>
    <link:calculationArc xlink:type="arc" xlink:arcrole="http://www.xbrl.org/2003/arcrole/summation-item" xlink:from="TotalGrantsAndDonations" xlink:to="GrantsAndDonationsNotIntendedForSpecificIntention" xlink:title="calculation: TotalGrantsAndDonations to GrantsAndDonationsNotIntendedForSpecificIntention" order="4.0" weight="1.0"/>
    <link:loc xlink:type="locator" xlink:href="../../et-gaap-cor_2011-01-01.xsd#et-gaap_GrantsAndDonationsAdditionalItemValue" xlink:label="GrantsAndDonationsAdditionalItemValue" xlink:title="GrantsAndDonationsAdditionalItemValue"/>
    <link:calculationArc xlink:type="arc" xlink:arcrole="http://www.xbrl.org/2003/arcrole/summation-item" xlink:from="TotalGrantsAndDonations" xlink:to="GrantsAndDonationsAdditionalItemValue" xlink:title="calculation: TotalGrantsAndDonations to GrantsAndDonationsAdditionalItemValue" order="5.0" weight="1.0"/>
  </link:calculationLink>
</link:linkbase>
