<?xml version="1.0" encoding="UTF-8"?>
<!--
**************************************************************
et-gaap Taxonomy: 2011-01-01 (Final)

Copyright (C) 2010 Centre of Registers and Information Systems
**************************************************************
-->
<link:linkbase xmlns:xsi="http://www.w3.org/2001/XMLSchema-instance" xsi:schemaLocation="http://www.xbrl.org/2003/linkbase http://www.xbrl.org/2003/xbrl-linkbase-2003-12-31.xsd" xmlns:link="http://www.xbrl.org/2003/linkbase" xmlns:xlink="http://www.w3.org/1999/xlink" xmlns:xbrldt="http://xbrl.org/2005/xbrldt">
  <link:roleRef roleURI="http://xbrl.eesti.ee/role/et-gaap_2011-01-01/NoteGrantsAndDonations_role-847000" xlink:type="simple" xlink:href="role-847000.xsd#NoteGrantsAndDonations_role-847000"/>
  <link:presentationLink xlink:type="extended" xlink:role="http://xbrl.eesti.ee/role/et-gaap_2011-01-01/NoteGrantsAndDonations_role-847000">
    <link:loc xlink:type="locator" xlink:href="../../et-gaap-cor_2011-01-01.xsd#et-gaap_NoteGrantsAndDonationsAbstract" xlink:label="NoteGrantsAndDonationsAbstract" xlink:title="NoteGrantsAndDonationsAbstract"/>
    <link:loc xlink:type="locator" xlink:href="../../et-gaap-cor_2011-01-01.xsd#et-gaap_GrantsAndDonationsRelatedToIncome" xlink:label="GrantsAndDonationsRelatedToIncome" xlink:title="GrantsAndDonationsRelatedToIncome"/>
    <link:presentationArc xlink:type="arc" xlink:arcrole="http://www.xbrl.org/2003/arcrole/parent-child" xlink:from="NoteGrantsAndDonationsAbstract" xlink:to="GrantsAndDonationsRelatedToIncome" xlink:title="presentation: NoteGrantsAndDonationsAbstract to GrantsAndDonationsRelatedToIncome" order="1.0"/>
    <link:loc xlink:type="locator" xlink:href="../../et-gaap-cor_2011-01-01.xsd#et-gaap_GrantsAndDonationsRealateToAssets" xlink:label="GrantsAndDonationsRealateToAssets" xlink:title="GrantsAndDonationsRealateToAssets"/>
    <link:presentationArc xlink:type="arc" xlink:arcrole="http://www.xbrl.org/2003/arcrole/parent-child" xlink:from="NoteGrantsAndDonationsAbstract" xlink:to="GrantsAndDonationsRealateToAssets" xlink:title="presentation: NoteGrantsAndDonationsAbstract to GrantsAndDonationsRealateToAssets" order="2.0"/>
    <link:loc xlink:type="locator" xlink:href="../../et-gaap-cor_2011-01-01.xsd#et-gaap_TotalGrantsAndDonations" xlink:label="TotalGrantsAndDonations" xlink:title="TotalGrantsAndDonations"/>
    <link:presentationArc xlink:type="arc" xlink:arcrole="http://www.xbrl.org/2003/arcrole/parent-child" xlink:from="NoteGrantsAndDonationsAbstract" xlink:to="TotalGrantsAndDonations" xlink:title="presentation: NoteGrantsAndDonationsAbstract to TotalGrantsAndDonations" order="6.0" preferredLabel="http://www.xbrl.org/2003/role/totalLabel"/>
    <link:loc xlink:type="locator" xlink:href="../../et-gaap-cor_2011-01-01.xsd#et-gaap_NoteGrantsAndDonations" xlink:label="NoteGrantsAndDonations" xlink:title="NoteGrantsAndDonations"/>
    <link:presentationArc xlink:type="arc" xlink:arcrole="http://www.xbrl.org/2003/arcrole/parent-child" xlink:from="NoteGrantsAndDonationsAbstract" xlink:to="NoteGrantsAndDonations" xlink:title="presentation: NoteGrantsAndDonationsAbstract to NoteGrantsAndDonations" order="7.0"/>
    <link:loc xlink:type="locator" xlink:href="../../et-gaap-cor_2011-01-01.xsd#et-gaap_GrantsAndDonationsAdditionalItemTuple" xlink:label="GrantsAndDonationsAdditionalItemTuple" xlink:title="GrantsAndDonationsAdditionalItemTuple"/>
    <link:presentationArc xlink:type="arc" xlink:arcrole="http://www.xbrl.org/2003/arcrole/parent-child" xlink:from="NoteGrantsAndDonationsAbstract" xlink:to="GrantsAndDonationsAdditionalItemTuple" xlink:title="presentation: NoteGrantsAndDonationsAbstract to GrantsAndDonationsAdditionalItemTuple" order="5.0"/>
    <link:loc xlink:type="locator" xlink:href="../../et-gaap-cor_2011-01-01.xsd#et-gaap_GrantsAndDonationsAdditionalItemName" xlink:label="GrantsAndDonationsAdditionalItemName" xlink:title="GrantsAndDonationsAdditionalItemName"/>
    <link:presentationArc xlink:type="arc" xlink:arcrole="http://www.xbrl.org/2003/arcrole/parent-child" xlink:from="GrantsAndDonationsAdditionalItemTuple" xlink:to="GrantsAndDonationsAdditionalItemName" xlink:title="presentation: GrantsAndDonationsAdditionalItemTuple to GrantsAndDonationsAdditionalItemName" order="1.0"/>
    <link:loc xlink:type="locator" xlink:href="../../et-gaap-cor_2011-01-01.xsd#et-gaap_GrantsAndDonationsAdditionalItemValue" xlink:label="GrantsAndDonationsAdditionalItemValue" xlink:title="GrantsAndDonationsAdditionalItemValue"/>
    <link:presentationArc xlink:type="arc" xlink:arcrole="http://www.xbrl.org/2003/arcrole/parent-child" xlink:from="GrantsAndDonationsAdditionalItemTuple" xlink:to="GrantsAndDonationsAdditionalItemValue" xlink:title="presentation: GrantsAndDonationsAdditionalItemTuple to GrantsAndDonationsAdditionalItemValue" order="2.0"/>
    <link:loc xlink:type="locator" xlink:href="../../et-gaap-cor_2011-01-01.xsd#et-gaap_GrantsAndDonationsNotIntendedForSpecificIntention" xlink:label="GrantsAndDonationsNotIntendedForSpecificIntention" xlink:title="GrantsAndDonationsNotIntendedForSpecificIntention"/>
    <link:presentationArc xlink:type="arc" xlink:arcrole="http://www.xbrl.org/2003/arcrole/parent-child" xlink:from="NoteGrantsAndDonationsAbstract" xlink:to="GrantsAndDonationsNotIntendedForSpecificIntention" xlink:title="presentation: NoteGrantsAndDonationsAbstract to GrantsAndDonationsNotIntendedForSpecificIntention" order="4.0"/>
    <link:loc xlink:type="locator" xlink:href="../../et-gaap-cor_2011-01-01.xsd#et-gaap_AmortisationOfDeferredIncomeOfGrantsAndDonationsRelatedToAssets" xlink:label="AmortisationOfDeferredIncomeOfGrantsAndDonationsRelatedToAssets" xlink:title="AmortisationOfDeferredIncomeOfGrantsAndDonationsRelatedToAssets"/>
    <link:presentationArc xlink:type="arc" xlink:arcrole="http://www.xbrl.org/2003/arcrole/parent-child" xlink:from="NoteGrantsAndDonationsAbstract" xlink:to="AmortisationOfDeferredIncomeOfGrantsAndDonationsRelatedToAssets" xlink:title="presentation: NoteGrantsAndDonationsAbstract to AmortisationOfDeferredIncomeOfGrantsAndDonationsRelatedToAssets" order="3.0"/>
  </link:presentationLink>
</link:linkbase>
